generated_date,crm_line_item_id,crm_deal_id,gpu,unit,gpus_per_rack,gpu_qty,term_m,consumption_type,payment_type,left_censored,first_dt,first_price,final_dt,last_dt,last_price,last_price_effective,n_snapshots,n_revisions,path,final_stage,outcome,first_won_dt,lost_category,capacity_status,data_center,days_first_to_final,change_pct
2026-09-16,10060088549,14110828243,H100,gpu,,8,18.88,RESERVE,POSTPAID,1,2024-10-15,4.85,2024-10-15,2026-08-10,4.85,2.0,166,0,2024-10-15:4.85,Closed won,won,2024-10-15,,Waiting For Approval,Finland,0,-58.8
2026-09-16,11327472571,16012987621,H100,gpu,,16,0.2,PROMO,NO_PAYMENT,1,2024-10-15,4.85,2024-10-15,2026-08-10,4.85,4.85,166,0,2024-10-15:4.85,Closed won,won,2024-10-15,,Approved,Finland,0,0.0
2026-09-16,117622950113,156851192038,H200,gpu,,16,3.03,PAYG,POSTPAID,0,2025-03-17,3.5,2025-05-01,2026-08-10,3.5,3.5,146,0,2025-03-17:3.5,Disqualified,disqualified,,Customer Disengagement or Cancellation;Qualification Oversights,Disqualified,Nemax,45,0.0
2026-09-16,130360549608,168399518920,H200,gpu,,160,2.8,PAYG,POSTPAID,0,2025-04-10,2.3,2025-04-10,2025-04-24,2.3,2.3,5,0,2025-04-10:2.3,Commercial Proposal,open_at_freeze,,,Waiting For Approval,eu-north2 – Iceland,0,0.0
2026-09-16,138324013278,180288833769,H200,gpu,,512,3.72,RESERVE,POSTPAID,0,2025-04-24,3.5,2025-06-23,2026-08-10,3.5,1.95,136,0,2025-04-24:3.5,Closed won,won,2025-06-23,,Approved,us-central1 – Kansas,60,-44.3
2026-09-16,147514896600,198363711706,H200,gpu,,16,0.07,TESTING,NO_PAYMENT,0,2025-05-05,2.5,2025-06-02,2026-08-10,3.5,3.5,133,1,2025-05-05:2.5>2025-05-08:3.5,Closed won,won,2025-06-02,,Approved,us-central1 – Kansas,28,40.0
2026-09-16,152415532218,204148992228,H100,gpu,,128,6.05,RESERVE,PREPAID,0,2025-05-15,1.7,2025-05-22,2026-08-10,1.7,1.7,130,0,2025-05-15:1.7,Closed won,won,2025-05-22,,Approved,Nemax,7,0.0
2026-09-16,179148357881,236266723564,B200,gpu,,2000,6.02,RESERVE,POSTPAID,0,2025-06-19,2.5,2025-07-24,2026-08-10,2.9,2.9,120,1,2025-06-19:2.5>2025-06-26:2.9,Closed won,won,2025-07-24,,Approved,us-central1 – Kansas,35,16.0
2026-09-16,179531242693,205110766790,H200,gpu,,1024,1.58,RESERVE,PREPAID,0,2025-06-19,2.1,2025-08-07,2026-08-10,2.1,2.1,120,0,2025-06-19:2.1,Closed won,won,2025-08-07,,Disqualified,eu-west1 – Paris,49,0.0
2026-09-16,183801459932,146255222970,H100,gpu,,16,12.01,PAYG,POSTPAID,0,2025-06-26,2.95,2025-09-11,2026-08-10,2.95,2.95,118,0,2025-06-26:2.95,Disqualified,disqualified,,Qualification Oversights,Disqualified,Nemax,77,0.0
2026-09-16,19017750491,23052554693,H100,gpu,,8,0.23,TESTING,NO_PAYMENT,0,2024-10-22,3.5,2024-10-29,2026-08-10,3.5,3.5,165,0,2024-10-22:3.5,Closed won,won,2024-10-29,,Approved,Nemax,7,0.0
2026-09-16,197756417253,168398919925,H200,gpu,,256,5.0,RESERVE,PREPAID,0,2025-07-17,2.0,2025-08-11,2026-08-10,1.75,1.75,112,1,2025-07-17:2>2025-07-31:1.75,Closed lost,lost_price_or_competitor,,Competitor Chosen;Pricing and Billing Issues,Lost Deal,Nemax,25,-12.5
2026-09-16,199026574567,264152292587,H200,gpu,,32,0.36,TESTING,NO_PAYMENT,0,2025-07-21,3.5,2025-08-28,2026-08-10,3.5,3.5,111,0,2025-07-21:3.5,Closed lost,lost_capacity,,NO_CAPACITY,Lost Deal,us-central1 – Kansas,38,0.0
2026-09-16,212249743588,230047146193,H200,gpu,,224,5.92,RESERVE,PREPAID,0,2025-08-04,2.09,2025-08-25,2026-08-10,2.09,2.09,107,0,2025-08-04:2.09,Closed won,won,2025-08-25,,Approved,Nemax,21,0.0
2026-09-16,222058522866,287024558295,GB200,gpu,72,1152,36.05,RESERVE,PREPAID,0,2025-08-14,3.3,2025-08-21,2026-08-10,3.3,3.3,104,0,2025-08-14:3.3,Disqualified,disqualified,,Pricing and Billing Issues,Disqualified,us-east1 – New Jersey,7,0.0
2026-09-16,223528931545,274545165551,B200,gpu,,64,0.23,TESTING,NO_PAYMENT,0,2025-08-18,5.5,2025-09-04,2026-08-10,5.5,5.5,103,0,2025-08-18:5.5,Closed lost,lost_capacity,,NO_CAPACITY,Lost Deal,us-central1 – Kansas,17,0.0
2026-09-16,241094974674,305548494016,H200,gpu,,32,12.2,RESERVE,POSTPAID,0,2025-09-11,1.7,2025-09-11,2025-11-20,1.7,1.7,21,0,2025-09-11:1.7,Prospect,open_at_freeze,,,Waiting For Approval,eu-west1 – Paris,0,0.0
2026-09-16,264782867680,309216994553,B200,gpu,,32,0.23,RESERVE,NO_PAYMENT,0,2025-10-13,5.5,2026-02-25,2026-08-10,5.5,5.5,87,0,2025-10-13:5.5,Closed won,won,2026-02-25,,Approved,us-central1 – Kansas,135,0.0
2026-09-16,271144912102,314866798809,GB300,gpu,72,18432,56.15,RESERVE,PREPAID,0,2025-10-20,3.03,2025-10-20,2026-08-10,3.03,3.03,85,0,2025-10-20:3.03,Closed won,won,2025-10-20,,Approved,us-east1 – New Jersey,0,0.0
2026-09-16,273955946682,338903105728,H200,gpu,,4064,11.97,RESERVE,PREPAID,0,2025-10-23,2.0,2026-03-09,2026-08-10,2.0,2.0,84,0,2025-10-23:2,Closed won,won,2026-03-09,,Approved,eu-north2 – Iceland,137,0.0
2026-09-16,276073258202,342734310602,H200,gpu,,8,1.32,RESERVE,POSTPAID,0,2025-10-27,2.05,2025-10-27,2026-08-10,2.05,2.05,83,0,2025-10-27:2.05,Closed lost,lost_capacity,,NO_CAPACITY,Lost Deal,us-central1 – Kansas,0,0.0
2026-09-16,29867648221,9329424317,H100,gpu,,32,11.97,PAYG,POSTPAID,0,2024-11-05,2.29,2024-11-05,2026-08-10,2.29,2.29,163,0,2024-11-05:2.29,Closed won,won,2024-11-05,,Approved,Nemax,0,0.0
2026-09-16,311578236142,174487436495,H200,gpu,,256,5.99,RESERVE,PREPAID,0,2025-11-17,1.8,2025-12-08,2026-08-10,1.8,1.8,77,0,2025-11-17:1.8,Closed won,won,2025-12-08,,Approved,Nemax,21,0.0
2026-09-16,31415099591,16205414610,H200,gpu,,64,12.01,PAYG,POSTPAID,0,2024-11-05,4.85,2024-11-05,2024-11-18,4.85,4.85,3,0,2024-11-05:4.85,Prospect,open_at_freeze,,,Pre-Approved,Nemax,0,0.0
2026-09-16,340229496014,405224958139,H100,gpu,,196,12.01,RESERVE,PREPAID,0,2025-12-15,1.7,2025-12-15,2026-04-01,1.7,1.7,32,0,2025-12-15:1.7,Prospect,open_at_freeze,,,Waiting For Approval,Nemax,0,0.0
2026-09-16,378278915282,439248266456,B200,gpu,,128,0.69,TESTING,PREPAID,0,2026-01-19,3.4,2026-06-03,2026-08-10,3.4,3.4,24,0,2026-01-19:3.4,Disqualified,disqualified,,Qualification Oversights,Disqualified,me-west1 - Israel,135,0.0
2026-09-16,384347633884,292270704842,B300,gpu,,2000,19.08,RESERVE,PREPAID,0,2026-01-21,3.4,2026-05-04,2026-08-10,3.8,3.8,58,1,2026-01-21:3.4>2026-03-04:3.8,Closed lost,lost_other,,Customer Disengagement or Cancellation,Lost Deal,eu-west1 – Paris,103,11.8
2026-09-16,384420185335,442539133149,B200,gpu,,32,0.36,TESTING,NO_PAYMENT,0,2026-01-21,5.5,2026-03-18,2026-08-10,5.5,5.5,58,0,2026-01-21:5.5,Closed lost,lost_capacity,,NO_CAPACITY;Competitor Chosen,Lost Deal,us-central1 – Kansas,56,0.0
2026-09-16,396562924740,454161618161,B200,gpu,,64,5.95,RESERVE,PREPAID,0,2026-02-02,3.4,2026-02-25,2026-08-10,3.4,3.4,55,0,2026-02-02:3.4,Closed lost,lost_capacity,,Customer Disengagement or Cancellation;NO_CAPACITY,Lost Deal,us-central1 – Kansas,23,0.0
2026-09-16,40040753386,12432126423,H100,gpu,,8,0.69,TESTING,NO_PAYMENT,0,2024-11-14,2.95,2024-11-26,2026-08-10,2.95,2.95,162,0,2024-11-14:2.95,Closed won,won,2024-11-26,,Approved,Nemax,12,0.0
2026-09-16,402142067898,442319505655,H200,gpu,,8,11.97,RESERVE,POSTPAID,0,2026-02-04,1.9,2026-02-09,2026-04-13,1.9,1.9,20,0,2026-02-04:1.9,Commercial Proposal,open_at_freeze,,,Approved,eu-west1 – Paris,5,0.0
2026-09-16,413432567020,321446101213,B200,gpu,,64,0.46,TESTING,NO_PAYMENT,0,2026-02-16,5.5,2026-03-16,2026-08-10,5.5,5.5,51,0,2026-02-16:5.5,Closed won,won,2026-03-16,,Approved,me-west1 - Israel,28,0.0
2026-09-16,416923612348,465371790525,B300,gpu,,512,6.05,RESERVE,PREPAID,0,2026-02-18,4.48,2026-04-08,2026-08-10,4.48,4.48,50,0,2026-02-18:4.48,Closed lost,lost_capacity,,NO_CAPACITY;Customer Disengagement or Cancellation,Lost Deal,eu-west2 – Paris,49,0.0
2026-09-16,448373887220,497261299944,B200,gpu,,48,0.69,RESERVE,POSTPAID,0,2026-04-06,5.5,2026-04-13,2026-08-10,5.5,5.5,37,0,2026-04-06:5.5,Closed lost,lost_capacity,,NO_CAPACITY,Lost Deal,me-west1 - Israel,7,0.0
2026-09-16,453073311946,500641518828,B300,gpu,,256,5.92,RESERVE,PREPAID,0,2026-04-27,5.5,2026-07-13,2026-08-10,5.5,5.5,31,0,2026-04-27:5.5,Closed lost,lost_capacity,,NO_CAPACITY,Lost Deal,uk-south1 – UK,77,0.0
2026-09-16,453515165924,496002626797,H200,gpu,,16,11.97,RESERVE,PREPAID,0,2026-04-29,2.8,2026-06-08,2026-08-10,2.8,2.8,30,0,2026-04-29:2.8,Closed lost,lost_capacity,,NO_CAPACITY,Lost Deal,eu-west1 – Paris,40,0.0
2026-09-16,457134945511,502091035880,B200,gpu,,40,11.97,RESERVE,PREPAID,0,2026-05-18,5.1,2026-05-18,2026-05-18,5.1,5.1,1,0,2026-05-18:5.1,Technical Validation,open_at_freeze,,,Approved,me-west1 - Israel,0,0.0
2026-09-16,460777489634,505034134768,H100,gpu,,30,12.01,RESERVE,PREPAID,0,2026-06-03,3.09,2026-06-03,2026-08-10,3.09,3.09,20,0,2026-06-03:3.09,Prospect,open_at_freeze,,,Waiting For Approval,eu-west2 – Paris,0,0.0
2026-09-16,464127028454,504941905109,H200,gpu,,16,11.97,RESERVE,PREPAID,0,2026-06-22,3.0,2026-06-22,2026-06-24,3.0,3.0,2,0,2026-06-22:3,Commercial Proposal,open_at_freeze,,,Waiting For Approval,eu-west1 – Paris,0,0.0
2026-09-16,46444902604,53211544776,H100,gpu,,64,12.01,RESERVE,PREPAID,0,2024-11-26,2.95,2025-01-27,2026-08-10,1.85,1.85,160,1,2024-11-26:2.95>2025-01-20:1.85,Closed won,won,2025-01-27,,Approved,Nemax,62,-37.3
2026-09-16,465640619194,452543549689,B200,gpu,,32,12.01,RESERVE,POSTPAID,0,2026-06-24,5.16,2026-07-13,2026-08-10,5.16,5.16,14,0,2026-06-24:5.16,Closed won,won,2026-07-13,,Approved,us-central1 – Kansas,19,0.0
2026-09-16,472535153912,512147279088,B300,gpu,,272,11.97,,,0,2026-07-27,5.46,2026-07-29,2026-08-10,5.46,5.46,5,0,2026-07-27:5.46,Closed lost,lost_capacity,,NO_CAPACITY,Lost Deal,eu-west2 – Paris,2,0.0
2026-09-16,473359191277,512725945573,H200,gpu,,64,11.97,RESERVE,PREPAID,0,2026-07-27,3.25,2026-07-27,2026-08-10,3.25,3.25,5,0,2026-07-27:3.25,Technical Validation,open_at_freeze,,,Waiting for Business Approval,us-central1 – Kansas,0,0.0
2026-09-16,474228147411,505109990592,H100,gpu,,16,12.01,PAYG,,0,2026-07-29,3.85,2026-07-29,2026-08-10,3.85,3.85,4,0,2026-07-29:3.85,Commercial Proposal,open_at_freeze,,,Waiting For Approval,Nemax,0,0.0
2026-09-16,474433282241,513407805686,B300,gpu,,8,2.3,RESERVE,PREPAID,0,2026-07-29,7.85,2026-07-29,2026-08-10,7.85,7.85,4,0,2026-07-29:7.85,Technical Validation,open_at_freeze,,,Waiting For Approval,eu-west1 – Paris,0,0.0
2026-09-16,475287368940,513633314026,H100,gpu,,24,24.05,RESERVE,PREPAID,0,2026-08-03,2.4,2026-08-03,2026-08-10,2.4,2.4,3,0,2026-08-03:2.4,Prospect,open_at_freeze,,,Waiting For Approval,Nemax,0,0.0
2026-09-16,48123459825,30365254843,H100,gpu,,16,0.2,TESTING,NO_PAYMENT,0,2024-12-03,2.95,2025-01-07,2026-08-10,2.95,2.95,159,0,2024-12-03:2.95,Closed won,won,2025-01-07,,Disqualified,Nemax,35,0.0
2026-09-16,77918637250,99080753370,H100,gpu,,210,0.46,PAYG,POSTPAID,0,2025-01-13,2.3,2025-01-13,2025-01-20,2.3,2.3,2,0,2025-01-13:2.3,Technical Validation,open_at_freeze,,,Approved,Nemax,0,0.0
2026-09-16,8287809233,9697038558,H100,gpu,,8,0.43,TESTING,NO_PAYMENT,1,2024-10-15,4.85,2024-10-15,2026-08-10,4.85,4.85,166,0,2024-10-15:4.85,Disqualified,disqualified,,Customer Disengagement or Cancellation,Disqualified,Finland,0,0.0
2026-09-16,8438130899,10116337356,H100,gpu,,8,2.99,RESERVE,NO_PAYMENT,1,2024-10-15,4.85,2024-10-15,2026-08-10,4.85,4.85,166,0,2024-10-15:4.85,Disqualified,disqualified,,Customer Disengagement or Cancellation,Disqualified,Finland,0,0.0
2026-09-16,8515511257,11091440087,H100,gpu,,8,0.46,TESTING,NO_PAYMENT,1,2024-10-15,4.85,2024-10-15,2026-08-10,4.85,4.85,166,0,2024-10-15:4.85,Closed lost,lost_other,,Customer Disengagement or Cancellation,Disqualified,Finland,0,0.0
2026-09-16,98232970435,128584914119,H200,gpu,,1,1.32,TESTING,NO_PAYMENT,0,2025-02-17,3.5,2025-12-01,2026-08-10,3.5,3.5,150,0,2025-02-17:3.5,Closed lost,lost_other,,Customer Disengagement or Cancellation,Lost Deal,eu-west1 – Paris,287,0.0
2026-09-16,103104702681,134767580391,H200,gpu,,768,0.33,RESERVE,PREPAID,0,2025-02-24,2.3,2025-03-24,2026-08-10,2.3,2.3,149,0,2025-02-24:2.3,Closed won,won,2025-03-24,,Approved,eu-west1 – Paris,28,0.0
2026-09-16,10784707542,15321329392,H100,gpu,,2,0.72,TESTING,NO_PAYMENT,1,2024-10-15,4.85,2024-10-15,2026-08-10,4.85,4.85,166,0,2024-10-15:4.85,Closed won,won,2024-10-15,,DECLINED,Finland,0,0.0
2026-09-16,11560879604,16188488143,H100,gpu,,24,1.02,RESERVE,POSTPAID,1,2024-10-15,2.0,2024-10-15,2026-08-10,2.0,2.0,166,0,2024-10-15:2,Closed won,won,2024-10-15,,Approved,Finland,0,0.0
2026-09-16,119607144636,159837519049,H200,gpu,,256,11.51,PAYG,POSTPAID,0,2025-03-24,3.5,2025-05-01,2026-08-10,3.5,2.3,145,0,2025-03-24:3.5,Disqualified,disqualified,,Test Deals,Disqualified,Nemax,38,-34.3
2026-09-16,122778682617,164972977379,H200,gpu,,47,0.69,RESERVE,PREPAID,0,2025-03-27,2.05,2025-04-28,2026-08-10,2.05,2.05,144,0,2025-03-27:2.05,Closed won,won,2025-04-28,,Approved,us-central1 – Kansas,32,0.0
2026-09-16,12278922228,16360540602,H100,gpu,,16,3.49,PAYG,POSTPAID,1,2024-10-15,3.46,2024-10-15,2026-08-10,3.46,3.46,166,0,2024-10-15:3.46,Closed won,won,2024-10-15,,Approved,Nemax,0,0.0
2026-09-16,12343936736,13586459088,H100,gpu,,16,3.49,PAYG,POSTPAID,1,2024-10-15,3.46,2024-10-15,2026-08-10,3.46,3.46,166,0,2024-10-15:3.46,Closed won,won,2024-10-15,,Approved,Nemax,0,0.0
2026-09-16,123657303249,166509401322,H100,gpu,,600,0.99,RESERVE,POSTPAID,0,2025-03-31,2.95,2025-04-17,2026-08-10,2.95,1.89,143,0,2025-03-31:2.95,Closed lost,lost_price_or_competitor,,Competitor Chosen,Lost Deal,Nemax,17,-35.9
2026-09-16,125174301911,168054562028,H200,gpu,,256,11.05,RESERVE,PREPAID,0,2025-04-03,2.2,2025-05-26,2026-08-10,2.2,2.2,142,0,2025-04-03:2.2,Closed lost,lost_other,,Customer Disengagement or Cancellation,Lost Deal,us-central1 – Kansas,53,0.0
2026-09-16,127165464809,169337192677,H200,gpu,,16,0.1,TESTING,NO_PAYMENT,0,2025-04-07,3.5,2025-05-08,2026-08-10,3.5,3.5,141,0,2025-04-07:3.5,Closed lost,lost_other,,Customer Disengagement or Cancellation,Lost Deal,eu-north2 – Iceland,31,0.0
2026-09-16,130846909666,174975846619,H100,gpu,,192,7.89,RESERVE,POSTPAID,0,2025-04-14,1.6,2025-06-02,2026-08-10,1.6,1.6,139,0,2025-04-14:1.6,Closed won,won,2025-06-02,,Approved,Nemax,49,0.0
2026-09-16,132874273009,178307783911,H200,gpu,,64,0.3,TESTING,NO_PAYMENT,0,2025-04-17,3.5,2025-05-01,2026-08-10,3.5,3.5,138,0,2025-04-17:3.5,Closed won,won,2025-05-01,,Approved,Nemax,14,0.0
2026-09-16,139100899539,169336678593,H100,gpu,,32,11.97,PAYG,POSTPAID,0,2025-04-24,2.95,2025-05-22,2025-07-07,2.95,2.95,22,0,2025-04-24:2.95,Commercial Proposal,open_at_freeze,,,Waiting For Approval,Nemax,28,0.0
2026-09-16,147466573017,198212763867,H200,gpu,,24,6.97,PAYG,POSTPAID,0,2025-05-05,3.5,2025-05-19,2026-08-10,3.5,3.5,133,0,2025-05-05:3.5,Closed lost,lost_price_or_competitor,,Competitor Chosen;Customer Disengagement or Cancellation,Lost Deal,eu-west1 – Paris,14,0.0
2026-09-16,148314754246,168908460271,H200,gpu,,16,0.07,TESTING,NO_PAYMENT,0,2025-05-08,3.5,2025-05-29,2026-08-10,3.5,3.5,132,0,2025-05-08:3.5,Closed won,won,2025-05-29,,Approved,us-central1 – Kansas,21,0.0
2026-09-16,149857171698,174975604979,H200,gpu,,8,2.01,RESERVE,POSTPAID,0,2025-05-12,2.8,2025-07-31,2026-08-10,3.5,3.5,131,1,2025-05-12:2.8>2025-06-19:3.5,Closed lost,lost_capacity,,NO_CAPACITY,Lost Deal,Nemax,80,25.0
2026-09-16,15286285789,19655182813,H100,gpu,,8,11.97,RESERVE,POSTPAID,1,2024-10-15,2.2,2024-10-15,2026-08-10,2.2,2.2,166,0,2024-10-15:2.2,Closed won,won,2024-10-15,,Approved,Nemax,0,0.0
2026-09-16,171168365803,230122490095,H100,gpu,,256,2.99,RESERVE,POSTPAID,0,2025-06-05,1.4,2025-06-05,2025-06-09,1.4,1.4,2,0,2025-06-05:1.4,Commercial Proposal,open_at_freeze,2025-06-19,,DECLINED,Nemax,0,0.0
2026-09-16,174008501445,233037923516,H100,gpu,,16,0.07,TESTING,NO_PAYMENT,0,2025-06-12,2.95,2025-08-07,2026-08-10,2.95,2.95,122,0,2025-06-12:2.95,Closed lost,lost_capacity,,NO_CAPACITY,Lost Deal,Nemax,56,0.0
2026-09-16,183004587227,241517659377,H100,gpu,,24,0.72,TESTING,NO_PAYMENT,0,2025-06-26,2.95,2026-03-04,2026-08-10,2.95,2.95,118,0,2025-06-26:2.95,Closed lost,lost_other,,Customer Disengagement or Cancellation,Lost Deal,Nemax,251,0.0
2026-09-16,184980282561,242673547487,H100,gpu,,256,4.54,PAYG,PREPAID,0,2025-06-30,1.6,2025-06-30,2026-08-10,1.6,1.6,117,0,2025-06-30:1.6,Closed won,won,2025-06-30,,Waiting For Approval,Nemax,0,0.0
2026-09-16,186968360141,175217369306,GB300,gpu,72,4032,36.02,RESERVE,POSTPAID,0,2025-07-03,4.0,2025-11-17,2026-08-10,4.0,4.0,116,0,2025-07-03:4,Closed lost,lost_price_or_competitor,,Competitor Chosen,Lost Deal,Nemax,137,0.0
2026-09-16,19105354718,16553494520,H100,gpu,,32,0.95,PAYG,POSTPAID,0,2024-10-22,3.5,2024-10-22,2026-08-10,3.5,3.5,165,0,2024-10-22:3.5,Closed won,won,2024-10-22,,Disqualified,Nemax,0,0.0
2026-09-16,210359004387,274774657251,H200,gpu,,256,11.97,RESERVE,PREPAID,0,2025-07-31,2.0,2025-11-26,2026-08-10,1.92,1.92,108,1,2025-07-31:2>2025-11-13:1.92,Closed won,won,2025-11-26,,Approved,eu-west1 – Paris,118,-4.0
2026-09-16,210359034057,105021569224,B200,gpu,,8,0.3,TESTING,NO_PAYMENT,0,2025-07-31,5.5,2025-10-02,2026-08-10,5.5,5.5,108,0,2025-07-31:5.5,Closed won,won,2025-10-02,,Approved,us-central1 – Kansas,63,0.0
2026-09-16,216991476955,247828447441,H200,gpu,,128,2.57,RESERVE,PREPAID,0,2025-08-11,1.95,2025-08-18,2026-08-10,2.2,2.2,105,1,2025-08-11:1.95>2025-08-14:2.2,Closed won,won,2025-08-18,,Approved,Nemax,7,12.8
2026-09-16,218040235217,282635649227,H200,gpu,,8,0.23,TESTING,NO_PAYMENT,0,2025-08-11,3.5,2025-08-28,2026-08-10,3.5,3.5,105,0,2025-08-11:3.5,Closed lost,lost_other,,Customer Disengagement or Cancellation,Lost Deal,us-central1 – Kansas,17,0.0
2026-09-16,223529669832,282635651302,H100,gpu,,1024,3.03,RESERVE,PREPAID,0,2025-08-18,1.6,2025-11-17,2026-08-10,1.65,1.65,103,1,2025-08-18:1.6>2025-10-02:1.65,Closed lost,lost_price_or_competitor,,Pricing and Billing Issues;Customer Disengagement or Cancellation,Lost Deal,Nemax,91,3.1
2026-09-16,241964779706,306937389280,H200,gpu,,40,5.95,RESERVE,PREPAID,0,2025-09-15,1.9,2025-10-02,2026-08-10,1.9,1.9,95,0,2025-09-15:1.9,Closed won,won,2025-10-02,,Approved,us-central1 – Kansas,17,0.0
2026-09-16,246280518880,240357638342,H200,gpu,,280,4.01,RESERVE,POSTPAID,0,2025-09-22,1.9,2025-10-02,2025-10-06,1.9,1.9,5,0,2025-09-22:1.9,Closed won,won,2025-10-02,,Approved,us-central1 – Kansas,10,0.0
2026-09-16,256061875404,322798329023,H200,gpu,,64,5.92,RESERVE,PREPAID,0,2025-10-06,3.5,2025-10-27,2026-08-10,3.5,3.5,89,0,2025-10-06:3.5,Closed lost,lost_capacity,,NO_CAPACITY,Lost Deal,us-central1 – Kansas,21,0.0
2026-09-16,295180856553,359291998413,B300,gpu,,16,12.01,RESERVE,PREPAID,0,2025-11-06,3.4,2025-11-10,2025-11-13,3.2,3.2,3,1,2025-11-06:3.4>2025-11-13:3.2,Technical Validation,open_at_freeze,,,Pre-Approved,uk-south1 – UK,4,-5.9
2026-09-16,311147303139,363463147736,H200,gpu,,24,11.97,RESERVE,POSTPAID,0,2025-11-17,2.0,2025-11-17,2026-08-10,2.0,2.0,77,0,2025-11-17:2,Closed lost,lost_capacity,,NO_CAPACITY,Waiting For Approval,us-central1 – Kansas,0,0.0
2026-09-16,331425195206,371121868990,H100,gpu,,24,12.01,RESERVE,PREPAID,0,2025-12-03,1.6,2025-12-03,2025-12-03,1.6,1.6,1,0,2025-12-03:1.6,Commercial Proposal,open_at_freeze,,,Waiting For Approval,Nemax,0,0.0
2026-09-16,346605701326,338903147726,H200,gpu,,32,1.91,RESERVE,POSTPAID,0,2025-12-17,1.8,2025-12-31,2026-08-10,1.8,1.8,68,0,2025-12-17:1.8,Closed won,won,2025-12-31,,Approved,Nemax,14,0.0
2026-09-16,348670164172,410630152404,H100,gpu,,32,2.89,RESERVE,POSTPAID,0,2025-12-22,2.05,2025-12-22,2025-12-22,2.05,2.05,1,0,2025-12-22:2.05,Prospect,open_at_freeze,,,Approved,Nemax,0,0.0
2026-09-16,373905528015,430768031985,H200,gpu,,16,5.95,RESERVE,,0,2026-01-14,1.85,2026-01-26,2026-08-10,1.85,1.85,60,0,2026-01-14:1.85,Closed won,won,2026-01-26,,Approved,eu-west1 – Paris,12,0.0
2026-09-16,393893538034,452299419887,B200,gpu,,16,0.23,TESTING,NO_PAYMENT,0,2026-01-28,5.5,2026-01-28,2026-02-18,5.5,5.5,7,0,2026-01-28:5.5,Technical Validation,open_at_freeze,,,Waiting For Approval,me-west1 - Israel,0,0.0
2026-09-16,395724961011,452556565739,B200,gpu,,512,12.04,RESERVE,PREPAID,0,2026-02-02,3.3,2026-02-02,2026-02-02,3.3,3.3,1,0,2026-02-02:3.3,Commercial Proposal,open_at_freeze,,,Waiting For Approval,me-west1 - Israel,0,0.0
2026-09-16,416125280445,472136771824,H200,gpu,,24,12.01,RESERVE,PREPAID,0,2026-02-18,2.0,2026-03-04,2026-08-10,2.0,2.0,50,0,2026-02-18:2,Closed won,won,2026-03-04,,Approved,us-central1 – Kansas,14,0.0
2026-09-16,424698575081,321446101213,H200,gpu,,128,3.88,RESERVE,PREPAID,0,2026-02-25,1.9,2026-02-25,2026-02-25,1.9,1.9,1,0,2026-02-25:1.9,Commercial Proposal,open_at_freeze,,,Waiting for Business Approval,Nemax,0,0.0
2026-09-16,427000063193,481714898130,H200,gpu,,128,0.16,RESERVE,POSTPAID,0,2026-03-02,2.5,2026-03-23,2026-08-10,2.5,2.5,47,0,2026-03-02:2.5,Closed won,won,2026-03-23,,Approved,eu-west1 – Paris,21,0.0
2026-09-16,434045325535,487727838410,H200,gpu,,16,11.97,RESERVE,PREPAID,0,2026-03-09,3.5,2026-03-11,2026-03-11,2.43,2.43,2,1,2026-03-09:3.5>2026-03-11:2.43,Commercial Proposal,open_at_freeze,,,Approved,Nemax,2,-30.6
2026-09-16,436152781046,489994812614,H200,gpu,,64,0.66,RESERVE,POSTPAID,0,2026-03-09,2.5,2026-03-25,2026-08-10,2.5,2.5,45,0,2026-03-09:2.5,Closed won,won,2026-03-25,,Approved,eu-west1 – Paris,16,0.0
2026-09-16,440674353366,373900238072,H200,gpu,,96,11.97,RESERVE,PREPAID,0,2026-03-16,2.26,2026-03-16,2026-04-29,2.26,2.26,14,0,2026-03-16:2.26,Prospect,open_at_freeze,,,DECLINED,us-central1 – Kansas,0,0.0
2026-09-16,448373195970,497521873140,H100,gpu,,2,0.95,RESERVE,POSTPAID,0,2026-04-06,2.35,2026-06-24,2026-08-10,2.35,2.35,37,0,2026-04-06:2.35,Closed lost,lost_capacity,,NO_CAPACITY,Lost Deal,Nemax,79,0.0
2026-09-16,450806777072,498986494142,B200,gpu,,48,9.05,RESERVE,PREPAID,0,2026-04-20,4.4,2026-05-06,2026-08-10,4.4,4.4,33,0,2026-04-20:4.4,Closed lost,lost_capacity,,NO_CAPACITY,Lost Deal,us-central1 – Kansas,16,0.0
2026-09-16,450806779093,498986494142,H100,gpu,,32,5.99,RESERVE,PREPAID,0,2026-04-20,2.11,2026-05-06,2026-08-10,2.11,2.11,33,0,2026-04-20:2.11,Closed lost,lost_capacity,,NO_CAPACITY,Lost Deal,eu-west2 – Paris,16,0.0
2026-09-16,450815853778,16659176912,H200,gpu,,30,0.07,PROMO,NO_PAYMENT,0,2026-04-20,3.5,2026-04-20,2026-08-10,3.5,3.5,33,0,2026-04-20:3.5,Closed won,won,2026-04-20,,Waiting For Approval,Nemax,0,0.0
2026-09-16,452916139245,500489391316,GB300,rack,72,5040,36.18,RESERVE,POSTPAID,0,2026-04-27,9.2,2026-04-27,2026-07-01,9.2,5.5393,20,0,2026-04-27:9.2,Commercial Proposal,open_at_freeze,,,Waiting For Approval,us-south1 – Oklahoma,0,-39.8
2026-09-16,45740442847,53939568869,H200,gpu,,8,2.93,RESERVE,PREPAID,0,2024-11-26,1.99,2024-12-17,2026-08-10,1.99,1.99,160,0,2024-11-26:1.99,Closed won,won,2024-12-17,,Approved,eu-west1 – Paris,21,0.0
2026-09-16,458302276795,503569303786,B300,gpu,,100,24.01,RESERVE,,0,2026-05-25,5.0,2026-05-25,2026-08-10,5.0,5.0,23,0,2026-05-25:5,Technical Validation,open_at_freeze,,,Waiting For Approval,eu-west2 – Paris,0,0.0
2026-09-16,459902679262,504550425818,H100,gpu,,80,12.01,RESERVE,PREPAID,0,2026-06-01,3.09,2026-06-03,2026-08-10,3.09,3.09,21,0,2026-06-01:3.09,Technical Validation,open_at_freeze,,,Waiting For Approval,eu-west1 – Paris,2,0.0
2026-09-16,459917289661,504550317300,B200,gpu,,256,12.01,RESERVE,POSTPAID,0,2026-06-01,4.7,2026-06-01,2026-08-10,4.7,4.7,21,0,2026-06-01:4.7,Closed lost,lost_price_or_competitor,,Pricing and Billing Issues,Lost Deal,me-west1 - Israel,0,0.0
2026-09-16,460983290102,505034470634,B200,gpu,,48,12.04,RESERVE,PREPAID,0,2026-06-03,4.85,2026-07-13,2026-08-10,5.31,5.31,20,1,2026-06-03:4.85>2026-06-08:5.31,Closed won,won,2026-07-13,,Approved,us-central1 – Kansas,40,9.5
2026-09-16,461383966934,505111639230,B200,gpu,,16,6.05,RESERVE,PREPAID,0,2026-06-08,5.4,2026-06-29,2026-08-10,5.4,5.4,19,0,2026-06-08:5.4,Closed lost,lost_capacity,,NO_CAPACITY,Lost Deal,,21,0.0
2026-09-16,466052136179,508124537022,B300,gpu,,2000,36.05,RESERVE,PREPAID,0,2026-06-29,4.65,2026-06-29,2026-08-10,4.65,4.65,13,0,2026-06-29:4.65,Prospect,open_at_freeze,,,Waiting For Approval,me-west1 - Israel,0,0.0
2026-09-16,466060273858,503577284803,B200,gpu,,16,0.86,RESERVE,PREPAID,0,2026-06-29,5.1,2026-07-20,2026-08-10,4.99,4.99,13,1,2026-06-29:5.1>2026-07-15:4.99,Closed won,won,2026-07-20,,Approved,me-west1 - Israel,21,-2.2
2026-09-16,467800147147,509450240231,B300,gpu,,16,0.13,TESTING,NO_PAYMENT,0,2026-07-13,7.85,2026-07-13,2026-08-10,7.85,7.85,9,0,2026-07-13:7.85,Prospect,open_at_freeze,,,Approved,uk-south1 – UK,0,0.0
2026-09-16,473296290028,512893219007,B200,gpu,,512,6.09,RESERVE,,0,2026-07-29,5.5,2026-07-29,2026-08-10,5.5,5.5,4,0,2026-07-29:5.5,Commercial Proposal,open_at_freeze,,,Waiting For Approval,us-central1 – Kansas,0,0.0
2026-09-16,475381395677,514044096732,B300,gpu,,1000,60.03,RESERVE,PREPAID,0,2026-08-03,5.5,2026-08-05,2026-08-10,5.5,5.5,3,0,2026-08-03:5.5,Closed lost,lost_capacity,,NO_CAPACITY,Lost Deal,us-north1 – Minnesota,2,0.0
2026-09-16,475407365356,514353783024,B200,gpu,,640,12.01,RESERVE,POSTPAID,0,2026-08-03,5.06,2026-08-10,2026-08-10,5.06,5.06,3,0,2026-08-03:5.06,Closed lost,lost_capacity,,NO_CAPACITY,Lost Deal,us-central1 – Kansas,7,0.0
2026-09-16,62106343657,76780432630,H100,gpu,,256,11.97,RESERVE,PREPAID,0,2025-01-07,2.95,2025-01-07,2026-08-10,2.95,2.95,156,0,2025-01-07:2.95,Disqualified,disqualified,,Customer Disengagement or Cancellation,Disqualified,Nemax,0,0.0
2026-09-16,63442671810,78669623485,H200,gpu,,128,11.97,RESERVE,PREPAID,0,2025-01-07,4.85,2025-04-24,2026-08-10,4.85,2.91,156,0,2025-01-07:4.85,Closed lost,lost_capacity,,NO_CAPACITY,Lost Deal,eu-west1 – Paris,107,-40.0
2026-09-16,63823192293,50032001252,H100,gpu,,1024,1.84,RESERVE,PREPAID,0,2025-01-07,1.6,2025-03-03,2026-08-10,1.6,1.6,156,0,2025-01-07:1.6,Closed lost,lost_price_or_competitor,,Competitor Chosen,Lost Deal,Nemax,55,0.0
2026-09-16,8300835518,10624796900,H100,gpu,,64,5.99,RESERVE,PREPAID,1,2024-10-15,4.85,2024-10-15,2026-08-10,4.85,4.85,166,0,2024-10-15:4.85,Closed won,won,2024-10-15,,Disqualified,Finland,0,0.0
2026-09-16,8377077743,10666816192,H100,gpu,,8,0.2,TESTING,NO_PAYMENT,1,2024-10-15,4.85,2024-10-15,2026-08-10,4.85,4.85,166,0,2024-10-15:4.85,Closed won,won,2024-10-15,,Approved,Finland,0,0.0
2026-09-16,8638845114,11232352207,H100,gpu,,24,0.46,TESTING,NO_PAYMENT,1,2024-10-15,4.85,2024-10-15,2026-08-10,4.85,4.85,166,0,2024-10-15:4.85,Closed won,won,2024-10-15,,Lost Deal,Finland,0,0.0
2026-09-16,94823685322,123576068329,H200,gpu,,512,11.97,RESERVE,POSTPAID,0,2025-02-10,2.4,2025-02-17,2026-08-10,2.4,2.4,151,0,2025-02-10:2.4,Closed lost,lost_other,,Insufficient Capabilities,Lost Deal,Nemax,7,0.0
2026-09-16,10424171452,14720879579,H100,gpu,,80,0.2,TESTING,NO_PAYMENT,1,2024-10-15,4.85,2024-10-15,2026-08-10,4.85,4.85,166,0,2024-10-15:4.85,Closed won,won,2024-10-15,,Approved,Finland,0,0.0
2026-09-16,11056427967,13240040948,H100,gpu,,2,2.99,RESERVE,POSTPAID,1,2024-10-15,2.9,2024-10-15,2026-08-10,2.9,2.9,166,0,2024-10-15:2.9,Closed won,won,2024-10-15,,Approved,Finland,0,0.0
2026-09-16,12179106280,14406015213,H100,gpu,,128,1.51,PAYG,PREPAID,1,2024-10-15,3.5,2024-10-15,2026-08-10,3.5,3.5,166,0,2024-10-15:3.5,Closed won,won,2024-10-15,,DECLINED,Finland,0,0.0
2026-09-16,126991062256,159753147608,H200,gpu,,8,3.91,RESERVE,PREPAID,0,2025-04-07,3.0,2025-04-07,2026-08-10,3.0,3.0,141,0,2025-04-07:3,Closed won,won,2025-04-07,Customer Disengagement or Cancellation,Approved,Nemax,0,0.0
2026-09-16,147453862113,198363709688,H200,gpu,,32,0.33,TESTING,NO_PAYMENT,0,2025-05-05,3.5,2025-09-04,2026-08-10,3.5,3.5,133,0,2025-05-05:3.5,Closed lost,lost_capacity,,NO_CAPACITY,Lost Deal,us-central1 – Kansas,122,0.0
2026-09-16,16612243931,16001478108,H100,gpu,,8,0.3,TESTING,NO_PAYMENT,1,2024-10-15,3.5,2024-10-15,2026-08-10,3.5,3.5,166,0,2024-10-15:3.5,Closed lost,lost_other,,Customer Disengagement or Cancellation,Lost Deal,Nemax,0,0.0
2026-09-16,175043143889,145342288080,H200,gpu,,808,0.76,RESERVE,POSTPAID,0,2025-06-12,2.13,2025-06-12,2026-08-10,2.13,2.13,122,0,2025-06-12:2.13,Closed won,won,2025-06-12,,Approved,eu-west1 – Paris,0,0.0
2026-09-16,184420313337,241517659377,H100,gpu,,24,5.56,PAYG,PREPAID,0,2025-06-30,2.95,2025-07-21,2025-08-11,2.95,2.95,13,0,2025-06-30:2.95,Commercial Proposal,open_at_freeze,,,Disqualified,Nemax,21,0.0
2026-09-16,184926627036,247884102887,B200,gpu,,8,0.23,PROMO,NO_PAYMENT,0,2025-06-30,5.5,2025-06-30,2025-07-10,5.5,5.5,4,0,2025-06-30:5.5,Prospect,open_at_freeze,,,Waiting For Approval,us-central1 – Kansas,0,0.0
2026-09-16,187994203360,252825994464,H100,gpu,,16,0.23,TESTING,NO_PAYMENT,0,2025-07-03,2.95,2025-10-16,2026-08-10,2.95,2.95,116,0,2025-07-03:2.95,Closed lost,lost_capacity,,NO_CAPACITY,Lost Deal,Nemax,105,0.0
2026-09-16,188857154770,253734560955,H100,gpu,,32,0.03,TESTING,NO_PAYMENT,0,2025-07-07,2.95,2025-08-11,2026-08-10,2.95,2.95,115,0,2025-07-07:2.95,Closed won,won,2025-08-11,,Approved,Nemax,35,0.0
2026-09-16,228196990148,293493511404,B200,gpu,,2048,23.32,RESERVE,PREPAID,0,2025-08-25,5.5,2025-08-25,2025-09-25,5.5,5.5,10,0,2025-08-25:5.5,Prospect,open_at_freeze,,,Waiting For Approval,us-central1 – Kansas,0,0.0
2026-09-16,246266115274,306937389280,H200,gpu,,88,0.69,PAYG,PREPAID,0,2025-09-22,1.9,2025-10-02,2026-08-10,1.9,1.9,93,0,2025-09-22:1.9,Closed won,won,2025-10-02,,Approved,us-central1 – Kansas,10,0.0
2026-09-16,269257981156,334958500044,H200,gpu,,8,0.46,RESERVE,NO_PAYMENT,0,2025-10-16,3.5,2025-10-23,2025-10-23,3.5,3.5,3,0,2025-10-16:3.5,Technical Validation,open_at_freeze,,,Approved,us-central1 – Kansas,7,0.0
2026-09-16,28007128309,29482056946,H100,gpu,,16,1.51,PAYG,PREPAID,0,2024-10-29,2.95,2025-03-24,2026-08-10,2.95,2.95,164,0,2024-10-29:2.95,Closed lost,lost_other,,Insufficient Capabilities,Lost Deal,Nemax,146,0.0
2026-09-16,338089456832,379580046566,H100,gpu,,40,0.82,RESERVE,PREPAID,0,2025-12-08,1.65,2025-12-31,2026-08-10,1.65,1.65,71,0,2025-12-08:1.65,Closed won,won,2025-12-31,,Approved,Nemax,23,0.0
2026-09-16,352014177529,416060467391,B200,gpu,,96,12.01,RESERVE,PREPAID,0,2025-12-22,3.3,2026-01-26,2026-08-10,3.5,3.5,67,1,2025-12-22:3.3>2026-01-21:3.5,Closed won,won,2026-01-26,,Approved,us-central1 – Kansas,35,6.1
2026-09-16,352014205133,413521770697,H200,gpu,,24,0.69,TESTING,NO_PAYMENT,0,2025-12-22,3.5,2025-12-24,2026-08-10,3.5,3.5,67,0,2025-12-22:3.5,Closed won,won,2025-12-24,,Approved,us-central1 – Kansas,2,0.0
2026-09-16,368477126889,428874362077,H200,gpu,,8,11.97,RESERVE,POSTPAID,0,2026-01-12,1.85,2026-05-11,2026-08-10,1.85,1.85,61,0,2026-01-12:1.85,Closed lost,lost_price_or_competitor,,Pricing and Billing Issues,Lost Deal,Nemax,119,0.0
2026-09-16,377602214109,410375103733,H100,gpu,,32,0.33,TESTING,NO_PAYMENT,0,2026-01-19,2.95,2026-04-08,2026-08-10,2.95,2.95,59,0,2026-01-19:2.95,Closed lost,lost_other,,Qualification Oversights,Lost Deal,Nemax,79,0.0
2026-09-16,383178198219,443118371003,B300,gpu,,2048,12.01,RESERVE,PREPAID,0,2026-01-26,3.5,2026-02-18,2026-08-10,3.6,3.6,57,1,2026-01-26:3.5>2026-02-02:3.6,Closed lost,lost_capacity,,NO_CAPACITY,Lost Deal,eu-west1 – Paris,23,2.9
2026-09-16,394160912612,451125864686,H100,gpu,,32,5.99,RESERVE,PREPAID,0,2026-01-28,1.8,2026-03-09,2026-08-10,1.8,1.8,56,0,2026-01-28:1.8,Closed lost,lost_other,,Qualification Oversights,Lost Deal,Nemax,40,0.0
2026-09-16,403641266367,461107103976,B300,gpu,,1200,11.97,RESERVE,PREPAID,0,2026-02-09,7.1,2026-03-02,2026-08-10,4.25,4.25,53,1,2026-02-09:7.1>2026-02-16:4.25,Closed lost,lost_capacity,,NO_CAPACITY,Lost Deal,,21,-40.1
2026-09-16,435973981386,489994804455,H100,gpu,,256,12.04,RESERVE,POSTPAID,0,2026-03-09,2.0,2026-03-18,2026-08-10,2.0,2.0,45,0,2026-03-09:2,Closed lost,lost_price_or_competitor,,Competitor Chosen,Lost Deal,Nemax,9,0.0
2026-09-16,441459863745,493472020682,H200,gpu,,16,36.02,RESERVE,PREPAID,0,2026-03-16,1.95,2026-04-20,2026-08-10,1.95,1.95,43,0,2026-03-16:1.95,Closed lost,lost_price_or_competitor,,Competitor Chosen,Lost Deal,Nemax,35,0.0
2026-09-16,456584122561,502452930781,B300,gpu,,32,0.89,TESTING,NO_PAYMENT,0,2026-05-13,6.39,2026-07-20,2026-08-10,6.39,6.39,26,0,2026-05-13:6.39,Closed lost,lost_price_or_competitor,,Competitor Chosen,Lost Deal,uk-south1 – UK,68,0.0
2026-09-16,458013157620,503207066834,H200,gpu,,512,24.01,RESERVE,PREPAID,0,2026-05-20,2.51,2026-06-08,2026-08-10,2.1,2.1,24,1,2026-05-20:2.51>2026-05-27:2.1,Closed lost,lost_capacity,,NO_CAPACITY;Pricing and Billing Issues,Lost Deal,us-central1 – Kansas,19,-16.3
2026-09-16,459709404377,504048486647,GB300,rack,72,3024,36.05,,,0,2026-05-27,5.15,2026-07-22,2026-08-10,5.15,5.15,22,0,2026-05-27:5.15,Closed lost,lost_other,,Customer Disengagement or Cancellation,Lost Deal,,56,0.0
2026-09-16,460468837586,504977015030,GB300,rack,72,1152,36.02,RESERVE,PREPAID,0,2026-06-01,5.15,2026-06-01,2026-08-10,5.15,5.15,21,0,2026-06-01:5.15,Prospect,open_at_freeze,,,Waiting For Approval,eu-west3 – Bethune,0,0.0
2026-09-16,460778247390,505033431258,B300,gpu,,504,11.97,RESERVE,PREPAID,0,2026-06-03,6.0,2026-07-29,2026-08-10,6.0,6.0,20,0,2026-06-03:6,Commercial Proposal,open_at_freeze,,,Waiting For Approval,eu-west1 – Paris,56,0.0
2026-09-16,462516369598,505861296330,B300,gpu,,256,11.97,RESERVE,PREPAID,0,2026-06-15,5.56,2026-06-15,2026-06-17,5.56,5.56,2,0,2026-06-15:5.56,Technical Validation,open_at_freeze,,,Waiting For Approval,eu-west1 – Paris,0,0.0
2026-09-16,463736627398,506476786879,GB300,rack,72,1080,12.01,RESERVE,PREPAID,0,2026-06-17,6.05,2026-06-17,2026-08-10,6.05,6.05,16,0,2026-06-17:6.05,Prospect,open_at_freeze,,,Waiting for Business Approval,eu-west3 – Bethune,0,0.0
2026-09-16,464515175658,507217859813,B300,gpu,,104,11.97,RESERVE,PREPAID,0,2026-06-22,5.0,2026-06-22,2026-08-10,5.0,5.0,15,0,2026-06-22:5,Prospect,open_at_freeze,,,Waiting For Approval,eu-south1 – Madrid,0,0.0
2026-09-16,465448667346,452543549689,B200,gpu,,56,12.01,RESERVE,POSTPAID,0,2026-06-24,5.16,2026-06-29,2026-06-29,5.16,5.16,2,0,2026-06-24:5.16,Commercial Proposal,open_at_freeze,,,Waiting For Approval,us-central1 – Kansas,5,0.0
2026-09-16,467799268579,509474765025,H200,gpu,,128,12.01,RESERVE,POSTPAID,0,2026-07-13,3.15,2026-07-13,2026-08-10,3.15,3.15,9,0,2026-07-13:3.15,Commercial Proposal,open_at_freeze,,,Waiting For Approval,us-central1 – Kansas,0,0.0
2026-09-16,47125405943,16008835287,H100,gpu,,64,0.99,RESERVE,PREPAID,0,2024-12-03,2.4,2025-01-07,2026-08-10,2.4,2.4,159,0,2024-12-03:2.4,Closed lost,lost_price_or_competitor,,Security and Compliance Gaps;Competitor Chosen,Lost Deal,Nemax,35,0.0
2026-09-16,474435277008,513629992138,B200,gpu,,640,12.01,RESERVE,POSTPAID,0,2026-08-03,6.0,2026-08-03,2026-08-10,6.0,6.0,3,0,2026-08-03:6,Commercial Proposal,open_at_freeze,,,Waiting For Approval,us-central1 – Kansas,0,0.0
2026-09-16,476755398869,515289732334,B200,gpu,,128,36.02,RESERVE,PREPAID,0,2026-08-10,4.5,2026-08-10,2026-08-10,4.5,4.5,1,0,2026-08-10:4.5,Commercial Proposal,open_at_freeze,,,Approved,us-central1 – Kansas,0,0.0
2026-09-16,47753735365,57476579576,H100,gpu,,16,2.99,PROMO,POSTPAID,0,2024-12-03,2.95,2025-04-07,2026-08-10,2.95,2.95,159,0,2024-12-03:2.95,Closed lost,lost_price_or_competitor,,Competitor Chosen,Lost Deal,Nemax,125,0.0
2026-09-16,56023012596,69281438933,H100,gpu,,256,11.94,RESERVE,PREPAID,0,2024-12-10,2.0,2025-07-03,2026-08-10,2.0,2.0,158,0,2024-12-10:2,Closed lost,lost_other,,Customer Disengagement or Cancellation,Lost Deal,Nemax,205,0.0
2026-09-16,63530480837,78735771850,H100,gpu,,16,2.96,PROMO,POSTPAID,0,2025-01-07,2.95,2025-03-17,2026-08-10,2.95,2.95,156,0,2025-01-07:2.95,Closed won,won,2025-03-17,,Approved,Nemax,69,0.0
2026-09-16,63530836156,57164800238,H100,gpu,,16,0.46,TESTING,PREPAID,0,2025-01-07,2.95,2025-01-27,2026-08-10,2.95,2.95,156,0,2025-01-07:2.95,Closed lost,lost_other,,Insufficient Capabilities;Customer Disengagement or Cancellation,Lost Deal,Nemax,20,0.0
2026-09-16,78391347434,36737589445,H200,gpu,,384,2.6,RESERVE,PREPAID,0,2025-01-13,2.3,2025-05-12,2026-08-10,2.3,2.3,155,0,2025-01-13:2.3,Closed lost,lost_price_or_competitor,,Pricing and Billing Issues,Lost Deal,eu-west1 – Paris,119,0.0
2026-09-16,8273236415,10391410140,H100,gpu,,256,2.96,RESERVE,PREPAID,1,2024-10-15,2.9,2024-10-15,2026-08-10,2.9,2.9,166,0,2024-10-15:2.9,Closed lost,lost_other,,Customer Disengagement or Cancellation,Disqualified,Finland,0,0.0
2026-09-16,83149891779,107540801725,H100,gpu,,256,6.28,PAYG,PREPAID,0,2025-01-27,1.6,2025-02-10,2026-08-10,1.6,1.6,153,0,2025-01-27:1.6,Closed won,won,2025-02-10,,Approved,Nemax,14,0.0
2026-09-16,8428486880,10104859620,H100,gpu,,18,12.01,RESERVE,PREPAID,1,2024-10-15,3.06,2024-10-15,2026-08-10,3.06,3.06,166,0,2024-10-15:3.06,Closed won,won,2024-10-15,,Approved,Finland,0,0.0
2026-09-16,8642528469,11238485239,H100,gpu,,5,3.03,PAYG,POSTPAID,1,2024-10-15,4.85,2024-10-15,2026-08-10,4.85,4.85,166,0,2024-10-15:4.85,Disqualified,disqualified,,Customer Disengagement or Cancellation,Disqualified,Finland,0,0.0
2026-09-16,87919935728,114626953416,GB200,gpu,72,1000,3.03,RESERVE,POSTPAID,0,2025-02-03,3.3,2025-05-29,2026-08-10,3.3,3.3,152,0,2025-02-03:3.3,Disqualified,disqualified,,Customer Disengagement or Cancellation,Disqualified,us-central1 – Kansas,115,0.0
2026-09-16,93278323928,121620103377,H100,gpu,,352,11.97,RESERVE,POSTPAID,0,2025-02-10,2.95,2025-02-24,2025-02-24,2.95,2.95,3,0,2025-02-10:2.95,Commercial Proposal,open_at_freeze,,,Disqualified,us-central1 – Kansas,14,0.0
2026-09-16,9415673062,12431109590,H100,gpu,,8,0.99,TESTING,NO_PAYMENT,1,2024-10-15,4.85,2024-10-15,2026-08-10,4.85,4.85,166,0,2024-10-15:4.85,Closed won,won,2024-10-15,,Approved,Finland,0,0.0
2026-09-16,9461313754,12722352596,H100,gpu,,64,0.69,INTERNAL,POSTPAID,1,2024-10-15,4.85,2024-10-15,2026-08-10,4.85,4.85,166,0,2024-10-15:4.85,Closed won,won,2024-10-15,,Approved,Finland,0,0.0
2026-09-16,9899743422,11230749129,H100,gpu,,16,0.46,TESTING,NO_PAYMENT,1,2024-10-15,4.85,2024-10-15,2026-08-10,4.85,4.85,166,0,2024-10-15:4.85,Disqualified,disqualified,,Customer Disengagement or Cancellation,Disqualified,Finland,0,0.0
2026-09-16,9936854992,9926814673,H100,gpu,,1024,5.95,RESERVE,POSTPAID,1,2024-10-15,4.85,2024-10-15,2026-08-10,4.85,4.85,166,0,2024-10-15:4.85,Disqualified,disqualified,,Competitor Chosen;Customer Disengagement or Cancellation,Disqualified,Finland,0,0.0
2026-09-16,10064905961,13463643129,H100,gpu,,8,25.56,INTERNAL,NO_PAYMENT,1,2024-10-15,4.85,2024-10-15,2026-08-10,4.85,4.85,166,0,2024-10-15:4.85,Closed won,won,2024-10-15,,Waiting For Approval,Finland,0,0.0
2026-09-16,10191687880,13460861160,H100,gpu,,512,9.97,RESERVE,POSTPAID,1,2024-10-15,2.3,2024-10-15,2026-08-10,2.3,2.3,166,0,2024-10-15:2.3,Disqualified,disqualified,,Customer Disengagement or Cancellation,Disqualified,Finland,0,0.0
2026-09-16,10540444096,14926471389,H100,gpu,,16,0.23,PAYG,POSTPAID,1,2024-10-15,4.35,2024-10-15,2026-08-10,4.35,4.35,166,0,2024-10-15:4.35,Closed won,won,2024-10-15,,Approved,Finland,0,0.0
2026-09-16,10598010327,14991928258,H100,gpu,,16,0.2,TESTING,NO_PAYMENT,1,2024-10-15,4.85,2024-10-15,2026-08-10,4.85,4.85,166,0,2024-10-15:4.85,Closed lost,lost_other,,Customer Disengagement or Cancellation,Lost Deal,Finland,0,0.0
2026-09-16,10748601792,13586459088,H100,gpu,,48,0.46,PAYG,POSTPAID,1,2024-10-15,4.0,2024-10-15,2026-08-10,4.0,4.0,166,0,2024-10-15:4,Closed won,won,2024-10-15,,Approved,Finland,0,0.0
2026-09-16,121902027982,105021569224,H100,gpu,,128,12.01,RESERVE,PREPAID,0,2025-03-24,2.0,2025-07-28,2025-08-04,2.1,2.1,39,1,2025-03-24:2>2025-07-31:2.1,Commercial Proposal,open_at_freeze,,,DECLINED,Nemax,126,5.0
2026-09-16,123657480417,166509508816,H100,gpu,,64,2.99,RESERVE,PREPAID,0,2025-03-31,2.95,2025-06-02,2026-08-10,2.95,2.95,143,0,2025-03-31:2.95,Disqualified,disqualified,,Customer Disengagement or Cancellation,Disqualified,Nemax,63,0.0
2026-09-16,123657481409,166509506808,H100,gpu,,32,3.03,RESERVE,PREPAID,0,2025-03-31,2.95,2025-06-02,2026-08-10,2.95,2.95,143,0,2025-03-31:2.95,Disqualified,disqualified,,Customer Disengagement or Cancellation,Disqualified,Nemax,63,0.0
2026-09-16,126094625984,168870129855,H100,gpu,,128,2.96,RESERVE,PREPAID,0,2025-04-03,2.0,2025-06-19,2026-08-10,2.0,2.0,142,0,2025-04-03:2,Disqualified,disqualified,,Customer Disengagement or Cancellation,Disqualified,Nemax,77,0.0
2026-09-16,132384084217,177760671955,H200,gpu,,16,1.02,RESERVE,POSTPAID,0,2025-04-14,3.5,2025-04-28,2026-08-10,3.3,3.3,139,1,2025-04-14:3.5>2025-04-17:3.3,Closed lost,lost_other,,Customer Disengagement or Cancellation,Lost Deal,Nemax,14,-5.7
2026-09-16,138197892305,168399101134,H200,gpu,,72,0.76,PAYG,POSTPAID,0,2025-04-24,2.2,2025-05-22,2026-08-10,2.2,2.2,136,0,2025-04-24:2.2,Closed won,won,2025-05-22,,Approved,eu-north2 – Iceland,28,0.0
2026-09-16,146280007929,71670023362,H200,gpu,,8,6.02,RESERVE,PREPAID,0,2025-05-05,2.05,2025-05-12,2026-08-10,2.05,2.05,133,0,2025-05-05:2.05,Closed won,won,2025-05-12,,Approved,Nemax,7,0.0
2026-09-16,151558536420,201637339381,H200,gpu,,2000,2.01,RESERVE,POSTPAID,0,2025-05-15,2.0,2025-05-29,2026-08-10,2.0,2.0,130,0,2025-05-15:2,Closed lost,lost_other,,Insufficient Capabilities,Lost Deal,us-central1 – Kansas,14,0.0
2026-09-16,175469218027,234824555715,H100,gpu,,32,0.26,TESTING,NO_PAYMENT,0,2025-06-12,2.95,2025-07-03,2026-08-10,2.95,2.95,122,0,2025-06-12:2.95,Disqualified,disqualified,,Test Deals,Disqualified,Nemax,21,0.0
2026-09-16,184980284610,242673547487,H200,gpu,,64,6.02,PAYG,PREPAID,0,2025-06-30,1.5,2025-06-30,2026-08-10,1.5,1.5,117,0,2025-06-30:1.5,Closed won,won,2025-06-30,,Approved,us-central1 – Kansas,0,0.0
2026-09-16,187994162423,177798616304,H100,gpu,,32,12.01,RESERVE,POSTPAID,0,2025-07-03,1.75,2025-08-25,2026-08-10,1.75,1.75,116,0,2025-07-03:1.75,Closed lost,lost_price_or_competitor,,Pricing and Billing Issues,Lost Deal,Nemax,53,0.0
2026-09-16,188753781979,247036114152,H100,gpu,,1000,3.03,RESERVE,POSTPAID,0,2025-07-07,2.95,2025-07-17,2026-08-10,2.95,1.5,115,0,2025-07-07:2.95,Closed won,won,2025-07-17,,Approved,Nemax,10,-49.2
2026-09-16,194266515648,168399216858,H100,gpu,,8,0.23,TESTING,NO_PAYMENT,0,2025-07-10,2.95,2025-07-10,2026-08-10,2.95,2.95,114,0,2025-07-10:2.95,Prospect,open_at_freeze,,,Approved,Nemax,0,0.0
2026-09-16,198400604370,242469198060,H200,gpu,,32,0.69,TESTING,NO_PAYMENT,0,2025-07-17,3.5,2025-09-04,2026-08-10,3.5,3.5,112,0,2025-07-17:3.5,Disqualified,disqualified,,Test Deals,Disqualified,eu-west1 – Paris,49,0.0
2026-09-16,21011694823,25082034399,H100,gpu,,256,11.15,RESERVE,POSTPAID,0,2024-10-29,2.5,2025-02-10,2026-08-10,2.5,2.5,164,0,2024-10-29:2.5,Closed lost,lost_other,,Customer Disengagement or Cancellation,Lost Deal,Nemax,104,0.0
2026-09-16,214266027212,279172781280,B200,gpu,,512,0.46,RESERVE,PREPAID,0,2025-08-07,3.5,2025-08-28,2026-08-10,3.5,3.5,106,0,2025-08-07:3.5,Disqualified,disqualified,,Customer Disengagement or Cancellation,Disqualified,us-central1 – Kansas,21,0.0
2026-09-16,219936404702,263278640374,H100,gpu,,0,4.9,RESERVE,PREPAID,0,2025-08-11,2.0,2026-05-04,2026-08-10,3.0,3.0,105,1,2025-08-11:2>2025-09-08:3,Closed lost,lost_other,,Customer Disengagement or Cancellation,Lost Deal,me-west1 - Israel,266,50.0
2026-09-16,267021054191,332602197194,B200,gpu,,1248,11.97,RESERVE,PREPAID,0,2025-10-16,3.02,2025-10-16,2025-10-16,3.02,3.02,1,0,2025-10-16:3.02,Commercial Proposal,open_at_freeze,,,Waiting For Approval,us-central1 – Kansas,0,0.0
2026-09-16,269676841163,307977678045,B200,gpu,,256,2.47,RESERVE,PREPAID,0,2025-10-16,3.3,2025-11-17,2025-12-03,2.97,2.97,15,1,2025-10-16:3.3>2025-11-20:2.97,Commercial Proposal,open_at_freeze,,,Waiting For Approval,us-central1 – Kansas,32,-10.0
2026-09-16,273603798243,338903617738,H200,gpu,,16,2.93,RESERVE,POSTPAID,0,2025-10-23,2.27,2025-11-26,2026-08-10,2.27,2.27,84,0,2025-10-23:2.27,Closed won,won,2025-11-26,,Approved,Nemax,34,0.0
2026-09-16,295180856552,359291998413,B300,gpu,,16,0.46,TESTING,NO_PAYMENT,0,2025-11-06,7.1,2025-11-10,2025-11-13,7.1,7.1,3,0,2025-11-06:7.1,Technical Validation,open_at_freeze,,,Waiting For Approval,uk-south1 – UK,4,0.0
2026-09-16,298073096380,268872738026,B300,gpu,,4000,3.09,RESERVE,POSTPAID,0,2025-11-06,3.4,2025-11-20,2026-08-10,3.4,3.4,80,0,2025-11-06:3.4,Closed won,won,2025-11-20,,Waiting For Approval,uk-south1 – UK,14,0.0
2026-09-16,308360288494,333724914923,B300,gpu,,32,0.99,TESTING,NO_PAYMENT,0,2025-11-13,7.1,2026-01-21,2026-08-10,7.1,7.1,78,0,2025-11-13:7.1,Closed lost,lost_other,,PoC Performance,Lost Deal,uk-south1 – UK,69,0.0
2026-09-16,313020573930,292091322594,B200,gpu,,512,30.23,RESERVE,PREPAID,0,2025-11-20,2.74,2025-11-20,2026-01-07,3.15,3.15,15,1,2025-11-20:2.74>2025-12-10:3.15,Commercial Proposal,open_at_freeze,,,Waiting For Approval,us-central1 – Kansas,0,15.0
2026-09-16,318935420102,383781378255,B200,gpu,,80,1.02,RESERVE,PREPAID,0,2025-11-24,5.5,2026-06-03,2026-08-10,4.4,4.4,40,1,2025-11-24:5.5>2025-11-26:4.4,Disqualified,disqualified,,NO_CAPACITY,Disqualified,us-central1 – Kansas,191,-20.0
2026-09-16,331706724601,395073705200,B200,gpu,,8,11.97,RESERVE,POSTPAID,0,2025-12-03,3.2,2025-12-22,2026-08-10,3.2,3.2,72,0,2025-12-03:3.2,Closed won,won,2025-12-22,,Approved,us-central1 – Kansas,19,0.0
2026-09-16,335720151272,399853320438,H200,gpu,,96,3.52,RESERVE,PREPAID,0,2025-12-08,2.5,2026-06-03,2026-08-10,2.5,2.5,35,0,2025-12-08:2.5,Disqualified,disqualified,,Competitor Chosen,Disqualified,Nemax,177,0.0
2026-09-16,393367730424,451125881071,B200,gpu,,256,6.05,RESERVE,PREPAID,0,2026-01-28,2.9,2026-02-18,2026-08-10,2.9,2.9,56,0,2026-01-28:2.9,Closed lost,lost_capacity,,NO_CAPACITY,Lost Deal,us-central1 – Kansas,21,0.0
2026-09-16,399960925383,339027845341,H100,gpu,,256,8.42,RESERVE,PREPAID,0,2026-02-02,1.65,2026-02-04,2026-05-06,1.6,1.6,28,1,2026-02-02:1.65>2026-02-11:1.6,Commercial Proposal,open_at_freeze,,,Waiting For Approval,Nemax,2,-3.0
2026-09-16,417056201923,472984625345,H200,gpu,,256,12.07,RESERVE,,0,2026-02-18,2.2,2026-02-25,2026-08-10,2.2,2.2,50,0,2026-02-18:2.2,Closed lost,lost_capacity,,NO_CAPACITY,Lost Deal,Nemax,7,0.0
2026-09-16,417687381215,474457345243,B300,gpu,,0,3.09,RESERVE,POSTPAID,0,2026-02-23,3.4,2026-02-23,2026-08-10,3.4,3.4,49,0,2026-02-23:3.4,Closed won,won,2026-02-23,,Waiting For Approval,uk-south1 – UK,0,0.0
2026-09-16,418933223670,466796230844,VR,gpu,72,50000,36.02,RESERVE,POSTPAID,0,2026-02-23,5.05,2026-02-23,2026-08-10,5.05,5.05,49,0,2026-02-23:5.05,Prospect,open_at_freeze,,,Waiting For Approval,us-central1 – Kansas,0,0.0
2026-09-16,423216490725,474622566592,H100,gpu,,1024,12.07,RESERVE,PREPAID,0,2026-02-25,1.8,2026-02-25,2026-08-10,1.8,1.8,48,0,2026-02-25:1.8,Closed lost,lost_capacity,,NO_CAPACITY,Lost Deal,Nemax,0,0.0
2026-09-16,446089932999,495708430567,H100,gpu,,16,0.23,TESTING,NO_PAYMENT,0,2026-03-30,2.95,2026-03-30,2026-05-11,2.95,2.95,13,0,2026-03-30:2.95,Prospect,open_at_freeze,,,Waiting For Approval,Nemax,0,0.0
2026-09-16,451764048077,499331921115,H100,gpu,,8,5.0,PAYG,NO_PAYMENT,0,2026-04-22,2.95,2026-04-22,2026-04-29,2.95,2.95,3,0,2026-04-22:2.95,Prospect,open_at_freeze,,,Waiting For Approval,us-central1 – Kansas,0,0.0
2026-09-16,452135763171,499826396362,B300,gpu,,72,12.01,RESERVE,PREPAID,0,2026-04-22,5.2,2026-07-27,2026-08-10,5.2,5.2,32,0,2026-04-22:5.2,Closed lost,lost_other,,Customer Disengagement or Cancellation,Lost Deal,eu-west2 – Paris,96,0.0
2026-09-16,453699115239,500640816377,VR,gpu,72,12000,60.03,RESERVE,PREPAID,0,2026-04-29,6.2,2026-04-29,2026-06-17,6.2,6.2,15,0,2026-04-29:6.2,Prospect,open_at_freeze,,,Waiting For Approval,us-south1 – Oklahoma,0,0.0
2026-09-16,454654101694,501541129462,B300,gpu,,816,24.05,RESERVE,PREPAID,0,2026-05-06,5.1,2026-06-01,2026-08-10,5.1,5.1,28,0,2026-05-06:5.1,Closed won,won,2026-06-01,,Approved,eu-west2 – Paris,26,0.0
2026-09-16,456583824623,502226011373,B200,gpu,,128,12.01,,,0,2026-05-13,4.79,2026-05-13,2026-05-20,4.79,4.79,3,0,2026-05-13:4.79,Prospect,open_at_freeze,,,Waiting for Business Approval,us-central1 – Kansas,0,0.0
2026-09-16,457157008584,502453845215,B300,gpu,,16,11.97,RESERVE,PREPAID,0,2026-05-18,5.1,2026-05-18,2026-08-10,5.1,5.1,25,0,2026-05-18:5.1,Prospect,open_at_freeze,,,Waiting For Approval,eu-south1 – Madrid,0,0.0
2026-09-16,457995390152,502019966146,H100,gpu,,8,4.01,PAYG,POSTPAID,0,2026-05-20,3.09,2026-07-13,2026-08-10,3.09,3.09,24,0,2026-05-20:3.09,Disqualified,disqualified,,Competitor Chosen,Lost Deal,Nemax,54,0.0
2026-09-16,466060230877,508126812366,GB300,rack,72,1008,12.01,RESERVE,PREPAID,0,2026-06-29,6.1,2026-06-29,2026-08-10,6.1,6.1,13,0,2026-06-29:6.1,Commercial Proposal,open_at_freeze,,,Waiting For Approval,eu-west1 – Paris,0,0.0
2026-09-16,467670003961,509157682389,H200,gpu,,16,11.97,RESERVE,PREPAID,0,2026-07-06,2.95,2026-07-06,2026-08-10,2.95,2.95,11,0,2026-07-06:2.95,Prospect,open_at_freeze,,,Waiting For Approval,us-central1 – Kansas,0,0.0
2026-09-16,469899973853,510130766072,B200,gpu,,1000,5.99,RESERVE,PREPAID,0,2026-07-15,5.0,2026-07-15,2026-08-10,5.0,5.0,8,0,2026-07-15:5,Prospect,open_at_freeze,,,Waiting For Approval,,0,0.0
2026-09-16,476753397956,515114767575,B300,gpu,,32,12.01,RESERVE,PREPAID,0,2026-08-10,5.8,2026-08-10,2026-08-10,5.8,5.8,1,0,2026-08-10:5.8,Prospect,open_at_freeze,,,Waiting For Approval,eu-west2 – Paris,0,0.0
2026-09-16,77115210964,97813630179,H200,gpu,,32,6.74,RESERVE,PREPAID,0,2025-01-13,2.13,2025-01-27,2026-08-10,2.13,2.13,155,0,2025-01-13:2.13,Closed won,won,2025-01-27,,Waiting For Approval,eu-west1 – Paris,14,0.0
2026-09-16,81804702920,103714035958,H100,gpu,,1,7.96,PAYG,POSTPAID,0,2025-01-20,1.5,2025-01-20,2026-08-10,1.5,1.5,154,0,2025-01-20:1.5,Disqualified,disqualified,,Test Deals,Disqualified,Nemax,0,0.0
2026-09-16,8290046916,9498174433,H100,gpu,,128,7.37,RESERVE,PREPAID,1,2024-10-15,2.65,2024-10-15,2026-08-10,2.65,2.65,166,0,2024-10-15:2.65,Closed won,won,2024-10-15,,Approved,Finland,0,0.0
2026-09-16,83762681037,53211544776,H100,gpu,,64,3.19,PAYG,POSTPAID,0,2025-01-27,2.15,2025-01-27,2026-08-10,2.15,2.15,153,0,2025-01-27:2.15,Closed won,won,2025-01-27,,Disqualified,Nemax,0,0.0
2026-09-16,84009626819,40326916312,H100,gpu,,32,0.2,TESTING,POSTPAID,0,2025-01-27,2.3,2025-03-03,2026-08-10,2.3,2.3,153,0,2025-01-27:2.3,Closed won,won,2025-03-03,,Approved,Nemax,35,0.0
2026-09-16,8428443383,9329424317,H100,gpu,,8,12.01,PAYG,POSTPAID,1,2024-10-15,4.85,2024-10-15,2026-08-10,4.85,4.12,166,0,2024-10-15:4.85,Closed won,won,2024-10-15,,Approved,Finland,0,-15.1
2026-09-16,8458777568,10624796900,H100,gpu,,192,5.95,RESERVE,POSTPAID,1,2024-10-15,4.85,2024-10-15,2026-08-10,4.85,4.85,166,0,2024-10-15:4.85,Closed won,won,2024-10-15,,Disqualified,Finland,0,0.0
2026-09-16,93739954417,122492625136,H100,gpu,,16,0.36,TESTING,POSTPAID,0,2025-02-10,2.95,2025-09-04,2026-08-10,2.95,2.95,151,0,2025-02-10:2.95,Closed won,won,2025-09-04,,Approved,Nemax,206,0.0
2026-09-16,9420936929,12636966370,H100,gpu,,1024,6.02,RESERVE,POSTPAID,1,2024-10-15,2.8,2024-10-15,2026-08-10,2.8,2.8,166,0,2024-10-15:2.8,Disqualified,disqualified,,Customer Disengagement or Cancellation,Disqualified,Finland,0,0.0
2026-09-16,9936734425,12433648371,H100,gpu,,256,8.95,RESERVE,POSTPAID,1,2024-10-15,2.03,2024-10-15,2026-08-10,2.03,2.03,166,0,2024-10-15:2.03,Disqualified,disqualified,,Customer Disengagement or Cancellation,Disqualified,Finland,0,0.0
2026-09-16,10872019152,14967077582,H100,gpu,,1,0.23,TESTING,NO_PAYMENT,1,2024-10-15,4.85,2024-10-15,2026-08-10,4.85,4.85,166,0,2024-10-15:4.85,Disqualified,disqualified,,Test Deals,Disqualified,Finland,0,0.0
2026-09-16,11198854367,15897206261,H100,gpu,,16,5.03,PAYG,POSTPAID,1,2024-10-15,4.85,2024-10-15,2026-08-10,4.85,1.73,166,0,2024-10-15:4.85,Closed won,won,2024-10-15,,Approved,Finland,0,-64.3
2026-09-16,114193034469,151134281945,H100,gpu,,64,1.12,RESERVE,POSTPAID,0,2025-03-17,1.4,2025-03-27,2026-08-10,1.4,1.4,146,0,2025-03-17:1.4,Closed won,won,2025-03-27,,Approved,Nemax,10,0.0
2026-09-16,126524551377,169184456927,H100,gpu,,10,0.1,RESERVE,PREPAID,0,2025-04-03,2.95,2025-04-14,2026-02-18,2.95,2.95,93,0,2025-04-03:2.95,Disqualified,disqualified,,Test Deals,Disqualified,Nemax,11,0.0
2026-09-16,126985412825,169337010392,H100,gpu,,128,1.97,RESERVE,POSTPAID,0,2025-04-07,2.4,2025-04-14,2026-08-10,2.4,2.4,141,0,2025-04-07:2.4,Closed won,won,2025-04-14,,Waiting For Approval,Nemax,7,0.0
2026-09-16,151534799091,204373524697,H100,gpu,,128,7.07,RESERVE,PREPAID,0,2025-05-15,1.7,2025-06-05,2026-08-10,1.7,1.7,130,0,2025-05-15:1.7,Closed won,won,2025-06-05,,Approved,Nemax,21,0.0
2026-09-16,151534847197,193432245496,H200,gpu,,40,1.02,RESERVE,PREPAID,0,2025-05-15,2.3,2025-05-15,2026-08-10,2.3,2.3,130,0,2025-05-15:2.3,Closed won,won,2025-05-15,,Approved,us-central1 – Kansas,0,0.0
2026-09-16,184184643770,232779768032,H200,gpu,,32,0.39,PAYG,POSTPAID,0,2025-06-26,2.2,2025-07-03,2026-08-10,2.2,2.2,118,0,2025-06-26:2.2,Closed won,won,2025-07-03,,Approved,us-central1 – Kansas,7,0.0
2026-09-16,186461776098,250563299526,B200,gpu,,1024,0.99,RESERVE,PREPAID,0,2025-07-03,3.2,2025-09-22,2025-10-09,3.7,3.7,29,1,2025-07-03:3.2>2025-07-31:3.7,Commercial Proposal,open_at_freeze,,Qualification Oversights,Disqualified,us-central1 – Kansas,81,15.6
2026-09-16,187817823446,247594966243,H200,gpu,,16,0.23,TESTING,NO_PAYMENT,0,2025-07-03,3.5,2025-07-03,2025-07-31,3.5,3.5,9,0,2025-07-03:3.5,Prospect,open_at_freeze,,,Waiting For Approval,eu-west1 – Paris,0,0.0
2026-09-16,194266400959,205110766790,B200,gpu,,128,4.14,PAYG,POSTPAID,0,2025-07-10,4.2,2025-08-07,2026-08-10,4.2,4.2,114,0,2025-07-10:4.2,Closed won,won,2025-08-07,,Approved,us-central1 – Kansas,28,0.0
2026-09-16,194266620102,260003159237,H200,gpu,,1104,0.26,PAYG,PREPAID,0,2025-07-10,1.9,2025-07-10,2026-08-10,1.9,1.9,114,0,2025-07-10:1.9,Closed won,won,2025-07-10,,Approved,eu-west1 – Paris,0,0.0
2026-09-16,199652145355,258986426562,H200,gpu,,0,5.46,PAYG,POSTPAID,0,2025-07-21,3.5,2025-07-21,2025-08-04,3.5,3.5,5,0,2025-07-21:3.5,Commercial Proposal,open_at_freeze,,,Waiting For Approval,us-central1 – Kansas,0,0.0
2026-09-16,202587954404,247773879527,B200,gpu,,24,3.03,RESERVE,PREPAID,0,2025-07-21,3.5,2025-09-11,2025-09-18,3.5,3.5,18,0,2025-07-21:3.5,Prospect,open_at_freeze,,Qualification Oversights,Lost Deal,us-central1 – Kansas,52,0.0
2026-09-16,210712604876,275626723516,H100,gpu,,1000,3.68,RESERVE,POSTPAID,0,2025-07-31,2.95,2025-10-30,2026-08-10,2.95,1.5,108,0,2025-07-31:2.95,Closed won,won,2025-10-30,,Approved,Nemax,91,-49.2
2026-09-16,213714891001,278634673374,B200,gpu,,256,12.01,RESERVE,PREPAID,0,2025-08-04,3.0,2025-08-28,2026-08-10,3.0,3.0,107,0,2025-08-04:3,Closed lost,lost_capacity,,NO_CAPACITY,Lost Deal,us-central1 – Kansas,24,0.0
2026-09-16,215128526048,260160693450,H100,gpu,,96,11.97,PAYG,POSTPAID,0,2025-08-07,2.95,2025-09-11,2026-08-10,2.95,2.95,106,0,2025-08-07:2.95,Closed won,won,2025-09-11,,Approved,Nemax,35,0.0
2026-09-16,216991477975,247828447441,H200,gpu,,128,1.22,RESERVE,PREPAID,0,2025-08-11,1.95,2025-08-18,2026-08-10,2.2,2.2,105,1,2025-08-11:1.95>2025-08-14:2.2,Closed won,won,2025-08-18,,Approved,us-central1 – Kansas,7,12.8
2026-09-16,220756157656,285681373412,H100,gpu,,8,6.94,RESERVE,POSTPAID,0,2025-08-14,2.0,2025-09-11,2026-08-10,2.0,2.0,104,0,2025-08-14:2,Closed lost,lost_other,,Customer Disengagement or Cancellation,Lost Deal,Nemax,28,0.0
2026-09-16,230058159297,293493946591,H100,gpu,,16,2.99,PAYG,,0,2025-08-25,2.95,2025-09-04,2026-08-10,1.9,1.9,101,1,2025-08-25:2.95>2025-08-28:1.9,Closed won,won,2025-09-04,,Approved,Nemax,10,-35.6
2026-09-16,231742096596,287024400586,H200,gpu,,24,0.36,PAYG,PREPAID,0,2025-08-28,3.5,2025-08-28,2026-08-10,3.5,3.5,100,0,2025-08-28:3.5,Closed won,won,2025-08-28,,Approved,Nemax,0,0.0
2026-09-16,241236844776,292064535749,GB300,gpu,72,4608,36.02,RESERVE,PREPAID,0,2025-09-15,3.5,2025-11-13,2026-08-10,3.55,3.55,95,1,2025-09-15:3.5>2025-09-29:3.55,Closed lost,lost_capacity,,NO_CAPACITY,Lost Deal,Nemax,59,1.4
2026-09-16,262513564869,314876351677,B200,gpu,,1024,12.01,RESERVE,PREPAID,0,2025-10-09,3.0,2025-10-16,2025-10-16,2.9,2.9,3,1,2025-10-09:3>2025-10-16:2.9,Commercial Proposal,open_at_freeze,,,Pre-Approved,me-west1 - Israel,7,-3.3
2026-09-16,264404688112,320947906792,H200,gpu,,64,0.53,TESTING,NO_PAYMENT,0,2025-10-13,3.5,2025-11-03,2026-08-10,3.5,3.5,87,0,2025-10-13:3.5,Closed lost,lost_capacity,,Competitor Chosen;Insufficient Capabilities;NO_CAPACITY,Lost Deal,Nemax,21,0.0
2026-09-16,28005162202,31873344725,H100,gpu,,768,5.92,RESERVE,PREPAID,0,2024-10-29,2.0,2024-11-05,2026-08-10,2.0,2.0,164,0,2024-10-29:2,Disqualified,disqualified,,Pricing and Billing Issues,Disqualified,Nemax,7,0.0
2026-09-16,298073816255,363737552088,B200,gpu,,2000,0.99,RESERVE,POSTPAID,0,2025-11-06,2.9,2025-12-31,2026-08-10,2.85,2.85,80,2,2025-11-06:2.9>2025-12-22:2.8>2025-12-24:2.85,Closed won,won,2025-12-31,,Approved,us-central1 – Kansas,55,-1.7
2026-09-16,299438914757,363463147736,B300,gpu,,16,11.97,RESERVE,POSTPAID,0,2025-11-10,4.25,2025-11-10,2025-11-13,4.25,4.25,2,0,2025-11-10:4.25,Commercial Proposal,open_at_freeze,,,Waiting For Approval,uk-south1 – UK,0,0.0
2026-09-16,319072049340,320947875044,H200,gpu,,24,5.95,RESERVE,PREPAID,0,2025-11-24,3.5,2025-11-24,2026-01-14,3.5,3.5,16,0,2025-11-24:3.5,Technical Validation,open_at_freeze,,,Waiting For Approval,Nemax,0,0.0
2026-09-16,331425195204,371121868990,B200,gpu,,16,1.02,RESERVE,PREPAID,0,2025-12-03,2.95,2025-12-03,2025-12-03,2.95,2.95,1,0,2025-12-03:2.95,Commercial Proposal,open_at_freeze,,,Waiting For Approval,me-west1 - Israel,0,0.0
2026-09-16,349508983025,413130712310,H100,gpu,,32,0.92,TESTING,NO_PAYMENT,0,2025-12-22,2.95,2025-12-22,2026-08-10,2.95,2.95,67,0,2025-12-22:2.95,Prospect,open_at_freeze,,,Approved,Nemax,0,0.0
2026-09-16,36030546168,40005547202,H100,gpu,,16,11.97,PAYG,POSTPAID,0,2024-11-14,2.3,2024-12-17,2026-08-10,2.3,2.3,162,0,2024-11-14:2.3,Closed won,won,2024-12-17,,Waiting For Approval,Nemax,33,0.0
2026-09-16,366344406208,409579466959,H100,gpu,,32,0.36,TESTING,NO_PAYMENT,0,2026-01-12,2.95,2026-01-12,2026-02-16,2.95,2.95,11,0,2026-01-12:2.95,Prospect,open_at_freeze,,,Waiting For Approval,Nemax,0,0.0
2026-09-16,372234485977,428973001972,B200,gpu,,32,0.56,TESTING,NO_PAYMENT,0,2026-01-14,5.5,2026-02-23,2026-08-10,5.5,5.5,60,0,2026-01-14:5.5,Closed won,won,2026-02-23,,Approved,us-central1 – Kansas,40,0.0
2026-09-16,400927810772,454717895881,B200,gpu,,8,0.62,TESTING,NO_PAYMENT,0,2026-02-04,5.5,2026-03-02,2026-08-10,5.5,5.5,54,0,2026-02-04:5.5,Closed won,won,2026-03-02,,Approved,us-central1 – Kansas,26,0.0
2026-09-16,403640566974,461107075292,H200,gpu,,512,11.97,RESERVE,POSTPAID,0,2026-02-09,1.9,2026-02-16,2026-08-10,1.9,1.9,53,0,2026-02-09:1.9,Closed lost,lost_capacity,,NO_CAPACITY,Lost Deal,Nemax,7,0.0
2026-09-16,409143340267,459338264782,B300,gpu,,5000,60.03,RESERVE,POSTPAID,0,2026-02-11,3.35,2026-05-11,2026-08-10,3.35,3.35,52,0,2026-02-11:3.35,Closed lost,lost_other,,Insufficient Capabilities,Lost Deal,eu-west2 – Paris,89,0.0
2026-09-16,439680239832,491922314480,H100,gpu,,32,3.52,INTERNAL,NO_PAYMENT,0,2026-03-11,2.95,2026-06-15,2026-08-10,2.95,2.95,44,0,2026-03-11:2.95,Disqualified,disqualified,,Test Deals,Disqualified,Nemax,96,0.0
2026-09-16,453159043306,499840000230,B300,gpu,,5000,24.01,RESERVE,PREPAID,0,2026-04-27,5.03,2026-05-06,2026-08-10,4.55,4.55,31,1,2026-04-27:5.03>2026-04-29:4.55,Closed lost,lost_price_or_competitor,,Pricing and Billing Issues,Lost Deal,eu-west2 – Paris,9,-9.5
2026-09-16,455914422505,501539509480,B300,gpu,,1024,24.01,RESERVE,PREPAID,0,2026-05-11,5.1,2026-05-18,2026-05-25,5.1,5.1,5,0,2026-05-11:5.1,Technical Validation,open_at_freeze,,,Waiting For Approval,eu-west2 – Paris,7,0.0
2026-09-16,457582007545,502967274712,VR,gpu,72,20000,36.02,RESERVE,POSTPAID,0,2026-05-18,7.25,2026-05-18,2026-08-10,7.25,7.25,25,0,2026-05-18:7.25,Prospect,open_at_freeze,,,Waiting For Approval,us-south1 – Oklahoma,0,0.0
2026-09-16,460469585088,504550852814,GB300,rack,72,1656,36.02,RESERVE,PREPAID,0,2026-06-01,4.0,2026-06-03,2026-08-10,4.0,4.0,21,0,2026-06-01:4,Disqualified,disqualified,,Duplicate deal,Disqualified,me-west1 - Israel,2,0.0
2026-09-16,462671133918,503144668364,B200,gpu,,32,0.36,RESERVE,POSTPAID,0,2026-06-15,7.0,2026-06-29,2026-08-10,7.15,7.15,17,1,2026-06-15:7>2026-06-17:7.15,Closed won,won,2026-06-29,,Approved,me-west1 - Israel,14,2.1
2026-09-16,465476287676,507747355891,H200,gpu,,32,11.97,RESERVE,PREPAID,0,2026-06-24,3.3,2026-06-24,2026-08-10,3.3,3.3,14,0,2026-06-24:3.3,Prospect,open_at_freeze,,,Waiting For Approval,eu-west1 – Paris,0,0.0
2026-09-16,467795846337,508544968942,H200,gpu,,64,18.06,RESERVE,PREPAID,0,2026-07-06,3.24,2026-08-05,2026-08-10,2.75,2.75,11,1,2026-07-06:3.24>2026-07-08:2.75,Closed lost,lost_capacity,,NO_CAPACITY,Lost Deal,us-central1 – Kansas,30,-15.1
2026-09-16,467798169816,506244090078,B200,gpu,,16,0.16,TESTING,NO_PAYMENT,0,2026-07-13,5.35,2026-07-27,2026-08-10,5.35,5.35,9,0,2026-07-13:5.35,Commercial Proposal,open_at_freeze,,,Approved,us-central1 – Kansas,14,0.0
2026-09-16,470366515434,494498738362,VR,gpu,72,3024,62.34,RESERVE,POSTPAID,0,2026-07-20,4.88,2026-07-20,2026-08-10,4.88,4.88,7,0,2026-07-20:4.88,Prospect,open_at_freeze,,,Approved,us-south1 – Oklahoma,0,0.0
2026-09-16,473751138526,275548186833,H200,gpu,,80,12.01,RESERVE,PREPAID,0,2026-07-27,2.9,2026-07-27,2026-08-10,2.9,2.9,5,0,2026-07-27:2.9,Commercial Proposal,open_at_freeze,,,Waiting For Approval,eu-west1 – Paris,0,0.0
2026-09-16,475385955563,465410597077,H100,gpu,,32,12.01,RESERVE,POSTPAID,0,2026-08-03,2.45,2026-08-03,2026-08-10,2.45,2.45,3,0,2026-08-03:2.45,Commercial Proposal,open_at_freeze,,,Waiting For Approval,Nemax,0,0.0
2026-09-16,476019915972,514841742572,B300,gpu,,64,11.97,RESERVE,PREPAID,0,2026-08-05,5.16,2026-08-05,2026-08-10,5.16,5.16,2,0,2026-08-05:5.16,Prospect,open_at_freeze,,,Waiting For Approval,me-west2 – Masmia Israel,0,0.0
2026-09-16,63826004216,79225701575,H200,gpu,,8,2.34,RESERVE,POSTPAID,0,2025-01-07,1.99,2025-01-20,2026-08-10,1.99,1.99,156,0,2025-01-07:1.99,Closed won,won,2025-01-20,,Approved,eu-west1 – Paris,13,0.0
2026-09-16,76913225976,97813599422,H100,gpu,,128,1.02,RESERVE,POSTPAID,0,2025-01-13,1.35,2025-01-13,2026-08-10,1.35,1.35,155,0,2025-01-13:1.35,Closed won,won,2025-01-13,,Approved,Nemax,0,0.0
2026-09-16,8273629432,10666816192,H100,gpu,,64,,TESTING,NO_PAYMENT,1,2024-10-15,4.85,2024-10-15,2026-08-10,4.85,4.85,166,0,2024-10-15:4.85,Closed won,won,2024-10-15,,Disqualified,Finland,0,0.0
2026-09-16,84409854187,108998344903,H200,gpu,,128,6.02,RESERVE,PREPAID,0,2025-01-27,3.0,2025-01-27,2025-01-27,3.0,3.0,1,0,2025-01-27:3,Prospect,open_at_freeze,,,Waiting For Approval,eu-west1 – Paris,0,0.0
2026-09-16,86564022520,113100307670,H100,gpu,,64,23.98,RESERVE,POSTPAID,0,2025-02-03,1.95,2025-04-28,2026-08-10,1.95,1.95,152,0,2025-02-03:1.95,Closed lost,lost_other,,Customer Disengagement or Cancellation,Lost Deal,Nemax,84,0.0
2026-09-16,8968838869,11708441081,H100,gpu,,64,6.05,PAYG,POSTPAID,1,2024-10-15,2.85,2024-10-15,2026-08-10,2.85,2.85,166,0,2024-10-15:2.85,Closed lost,lost_other,,Customer Disengagement or Cancellation,Lost Deal,Finland,0,0.0
2026-09-16,8997027275,11765870062,H100,gpu,,1024,11.97,RESERVE,PREPAID,1,2024-10-15,4.85,2024-10-15,2026-08-10,4.85,2.91,166,0,2024-10-15:4.85,Closed lost,lost_other,,Customer Disengagement or Cancellation,Lost Deal,Finland,0,-40.0
2026-09-16,9539413948,12869817027,H100,gpu,,0,6.05,RESERVE,POSTPAID,1,2024-10-15,2.6,2024-10-15,2026-08-10,2.6,2.6,166,0,2024-10-15:2.6,Closed lost,lost_other,,Insufficient Capabilities,Lost Deal,Finland,0,0.0
2026-09-16,9630757056,12431109590,H100,gpu,,8,0.99,TESTING,NO_PAYMENT,1,2024-10-15,4.85,2024-10-15,2026-08-10,4.85,4.85,166,0,2024-10-15:4.85,Closed won,won,2024-10-15,,Approved,Finland,0,0.0
2026-09-16,10420242366,14712400578,H100,gpu,,8,1.02,RESERVE,PREPAID,1,2024-10-15,2.9,2024-10-15,2026-08-10,2.9,2.9,166,0,2024-10-15:2.9,Disqualified,disqualified,,Pricing and Billing Issues,Disqualified,Finland,0,0.0
2026-09-16,107463396563,141129022666,H200,gpu,,72,11.97,PAYG,POSTPAID,0,2025-03-03,2.7,2025-03-24,2026-08-10,2.7,2.7,148,0,2025-03-03:2.7,Closed won,won,2025-03-24,,Approved,Nemax,21,0.0
2026-09-16,107674352834,141455141092,H100,gpu,,128,3.03,PAYG,POSTPAID,0,2025-03-03,1.8,2025-03-27,2026-08-10,1.8,1.8,148,0,2025-03-03:1.8,Closed lost,lost_other,,Customer Disengagement or Cancellation,Lost Deal,Nemax,24,0.0
2026-09-16,107966449862,141396267205,H200,gpu,,1024,11.97,RESERVE,PREPAID,0,2025-03-03,3.5,2025-03-27,2026-08-10,3.5,2.1,148,0,2025-03-03:3.5,Closed lost,lost_price_or_competitor,,Competitor Chosen,Lost Deal,us-central1 – Kansas,24,-40.0
2026-09-16,10893120501,14810817248,H100,gpu,,8,6.02,PROMO,NO_PAYMENT,1,2024-10-15,4.85,2024-10-15,2026-08-10,4.85,4.85,166,0,2024-10-15:4.85,Closed won,won,2024-10-15,,Disqualified,Finland,0,0.0
2026-09-16,114689044710,16659176912,H100,gpu,,40,0.1,PROMO,NO_PAYMENT,0,2025-03-27,2.95,2025-03-27,2026-08-10,2.95,2.95,144,0,2025-03-27:2.95,Closed won,won,2025-03-27,,Approved,Nemax,0,0.0
2026-09-16,117842686196,69428747485,H200,gpu,,16,0.46,TESTING,NO_PAYMENT,0,2025-03-24,3.5,2025-06-05,2026-08-10,3.5,3.5,145,0,2025-03-24:3.5,Closed lost,lost_other,,Customer Disengagement or Cancellation,Lost Deal,Nemax,73,0.0
2026-09-16,121704114363,163389154543,H200,gpu,,104,2.2,RESERVE,PREPAID,0,2025-03-24,2.13,2025-03-31,2026-08-10,2.13,2.13,145,0,2025-03-24:2.13,Closed won,won,2025-03-31,,Approved,eu-west1 – Paris,7,0.0
2026-09-16,123657467066,166157888720,H100,gpu,,32,0.13,TESTING,NO_PAYMENT,0,2025-03-31,2.95,2025-07-17,2026-08-10,2.95,2.95,143,0,2025-03-31:2.95,Closed lost,lost_other,,Customer Disengagement or Cancellation,Lost Deal,Nemax,108,0.0
2026-09-16,126316989682,169184270562,H200,gpu,,40,0.89,RESERVE,PREPAID,0,2025-04-03,2.2,2025-04-07,2026-08-10,2.2,2.2,142,0,2025-04-03:2.2,Closed won,won,2025-04-07,,Approved,eu-west1 – Paris,4,0.0
2026-09-16,12850173168,16803993075,H100,gpu,,64,0.59,PAYG,POSTPAID,1,2024-10-15,2.6,2024-10-15,2026-08-10,2.6,2.6,166,0,2024-10-15:2.6,Closed won,won,2024-10-15,,Approved,Finland,0,0.0
2026-09-16,14033285619,16782199492,H100,gpu,,16,2.01,PAYG,POSTPAID,1,2024-10-15,3.5,2024-10-15,2026-08-10,3.5,3.5,166,0,2024-10-15:3.5,Closed won,won,2024-10-15,,Approved,Nemax,0,0.0
2026-09-16,145055022317,194464413933,H100,gpu,,128,2.2,PAYG,POSTPAID,0,2025-05-05,2.95,2025-08-25,2026-08-10,2.95,2.95,133,0,2025-05-05:2.95,Closed won,won,2025-08-25,,Approved,Nemax,112,0.0
2026-09-16,149154467037,64967669998,H200,gpu,,168,11.97,RESERVE,POSTPAID,0,2025-05-08,3.5,2025-07-07,2025-08-25,3.5,3.5,32,0,2025-05-08:3.5,Commercial Proposal,open_at_freeze,,,Waiting For Approval,us-central1 – Kansas,60,0.0
2026-09-16,16625112274,20745716964,H100,gpu,,16,35.99,RESERVE,POSTPAID,1,2024-10-15,1.99,2025-01-07,2026-08-10,1.99,1.99,166,0,2024-10-15:1.99,Closed lost,lost_other,,Insufficient Capabilities,Lost Deal,Nemax,84,0.0
2026-09-16,180456687836,237657580753,B200,gpu,,128,3.03,PAYG,PREPAID,0,2025-06-26,3.5,2025-07-17,2026-08-10,3.5,3.5,118,0,2025-06-26:3.5,Closed lost,lost_other,,Customer Disengagement or Cancellation,Lost Deal,us-central1 – Kansas,21,0.0
2026-09-16,18189761265,16803993075,H100,gpu,,128,0.33,PAYG,POSTPAID,1,2024-10-15,3.5,2024-10-15,2026-08-10,3.5,3.5,166,0,2024-10-15:3.5,Closed won,won,2024-10-15,,Approved,Finland,0,0.0
2026-09-16,182990971127,246063073505,H100,gpu,,64,11.97,PAYG,POSTPAID,0,2025-06-26,2.95,2025-07-07,2026-08-10,2.95,2.95,118,0,2025-06-26:2.95,Closed won,won,2025-07-07,,Approved,Nemax,11,0.0
2026-09-16,195335276753,245255064766,H200,gpu,,16,1.64,RESERVE,POSTPAID,0,2025-07-14,2.1,2025-08-18,2026-08-10,2.1,2.1,113,0,2025-07-14:2.1,Closed won,won,2025-08-18,,Approved,Nemax,35,0.0
2026-09-16,203516568798,268872738026,GB300,gpu,72,4608,23.98,RESERVE,POSTPAID,0,2025-07-24,9.2,2025-07-24,2025-10-16,3.35,3.35,25,1,2025-07-24:9.2>2025-08-28:3.35,Prospect,open_at_freeze,,,Waiting For Approval,Nemax,0,-63.6
2026-09-16,215519704279,277212586230,H200,gpu,,200,0.2,RESERVE,POSTPAID,0,2025-08-07,2.0,2025-08-14,2026-08-10,2.0,2.0,106,0,2025-08-07:2,Closed won,won,2025-08-14,,Approved,eu-west1 – Paris,7,0.0
2026-09-16,241158671593,301846516950,GB300,gpu,72,9000,36.05,RESERVE,PREPAID,0,2025-09-11,9.2,2025-09-11,2025-11-13,9.2,6.62,19,0,2025-09-11:9.2,Prospect,open_at_freeze,,,Waiting For Approval,us-east1 – New Jersey,0,-28.0
2026-09-16,242645026017,309007652064,B200,gpu,,48,12.01,RESERVE,POSTPAID,0,2025-09-15,2.9,2025-10-06,2026-08-10,2.96,2.96,95,1,2025-09-15:2.9>2025-09-25:2.96,Closed won,won,2025-10-06,,Approved,us-central1 – Kansas,21,2.1
2026-09-16,245672756466,311146392809,H100,gpu,,24,5.92,PAYG,POSTPAID,0,2025-09-18,1.75,2025-11-06,2026-08-10,1.75,1.75,94,0,2025-09-18:1.75,Closed lost,lost_price_or_competitor,,Pricing and Billing Issues,Lost Deal,Nemax,49,0.0
2026-09-16,248706811101,314098226395,B200,gpu,,32,5.95,PAYG,,0,2025-09-25,5.5,2025-09-25,2026-08-10,5.5,5.5,92,0,2025-09-25:5.5,Closed lost,lost_capacity,,NO_CAPACITY,Lost Deal,us-central1 – Kansas,0,0.0
2026-09-16,25430446285,22936956871,H100,gpu,,336,5.99,RESERVE,PREPAID,0,2024-10-29,1.8,2024-12-03,2026-08-10,2.1,2.1,164,1,2024-10-29:1.8>2024-11-18:2.1,Closed lost,lost_price_or_competitor,,Competitor Chosen,Disqualified,Nemax,35,16.7
2026-09-16,265113080054,330241162469,GB300,gpu,72,9216,11.97,RESERVE,PREPAID,0,2025-10-13,3.0,2025-11-17,2026-08-10,4.0,4.0,87,1,2025-10-13:3>2025-10-16:4,Closed lost,lost_capacity,,NO_CAPACITY,Lost Deal,Nemax,35,33.3
2026-09-16,286847301834,352349672649,H200,gpu,,256,11.97,RESERVE,PREPAID,0,2025-10-30,2.0,2026-01-21,2026-08-10,2.0,2.0,82,0,2025-10-30:2,Closed lost,lost_other,,Customer Disengagement or Cancellation,Lost Deal,Nemax,83,0.0
2026-09-16,358835398855,416060467391,H200,gpu,,8,5.99,RESERVE,PREPAID,0,2026-01-05,2.0,2026-01-05,2026-01-05,2.0,2.0,1,0,2026-01-05:2,Commercial Proposal,open_at_freeze,,,Approved,us-central1 – Kansas,0,0.0
2026-09-16,394287091910,452556565739,B200,gpu,,256,12.04,RESERVE,PREPAID,0,2026-01-28,3.0,2026-01-28,2026-02-11,3.5,3.5,5,2,2026-01-28:3>2026-02-02:3.3>2026-02-04:3.5,Commercial Proposal,open_at_freeze,,,Waiting For Approval,me-west1 - Israel,0,16.7
2026-09-16,401503292647,457809026295,H200,gpu,,8,0.89,RESERVE,POSTPAID,0,2026-02-04,2.5,2026-04-06,2026-08-10,2.5,2.5,54,0,2026-02-04:2.5,Closed won,won,2026-04-06,,Approved,Nemax,61,0.0
2026-09-16,410205957306,420838659261,B300,gpu,,440,8.09,RESERVE,PREPAID,0,2026-02-11,3.45,2026-02-16,2026-08-10,3.45,3.45,52,0,2026-02-11:3.45,Closed lost,lost_capacity,,NO_CAPACITY,Lost Deal,eu-west2 – Paris,5,0.0
2026-09-16,423369191672,462742942959,B300,gpu,,16,0.46,TESTING,NO_PAYMENT,0,2026-02-25,3.2,2026-05-25,2026-08-10,3.2,3.2,48,0,2026-02-25:3.2,Closed won,won,2026-05-25,,Approved,uk-south1 – UK,89,0.0
2026-09-16,431678030033,473452148977,B300,gpu,,512,12.01,RESERVE,PREPAID,0,2026-03-04,4.2,2026-03-16,2026-03-25,5.08,5.08,7,1,2026-03-04:4.2>2026-03-16:5.08,Commercial Proposal,open_at_freeze,,,DECLINED,us-north1 – Minnesota,12,21.0
2026-09-16,431713101016,477975683260,B300,gpu,,64,12.01,RESERVE,POSTPAID,0,2026-03-04,4.0,2026-03-30,2026-08-10,4.0,4.0,46,0,2026-03-04:4,Closed lost,lost_capacity,,NO_CAPACITY;Customer Disengagement or Cancellation,Lost Deal,us-north1 – Minnesota,26,0.0
2026-09-16,431972753647,486004875492,H100,gpu,,16,0.07,TESTING,NO_PAYMENT,0,2026-03-04,2.95,2026-06-03,2026-08-10,2.95,2.95,35,0,2026-03-04:2.95,Disqualified,disqualified,,Duplicate deal,Disqualified,Nemax,91,0.0
2026-09-16,431977865463,397389438201,H100,gpu,,16,0.46,TESTING,NO_PAYMENT,0,2026-06-03,2.95,2026-06-03,2026-08-10,2.95,2.95,20,0,2026-06-03:2.95,Disqualified,disqualified,,Test Deals,Disqualified,Nemax,0,0.0
2026-09-16,438692720842,493043479774,B300,gpu,,300,3.06,RESERVE,PREPAID,0,2026-06-03,7.1,2026-06-03,2026-08-10,7.1,7.1,20,0,2026-06-03:7.1,Disqualified,disqualified,,Test Deals,Disqualified,Nemax,0,0.0
2026-09-16,440563543279,373900238072,H200,gpu,,32,1.97,RESERVE,PREPAID,0,2026-03-16,2.26,2026-05-20,2026-08-10,3.4,3.4,43,1,2026-03-16:2.26>2026-05-04:3.4,Closed lost,lost_price_or_competitor,,Competitor Chosen;Pricing and Billing Issues,Lost Deal,Nemax,65,50.4
2026-09-16,447436618954,494191396085,GB300,rack,72,504,36.05,RESERVE,PREPAID,0,2026-04-01,4.87,2026-04-01,2026-08-10,5.15,5.15,38,3,2026-04-01:4.87>2026-04-13:4.41>2026-05-04:5.57>2026-05-27:5.15,Technical Validation,open_at_freeze,,,Waiting For Approval,eu-west3 – Bethune,0,5.7
2026-09-16,450815723717,498986718433,H200,gpu,,512,11.97,RESERVE,PREPAID,0,2026-04-20,2.11,2026-05-11,2026-08-10,2.11,2.11,33,0,2026-04-20:2.11,Closed lost,lost_capacity,,NO_CAPACITY,Lost Deal,Nemax,21,0.0
2026-09-16,452136500436,499826411768,B300,gpu,,200,11.97,RESERVE,PREPAID,0,2026-04-27,4.97,2026-04-27,2026-07-15,4.97,4.97,24,0,2026-04-27:4.97,Prospect,open_at_freeze,,,Waiting For Approval,eu-west2 – Paris,0,0.0
2026-09-16,454307273946,496749325561,H100,gpu,,16,0.23,TESTING,NO_PAYMENT,0,2026-05-04,2.95,2026-05-27,2026-08-10,2.95,2.95,29,0,2026-05-04:2.95,Closed lost,lost_price_or_competitor,,Pricing and Billing Issues;Competitor Chosen,Lost Deal,Nemax,23,0.0
2026-09-16,460711961837,505035003128,B300,gpu,,512,24.05,RESERVE,PREPAID,0,2026-06-03,5.1,2026-06-03,2026-06-08,5.1,5.1,2,0,2026-06-03:5.1,Commercial Proposal,open_at_freeze,,,Waiting For Approval,eu-west1 – Paris,0,0.0
2026-09-16,465923632372,507631447269,B300,gpu,,277,11.97,RESERVE,PREPAID,0,2026-06-29,6.17,2026-07-06,2026-08-10,6.17,6.17,13,0,2026-06-29:6.17,Closed lost,lost_price_or_competitor,,Pricing and Billing Issues,Lost Deal,eu-west2 – Paris,7,0.0
2026-09-16,466829481198,508545691892,B300,gpu,,1152,36.05,RESERVE,PREPAID,0,2026-07-01,4.3,2026-07-01,2026-07-27,4.6,4.6,8,1,2026-07-01:4.3>2026-07-20:4.6,Commercial Proposal,open_at_freeze,,,Waiting For Approval,me-west2 – Masmia Israel,0,7.0
2026-09-16,467795914976,509472308468,B200,gpu,,512,6.02,RESERVE,PREPAID,0,2026-07-08,5.26,2026-07-29,2026-08-10,5.26,5.26,10,0,2026-07-08:5.26,Closed won,won,2026-07-29,,Approved,us-central1 – Kansas,21,0.0
2026-09-16,467821227253,509472186604,B300,gpu,,512,11.97,RESERVE,PREPAID,0,2026-07-06,7.85,2026-07-13,2026-08-10,7.85,7.85,11,0,2026-07-06:7.85,Commercial Proposal,open_at_freeze,,,Waiting For Approval,me-west2 – Masmia Israel,7,0.0
2026-09-16,467821356238,509472297156,B300,gpu,,512,11.97,RESERVE,PREPAID,0,2026-07-08,5.56,2026-07-29,2026-08-10,5.56,5.56,10,0,2026-07-08:5.56,Closed lost,lost_other,,Customer Disengagement or Cancellation,Lost Deal,eu-south1 – Madrid,21,0.0
2026-09-16,467899362524,509474843866,H200,gpu,,320,12.04,RESERVE,PREPAID,0,2026-07-13,3.0,2026-07-15,2026-07-20,3.0,3.0,3,0,2026-07-13:3,Commercial Proposal,open_at_freeze,,,Waiting For Approval,us-central1 – Kansas,2,0.0
2026-09-16,471388245226,511300869334,B300,gpu,,1200,11.97,RESERVE,PREPAID,0,2026-07-20,5.6,2026-07-27,2026-08-10,5.6,5.6,7,0,2026-07-20:5.6,Technical Validation,open_at_freeze,,,Waiting For Approval,eu-south1 – Madrid,7,0.0
2026-09-16,475407366332,514171600093,GB300,rack,72,720,12.01,RESERVE,PREPAID,0,2026-08-03,5.9,2026-08-03,2026-08-10,5.9,5.9,3,0,2026-08-03:5.9,Technical Validation,open_at_freeze,,,Waiting For Approval,me-west1 - Israel,0,0.0
2026-09-16,476750339280,508875387103,B300,gpu,,600,24.08,RESERVE,PREPAID,0,2026-08-10,5.75,2026-08-10,2026-08-10,5.75,5.75,1,0,2026-08-10:5.75,Technical Validation,open_at_freeze,,,Waiting For Approval,me-west1 - Israel,0,0.0
2026-09-16,476750344399,515193175242,B300,gpu,,16,12.01,RESERVE,PREPAID,0,2026-08-10,5.6,2026-08-10,2026-08-10,5.6,5.6,1,0,2026-08-10:5.6,Technical Validation,open_at_freeze,,,Waiting For Approval,me-west2 – Masmia Israel,0,0.0
2026-09-16,61325865160,23052534744,H200,gpu,,64,0.36,TESTING,NO_PAYMENT,0,2024-12-17,4.85,2026-01-05,2026-08-10,4.85,4.85,157,0,2024-12-17:4.85,Closed won,won,2026-01-05,,Disqualified,eu-west1 – Paris,384,0.0
2026-09-16,81007865032,103713675513,H200,gpu,,768,0.46,RESERVE,PREPAID,0,2025-01-20,2.3,2025-02-17,2026-08-10,2.3,2.3,154,0,2025-01-20:2.3,Closed won,won,2025-02-17,,Approved,eu-west1 – Paris,28,0.0
2026-09-16,83970793658,99080753370,H200,gpu,,256,2.96,PAYG,POSTPAID,0,2025-01-27,2.5,2025-01-27,2026-08-10,2.5,2.5,153,0,2025-01-27:2.5,Closed won,won,2025-01-27,,Approved,eu-west1 – Paris,0,0.0
2026-09-16,8521713627,10624796900,H100,gpu,,64,0.23,RESERVE,PREPAID,1,2024-10-15,4.85,2024-10-15,2026-08-10,4.85,4.85,166,0,2024-10-15:4.85,Closed won,won,2024-10-15,,Approved,Finland,0,0.0
2026-09-16,9610207213,13023692775,H100,gpu,,40,5.07,RESERVE,POSTPAID,1,2024-10-15,2.4,2024-10-15,2026-08-10,2.4,2.4,166,0,2024-10-15:2.4,Closed lost,lost_other,,Customer Disengagement or Cancellation,Lost Deal,Finland,0,0.0
2026-09-16,98948904122,122492576971,H200,gpu,,32,2.89,PAYG,POSTPAID,0,2025-02-17,2.7,2025-03-03,2026-08-10,3.5,3.5,150,1,2025-02-17:2.7>2025-02-24:3.5,Closed won,won,2025-03-03,,Approved,Nemax,14,29.6
2026-09-16,109159942386,143435253958,H200,gpu,,16,3.03,TESTING,POSTPAID,0,2025-03-03,3.5,2025-05-29,2026-08-10,3.5,3.5,148,0,2025-03-03:3.5,Disqualified,disqualified,,Test Deals,Disqualified,eu-west1 – Paris,87,0.0
2026-09-16,11327276501,15121435857,H100,gpu,,8,6.97,RESERVE,POSTPAID,1,2024-10-15,2.48,2024-10-15,2026-08-10,2.48,2.48,166,0,2024-10-15:2.48,Closed won,won,2024-10-15,,Disqualified,Finland,0,0.0
2026-09-16,125417844961,168155601109,H100,gpu,,128,0.99,PAYG,POSTPAID,0,2025-04-03,2.2,2025-04-14,2026-08-10,2.2,2.2,142,0,2025-04-03:2.2,Closed lost,lost_other,,Customer Disengagement or Cancellation,Lost Deal,Nemax,11,0.0
2026-09-16,133559421150,133567427826,H200,gpu,,32,0.82,TESTING,NO_PAYMENT,0,2025-04-17,3.5,2025-06-09,2026-08-10,3.5,3.5,138,0,2025-04-17:3.5,Closed lost,lost_other,,PoC Performance,Lost Deal,us-central1 – Kansas,53,0.0
2026-09-16,167125434558,174975604979,H200,gpu,,32,0.36,TESTING,NO_PAYMENT,0,2025-06-02,3.5,2025-07-31,2026-08-10,3.5,3.5,125,0,2025-06-02:3.5,Closed lost,lost_capacity,,NO_CAPACITY,Lost Deal,Nemax,59,0.0
2026-09-16,177380525263,237657580753,B200,gpu,,16,0.23,TESTING,NO_PAYMENT,0,2025-06-16,5.5,2025-07-17,2026-08-10,5.5,5.5,121,0,2025-06-16:5.5,Closed lost,lost_other,,Customer Disengagement or Cancellation,Lost Deal,us-central1 – Kansas,31,0.0
2026-09-16,185051577554,247884265669,H100,gpu,,8,0.23,PAYG,POSTPAID,0,2025-06-30,2.95,2025-06-30,2026-08-10,2.95,2.95,117,0,2025-06-30:2.95,Prospect,open_at_freeze,,,Waiting For Approval,Nemax,0,0.0
2026-09-16,191581813973,246062728379,H200,gpu,,16,0.36,TESTING,NO_PAYMENT,0,2025-07-07,3.5,2025-08-04,2026-08-10,3.5,3.5,115,0,2025-07-07:3.5,Closed lost,lost_price_or_competitor,,Competitor Chosen,Lost Deal,us-central1 – Kansas,28,0.0
2026-09-16,191635212496,222147748031,H200,gpu,,80,12.04,RESERVE,PREPAID,0,2025-07-10,2.15,2025-10-23,2026-08-10,2.15,2.15,114,0,2025-07-10:2.15,Closed lost,lost_other,,Insufficient Capabilities,Lost Deal,us-central1 – Kansas,105,0.0
2026-09-16,19459807452,23471809756,H100,gpu,,256,3.88,PAYG,POSTPAID,0,2024-10-22,2.85,2024-12-03,2026-08-10,2.85,2.85,165,0,2024-10-22:2.85,Disqualified,disqualified,,Insufficient Capabilities,Disqualified,Nemax,42,0.0
2026-09-16,209798796535,274728806645,B200,gpu,,1024,12.01,RESERVE,POSTPAID,0,2025-07-31,5.5,2025-08-28,2026-08-10,5.5,5.5,108,0,2025-07-31:5.5,Closed won,won,2025-08-28,,Disqualified,us-central1 – Kansas,28,0.0
2026-09-16,231337313473,296605411569,H200,gpu,,16,2.04,PAYG,POSTPAID,0,2025-08-28,3.5,2025-08-28,2025-11-26,3.5,3.5,27,0,2025-08-28:3.5,Technical Validation,open_at_freeze,,,Waiting For Approval,Nemax,0,0.0
2026-09-16,241235732685,301756939474,GB300,gpu,72,72,24.01,RESERVE,PREPAID,0,2025-09-11,9.2,2025-09-25,2026-08-10,9.2,6.62,96,0,2025-09-11:9.2,Closed lost,lost_price_or_competitor,,Competitor Chosen,Lost Deal,us-east1 – New Jersey,14,-28.0
2026-09-16,249780738267,314876286150,GB300,gpu,72,288,12.01,RESERVE,PREPAID,0,2025-09-25,9.2,2025-11-03,2026-08-10,9.2,6.62,92,0,2025-09-25:9.2,Closed lost,lost_other,,Customer Disengagement or Cancellation,Waiting For Approval,us-east1 – New Jersey,39,-28.0
2026-09-16,271144912097,314866798809,GB300,gpu,72,9216,62.43,RESERVE,PREPAID,0,2025-10-20,3.03,2025-10-20,2026-08-10,3.03,3.03,85,0,2025-10-20:3.03,Closed won,won,2025-10-20,,Waiting For Approval,us-east1 – New Jersey,0,0.0
2026-09-16,273343536358,338239415542,H100,gpu,,512,5.95,RESERVE,PREPAID,0,2025-10-23,2.95,2026-01-07,2026-08-10,2.95,1.6,84,0,2025-10-23:2.95,Closed lost,lost_capacity,,NO_CAPACITY,Lost Deal,Nemax,76,-45.8
2026-09-16,303412892911,368331961592,B300,gpu,,8,12.01,RESERVE,NO_PAYMENT,0,2025-11-10,7.1,2025-11-10,2025-12-24,7.1,7.1,14,0,2025-11-10:7.1,Prospect,open_at_freeze,,,Approved,uk-south1 – UK,0,0.0
2026-09-16,331425287412,395530350786,H200,gpu,,24,12.01,RESERVE,PREPAID,0,2025-12-03,2.0,2026-07-08,2026-08-10,2.0,2.0,72,0,2025-12-03:2,Closed lost,lost_other,,Customer Disengagement or Cancellation,Lost Deal,Nemax,217,0.0
2026-09-16,358630890740,421685855418,B200,gpu,,128,5.95,RESERVE,POSTPAID,0,2026-01-07,3.4,2026-01-19,2026-08-10,3.4,3.4,62,0,2026-01-07:3.4,Closed won,won,2026-01-19,,Approved,us-central1 – Kansas,12,0.0
2026-09-16,425543716079,480177776850,H100,gpu,,16,1.02,TESTING,NO_PAYMENT,0,2026-03-02,2.95,2026-03-02,2026-08-10,2.95,2.95,47,0,2026-03-02:2.95,Closed won,won,2026-03-02,,Approved,Nemax,0,0.0
2026-09-16,425545917658,416716466393,H100,gpu,,16,12.01,RESERVE,PREPAID,0,2026-03-02,1.7,2026-06-03,2026-08-10,1.7,1.7,39,0,2026-03-02:1.7,Disqualified,disqualified,,NO_CAPACITY,Disqualified,Nemax,93,0.0
2026-09-16,427192277235,481714898130,H200,gpu,,16,0.23,RESERVE,POSTPAID,0,2026-03-02,2.5,2026-03-23,2026-08-10,2.5,2.5,47,0,2026-03-02:2.5,Closed won,won,2026-03-23,,Approved,eu-west1 – Paris,21,0.0
2026-09-16,427426773192,481449864379,H200,gpu,,1936,1.61,RESERVE,POSTPAID,0,2026-03-02,1.9,2026-06-15,2026-08-10,1.9,1.9,47,0,2026-03-02:1.9,Closed won,won,2026-06-15,,Approved,Nemax,105,0.0
2026-09-16,438375320763,442539133149,H200,gpu,,96,12.01,RESERVE,PREPAID,0,2026-03-09,2.0,2026-03-18,2026-08-10,2.26,2.26,45,1,2026-03-09:2>2026-03-16:2.26,Closed lost,lost_capacity,,NO_CAPACITY;Competitor Chosen,Lost Deal,eu-west1 – Paris,9,13.0
2026-09-16,439940234454,493166129357,H100,gpu,,8,0.03,PAYG,POSTPAID,0,2026-03-11,2.95,2026-03-23,2026-08-10,2.8,2.8,44,1,2026-03-11:2.95>2026-03-23:2.8,Closed won,won,2026-03-23,,Waiting For Approval,Nemax,12,-5.1
2026-09-16,442216074474,494190648559,B200,gpu,,192,2.99,RESERVE,POSTPAID,0,2026-03-18,2.5,2026-06-01,2026-08-10,2.45,2.45,42,1,2026-03-18:2.5>2026-05-18:2.45,Closed won,won,2026-06-01,,Approved,me-west1 - Israel,75,-2.0
2026-09-16,443006793917,494498186480,GB300,rack,72,288,60.03,RESERVE,PREPAID,0,2026-03-23,9.2,2026-06-03,2026-08-10,3.45,3.45,39,1,2026-03-23:9.2>2026-03-25:3.45,Disqualified,disqualified,,Qualification Oversights,Disqualified,us-north1 – Minnesota,72,-62.5
2026-09-16,444731797745,495031352558,H100,gpu,,56,12.01,RESERVE,PREPAID,0,2026-03-25,2.0,2026-03-25,2026-04-08,2.0,2.0,5,0,2026-03-25:2,Technical Validation,open_at_freeze,,,Waiting For Approval,Nemax,0,0.0
2026-09-16,450625593574,496651661551,GB300,rack,72,4680,36.05,RESERVE,PREPAID,0,2026-04-15,4.2361,2026-04-27,2026-08-10,4.2361,4.2361,34,0,2026-04-15:4.2361,Closed lost,lost_price_or_competitor,,Competitor Chosen;Pricing and Billing Issues,Lost Deal,,12,0.0
2026-09-16,450814939381,385100759241,B300,gpu,,32,0.59,TESTING,PREPAID,0,2026-04-20,7.1,2026-05-04,2026-08-10,7.1,7.1,33,0,2026-04-20:7.1,Commercial Proposal,open_at_freeze,,,Approved,uk-south1 – UK,14,0.0
2026-09-16,450814973158,496654415088,GB300,rack,72,144,12.01,RESERVE,PREPAID,0,2026-04-20,9.2,2026-04-20,2026-08-10,9.2,9.2,33,0,2026-04-20:9.2,Prospect,open_at_freeze,,,Waiting For Approval,uk-south2 – London East,0,0.0
2026-09-16,450815674572,498987292875,H200,gpu,,256,6.05,RESERVE,PREPAID,0,2026-04-20,2.18,2026-04-22,2026-05-06,2.18,2.18,6,0,2026-04-20:2.18,Commercial Proposal,open_at_freeze,,,Waiting For Approval,eu-west2 – Paris,2,0.0
2026-09-16,452438780128,500197004531,B300,gpu,,512,36.02,RESERVE,PREPAID,0,2026-04-27,4.7,2026-04-29,2026-06-10,4.7,4.7,14,0,2026-04-27:4.7,Commercial Proposal,open_at_freeze,,,Waiting for Business Approval,us-north1 – Minnesota,2,0.0
2026-09-16,452843594963,496749325561,H100,gpu,,16,12.01,RESERVE,PREPAID,0,2026-04-27,2.6,2026-05-27,2026-08-10,2.85,2.85,31,2,2026-04-27:2.6>2026-05-04:2.95>2026-05-11:2.85,Closed lost,lost_price_or_competitor,,Pricing and Billing Issues;Competitor Chosen,Lost Deal,Nemax,30,9.6
2026-09-16,460262445280,504644650225,B300,gpu,,512,30.53,RESERVE,PREPAID,0,2026-06-01,4.7,2026-06-01,2026-06-15,4.7,4.7,5,0,2026-06-01:4.7,Commercial Proposal,open_at_freeze,,,Waiting For Approval,eu-south1 – Madrid,0,0.0
2026-09-16,462698950902,505033891037,GB300,rack,72,432,36.05,RESERVE,PREPAID,0,2026-06-15,5.19,2026-07-08,2026-08-10,5.43,5.43,17,1,2026-06-15:5.19>2026-06-22:5.43,Closed won,won,2026-07-08,,Approved,eu-west3 – Bethune,23,4.6
2026-09-16,46444918001,53211799801,H200,gpu,,8,0.2,TESTING,NO_PAYMENT,0,2024-11-26,4.85,2025-02-03,2026-08-10,4.85,4.85,160,0,2024-11-26:4.85,Disqualified,disqualified,,Customer Disengagement or Cancellation,Disqualified,eu-west1 – Paris,69,0.0
2026-09-16,466053558493,508123163887,H200,gpu,,128,11.97,RESERVE,PREPAID,0,2026-06-29,2.71,2026-06-29,2026-07-06,2.71,2.71,3,0,2026-06-29:2.71,Prospect,open_at_freeze,,,Waiting For Approval,uk-south2 – London East,0,0.0
2026-09-16,466828257468,508545124572,B200,gpu,,16,11.97,RESERVE,PREPAID,0,2026-07-01,5.7,2026-07-20,2026-08-10,5.7,5.7,12,2,2026-07-01:5.7>2026-07-06:5.8>2026-07-13:5.7,Closed won,won,2026-07-20,,Approved,us-central1 – Kansas,19,0.0
2026-09-16,473358413041,498503380201,B300,gpu,,4096,12.01,RESERVE,PREPAID,0,2026-07-27,5.21,2026-07-27,2026-08-10,5.21,5.21,5,0,2026-07-27:5.21,Prospect,open_at_freeze,,,Waiting For Approval,,0,0.0
2026-09-16,47555605731,57470403800,H100,gpu,,24,11.97,PAYG,PREPAID,0,2024-12-03,2.95,2025-02-24,2026-08-10,2.95,2.95,159,0,2024-12-03:2.95,Disqualified,disqualified,,Qualification Oversights,Disqualified,Nemax,83,0.0
2026-09-16,49792251088,52629673197,H100,gpu,,128,0.03,TESTING,NO_PAYMENT,0,2024-12-03,2.95,2024-12-10,2026-08-10,2.95,2.95,159,0,2024-12-03:2.95,Closed won,won,2024-12-10,,Approved,Nemax,7,0.0
2026-09-16,50039501012,61455640795,H200,gpu,,1,0.03,TESTING,NO_PAYMENT,0,2024-12-03,4.85,2025-01-07,2026-08-10,4.85,4.85,159,0,2024-12-03:4.85,Closed won,won,2025-01-07,,Disqualified,Nemax,35,0.0
2026-09-16,56310677715,57164800238,H100,gpu,,1024,12.01,RESERVE,PREPAID,0,2024-12-10,2.25,2025-01-27,2026-08-10,2.25,2.25,158,0,2024-12-10:2.25,Closed lost,lost_other,,Insufficient Capabilities;Customer Disengagement or Cancellation,Lost Deal,Nemax,48,0.0
2026-09-16,8744239047,11118102218,H100,gpu,,8,3.03,PAYG,POSTPAID,1,2024-10-15,4.85,2024-10-15,2026-08-10,4.85,4.85,166,0,2024-10-15:4.85,Closed won,won,2024-10-15,,Approved,Finland,0,0.0
2026-09-16,8948624346,11607377892,H100,gpu,,32,0.89,PAYG,PREPAID,1,2024-10-15,4.85,2024-10-15,2026-08-10,4.85,4.85,166,0,2024-10-15:4.85,Disqualified,disqualified,,Test Deals,Disqualified,Finland,0,0.0
2026-09-16,95902590183,102438492350,H100,gpu,,180,0.03,PAYG,POSTPAID,0,2025-02-10,2.3,2025-03-10,2026-08-10,2.3,2.3,151,0,2025-02-10:2.3,Closed won,won,2025-03-10,,Approved,Nemax,28,0.0
2026-09-16,11202906087,15781407945,H100,gpu,,8,0.3,TESTING,NO_PAYMENT,1,2024-10-15,4.85,2025-05-12,2026-08-10,4.85,4.85,166,0,2024-10-15:4.85,Closed lost,lost_other,,Customer Disengagement or Cancellation,Lost Deal,Finland,209,0.0
2026-09-16,11361526469,16044918504,H100,gpu,,8,1.58,PROMO,NO_PAYMENT,1,2024-10-15,4.85,2024-10-15,2026-08-10,4.85,4.85,166,0,2024-10-15:4.85,Closed won,won,2024-10-15,,Approved,Nemax,0,0.0
2026-09-16,121904861382,163449269466,H200,gpu,,8,8.22,RESERVE,PREPAID,0,2025-03-27,2.05,2025-04-03,2026-08-10,2.05,2.05,144,0,2025-03-27:2.05,Closed won,won,2025-04-03,,Approved,eu-west1 – Paris,7,0.0
2026-09-16,12278942709,16359932391,H100,gpu,,8,1.18,PAYG,POSTPAID,1,2024-10-15,2.6,2024-10-15,2026-08-10,2.6,2.6,166,0,2024-10-15:2.6,Closed won,won,2024-10-15,,DECLINED,Nemax,0,0.0
2026-09-16,137554346195,185330702573,H100,gpu,,32,0.03,PAYG,PREPAID,0,2025-04-24,2.95,2025-08-28,2026-08-10,2.95,2.95,136,0,2025-04-24:2.95,Disqualified,disqualified,2025-04-28,Test Deals,Disqualified,Nemax,126,0.0
2026-09-16,138448084173,184858164451,H100,gpu,,96,2.99,RESERVE,PREPAID,0,2025-04-24,2.95,2025-05-22,2026-08-10,1.85,1.85,136,1,2025-04-24:2.95>2025-05-01:1.85,Closed lost,lost_price_or_competitor,,Pricing and Billing Issues,Lost Deal,Nemax,28,-37.3
2026-09-16,140046197980,188350105797,H200,gpu,,72,11.97,RESERVE,POSTPAID,0,2025-04-28,2.2,2025-05-08,2026-08-10,2.2,2.2,135,0,2025-04-28:2.2,Closed won,won,2025-05-08,,Waiting For Approval,Nemax,10,0.0
2026-09-16,167011236085,143435237594,H100,gpu,,8,3.26,TESTING,NO_PAYMENT,0,2025-06-02,1.5,2025-09-04,2026-08-10,1.5,1.5,125,0,2025-06-02:1.5,Disqualified,disqualified,,Customer Disengagement or Cancellation,Disqualified,Nemax,94,0.0
2026-09-16,183801473216,166360783067,H200,gpu,,256,12.01,RESERVE,PREPAID,0,2025-06-26,2.0,2025-06-26,2025-09-25,2.0,2.0,27,0,2025-06-26:2,Prospect,open_at_freeze,,,Waiting For Approval,us-central1 – Kansas,0,0.0
2026-09-16,189345140925,169312138431,B200,gpu,,128,10.95,RESERVE,PREPAID,0,2025-07-07,3.0,2025-09-11,2026-08-10,3.0,3.0,115,0,2025-07-07:3,Closed lost,lost_other,,Insufficient Capabilities,Lost Deal,us-central1 – Kansas,66,0.0
2026-09-16,193728355567,259013513460,H200,gpu,,512,5.95,RESERVE,POSTPAID,0,2025-07-10,1.6,2025-07-31,2025-10-09,1.6,1.6,27,0,2025-07-10:1.6,Technical Validation,open_at_freeze,,,Disqualified,us-central1 – Kansas,21,0.0
2026-09-16,212198643953,277206962376,H200,gpu,,288,0.43,RESERVE,PREPAID,0,2025-08-04,2.1,2025-08-14,2026-08-10,2.1,2.1,107,0,2025-08-04:2.1,Closed won,won,2025-08-14,,Approved,eu-west1 – Paris,10,0.0
2026-09-16,217972054204,281867217126,H200,gpu,,40,8.45,RESERVE,PREPAID,0,2025-08-11,1.9,2025-08-11,2025-08-25,1.9,1.9,5,0,2025-08-11:1.9,Prospect,open_at_freeze,,,Waiting For Approval,us-central1 – Kansas,0,0.0
2026-09-16,232365907153,292064535749,GB300,gpu,72,4608,36.02,RESERVE,PREPAID,0,2025-08-28,9.2,2025-11-13,2026-08-10,3.55,3.55,100,3,2025-08-28:9.2>2025-09-04:4.6>2025-09-15:3.5>2025-09-29:3.55,Closed lost,lost_capacity,,NO_CAPACITY,Lost Deal,Nemax,77,-61.4
2026-09-16,234848820415,299974562020,H200,gpu,,8,6.05,RESERVE,POSTPAID,0,2025-09-01,1.75,2025-09-04,2026-08-10,1.75,1.75,99,0,2025-09-01:1.75,Closed won,won,2025-09-04,,Approved,Nemax,3,0.0
2026-09-16,236013319410,153274318073,H200,gpu,,10,0.03,PAYG,PREPAID,0,2025-09-04,3.5,2025-09-04,2026-08-10,3.5,3.5,98,0,2025-09-04:3.5,Disqualified,disqualified,,Test Deals,Disqualified,us-east1 – New Jersey,0,0.0
2026-09-16,239701677257,261525105904,H200,gpu,,512,0.13,TESTING,NO_PAYMENT,0,2025-09-11,3.5,2025-10-16,2026-08-10,3.5,3.5,96,0,2025-09-11:3.5,Closed won,won,2025-10-16,,Approved,us-central1 – Kansas,35,0.0
2026-09-16,255914229966,291510492360,H200,gpu,,32,8.06,RESERVE,PREPAID,0,2025-10-02,2.0,2026-03-25,2026-08-10,2.0,2.0,90,0,2025-10-02:2,Closed lost,lost_other,,Customer Disengagement or Cancellation,Lost Deal,eu-west1 – Paris,174,0.0
2026-09-16,257322046673,314876351677,B300,gpu,,1024,12.01,RESERVE,PREPAID,0,2025-10-06,3.5,2025-10-06,2025-10-06,3.5,3.5,1,0,2025-10-06:3.5,Technical Validation,open_at_freeze,,,Waiting For Approval,uk-south1 – UK,0,0.0
2026-09-16,268639489227,333924344013,B200,gpu,,8,1.48,TESTING,NO_PAYMENT,0,2025-10-16,5.5,2025-12-24,2026-08-10,5.5,5.5,86,0,2025-10-16:5.5,Commercial Proposal,open_at_freeze,,,Waiting For Approval,us-central1 – Kansas,69,0.0
2026-09-16,270940735694,258773657801,B300,gpu,,5000,36.02,RESERVE,PREPAID,0,2025-10-20,2.85,2026-05-11,2026-08-10,4.55,4.55,85,3,2025-10-20:2.85>2025-10-30:3.2>2026-04-15:3.85>2026-04-27:4.55,Closed lost,lost_price_or_competitor,,Competitor Chosen;Pricing and Billing Issues,Lost Deal,eu-west1 – Paris,203,59.6
2026-09-16,271144912095,314866798809,GB300,gpu,72,9216,68.12,RESERVE,PREPAID,0,2025-10-20,3.03,2025-10-20,2026-08-10,3.03,3.02,85,0,2025-10-20:3.03,Closed won,won,2025-10-20,,Approved,us-east1 – New Jersey,0,-0.3
2026-09-16,272817001692,201955379444,H200,gpu,,64,11.97,PAYG,POSTPAID,0,2025-10-20,3.5,2026-03-04,2026-08-10,3.5,1.75,85,0,2025-10-20:3.5,Closed lost,lost_capacity,,NO_CAPACITY,Lost Deal,Nemax,135,-50.0
2026-09-16,30719153340,18898677486,H100,gpu,,1024,13.03,RESERVE,PREPAID,0,2024-11-05,2.0,2024-12-03,2026-08-10,2.0,2.0,163,0,2024-11-05:2,Closed lost,lost_other,,Insufficient Capabilities,Lost Deal,Nemax,28,0.0
2026-09-16,31415099590,16205414610,H200,gpu,,16,0.23,TESTING,NO_PAYMENT,0,2024-11-05,4.85,2024-11-05,2024-11-18,4.85,4.85,3,0,2024-11-05:4.85,Prospect,open_at_freeze,,,Pre-Approved,Nemax,0,0.0
2026-09-16,325013800139,352349852910,B300,gpu,,16,6.25,RESERVE,PREPAID,0,2025-12-01,3.0,2026-04-20,2026-08-10,3.0,3.0,73,0,2025-12-01:3,Closed lost,lost_other,,Qualification Oversights,Lost Deal,Nemax,140,0.0
2026-09-16,35379477697,37938264301,H100,gpu,,64,5.95,PAYG,PREPAID,0,2024-11-14,2.5,2025-03-17,2026-08-10,2.5,2.5,162,0,2024-11-14:2.5,Closed won,won,2025-03-17,,Approved,Nemax,123,0.0
2026-09-16,394702071030,451418579146,B200,gpu,,512,12.01,RESERVE,PREPAID,0,2026-01-28,5.5,2026-01-28,2026-01-28,5.5,2.85,1,0,2026-01-28:5.5,Commercial Proposal,open_at_freeze,,,Waiting for Business Approval,me-west1 - Israel,0,-48.2
2026-09-16,399961259235,455037693154,H200,gpu,,8,1.15,TESTING,NO_PAYMENT,0,2026-02-04,3.5,2026-04-01,2026-08-10,3.5,3.5,54,0,2026-02-04:3.5,Closed lost,lost_other,,Customer Disengagement or Cancellation,Lost Deal,us-central1 – Kansas,56,0.0
2026-09-16,40198167776,23190146024,H100,gpu,,24,0.46,RESERVE,POSTPAID,0,2024-11-14,2.0,2024-11-14,2026-08-10,2.0,2.0,162,0,2024-11-14:2,Closed won,won,2024-11-14,,Approved,Finland,0,0.0
2026-09-16,417054043357,409579466959,B300,gpu,,32,0.49,TESTING,NO_PAYMENT,0,2026-02-18,7.1,2026-03-25,2026-08-10,7.1,7.1,50,0,2026-02-18:7.1,Closed lost,lost_price_or_competitor,,Pricing and Billing Issues,Lost Deal,uk-south1 – UK,35,0.0
2026-09-16,417687420138,454717895881,B300,gpu,,8,8.42,RESERVE,PREPAID,0,2026-02-23,3.7,2026-02-23,2026-02-25,3.7,3.7,2,0,2026-02-23:3.7,Commercial Proposal,open_at_freeze,,,Waiting for Business Approval,eu-west2 – Paris,0,0.0
2026-09-16,425987176679,480627561658,H200,gpu,,112,9.97,RESERVE,POSTPAID,0,2026-03-02,1.9,2026-06-15,2026-08-10,1.9,1.9,47,0,2026-03-02:1.9,Closed won,won,2026-06-15,,Approved,eu-west1 – Paris,105,0.0
2026-09-16,440673723582,493050787008,B200,gpu,,8,0.1,RESERVE,POSTPAID,0,2026-03-16,5.5,2026-03-18,2026-08-10,5.5,5.5,43,0,2026-03-16:5.5,Closed won,won,2026-03-18,,Approved,me-west1 - Israel,2,0.0
2026-09-16,442216804599,494058108108,B300,gpu,,1000,10.99,RESERVE,POSTPAID,0,2026-03-18,5.5,2026-03-18,2026-04-13,5.5,5.5,8,0,2026-03-18:5.5,Technical Validation,open_at_freeze,,,Waiting For Approval,uk-south1 – UK,0,0.0
2026-09-16,445011268828,477915586769,GB300,rack,72,144,1.45,RESERVE,NO_PAYMENT,0,2026-03-25,9.2,2026-03-25,2026-08-10,9.2,9.2,40,0,2026-03-25:9.2,Technical Validation,open_at_freeze,,,Waiting For Approval,eu-west2 – Paris,0,0.0
2026-09-16,445967694069,495714526457,B300,gpu,,10000,11.97,RESERVE,POSTPAID,0,2026-03-30,4.91,2026-04-06,2026-05-13,4.91,4.91,14,0,2026-03-30:4.91,Technical Validation,open_at_freeze,,,Waiting For Approval,us-north1 – Minnesota,7,0.0
2026-09-16,447433701571,496651661551,H100,gpu,,256,6.02,RESERVE,PREPAID,0,2026-04-01,2.07,2026-04-08,2026-04-08,2.07,2.07,3,0,2026-04-01:2.07,Technical Validation,open_at_freeze,,,Waiting For Approval,Nemax,7,0.0
2026-09-16,454149620953,501312350434,B300,gpu,,128,12.01,RESERVE,PREPAID,0,2026-05-04,5.56,2026-05-11,2026-08-10,5.56,5.56,29,0,2026-05-04:5.56,Closed lost,lost_capacity,,NO_CAPACITY,Lost Deal,uk-south1 – UK,7,0.0
2026-09-16,454627122413,501540921587,B300,gpu,,256,11.97,RESERVE,PREPAID,0,2026-05-04,5.5,2026-05-04,2026-08-10,5.5,5.5,29,0,2026-05-04:5.5,Technical Validation,open_at_freeze,,,Waiting For Approval,uk-south1 – UK,0,0.0
2026-09-16,460713708748,505111392442,B200,gpu,,2000,11.97,RESERVE,PREPAID,0,2026-06-03,5.06,2026-07-06,2026-08-10,5.06,5.06,20,0,2026-06-03:5.06,Closed lost,lost_price_or_competitor,,Pricing and Billing Issues;Competitor Chosen,Lost Deal,us-central1 – Kansas,33,0.0
2026-09-16,467801711851,508406743240,H200,gpu,,216,12.01,RESERVE,PREPAID,0,2026-07-15,2.95,2026-07-22,2026-08-10,2.95,2.95,8,0,2026-07-15:2.95,Closed lost,lost_capacity,,NO_CAPACITY,Lost Deal,us-central1 – Kansas,7,0.0
2026-09-16,467825333463,507215693011,GB300,gpu,72,1152,11.97,RESERVE,PREPAID,0,2026-07-06,5.9,2026-07-15,2026-08-10,5.9,5.9,11,0,2026-07-06:5.9,Closed lost,lost_other,,Security and Compliance Gaps,Lost Deal,me-west1 - Israel,9,0.0
2026-09-16,472060084444,509472973046,B200,gpu,,8,12.01,RESERVE,POSTPAID,0,2026-07-22,5.45,2026-08-03,2026-08-10,5.45,5.45,6,0,2026-07-22:5.45,Closed won,won,2026-08-03,,Approved,tf-ca1,12,0.0
2026-09-16,472532069579,512054684893,B300,gpu,,64,12.01,RESERVE,PREPAID,0,2026-07-22,5.56,2026-07-22,2026-08-10,5.56,5.56,6,0,2026-07-22:5.56,Technical Validation,open_at_freeze,,,Waiting For Approval,eu-south1 – Madrid,0,0.0
2026-09-16,476673424593,515115373768,H200,gpu,,256,11.97,RESERVE,POSTPAID,0,2026-08-10,2.92,2026-08-10,2026-08-10,2.92,2.92,1,0,2026-08-10:2.92,Prospect,open_at_freeze,,,Waiting for Business Approval,us-central1 – Kansas,0,0.0
2026-09-16,47748157675,57841788104,H100,gpu,,24,2.96,PROMO,POSTPAID,0,2024-12-03,2.95,2025-04-14,2026-08-10,2.95,2.95,159,0,2024-12-03:2.95,Disqualified,disqualified,,Test Deals,Disqualified,Nemax,132,0.0
2026-09-16,63825656049,69349595381,H200,gpu,,64,0.13,TESTING,POSTPAID,0,2025-01-07,4.85,2025-06-12,2026-08-10,4.85,4.85,156,0,2025-01-07:4.85,Disqualified,disqualified,,Security and Compliance Gaps,Disqualified,eu-west1 – Paris,156,0.0
2026-09-16,78391128287,99080753370,H200,gpu,,16,0.2,TESTING,NO_PAYMENT,0,2025-01-13,4.85,2025-01-13,2025-01-20,4.85,4.85,2,0,2025-01-13:4.85,Technical Validation,open_at_freeze,,,Approved,Nemax,0,0.0
2026-09-16,81028900086,103713512662,H100,gpu,,32,11.97,RESERVE,POSTPAID,0,2025-01-20,2.95,2025-03-17,2026-08-10,2.95,2.95,154,0,2025-01-20:2.95,Closed lost,lost_other,,Customer Disengagement or Cancellation,Lost Deal,Nemax,56,0.0
2026-09-16,8299674348,10666816192,H100,gpu,,64,,TESTING,NO_PAYMENT,1,2024-10-15,4.85,2024-10-15,2026-08-10,4.85,4.85,166,0,2024-10-15:4.85,Closed won,won,2024-10-15,,Approved,Finland,0,0.0
2026-09-16,8441918184,9883526853,H100,gpu,,24,12.04,RESERVE,PREPAID,1,2024-10-15,4.85,2024-10-15,2026-08-10,4.85,3.2,166,0,2024-10-15:4.85,Closed won,won,2024-10-15,,Approved,Finland,0,-34.0
2026-09-16,8638845117,11232352207,H100,gpu,,16,35.99,PAYG,POSTPAID,1,2024-10-15,2.5,2024-10-15,2026-08-10,2.5,2.5,166,0,2024-10-15:2.5,Closed won,won,2024-10-15,,Lost Deal,Finland,0,0.0
2026-09-16,86995633385,112802329805,H200,gpu,,256,3.19,PAYG,POSTPAID,0,2025-02-03,2.1,2025-02-03,2026-08-10,2.1,2.1,152,0,2025-02-03:2.1,Closed won,won,2025-02-03,,Approved,eu-west1 – Paris,0,0.0
2026-09-16,9140895963,11375324123,H100,gpu,,8,0.46,TESTING,NO_PAYMENT,1,2024-10-15,4.85,2024-10-15,2026-08-10,4.85,4.85,166,0,2024-10-15:4.85,Closed lost,lost_price_or_competitor,,Competitor Chosen,Lost Deal,Finland,0,0.0
2026-09-16,9376186831,12534049726,H100,gpu,,16,11.97,RESERVE,PREPAID,1,2024-10-15,3.4,2024-10-15,2026-08-10,3.4,3.4,166,0,2024-10-15:3.4,Closed won,won,2024-10-15,,Disqualified,Finland,0,0.0
2026-09-16,98661076179,58262094064,H200,gpu,,160,0.03,TESTING,NO_PAYMENT,0,2025-02-17,3.5,2025-03-10,2026-08-10,3.5,3.5,150,0,2025-02-17:3.5,Closed won,won,2025-03-10,,Approved,Nemax,21,0.0
2026-09-16,9879466441,13586459088,H100,gpu,,64,5.0,PAYG,POSTPAID,1,2024-10-15,4.85,2024-10-15,2026-08-10,4.85,4.85,166,0,2024-10-15:4.85,Closed won,won,2024-10-15,,Disqualified,Finland,0,0.0
2026-09-16,10064659171,12943079130,H100,gpu,,16,7.07,TESTING,NO_PAYMENT,1,2024-10-15,4.85,2024-10-15,2026-08-10,4.85,4.85,166,0,2024-10-15:4.85,Disqualified,disqualified,,Customer Disengagement or Cancellation,Disqualified,Finland,0,0.0
2026-09-16,102327232752,134792626371,H200,gpu,,1024,6.02,RESERVE,PREPAID,0,2025-02-24,1.9,2025-02-24,2025-02-24,1.9,1.9,1,0,2025-02-24:1.9,Prospect,open_at_freeze,,,Error: Fix the GC ticket in the Deal,Nemax,0,0.0
2026-09-16,10317460705,14453994695,H100,gpu,,32,7.04,RESERVE,PREPAID,1,2024-10-15,4.85,2024-10-15,2026-08-10,4.85,3.39,166,0,2024-10-15:4.85,Closed lost,lost_price_or_competitor,,Competitor Chosen,Lost Deal,Finland,0,-30.1
2026-09-16,10424692927,14161963759,H100,gpu,,1,0.26,TESTING,NO_PAYMENT,1,2024-10-15,4.85,2024-10-15,2026-08-10,4.85,4.85,166,0,2024-10-15:4.85,Closed lost,lost_price_or_competitor,,Pricing and Billing Issues,Lost Deal,Finland,0,0.0
2026-09-16,112840811761,148674477278,H200,gpu,,128,2.01,RESERVE,PREPAID,0,2025-03-10,2.0,2025-03-10,2025-04-14,2.0,2.0,9,0,2025-03-10:2,Prospect,open_at_freeze,,,Waiting For Approval,Nemax,0,0.0
2026-09-16,11326908361,15854574024,H100,gpu,,88,0.99,RESERVE,PREPAID,1,2024-10-15,3.3,2024-10-15,2026-08-10,3.3,3.3,166,0,2024-10-15:3.3,Closed won,won,2024-10-15,,Approved,Finland,0,0.0
2026-09-16,11665194462,16310598887,H100,gpu,,16,1.02,PROMO,POSTPAID,1,2024-10-15,3.85,2024-10-15,2026-08-10,3.85,3.85,166,0,2024-10-15:3.85,Closed lost,lost_other,,Test Deals,Lost Deal,Finland,0,0.0
2026-09-16,11692041411,15446337781,H100,gpu,,1024,4.01,RESERVE,PREPAID,1,2024-10-15,2.33,2024-10-15,2026-08-10,2.33,2.33,166,0,2024-10-15:2.33,Closed won,won,2024-10-15,,Approved,Finland,0,0.0
2026-09-16,125247755494,123572715723,H100,gpu,,48,13.91,PAYG,POSTPAID,0,2025-04-03,2.95,2025-04-03,2025-09-01,2.95,2.95,44,0,2025-04-03:2.95,Commercial Proposal,open_at_freeze,,,Waiting For Approval,Nemax,0,0.0
2026-09-16,127165481158,169337198834,H200,gpu,,24,2.99,RESERVE,POSTPAID,0,2025-04-07,2.38,2025-04-21,2026-08-10,2.38,2.38,141,0,2025-04-07:2.38,Closed won,won,2025-04-21,,Approved,eu-west1 – Paris,14,0.0
2026-09-16,130512726224,169337198834,H200,gpu,,24,2.3,RESERVE,POSTPAID,0,2025-04-10,2.38,2025-04-21,2026-08-10,2.38,2.38,140,0,2025-04-10:2.38,Closed won,won,2025-04-21,,Disqualified,Nemax,11,0.0
2026-09-16,133736003830,169337208048,H100,gpu,,64,2.99,PAYG,POSTPAID,0,2025-04-17,2.0,2025-05-01,2026-08-10,2.0,2.0,138,0,2025-04-17:2,Disqualified,disqualified,,Test Deals,Disqualified,Nemax,14,0.0
2026-09-16,134273718469,180288969927,H200,gpu,,24,0.3,TESTING,POSTPAID,0,2025-04-21,3.5,2025-05-29,2026-08-10,3.5,3.5,137,0,2025-04-21:3.5,Closed lost,lost_other,,Customer Disengagement or Cancellation,Lost Deal,eu-north2 – Iceland,38,0.0
2026-09-16,138035150056,185330702573,H100,gpu,,10,0.13,TESTING,PREPAID,0,2025-04-24,2.95,2025-08-28,2026-08-10,2.95,2.95,136,0,2025-04-24:2.95,Disqualified,disqualified,2025-04-28,Test Deals,Disqualified,Nemax,126,0.0
2026-09-16,161648020687,216340253885,H200,gpu,,16,0.36,TESTING,NO_PAYMENT,0,2025-05-22,3.5,2025-09-08,2026-08-10,3.5,3.5,128,0,2025-05-22:3.5,Disqualified,disqualified,,Qualification Oversights,Disqualified,us-central1 – Kansas,109,0.0
2026-09-16,170572008662,229351672000,H200,gpu,,64,0.95,RESERVE,POSTPAID,0,2025-06-05,2.3,2025-06-09,2026-08-10,2.3,2.3,124,0,2025-06-05:2.3,Disqualified,disqualified,,Qualification Oversights,Disqualified,us-central1 – Kansas,4,0.0
2026-09-16,177761880294,238353959125,H100,gpu,,128,12.01,RESERVE,PREPAID,0,2025-06-16,1.9,2025-06-16,2025-07-21,1.9,1.9,11,0,2025-06-16:1.9,Prospect,open_at_freeze,,,Waiting For Approval,Nemax,0,0.0
2026-09-16,18839186424,22936956871,H100,gpu,,24,0.36,TESTING,POSTPAID,1,2024-10-15,1.8,2024-12-03,2026-08-10,3.5,3.5,166,1,2024-10-15:1.8>2024-10-29:3.5,Closed lost,lost_price_or_competitor,,Competitor Chosen,Disqualified,Nemax,49,94.4
2026-09-16,195335261378,194423700709,B200,gpu,,256,2.99,RESERVE,PREPAID,0,2025-07-14,3.5,2026-04-27,2026-08-10,4.0,4.0,113,1,2025-07-14:3.5>2025-08-07:4,Closed lost,lost_capacity,,NO_CAPACITY,Lost Deal,us-central1 – Kansas,287,14.3
2026-09-16,209970331850,242469198060,H100,gpu,,512,12.01,RESERVE,PREPAID,0,2025-07-31,1.6,2025-09-04,2026-08-10,1.6,1.6,108,0,2025-07-31:1.6,Disqualified,disqualified,,Test Deals,Disqualified,Nemax,35,0.0
2026-09-16,219952761028,281867661522,H200,gpu,,512,12.01,RESERVE,POSTPAID,0,2025-08-11,3.5,2025-09-04,2026-08-10,3.5,3.5,105,0,2025-08-11:3.5,Disqualified,disqualified,,Test Deals,Disqualified,us-central1 – Kansas,24,0.0
2026-09-16,231575992563,296920196337,H100,gpu,,8,11.97,PAYG,POSTPAID,0,2025-08-28,2.0,2026-04-15,2026-08-10,3.33,3.33,100,1,2025-08-28:2>2026-04-15:3.33,Closed won,won,2026-04-15,,Waiting For Approval,Nemax,230,66.5
2026-09-16,240844912829,298609730785,GB300,gpu,72,256,12.01,RESERVE,PREPAID,0,2025-09-11,4.5,2025-09-11,2025-11-03,4.5,4.5,16,0,2025-09-11:4.5,Prospect,open_at_freeze,,,Waiting For Approval,Nemax,0,0.0
2026-09-16,241781149921,262915370203,GB300,gpu,72,792,5.99,RESERVE,PREPAID,0,2025-09-11,4.9444,2025-09-11,2025-10-06,4.6,4.6,8,1,2025-09-11:4.9444>2025-09-15:4.6,Technical Validation,open_at_freeze,,,Waiting For Approval,Nemax,0,-7.0
2026-09-16,244003911878,306937389280,H100,gpu,,128,5.95,RESERVE,PREPAID,0,2025-09-15,1.7,2025-10-02,2026-08-10,1.7,1.7,95,0,2025-09-15:1.7,Closed won,won,2025-10-02,,Approved,Nemax,17,0.0
2026-09-16,248439448797,313892361441,B200,gpu,,512,11.97,RESERVE,POSTPAID,0,2025-09-25,3.25,2025-09-25,2026-08-10,3.25,3.25,92,0,2025-09-25:3.25,Closed lost,lost_capacity,,NO_CAPACITY,Lost Deal,us-central1 – Kansas,0,0.0
2026-09-16,252169817305,316482743541,H100,gpu,,64,5.95,RESERVE,POSTPAID,0,2025-09-29,1.6,2025-10-23,2026-08-10,1.6,1.6,91,0,2025-09-29:1.6,Closed lost,lost_capacity,,NO_CAPACITY,Lost Deal,Nemax,24,0.0
2026-09-16,264023716073,508100510955,H100,gpu,,16,2.93,TESTING,NO_PAYMENT,0,2026-06-29,2.95,2026-06-29,2026-08-10,2.95,2.95,13,0,2026-06-29:2.95,Technical Validation,open_at_freeze,,,Approved,Nemax,0,0.0
2026-09-16,28012764357,31873390805,H100,gpu,,3,0.23,PAYG,NO_PAYMENT,0,2024-11-05,3.5,2024-12-10,2026-08-10,3.5,3.5,163,0,2024-11-05:3.5,Closed lost,lost_other,,Customer Disengagement or Cancellation,Lost Deal,Nemax,35,0.0
2026-09-16,305098980569,371268188394,B300,gpu,,1182,26.05,RESERVE,PREPAID,0,2025-11-13,3.2,2025-11-17,2026-08-10,3.2,3.2,78,0,2025-11-13:3.2,Closed lost,lost_price_or_competitor,,Pricing and Billing Issues,Lost Deal,uk-south1 – UK,4,0.0
2026-09-16,315805969613,374333613286,H200,gpu,,32,0.36,TESTING,NO_PAYMENT,0,2025-11-24,3.5,2025-11-24,2026-02-18,3.5,3.5,26,0,2025-11-24:3.5,Technical Validation,open_at_freeze,,,Waiting For Approval,Nemax,0,0.0
2026-09-16,358546621634,421037848815,H100,gpu,,4,1.71,RESERVE,POSTPAID,0,2026-01-07,1.5,2026-01-26,2026-08-10,1.5,1.5,62,0,2026-01-07:1.5,Closed won,won,2026-01-26,,Approved,Nemax,19,0.0
2026-09-16,416211731645,472136709325,GB300,rack,72,3024,24.05,RESERVE,PREPAID,0,2026-02-16,9.2,2026-05-04,2026-05-13,5.39,5.39,26,5,2026-02-16:9.2>2026-03-09:4.1667>2026-03-30:4.87>2026-05-04:5.72>2026-05-11:5.41>2026-05-13:5.39,Commercial Proposal,open_at_freeze,,,Waiting For Approval,,77,-41.4
2026-09-16,43637063910,50417046760,H100,gpu,,16,0.46,TESTING,NO_PAYMENT,0,2024-11-26,2.95,2025-07-03,2026-08-10,2.95,2.95,160,0,2024-11-26:2.95,Disqualified,disqualified,,Test Deals,Disqualified,Nemax,219,0.0
2026-09-16,441535755483,493870605553,B200,gpu,,48,2.99,RESERVE,POSTPAID,0,2026-03-16,3.75,2026-06-08,2026-08-10,2.45,2.45,43,1,2026-03-16:3.75>2026-05-20:2.45,Closed won,won,2026-06-08,,Approved,me-west1 - Israel,84,-34.7
2026-09-16,442217545947,494059559123,B300,gpu,,32,0.43,TESTING,NO_PAYMENT,0,2026-03-18,7.1,2026-04-27,2026-08-10,7.1,7.1,42,0,2026-03-18:7.1,Closed won,won,2026-04-27,,Approved,uk-south1 – UK,40,0.0
2026-09-16,443006067929,493166129357,H200,gpu,,2,0.03,PAYG,POSTPAID,0,2026-03-23,3.3,2026-03-23,2026-08-10,3.3,3.3,41,0,2026-03-23:3.3,Closed won,won,2026-03-23,,Waiting For Approval,,0,0.0
2026-09-16,448188224709,497054330055,B200,gpu,,1,12.99,RESERVE,POSTPAID,0,2026-04-06,3.5,2026-05-18,2026-08-10,3.5,3.5,37,0,2026-04-06:3.5,Closed lost,lost_other,,Customer Disengagement or Cancellation,Lost Deal,me-west1 - Israel,42,0.0
2026-09-16,450643713228,498499552503,H100,gpu,,16,12.01,RESERVE,,0,2026-04-15,2.05,2026-04-15,2026-04-15,2.05,2.05,1,0,2026-04-15:2.05,Commercial Proposal,open_at_freeze,,,Waiting For Approval,Nemax,0,0.0
2026-09-16,450815033583,385100759241,B300,gpu,,1024,24.05,RESERVE,PREPAID,0,2026-04-20,4.92,2026-05-04,2026-05-11,4.92,4.92,7,0,2026-04-20:4.92,Commercial Proposal,open_at_freeze,,,Waiting For Approval,eu-west2 – Paris,14,0.0
2026-09-16,451763894495,497522016450,B300,gpu,,16,0.46,RESERVE,NO_PAYMENT,0,2026-04-22,7.1,2026-06-24,2026-08-10,7.1,7.1,32,0,2026-04-22:7.1,Disqualified,disqualified,,Contract Restructuring,Lost Deal,uk-south1 – UK,63,0.0
2026-09-16,451801257159,498498940153,B300,gpu,,256,24.01,RESERVE,PREPAID,0,2026-04-22,4.65,2026-05-11,2026-06-03,4.0,4.0,13,3,2026-04-22:4.65>2026-05-11:4.55>2026-05-13:3.9>2026-05-18:4,Commercial Proposal,open_at_freeze,,,Approved,eu-west2 – Paris,19,-14.0
2026-09-16,457719000268,503029496034,H200,gpu,,48,18.36,RESERVE,PREPAID,0,2026-05-20,2.65,2026-05-25,2026-08-10,2.65,2.65,24,0,2026-05-20:2.65,Closed won,won,2026-05-25,,Approved,eu-west1 – Paris,5,0.0
2026-09-16,459709063388,502402416842,B200,gpu,,1024,12.01,RESERVE,POSTPAID,0,2026-06-01,5.93,2026-06-01,2026-08-10,5.93,5.93,21,0,2026-06-01:5.93,Closed lost,lost_other,,Customer Disengagement or Cancellation,Lost Deal,us-north1 – Minnesota,0,0.0
2026-09-16,461739274444,505643425985,B300,gpu,,1024,12.01,RESERVE,PREPAID,0,2026-06-08,5.6,2026-06-15,2026-08-10,5.6,5.6,19,0,2026-06-08:5.6,Technical Validation,open_at_freeze,,,Waiting For Approval,eu-south1 – Madrid,7,0.0
2026-09-16,469393248466,509451196656,B300,gpu,,16,11.97,RESERVE,PREPAID,0,2026-07-13,5.7,2026-07-13,2026-08-10,5.7,5.7,9,0,2026-07-13:5.7,Prospect,open_at_freeze,,,Waiting For Approval,eu-south1 – Madrid,0,0.0
2026-09-16,470348657899,510243691766,B300,gpu,,400,12.01,RESERVE,PREPAID,0,2026-07-20,7.85,2026-07-20,2026-08-10,7.85,7.07,7,0,2026-07-20:7.85,Technical Validation,open_at_freeze,,,Waiting For Approval,eu-west3 – Bethune,0,-9.9
2026-09-16,470594747607,505813169339,B300,gpu,,32,0.16,TESTING,NO_PAYMENT,0,2026-07-20,7.85,2026-07-20,2026-08-10,7.85,7.85,7,0,2026-07-20:7.85,Prospect,open_at_freeze,,,Approved,uk-south1 – UK,0,0.0
2026-09-16,473296257250,509473294567,B300,gpu,,512,12.01,RESERVE,PREPAID,0,2026-07-27,5.3,2026-07-27,2026-08-10,5.3,5.3,5,0,2026-07-27:5.3,Technical Validation,open_at_freeze,,,Waiting For Approval,eu-south1 – Madrid,0,0.0
2026-09-16,475162834132,513949484281,B200,gpu,,8,12.01,RESERVE,POSTPAID,0,2026-08-03,5.72,2026-08-03,2026-08-10,5.72,5.72,3,0,2026-08-03:5.72,Prospect,open_at_freeze,,,Waiting for Business Approval,tf-ca1,0,0.0
2026-09-16,475261187307,514043987172,B200,gpu,,640,12.01,RESERVE,POSTPAID,0,2026-08-03,5.06,2026-08-10,2026-08-10,5.06,5.06,3,0,2026-08-03:5.06,Closed lost,lost_capacity,,NO_CAPACITY,Lost Deal,us-central1 – Kansas,7,0.0
2026-09-16,476018733303,509471061220,B300,gpu,,32,0.49,RESERVE,PREPAID,0,2026-08-05,5.56,2026-08-05,2026-08-10,5.56,5.56,2,0,2026-08-05:5.56,Prospect,open_at_freeze,,,Approved,uk-south1 – UK,0,0.0
2026-09-16,476752000223,515193865437,B300,gpu,,64,11.94,RESERVE,PREPAID,0,2026-08-10,5.76,2026-08-10,2026-08-10,5.76,5.76,1,0,2026-08-10:5.76,Commercial Proposal,open_at_freeze,,,Waiting For Approval,eu-west2 – Paris,0,0.0
2026-09-16,61325758673,75361236209,H100,gpu,,48,12.07,PAYG,POSTPAID,0,2024-12-17,2.3,2025-02-17,2026-08-10,2.3,2.3,157,0,2024-12-17:2.3,Disqualified,disqualified,,Customer Disengagement or Cancellation,Disqualified,Nemax,62,0.0
2026-09-16,8299674065,10666816192,H100,gpu,,16,0.23,TESTING,NO_PAYMENT,1,2024-10-15,4.85,2024-10-15,2026-08-10,4.85,4.85,166,0,2024-10-15:4.85,Closed won,won,2024-10-15,,Approved,Finland,0,0.0
2026-09-16,8872702671,11247920078,H100,gpu,,64,0.99,RESERVE,POSTPAID,1,2024-10-15,2.91,2024-10-15,2026-08-10,2.91,2.91,166,0,2024-10-15:2.91,Closed lost,lost_other,,Security and Compliance Gaps,Lost Deal,Finland,0,0.0
2026-09-16,8998602965,10783220678,H100,gpu,,8,1.97,TESTING,NO_PAYMENT,1,2024-10-15,4.85,2024-10-15,2026-08-10,4.85,4.85,166,0,2024-10-15:4.85,Closed won,won,2024-10-15,,Approved,Finland,0,0.0
2026-09-16,93413013733,122176019666,H200,gpu,,192,0.89,RESERVE,PREPAID,0,2025-02-10,2.3,2025-02-17,2026-08-10,2.3,2.3,151,0,2025-02-10:2.3,Closed won,won,2025-02-17,,Waiting For Approval,eu-west1 – Paris,7,0.0
2026-09-16,9469080256,11375324123,H100,gpu,,8,0.2,TESTING,NO_PAYMENT,1,2024-10-15,4.85,2024-10-15,2026-08-10,4.85,4.85,166,0,2024-10-15:4.85,Closed lost,lost_price_or_competitor,,Competitor Chosen,Disqualified,Finland,0,0.0
2026-09-16,10203103196,14366276062,H100,gpu,,4000,23.98,RESERVE,PREPAID,1,2024-10-15,4.85,2024-10-15,2026-08-10,4.85,2.43,166,0,2024-10-15:4.85,Closed lost,lost_price_or_competitor,,Insufficient Capabilities;Competitor Chosen,Lost Deal,Finland,0,-49.9
2026-09-16,10222472136,14407591891,H100,gpu,,1024,1.97,RESERVE,POSTPAID,1,2024-10-15,2.2,2024-10-15,2026-08-10,2.2,2.2,166,0,2024-10-15:2.2,Disqualified,disqualified,,Customer Disengagement or Cancellation,Disqualified,Finland,0,0.0
2026-09-16,10751844852,14936761806,H100,gpu,,40,2.99,RESERVE,POSTPAID,1,2024-10-15,3.0,2024-10-15,2026-08-10,3.0,3.0,166,0,2024-10-15:3,Closed won,won,2024-10-15,,Approved,Finland,0,0.0
2026-09-16,11719150016,16360540602,H100,gpu,,16,1.32,PAYG,POSTPAID,1,2024-10-15,3.68,2024-10-15,2026-08-10,3.68,3.68,166,0,2024-10-15:3.68,Closed won,won,2024-10-15,,Approved,Finland,0,0.0
2026-09-16,121704083698,152635720946,H100,gpu,,64,12.01,RESERVE,PREPAID,0,2025-03-24,2.2,2025-05-08,2026-08-10,2.2,2.2,145,0,2025-03-24:2.2,Closed lost,lost_capacity,,Customer Disengagement or Cancellation;NO_CAPACITY,Lost Deal,Nemax,45,0.0
2026-09-16,121905023190,164219900126,H100,gpu,,16,2.96,RESERVE,POSTPAID,0,2025-03-27,1.7,2025-04-03,2026-08-10,1.7,1.7,144,0,2025-03-27:1.7,Closed won,won,2025-04-03,,Approved,Nemax,7,0.0
2026-09-16,123455729911,61425979596,H100,gpu,,128,2.96,RESERVE,PREPAID,0,2025-03-31,2.0,2025-04-14,2026-08-10,2.0,2.0,143,0,2025-03-31:2,Closed won,won,2025-04-14,,Waiting For Approval,Nemax,14,0.0
2026-09-16,125675030730,168399101134,H200,gpu,,128,0.36,PAYG,POSTPAID,0,2025-04-03,2.2,2025-05-22,2026-08-10,2.2,2.2,142,0,2025-04-03:2.2,Closed won,won,2025-05-22,,Approved,eu-north2 – Iceland,49,0.0
2026-09-16,148158690519,199226571963,H200,gpu,,64,6.02,PAYG,POSTPAID,0,2025-05-08,3.5,2025-07-17,2026-08-10,3.5,3.5,132,0,2025-05-08:3.5,Disqualified,disqualified,,Customer Disengagement or Cancellation,Disqualified,eu-west1 – Paris,70,0.0
2026-09-16,149173073101,200550734029,H200,gpu,,16,0.36,TESTING,NO_PAYMENT,0,2025-05-08,3.5,2025-08-21,2026-08-10,3.5,3.5,132,0,2025-05-08:3.5,Disqualified,disqualified,,Customer Disengagement or Cancellation,Disqualified,us-central1 – Kansas,105,0.0
2026-09-16,149799683292,201352077500,H200,gpu,,8,0.13,TESTING,NO_PAYMENT,0,2025-05-12,3.5,2025-07-31,2026-08-10,3.5,3.5,131,0,2025-05-12:3.5,Closed lost,lost_price_or_competitor,,Competitor Chosen,Lost Deal,us-central1 – Kansas,80,0.0
2026-09-16,155351453940,169332392169,H200,gpu,,16,0.1,TESTING,POSTPAID,0,2025-05-19,3.5,2025-09-08,2026-08-10,3.5,3.5,129,0,2025-05-19:3.5,Closed lost,lost_price_or_competitor,,Pricing and Billing Issues,Lost Deal,us-central1 – Kansas,112,0.0
2026-09-16,159297193159,213862370544,H200,gpu,,14,0.92,PAYG,POSTPAID,0,2025-05-19,2.4,2025-06-02,2026-08-10,3.5,3.5,129,1,2025-05-19:2.4>2025-05-26:3.5,Closed won,won,2025-06-02,,Approved,us-central1 – Kansas,14,45.8
2026-09-16,184420704500,247828447441,H200,gpu,,128,2.57,RESERVE,PREPAID,0,2025-06-30,2.2,2025-08-18,2026-08-10,2.2,2.2,117,2,2025-06-30:2.2>2025-08-11:1.95>2025-08-14:2.2,Closed won,won,2025-08-18,,Approved,us-central1 – Kansas,49,0.0
2026-09-16,197308107977,261525109953,H100,gpu,,128,0.07,PAYG,POSTPAID,0,2025-07-17,2.7,2025-07-31,2026-08-10,2.7,2.7,112,0,2025-07-17:2.7,Closed won,won,2025-07-31,,Approved,Nemax,14,0.0
2026-09-16,206581656804,219200330963,B200,gpu,,512,0.2,TESTING,NO_PAYMENT,0,2025-07-28,5.5,2025-08-07,2026-08-10,5.5,5.5,109,0,2025-07-28:5.5,Closed won,won,2025-08-07,,Approved,us-central1 – Kansas,10,0.0
2026-09-16,209044759780,247884102887,B200,gpu,,2,4.9,PAYG,PREPAID,0,2025-07-31,5.5,2025-09-04,2026-08-10,5.5,5.5,108,0,2025-07-31:5.5,Closed won,won,2025-09-04,,Waiting For Approval,us-central1 – Kansas,35,0.0
2026-09-16,232972000468,36612373719,B200,gpu,,8,1.02,RESERVE,PREPAID,0,2025-09-04,5.5,2026-03-09,2026-08-10,4.5,4.5,98,1,2025-09-04:5.5>2025-11-13:4.5,Closed lost,lost_other,,Customer Disengagement or Cancellation,Lost Deal,me-west1 - Israel,186,-18.2
2026-09-16,240294366425,305751743692,B200,gpu,,16,11.78,RESERVE,,0,2025-09-11,5.5,2025-09-11,2025-09-29,5.5,5.5,6,0,2025-09-11:5.5,Prospect,open_at_freeze,,,Approved,us-central1 – Kansas,0,0.0
2026-09-16,246176892144,292064535749,H200,gpu,,64,0.62,TESTING,NO_PAYMENT,0,2025-09-22,3.5,2025-11-13,2026-08-10,3.55,3.55,93,1,2025-09-22:3.5>2025-09-29:3.55,Closed lost,lost_capacity,,NO_CAPACITY,Lost Deal,eu-west1 – Paris,52,1.4
2026-09-16,248697555137,313616199907,H100,gpu,,1000,2.66,RESERVE,POSTPAID,0,2025-09-25,2.95,2025-09-25,2025-09-29,2.95,1.5,2,0,2025-09-25:2.95,Commercial Proposal,open_at_freeze,,,Waiting For Approval,Nemax,0,-49.2
2026-09-16,252862342379,314866946274,B200,gpu,,32,0.36,TESTING,NO_PAYMENT,0,2025-09-29,5.5,2025-09-29,2025-10-13,5.5,5.5,5,0,2025-09-29:5.5,Technical Validation,open_at_freeze,,,Waiting For Approval,us-central1 – Kansas,0,0.0
2026-09-16,266307372274,330241143995,B300,gpu,,2048,2.04,RESERVE,PREPAID,0,2025-10-13,4.5,2026-05-06,2026-08-10,4.5,4.5,76,0,2025-10-13:4.5,Closed lost,lost_capacity,,NO_CAPACITY,Lost Deal,uk-south1 – UK,205,0.0
2026-09-16,267021054186,332602197194,B200,gpu,,32,0.07,TESTING,NO_PAYMENT,0,2025-10-16,5.5,2025-10-23,2026-08-10,5.5,5.5,86,0,2025-10-16:5.5,Closed won,won,2025-10-23,,Approved,us-central1 – Kansas,7,0.0
2026-09-16,273454362855,330495879382,B300,gpu,,64,0.46,TESTING,NO_PAYMENT,0,2025-10-23,7.1,2025-10-23,2025-12-03,7.1,7.1,13,0,2025-10-23:7.1,Prospect,open_at_freeze,,,Waiting For Approval,uk-south1 – UK,0,0.0
2026-09-16,274716189893,338903105728,H200,gpu,,3720,11.97,RESERVE,PREPAID,0,2025-10-23,2.0,2026-03-09,2026-08-10,2.0,2.0,84,0,2025-10-23:2,Closed won,won,2026-03-09,,Approved,eu-north2 – Iceland,137,0.0
2026-09-16,298782689482,364871246024,B200,gpu,,86,12.01,RESERVE,PREPAID,0,2025-11-06,3.0,2025-11-10,2025-11-24,3.0,3.0,6,0,2025-11-06:3,Commercial Proposal,open_at_freeze,,,Pre-Approved,me-west1 - Israel,4,0.0
2026-09-16,306002273467,371120394438,H200,gpu,,64,2.96,RESERVE,PREPAID,0,2025-11-13,1.9,2025-12-15,2026-08-10,2.0,2.0,78,2,2025-11-13:1.9>2025-11-20:1.95>2025-12-08:2,Closed won,won,2025-12-15,,Approved,Nemax,32,5.3
2026-09-16,322408538328,364871246024,H200,gpu,,96,10.99,RESERVE,POSTPAID,0,2025-11-26,1.9,2026-01-05,2026-08-10,1.9,1.9,74,0,2025-11-26:1.9,Closed lost,lost_other,,Customer Disengagement or Cancellation,Lost Deal,Nemax,40,0.0
2026-09-16,338377972957,402386200767,B300,gpu,,2048,0.3,RESERVE,PREPAID,0,2025-12-10,4.1,2025-12-22,2026-08-10,4.1,4.1,70,0,2025-12-10:4.1,Closed won,won,2025-12-22,,Approved,uk-south1 – UK,12,0.0
2026-09-16,360518187215,425067154660,H200,gpu,,8,0.46,RESERVE,NO_PAYMENT,0,2026-01-07,3.5,2026-03-09,2026-08-10,3.5,3.5,62,0,2026-01-07:3.5,Closed lost,lost_other,,Duplicate deal,Lost Deal,Nemax,61,0.0
2026-09-16,367214891206,427916128442,H100,gpu,,512,5.92,RESERVE,PREPAID,0,2026-01-12,1.7,2026-06-03,2026-08-10,1.7,1.7,22,0,2026-01-12:1.7,Disqualified,disqualified,,Customer Disengagement or Cancellation,Disqualified,Nemax,142,0.0
2026-09-16,38134431993,40178126064,H200,gpu,,1024,11.97,RESERVE,PREPAID,0,2024-11-14,2.2,2024-11-26,2026-08-10,2.2,2.2,162,0,2024-11-14:2.2,Closed lost,lost_price_or_competitor,,Competitor Chosen,Lost Deal,Nemax,12,0.0
2026-09-16,405038866637,394595983587,B200,gpu,,16,0.59,TESTING,NO_PAYMENT,0,2026-02-09,5.5,2026-02-09,2026-08-10,5.5,5.5,53,0,2026-02-09:5.5,Technical Validation,open_at_freeze,,,Approved,me-west1 - Israel,0,0.0
2026-09-16,414220368088,465861424361,H200,gpu,,32,0.46,TESTING,PREPAID,0,2026-02-16,3.5,2026-02-25,2026-08-10,3.5,3.5,51,0,2026-02-16:3.5,Closed lost,lost_capacity,,NO_CAPACITY,Lost Deal,eu-west1 – Paris,9,0.0
2026-09-16,417052006615,418554320080,B300,gpu,,24,0.43,TESTING,NO_PAYMENT,0,2026-02-18,7.1,2026-03-18,2026-08-10,7.1,7.1,50,0,2026-02-18:7.1,Commercial Proposal,open_at_freeze,,,Approved,uk-south1 – UK,28,0.0
2026-09-16,418969800942,169184456927,H200,gpu,,10,0.03,PAYG,PREPAID,0,2026-02-23,3.67,2026-06-01,2026-08-10,3.67,3.67,49,0,2026-02-23:3.67,Disqualified,disqualified,,Test Deals,Disqualified,us-east1 – New Jersey,98,0.0
2026-09-16,420296450261,475472667876,B300,gpu,,176,11.05,RESERVE,POSTPAID,0,2026-02-23,4.2,2026-04-08,2026-08-10,4.2,4.2,49,0,2026-02-23:4.2,Closed lost,lost_capacity,,NO_CAPACITY,Lost Deal,us-north1 – Minnesota,44,0.0
2026-09-16,422992342250,409575164123,B300,gpu,,8,0.46,TESTING,NO_PAYMENT,0,2026-02-23,7.1,2026-04-29,2026-08-10,7.1,7.1,49,0,2026-02-23:7.1,Closed lost,lost_other,,Insufficient Capabilities,Lost Deal,uk-south1 – UK,65,0.0
2026-09-16,426512068822,472271702249,H100,gpu,,8,12.01,RESERVE,PREPAID,0,2026-03-02,1.7,2026-03-09,2026-08-10,1.7,1.7,47,0,2026-03-02:1.7,Closed won,won,2026-03-09,,Approved,Nemax,7,0.0
2026-09-16,426877235394,473243071723,H200,gpu,,160,3.72,RESERVE,PREPAID,0,2026-03-02,1.85,2026-03-09,2026-08-10,1.85,1.85,47,0,2026-03-02:1.85,Closed won,won,2026-03-09,,Approved,eu-west1 – Paris,7,0.0
2026-09-16,430189736145,483926980854,B200,gpu,,16,0.46,TESTING,NO_PAYMENT,0,2026-03-02,5.5,2026-06-03,2026-08-10,5.5,5.5,28,0,2026-03-02:5.5,Disqualified,disqualified,,Duplicate deal,Disqualified,me-west1 - Israel,93,0.0
2026-09-16,444731233482,495031425264,H100,gpu,,32,6.05,RESERVE,PREPAID,0,2026-03-25,2.05,2026-06-03,2026-08-10,2.05,2.05,23,0,2026-03-25:2.05,Disqualified,disqualified,,NO_CAPACITY,Disqualified,Nemax,70,0.0
2026-09-16,447635626213,496775889095,H100,gpu,,16,0.43,TESTING,NO_PAYMENT,0,2026-04-01,2.95,2026-04-01,2026-08-10,2.95,2.95,38,0,2026-04-01:2.95,Prospect,open_at_freeze,,,Waiting For Approval,Nemax,0,0.0
2026-09-16,452916803829,500641528014,GB300,rack,72,5040,2.99,RESERVE,PREPAID,0,2026-04-27,5.72,2026-04-29,2026-08-10,10.5,10.5,31,2,2026-04-27:5.72>2026-06-22:5.82>2026-08-05:10.5,Commercial Proposal,open_at_freeze,,,DECLINED,eu-west3 – Bethune,2,83.6
2026-09-16,455936345329,502036790467,H100,gpu,,16,12.04,RESERVE,PREPAID,0,2026-05-11,2.5,2026-07-06,2026-08-10,2.5,2.5,27,0,2026-05-11:2.5,Closed lost,lost_other,,Qualification Oversights,Lost Deal,Nemax,56,0.0
2026-09-16,457313105131,499544917238,B300,gpu,,256,12.04,RESERVE,POSTPAID,0,2026-05-18,5.8,2026-05-18,2026-05-18,5.8,5.8,1,0,2026-05-18:5.8,Commercial Proposal,open_at_freeze,,,Waiting For Approval,eu-west2 – Paris,0,0.0
2026-09-16,461587310832,505315728610,B300,gpu,,16,0.23,TESTING,NO_PAYMENT,0,2026-06-08,7.1,2026-06-08,2026-08-10,7.1,7.1,19,0,2026-06-08:7.1,Technical Validation,open_at_freeze,,,Disqualified,uk-south1 – UK,0,0.0
2026-09-16,462553970877,505744110839,B300,gpu,,1000,11.97,PAYG,POSTPAID,0,2026-06-15,4.5,2026-06-15,2026-07-06,4.5,4.5,7,0,2026-06-15:4.5,Prospect,open_at_freeze,,,Waiting For Approval,eu-west1 – Paris,0,0.0
2026-09-16,466059805939,508406743240,H100,gpu,,210,12.01,RESERVE,PREPAID,0,2026-06-29,2.5,2026-07-01,2026-07-13,2.5,2.5,5,0,2026-06-29:2.5,Commercial Proposal,open_at_freeze,,,Waiting For Approval,Nemax,2,0.0
2026-09-16,467820811497,507748246756,B300,gpu,,8,0.23,TESTING,NO_PAYMENT,0,2026-07-06,7.85,2026-07-08,2026-08-10,7.85,7.85,11,0,2026-07-06:7.85,Technical Validation,open_at_freeze,,,Waiting For Approval,uk-south1 – UK,2,0.0
2026-09-16,470689822941,501539876045,B300,gpu,,88,5.95,RESERVE,PREPAID,0,2026-07-20,5.6,2026-07-20,2026-08-10,5.6,5.6,7,0,2026-07-20:5.6,Prospect,open_at_freeze,,,Waiting For Approval,us-central1 – Kansas,0,0.0
2026-09-16,47284189425,57164800238,H200,gpu,,1024,24.01,RESERVE,PREPAID,0,2024-12-03,4.85,2025-01-27,2026-08-10,2.85,2.85,159,1,2024-12-03:4.85>2024-12-17:2.85,Closed lost,lost_other,,Insufficient Capabilities;Customer Disengagement or Cancellation,Lost Deal,eu-west1 – Paris,55,-41.2
2026-09-16,474466875615,513628187885,H100,gpu,,24,6.02,RESERVE,PREPAID,0,2026-07-29,2.77,2026-08-10,2026-08-10,2.77,2.77,4,0,2026-07-29:2.77,Commercial Proposal,open_at_freeze,,,Approved,Nemax,12,0.0
2026-09-16,55856470229,68995155169,H200,gpu,,8,0.69,PAYG,POSTPAID,0,2024-12-10,4.85,2024-12-10,2026-08-10,4.85,4.85,158,0,2024-12-10:4.85,Closed won,won,2024-12-10,,Approved,eu-west1 – Paris,0,0.0
2026-09-16,60790035668,75335862480,H100,gpu,,32,0.13,TESTING,PREPAID,0,2024-12-17,2.95,2024-12-17,2025-01-20,2.95,2.95,4,0,2024-12-17:2.95,Prospect,open_at_freeze,,,,Nemax,0,0.0
2026-09-16,63823465690,79225689306,H100,gpu,,8,2.93,RESERVE,POSTPAID,0,2025-01-07,1.7,2025-01-20,2026-08-10,1.7,1.7,156,0,2025-01-07:1.7,Closed won,won,2025-01-20,,Approved,Nemax,13,0.0
2026-09-16,8300835519,10624796900,H100,gpu,,64,5.99,RESERVE,POSTPAID,1,2024-10-15,4.85,2024-10-15,2026-08-10,4.85,4.85,166,0,2024-10-15:4.85,Closed won,won,2024-10-15,,Disqualified,Finland,0,0.0
2026-09-16,8678501334,11287773128,H100,gpu,,56,23.98,RESERVE,PREPAID,1,2024-10-15,3.04,2024-10-15,2026-08-10,3.04,3.04,166,0,2024-10-15:3.04,Disqualified,disqualified,,Customer Disengagement or Cancellation,Disqualified,Finland,0,0.0
2026-09-16,87919935727,114577593578,H200,gpu,,8,2.96,PAYG,POSTPAID,0,2025-02-03,3.5,2025-04-03,2026-08-10,3.5,3.5,152,0,2025-02-03:3.5,Disqualified,disqualified,,NO_CAPACITY,Disqualified,eu-west1 – Paris,59,0.0
2026-09-16,8968704980,11708441072,H100,gpu,,24,5.99,RESERVE,POSTPAID,1,2024-10-15,2.85,2024-10-15,2026-08-10,2.85,2.85,166,0,2024-10-15:2.85,Closed lost,lost_other,,Customer Disengagement or Cancellation,Lost Deal,Finland,0,0.0
2026-09-16,9096756944,11247920078,H100,gpu,,128,2.2,RESERVE,POSTPAID,1,2024-10-15,2.8,2024-10-15,2026-08-10,2.8,2.8,166,0,2024-10-15:2.8,Closed lost,lost_other,,Security and Compliance Gaps,Disqualified,Finland,0,0.0
2026-09-16,9754301381,11414521328,H100,gpu,,16,0.46,TESTING,NO_PAYMENT,1,2024-10-15,4.85,2024-10-15,2026-08-10,4.85,4.85,166,0,2024-10-15:4.85,Disqualified,disqualified,,Customer Disengagement or Cancellation,Disqualified,Finland,0,0.0
2026-09-16,10658470619,14161963759,H100,gpu,,2,12.01,RESERVE,POSTPAID,1,2024-10-15,3.0,2024-10-15,2026-08-10,3.0,3.0,166,0,2024-10-15:3,Closed lost,lost_price_or_competitor,,Pricing and Billing Issues,Lost Deal,Finland,0,0.0
2026-09-16,106744952056,139606114531,H200,gpu,,32,5.92,RESERVE,PREPAID,0,2025-03-03,2.15,2025-03-24,2026-08-10,2.15,2.15,148,0,2025-03-03:2.15,Disqualified,disqualified,,Customer Disengagement or Cancellation,Disqualified,Nemax,21,0.0
2026-09-16,10884429499,15471287266,H100,gpu,,32,3.03,PAYG,POSTPAID,1,2024-10-15,2.5,2024-10-15,2026-08-10,2.5,2.5,166,0,2024-10-15:2.5,Closed won,won,2024-10-15,,Approved,Finland,0,0.0
2026-09-16,120527440060,160739334345,H200,gpu,,688,0.62,PAYG,POSTPAID,0,2025-03-24,2.4,2025-04-17,2026-08-10,2.1,2.1,141,1,2025-03-24:2.4>2025-04-10:2.1,Closed won,won,2025-04-17,,Approved,Nemax,24,-12.5
2026-09-16,123287656684,165900788942,H100,gpu,,8,6.02,RESERVE,POSTPAID,0,2025-03-27,2.0,2025-04-03,2026-08-10,2.0,2.0,144,0,2025-03-27:2,Closed won,won,2025-04-03,,Approved,Nemax,7,0.0
2026-09-16,12349483769,15729381348,H100,gpu,,32,6.94,PAYG,POSTPAID,1,2024-10-15,3.5,2024-10-15,2026-08-10,3.5,3.5,166,0,2024-10-15:3.5,Closed won,won,2024-10-15,,Approved,Nemax,0,0.0
2026-09-16,133407264969,178344122607,H200,gpu,,16,2.96,RESERVE,POSTPAID,0,2025-04-17,2.25,2025-05-08,2026-08-10,2.25,2.25,138,0,2025-04-17:2.25,Closed won,won,2025-05-08,,Approved,eu-west1 – Paris,21,0.0
2026-09-16,179186592979,239529817291,H200,gpu,,200,0.43,TESTING,NO_PAYMENT,0,2025-06-19,3.5,2025-06-19,2025-08-11,3.5,3.5,16,0,2025-06-19:3.5,Prospect,open_at_freeze,,,Disqualified,eu-west1 – Paris,0,0.0
2026-09-16,183739910340,231342977217,H200,gpu,,24,1.02,RESERVE,POSTPAID,0,2025-06-26,3.5,2025-07-17,2026-08-10,3.5,2.5,118,0,2025-06-26:3.5,Closed lost,lost_other,,Customer Disengagement or Cancellation,Lost Deal,eu-west1 – Paris,21,-28.6
2026-09-16,184420748527,247771668714,H100,gpu,,32,12.01,PAYG,PREPAID,0,2025-06-30,2.95,2025-07-21,2025-10-13,2.95,2.95,31,0,2025-06-30:2.95,Technical Validation,open_at_freeze,,,Waiting For Approval,Nemax,21,0.0
2026-09-16,192578640119,258007584997,B200,gpu,,80,3.03,PAYG,POSTPAID,0,2025-07-10,4.1,2025-09-25,2026-08-10,4.1,4.1,114,0,2025-07-10:4.1,Closed won,won,2025-09-25,,Approved,us-central1 – Kansas,77,0.0
2026-09-16,211561563339,267920440524,B200,gpu,,8,4.21,PAYG,PREPAID,0,2025-08-04,4.0,2025-09-15,2026-08-10,4.0,4.0,107,0,2025-08-04:4,Closed lost,lost_price_or_competitor,,Pricing and Billing Issues,,us-central1 – Kansas,42,0.0
2026-09-16,216730724561,267812537532,H100,gpu,,32,5.92,RESERVE,PREPAID,0,2025-08-07,1.75,2025-08-11,2026-08-10,1.75,1.75,106,0,2025-08-07:1.75,Closed won,won,2025-08-11,,Disqualified,Nemax,4,0.0
2026-09-16,220756867318,285714946265,H200,gpu,,8,11.97,RESERVE,PREPAID,0,2025-08-14,2.2,2025-09-29,2026-08-10,2.35,2.35,104,1,2025-08-14:2.2>2025-09-29:2.35,Closed won,won,2025-09-29,,Approved,eu-west1 – Paris,46,6.8
2026-09-16,241584873700,177753971925,B200,gpu,,40,6.09,RESERVE,PREPAID,0,2025-09-11,3.2,2025-11-13,2026-08-10,3.2,3.2,96,0,2025-09-11:3.2,Closed won,won,2025-11-13,Customer Disengagement or Cancellation,Approved,me-west1 - Israel,63,0.0
2026-09-16,245672756468,311146392809,H200,gpu,,8,5.92,PAYG,POSTPAID,0,2025-09-18,1.95,2025-11-06,2026-08-10,1.95,1.95,94,0,2025-09-18:1.95,Closed lost,lost_price_or_competitor,,Pricing and Billing Issues,Lost Deal,Nemax,49,0.0
2026-09-16,249465511128,315169758450,H200,gpu,,80,5.99,RESERVE,POSTPAID,0,2025-09-25,2.05,2025-09-25,2025-09-25,2.05,2.05,1,0,2025-09-25:2.05,Prospect,open_at_freeze,,,Waiting For Approval,Nemax,0,0.0
2026-09-16,274676883666,338902982847,B200,gpu,,512,5.95,RESERVE,PREPAID,0,2025-10-23,5.5,2025-11-17,2026-08-10,5.5,3.3,84,0,2025-10-23:5.5,Closed lost,lost_capacity,,NO_CAPACITY,Lost Deal,me-west1 - Israel,25,-40.0
2026-09-16,311615313082,377035601145,H200,gpu,,8,5.95,RESERVE,PREPAID,0,2025-11-17,2.2,2025-11-24,2026-01-12,2.0,2.0,17,1,2025-11-17:2.2>2025-12-08:2,Commercial Proposal,open_at_freeze,,,Approved,us-central1 – Kansas,7,-9.1
2026-09-16,312735514823,377771634934,H100,gpu,,16,12.04,RESERVE,POSTPAID,0,2025-11-20,1.65,2026-06-03,2026-08-10,1.65,1.65,40,0,2025-11-20:1.65,Disqualified,disqualified,,Customer Disengagement or Cancellation,Disqualified,Nemax,195,0.0
2026-09-16,323821213901,388181971149,H200,gpu,,96,8.29,RESERVE,PREPAID,0,2025-11-26,2.8,2026-04-27,2026-08-10,2.0,2.0,74,1,2025-11-26:2.8>2026-02-11:2,Closed lost,lost_other,,Customer Disengagement or Cancellation,Lost Deal,us-central1 – Kansas,152,-28.6
2026-09-16,341838810346,405225005277,B200,gpu,,32,0.46,TESTING,NO_PAYMENT,0,2025-12-15,5.5,2026-02-09,2026-08-10,5.5,5.5,69,0,2025-12-15:5.5,Closed won,won,2026-02-09,,Approved,me-west1 - Israel,56,0.0
2026-09-16,357866252482,421686418631,H100,gpu,,8,11.97,RESERVE,PREPAID,0,2026-01-05,1.9,2026-01-14,2026-02-04,2.95,2.95,10,1,2026-01-05:1.9>2026-01-12:2.95,Technical Validation,open_at_freeze,,,Disqualified,Nemax,9,55.3
2026-09-16,36030546167,40005547202,H100,gpu,,16,0.23,TESTING,NO_PAYMENT,0,2024-11-14,2.95,2024-12-17,2026-08-10,2.95,2.95,162,0,2024-11-14:2.95,Closed won,won,2024-12-17,,Approved,Nemax,33,0.0
2026-09-16,365519120593,421686096102,B200,gpu,,8,12.01,RESERVE,PREPAID,0,2026-01-07,3.3,2026-06-03,2026-08-10,3.3,3.3,50,0,2026-01-07:3.3,Disqualified,disqualified,,Customer Disengagement or Cancellation,Disqualified,us-central1 – Kansas,147,0.0
2026-09-16,367224046808,410630152404,B200,gpu,,128,3.03,RESERVE,POSTPAID,0,2026-01-12,3.1,2026-01-14,2026-01-14,3.1,3.1,2,0,2026-01-12:3.1,Commercial Proposal,open_at_freeze,,,Approved,us-central1 – Kansas,2,0.0
2026-09-16,40041716960,45275621622,H100,gpu,,16,0.46,TESTING,NO_PAYMENT,0,2024-11-14,2.95,2025-04-07,2026-08-10,2.95,2.95,162,0,2024-11-14:2.95,Closed won,won,2025-04-07,,DECLINED,Nemax,144,0.0
2026-09-16,413630704856,469833810130,H200,gpu,,8,11.97,RESERVE,POSTPAID,0,2026-02-16,1.75,2026-03-02,2026-08-10,1.75,1.75,51,0,2026-02-16:1.75,Closed lost,lost_other,,Customer Disengagement or Cancellation,Lost Deal,Nemax,14,0.0
2026-09-16,417048430831,437881393359,H100,gpu,,256,12.01,RESERVE,PREPAID,0,2026-02-18,2.95,2026-07-06,2026-08-10,2.95,1.98,50,0,2026-02-18:2.95,Closed lost,lost_price_or_competitor,,Pricing and Billing Issues,Lost Deal,Nemax,138,-32.9
2026-09-16,420412563672,452426040544,H100,gpu,,16,0.46,TESTING,NO_PAYMENT,0,2026-02-23,2.95,2026-03-30,2026-08-10,2.95,2.95,49,0,2026-02-23:2.95,Agreement signing,open_at_freeze,,,Approved,Nemax,35,0.0
2026-09-16,439944621305,335237602528,GB300,rack,72,4824,36.02,RESERVE,POSTPAID,0,2026-03-11,9.2,2026-05-18,2026-08-10,5.3,5.3,44,6,2026-03-11:9.2>2026-03-25:5.37>2026-04-06:5.64>2026-04-15:5.32>2026-04-22:6.1>2026-04-29:5.5>2026-05-11:5.3,Closed lost,lost_price_or_competitor,,Pricing and Billing Issues,Lost Deal,us-south1 – Oklahoma,68,-42.4
2026-09-16,443007605978,494058944744,B200,gpu,,24,0.95,RESERVE,POSTPAID,0,2026-03-23,5.0,2026-04-15,2026-08-10,5.0,5.0,41,0,2026-03-23:5,Closed lost,lost_capacity,,NO_CAPACITY,Lost Deal,me-west1 - Israel,23,0.0
2026-09-16,443709696209,494817403120,GB300,rack,72,5040,10.03,RESERVE,PREPAID,0,2026-03-23,5.3,2026-03-23,2026-03-23,5.3,5.3,1,0,2026-03-23:5.3,Commercial Proposal,open_at_freeze,,,Waiting For Approval,eu-west2 – Paris,0,0.0
2026-09-16,449149503680,497782489274,H200,gpu,,80,12.04,RESERVE,POSTPAID,0,2026-04-08,2.43,2026-04-13,2026-08-10,2.43,2.43,36,0,2026-04-08:2.43,Closed won,won,2026-04-13,,Approved,us-central1 – Kansas,5,0.0
2026-09-16,457156872403,502453822665,B300,gpu,,128,36.05,RESERVE,PREPAID,0,2026-05-18,4.75,2026-06-29,2026-08-10,4.75,4.75,25,0,2026-05-18:4.75,Closed lost,lost_capacity,,NO_CAPACITY,Lost Deal,eu-west2 – Paris,42,0.0
2026-09-16,458302118080,503485419716,B300,gpu,,64,24.05,RESERVE,PREPAID,0,2026-05-25,5.2,2026-05-25,2026-07-08,5.2,5.2,14,0,2026-05-25:5.2,Technical Validation,open_at_freeze,,,Waiting For Approval,uk-south1 – UK,0,0.0
2026-09-16,461739356359,505557635303,GB300,gpu,72,20000,12.01,RESERVE,PREPAID,0,2026-06-08,4.9,2026-06-08,2026-08-10,4.9,4.9,19,0,2026-06-08:4.9,Prospect,open_at_freeze,,,Waiting For Approval,me-west1 - Israel,0,0.0
2026-09-16,462197097718,505729948913,B200,gpu,,256,11.97,RESERVE,,0,2026-06-10,5.0,2026-06-10,2026-08-10,5.0,5.0,18,0,2026-06-10:5,Prospect,open_at_freeze,,,Waiting For Approval,me-west1 - Israel,0,0.0
2026-09-16,462516721875,505743734989,B200,gpu,,592,0.99,RESERVE,POSTPAID,0,2026-06-15,2.45,2026-06-29,2026-08-10,2.45,2.45,17,0,2026-06-15:2.45,Closed won,won,2026-06-29,,Approved,me-west1 - Israel,14,0.0
2026-09-16,464699075787,505802395872,B300,gpu,,1000,24.01,RESERVE,PREPAID,0,2026-06-22,5.1,2026-06-22,2026-06-24,5.1,5.1,2,0,2026-06-22:5.1,Commercial Proposal,open_at_freeze,,,Waiting For Approval,eu-south1 – Madrid,0,0.0
2026-09-16,464699301074,499551556798,H200,gpu,,80,17.73,RESERVE,PREPAID,0,2026-06-22,2.7,2026-08-05,2026-08-10,2.65,2.65,15,1,2026-06-22:2.7>2026-06-29:2.65,Closed won,won,2026-08-05,,Approved,eu-west1 – Paris,44,-1.9
2026-09-16,467800749251,509448733938,H100,gpu,,8,11.97,RESERVE,PREPAID,0,2026-07-13,2.5,2026-08-10,2026-08-10,2.5,2.5,9,0,2026-07-13:2.5,Closed won,won,2026-08-10,,Approved,Nemax,28,0.0
2026-09-16,470001326314,510155908319,B200,gpu,,64,11.97,RESERVE,PREPAID,0,2026-07-15,5.5,2026-08-10,2026-08-10,5.75,5.75,8,1,2026-07-15:5.5>2026-07-27:5.75,Closed won,won,2026-08-10,,Approved,us-central1 – Kansas,26,4.5
2026-09-16,474466290905,513636934901,B300,gpu,,576,36.02,RESERVE,PREPAID,0,2026-07-29,5.0,2026-08-10,2026-08-10,5.0,5.0,4,0,2026-07-29:5,Commercial Proposal,open_at_freeze,,,Waiting For Approval,eu-west2 – Paris,12,0.0
2026-09-16,475410976979,514198991049,B300,gpu,,128,11.97,RESERVE,PREPAID,0,2026-08-03,5.61,2026-08-05,2026-08-10,5.61,5.61,3,0,2026-08-03:5.61,Commercial Proposal,open_at_freeze,,,Waiting For Approval,eu-west2 – Paris,2,0.0
2026-09-16,47555632318,45645795519,H100,gpu,,608,0.36,PROMO,NO_PAYMENT,0,2024-12-03,2.95,2024-12-17,2026-08-10,2.95,2.95,159,0,2024-12-03:2.95,Closed won,won,2024-12-17,,DECLINED,Nemax,14,0.0
2026-09-16,56209680599,37163774166,H200,gpu,,16,0.33,TESTING,NO_PAYMENT,0,2024-12-10,4.85,2025-01-27,2026-08-10,4.85,4.85,158,0,2024-12-10:4.85,Closed lost,lost_price_or_competitor,,Competitor Chosen,Lost Deal,eu-west1 – Paris,48,0.0
2026-09-16,73158169802,89142290642,H100,gpu,,16,12.01,RESERVE,POSTPAID,0,2025-01-07,2.15,2025-02-03,2026-08-10,2.15,2.15,156,0,2025-01-07:2.15,Closed lost,lost_price_or_competitor,,Pricing and Billing Issues,Lost Deal,Nemax,27,0.0
2026-09-16,78035769561,98407740603,H200,gpu,,192,0.99,RESERVE,PREPAID,0,2025-01-13,2.3,2025-01-27,2026-08-10,2.3,2.3,155,0,2025-01-13:2.3,Closed won,won,2025-01-27,,Approved,eu-west1 – Paris,14,0.0
2026-09-16,8285310659,8455991280,H100,gpu,,80,5.99,RESERVE,PREPAID,1,2024-10-15,4.85,2024-10-15,2026-08-10,4.85,2.0,166,0,2024-10-15:4.85,Closed won,won,2024-10-15,,Approved,Finland,0,-58.8
2026-09-16,88503997654,115607887078,H100,gpu,,500,0.92,RESERVE,POSTPAID,0,2025-02-03,1.75,2025-03-24,2026-08-10,1.75,1.75,152,0,2025-02-03:1.75,Disqualified,disqualified,,Customer Disengagement or Cancellation,Disqualified,Nemax,49,0.0
2026-09-16,8968838843,11709366484,H100,gpu,,64,7.04,PAYG,PREPAID,1,2024-10-15,2.65,2024-10-15,2026-08-10,2.65,2.65,166,0,2024-10-15:2.65,Closed lost,lost_other,,Qualification Oversights,Lost Deal,Finland,0,0.0
2026-09-16,97396387033,126834657468,H200,gpu,,32,12.01,RESERVE,PREPAID,0,2025-02-17,2.15,2025-03-17,2026-08-10,2.15,2.15,150,0,2025-02-17:2.15,Closed lost,lost_other,,Customer Disengagement or Cancellation,Lost Deal,Nemax,28,0.0
2026-09-16,9754124226,13281493996,H100,gpu,,128,12.01,RESERVE,PREPAID,1,2024-10-15,2.25,2024-10-15,2026-08-10,2.25,2.25,166,0,2024-10-15:2.25,Closed lost,lost_price_or_competitor,,Pricing and Billing Issues,Disqualified,Finland,0,0.0
2026-09-16,98757080270,58262094064,H200,gpu,,120,6.02,PAYG,POSTPAID,0,2025-02-17,2.08,2025-03-10,2026-08-10,2.08,2.08,150,0,2025-02-17:2.08,Closed won,won,2025-03-10,,Approved,Nemax,21,0.0
2026-09-16,10436481505,14406328049,H100,gpu,,512,0.07,TESTING,NO_PAYMENT,1,2024-10-15,4.85,2024-10-15,2026-08-10,4.85,4.85,166,0,2024-10-15:4.85,Closed won,won,2024-10-15,,Approved,Finland,0,0.0
2026-09-16,10443227116,14406015213,H100,gpu,,64,0.26,PAYG,POSTPAID,1,2024-10-15,3.5,2024-10-15,2026-08-10,3.5,3.5,166,0,2024-10-15:3.5,Closed won,won,2024-10-15,,Disqualified,Finland,0,0.0
2026-09-16,10528709109,14810817248,H100,gpu,,32,3.91,PAYG,POSTPAID,1,2024-10-15,4.85,2024-10-15,2026-08-10,4.85,3.88,166,0,2024-10-15:4.85,Closed won,won,2024-10-15,,Approved,Finland,0,-20.0
2026-09-16,108637845716,121620103377,H200,gpu,,592,9.61,RESERVE,POSTPAID,0,2025-03-03,2.03,2025-06-26,2026-08-10,2.03,2.03,148,0,2025-03-03:2.03,Closed lost,lost_price_or_competitor,,Competitor Chosen,Lost Deal,us-central1 – Kansas,115,0.0
2026-09-16,115706068187,153274318073,H100,gpu,,16,0.46,PAYG,NO_PAYMENT,0,2025-03-17,2.95,2025-06-09,2025-07-03,2.95,2.95,31,0,2025-03-17:2.95,Closed lost,lost_other,,Test Deals,Lost Deal,eu-west1 – Paris,84,0.0
2026-09-16,11665193460,16310655177,H100,gpu,,360,12.01,RESERVE,PREPAID,1,2024-10-15,2.5,2024-10-15,2024-10-29,2.5,2.5,3,0,2024-10-15:2.5,Commercial Proposal,open_at_freeze,,,Disqualified,Nemax,0,0.0
2026-09-16,12155881455,16623843022,H100,gpu,,32,0.79,TESTING,NO_PAYMENT,1,2024-10-15,3.5,2024-10-15,2026-08-10,3.5,3.5,166,0,2024-10-15:3.5,Closed won,won,2024-10-15,,Approved,Nemax,0,0.0
2026-09-16,125861941478,153274318073,H200,gpu,,16,0.03,PAYG,NO_PAYMENT,0,2025-04-03,3.5,2025-06-09,2025-07-03,3.5,3.5,27,0,2025-04-03:3.5,Closed lost,lost_other,,Test Deals,Lost Deal,eu-north2 – Iceland,67,0.0
2026-09-16,132923216082,178343907563,H200,gpu,,512,3.03,RESERVE,POSTPAID,0,2025-04-17,2.3,2025-05-08,2026-08-10,2.3,2.3,138,0,2025-04-17:2.3,Closed lost,lost_other,,Customer Disengagement or Cancellation,Lost Deal,Nemax,21,0.0
2026-09-16,146280008890,71670023362,H100,gpu,,32,6.02,PAYG,POSTPAID,0,2025-05-05,1.95,2025-05-12,2026-08-10,1.95,1.95,133,0,2025-05-05:1.95,Closed won,won,2025-05-12,,Approved,Nemax,7,0.0
2026-09-16,172232133844,125573156052,H200,gpu,,128,6.81,PAYG,PREPAID,0,2025-06-09,1.9,2025-06-16,2026-08-10,1.9,1.9,123,0,2025-06-09:1.9,Closed lost,lost_price_or_competitor,,Pricing and Billing Issues,Lost Deal,eu-west1 – Paris,7,0.0
2026-09-16,184146736370,209569386684,H200,gpu,,256,1.97,RESERVE,POSTPAID,0,2025-06-26,3.5,2025-07-17,2026-08-10,3.5,3.5,118,0,2025-06-26:3.5,Disqualified,disqualified,,Customer Disengagement or Cancellation,Disqualified,eu-west1 – Paris,21,0.0
2026-09-16,184146851010,78630168774,H100,gpu,,128,11.97,RESERVE,POSTPAID,0,2025-06-26,1.7,2025-08-28,2026-08-10,1.7,1.7,118,0,2025-06-26:1.7,Closed lost,lost_other,,Customer Disengagement or Cancellation,Lost Deal,Nemax,63,0.0
2026-09-16,187588045008,240357638342,H200,gpu,,1000,6.02,RESERVE,POSTPAID,0,2025-07-03,1.9,2025-09-08,2026-08-10,1.9,1.9,116,0,2025-07-03:1.9,Closed won,won,2025-09-08,,Approved,eu-west1 – Paris,67,0.0
2026-09-16,197264271550,261525105904,B200,gpu,,1024,12.01,RESERVE,PREPAID,0,2025-07-17,3.2,2025-07-17,2025-09-01,3.2,3.2,14,0,2025-07-17:3.2,Technical Validation,open_at_freeze,,,Waiting For Approval,us-central1 – Kansas,0,0.0
2026-09-16,198823366900,253734560955,H100,gpu,,232,6.05,PAYG,POSTPAID,0,2025-07-17,1.5,2025-08-11,2026-08-10,1.5,1.5,112,0,2025-07-17:1.5,Closed won,won,2025-08-11,,Disqualified,Nemax,25,0.0
2026-09-16,209761735889,274628337881,B200,gpu,,56,24.97,RESERVE,PREPAID,0,2025-07-31,3.2,2025-08-28,2025-09-25,3.2,3.2,17,0,2025-07-31:3.2,Agreement signing,open_at_freeze,,,Pre-Approved,me-west1 - Israel,28,0.0
2026-09-16,228194337011,274728806645,B200,gpu,,640,12.01,RESERVE,POSTPAID,0,2025-08-25,5.5,2025-08-28,2026-08-10,5.5,2.9,101,0,2025-08-25:5.5,Closed won,won,2025-08-28,,Approved,us-central1 – Kansas,3,-47.3
2026-09-16,244558423256,309830265079,H200,gpu,,32,6.02,RESERVE,PREPAID,0,2025-09-18,2.13,2025-09-22,2026-08-10,2.13,2.13,94,0,2025-09-18:2.13,Closed won,won,2025-09-22,,Approved,Nemax,4,0.0
2026-09-16,262517158121,314866798809,GB200,gpu,72,8640,71.45,RESERVE,PREPAID,0,2025-10-09,3.0,2025-10-20,2026-08-10,2.38,2.38,88,1,2025-10-09:3>2025-10-20:2.38,Closed won,won,2025-10-20,,Approved,us-east1 – New Jersey,11,-20.7
2026-09-16,285459307765,351105942777,H100,gpu,,1024,11.97,RESERVE,PREPAID,0,2025-10-30,1.8,2026-01-19,2026-08-10,1.8,1.8,82,0,2025-10-30:1.8,Closed lost,lost_other,,Customer Disengagement or Cancellation,Lost Deal,Nemax,81,0.0
2026-09-16,304664234218,366350655710,H200,gpu,,200,5.99,RESERVE,PREPAID,0,2025-11-10,2.7,2025-11-20,2026-08-10,2.3,2.3,79,1,2025-11-10:2.7>2025-11-13:2.3,Closed lost,lost_capacity,,NO_CAPACITY,Lost Deal,Nemax,10,-14.8
2026-09-16,312808382698,377771494622,B300,gpu,,2000,11.97,RESERVE,POSTPAID,0,2025-11-20,3.5,2025-12-24,2026-08-10,3.5,3.5,76,0,2025-11-20:3.5,Closed lost,lost_capacity,,NO_CAPACITY,Lost Deal,me-west1 - Israel,34,0.0
2026-09-16,342244249844,386706549982,B200,gpu,,128,5.95,RESERVE,PREPAID,0,2026-06-03,2.8,2026-06-03,2026-08-10,2.8,2.8,20,0,2026-06-03:2.8,Disqualified,disqualified,,Customer Disengagement or Cancellation,Disqualified,us-central1 – Kansas,0,0.0
2026-09-16,36089260257,39868425462,H100,gpu,,128,5.99,PAYG,PREPAID,0,2024-11-14,2.0,2024-12-03,2025-01-07,2.0,2.0,7,0,2024-11-14:2,Closed won,won,2024-12-03,,Disqualified,Nemax,19,0.0
2026-09-16,372032596171,432045351137,H100,gpu,,64,17.96,RESERVE,,0,2026-01-12,1.6,2026-02-09,2026-08-10,1.6,1.6,61,2,2026-01-12:1.6>2026-01-19:2>2026-01-21:1.6,Closed won,won,2026-02-09,,Approved,Nemax,28,0.0
2026-09-16,401301844181,458063839465,B200,gpu,,8,14.01,RESERVE,POSTPAID,0,2026-02-04,3.5,2026-02-04,2026-02-11,3.5,3.5,3,0,2026-02-04:3.5,Commercial Proposal,open_at_freeze,,,Waiting for Business Approval,me-west1 - Israel,0,0.0
2026-09-16,439286122706,492610746590,H200,gpu,,64,5.99,RESERVE,PREPAID,0,2026-03-11,2.36,2026-04-13,2026-08-10,2.28,2.28,44,1,2026-03-11:2.36>2026-04-13:2.28,Agreement signing,open_at_freeze,,,Approved,Nemax,33,-3.4
2026-09-16,439673746667,360420190413,B200,gpu,,1024,48.03,RESERVE,PREPAID,0,2026-03-11,3.4,2026-04-01,2026-08-10,2.82,2.82,44,2,2026-03-11:3.4>2026-03-30:2.77>2026-04-01:2.82,Closed won,won,2026-04-01,,Approved,me-west1 - Israel,21,-17.1
2026-09-16,441535755459,492610746590,H100,gpu,,64,5.99,RESERVE,PREPAID,0,2026-03-16,2.1,2026-04-13,2026-08-10,2.1,2.1,43,0,2026-03-16:2.1,Agreement signing,open_at_freeze,,,Approved,Nemax,28,0.0
2026-09-16,442192654565,338810196173,H200,gpu,,48,11.97,RESERVE,POSTPAID,0,2026-03-18,2.05,2026-04-01,2026-08-10,2.05,2.05,42,0,2026-03-18:2.05,Closed won,won,2026-04-01,,Approved,eu-west1 – Paris,14,0.0
2026-09-16,443007472854,494498186480,H100,gpu,,96,5.72,RESERVE,PREPAID,0,2026-03-23,2.07,2026-06-03,2026-08-10,2.07,2.07,39,0,2026-03-23:2.07,Disqualified,disqualified,,Qualification Oversights,Disqualified,Nemax,72,0.0
2026-09-16,447642394867,496775353564,B300,gpu,,896,12.01,RESERVE,PREPAID,0,2026-04-06,4.44,2026-06-03,2026-08-10,4.54,4.54,37,1,2026-04-06:4.44>2026-05-04:4.54,Closed won,won,2026-06-03,,Approved,us-north1 – Minnesota,58,2.3
2026-09-16,454149638367,501311694073,B200,gpu,,64,12.01,RESERVE,PREPAID,0,2026-05-04,5.16,2026-07-01,2026-08-10,4.5,4.5,29,1,2026-05-04:5.16>2026-06-22:4.5,Closed lost,lost_price_or_competitor,,Pricing and Billing Issues;Competitor Chosen,Lost Deal,us-central1 – Kansas,58,-12.8
2026-09-16,459903628493,504551121112,B300,gpu,,2000,36.05,RESERVE,POSTPAID,0,2026-06-01,4.7,2026-06-01,2026-08-10,4.7,4.7,21,0,2026-06-01:4.7,Closed lost,lost_other,,Contract Restructuring,Lost Deal,eu-south1 – Madrid,0,0.0
2026-09-16,460712689856,505111176401,B200,gpu,,128,11.97,RESERVE,PREPAID,0,2026-06-03,5.16,2026-06-03,2026-08-10,5.16,5.16,20,0,2026-06-03:5.16,Commercial Proposal,open_at_freeze,,,Waiting For Approval,me-west1 - Israel,0,0.0
2026-09-16,460712695004,505051674863,B300,gpu,,64,24.01,RESERVE,PREPAID,0,2026-06-03,5.05,2026-06-08,2026-08-10,5.05,5.05,20,0,2026-06-03:5.05,Closed lost,lost_price_or_competitor,,Pricing and Billing Issues,Lost Deal,,5,0.0
2026-09-16,462197054700,496773742837,GB300,rack,72,10080,36.05,RESERVE,PREPAID,0,2026-06-10,5.5,2026-06-29,2026-08-10,5.5,5.5,18,0,2026-06-10:5.5,Closed won,won,2026-06-29,,Approved,eu-west3 – Bethune,19,0.0
2026-09-16,463208811718,506193465578,B300,gpu,,256,17.99,RESERVE,PREPAID,0,2026-06-17,5.0,2026-06-17,2026-08-10,5.0,5.0,16,0,2026-06-17:5,Technical Validation,open_at_freeze,,,Waiting For Approval,eu-west2 – Paris,0,0.0
2026-09-16,466051426548,508098619578,B300,gpu,,48,0.56,TESTING,NO_PAYMENT,0,2026-06-29,7.1,2026-07-06,2026-08-10,7.1,7.1,13,0,2026-06-29:7.1,Closed won,won,2026-07-06,,Approved,uk-south1 – UK,7,0.0
2026-09-16,467555291334,509222828228,VR,gpu,72,5000,24.05,RESERVE,PREPAID,0,2026-07-01,6.2,2026-07-01,2026-08-10,6.2,6.2,12,0,2026-07-01:6.2,Prospect,open_at_freeze,,,Waiting For Approval,Nemax,0,0.0
2026-09-16,467821439212,509445746914,GB300,rack,72,72,24.05,RESERVE,PREPAID,0,2026-07-06,5.99,2026-07-13,2026-08-10,5.62,5.62,11,1,2026-07-06:5.99>2026-07-13:5.62,Commercial Proposal,open_at_freeze,,,Approved,eu-west3 – Bethune,7,-6.2
2026-09-16,467823925475,509447292104,B300,gpu,,10000,11.97,RESERVE,PREPAID,0,2026-07-06,3.0,2026-07-06,2026-08-10,3.0,3.0,11,0,2026-07-06:3,Prospect,open_at_freeze,,,Waiting For Approval,me-west2 – Masmia Israel,0,0.0
2026-09-16,470365791448,494498738362,VR,gpu,72,4032,60.62,RESERVE,POSTPAID,0,2026-07-20,4.88,2026-07-20,2026-08-10,4.88,4.88,7,0,2026-07-20:4.88,Prospect,open_at_freeze,,,Approved,us-south1 – Oklahoma,0,0.0
2026-09-16,473111093461,512147961072,GB300,rack,72,72,12.01,RESERVE,PREPAID,0,2026-07-27,6.1,2026-07-29,2026-08-10,6.1,6.1,5,0,2026-07-27:6.1,Commercial Proposal,open_at_freeze,,,Waiting For Approval,eu-west3 – Bethune,2,0.0
2026-09-16,474434639096,499826411768,B300,gpu,,128,12.04,RESERVE,PREPAID,0,2026-07-29,5.56,2026-08-03,2026-08-10,5.6,5.6,4,1,2026-07-29:5.56>2026-08-03:5.6,Closed lost,lost_other,,Duplicate deal,Lost Deal,eu-west1 – Paris,5,0.7
2026-09-16,474466512104,509923258590,B300,gpu,,16,0.46,TESTING,NO_PAYMENT,0,2026-08-03,7.85,2026-08-03,2026-08-10,7.85,7.85,3,0,2026-08-03:7.85,Technical Validation,open_at_freeze,,,Waiting For Approval,uk-south2 – London East,0,0.0
2026-09-16,475261189338,514040932578,B300,gpu,,128,12.04,RESERVE,PREPAID,0,2026-08-03,5.6,2026-08-03,2026-08-10,5.6,5.6,3,0,2026-08-03:5.6,Commercial Proposal,open_at_freeze,,,Waiting for Business Approval,eu-west1 – Paris,0,0.0
2026-09-16,475385856244,514843738355,VR,gpu,72,2000,12.04,RESERVE,PREPAID,0,2026-08-03,7.0,2026-08-03,2026-08-10,7.0,7.0,3,0,2026-08-03:7,Prospect,open_at_freeze,,,Waiting For Approval,,0,0.0
2026-09-16,476019569909,500641528014,B300,gpu,,6256,5.92,RESERVE,PREPAID,0,2026-08-05,5.95,2026-08-05,2026-08-10,5.95,5.95,2,0,2026-08-05:5.95,Commercial Proposal,open_at_freeze,,,Approved,me-west2 – Masmia Israel,0,0.0
2026-09-16,8300834797,10033352686,H100,gpu,,4098,11.97,RESERVE,POSTPAID,1,2024-10-15,4.85,2024-10-15,2026-08-10,4.85,4.85,166,0,2024-10-15:4.85,Closed lost,lost_other,,Customer Disengagement or Cancellation,Disqualified,Finland,0,0.0
2026-09-16,86721983674,113100286150,H100,gpu,,64,1.94,PROMO,NO_PAYMENT,0,2025-02-03,2.95,2025-07-03,2026-08-10,2.95,2.95,152,0,2025-02-03:2.95,Disqualified,disqualified,,Test Deals,Disqualified,Nemax,150,0.0
2026-09-16,8844988623,11553353927,H100,gpu,,128,13.03,RESERVE,PREPAID,1,2024-10-15,3.0,2024-10-15,2026-08-10,3.0,3.0,166,0,2024-10-15:3,Closed lost,lost_other,,Customer Disengagement or Cancellation,Lost Deal,Finland,0,0.0
2026-09-16,9833941716,13471966174,H100,gpu,,8,0.76,TESTING,NO_PAYMENT,1,2024-10-15,4.85,2024-10-15,2026-08-10,4.85,4.85,166,0,2024-10-15:4.85,Closed won,won,2024-10-15,,Approved,Finland,0,0.0
2026-09-16,9879468506,13587176950,H100,gpu,,32,0.46,TESTING,NO_PAYMENT,1,2024-10-15,4.85,2024-10-15,2026-08-10,4.85,4.85,166,0,2024-10-15:4.85,Closed lost,lost_price_or_competitor,,Competitor Chosen;Insufficient Capabilities;Qualification Oversights,Lost Deal,Finland,0,0.0
2026-09-16,10124720591,13307271138,H100,gpu,,56,7.04,PAYG,POSTPAID,1,2024-10-15,2.5,2024-10-15,2026-08-10,2.5,2.5,166,0,2024-10-15:2.5,Closed won,won,2024-10-15,,Waiting For Approval,Nemax,0,0.0
2026-09-16,108494542042,115302927608,H200,gpu,,16,0.69,INTERNAL,NO_PAYMENT,0,2025-03-03,3.5,2025-03-03,2026-08-10,3.5,3.5,148,0,2025-03-03:3.5,Closed won,won,2025-03-03,,Approved,Nemax,0,0.0
2026-09-16,10866395358,15446337781,H100,gpu,,2048,4.34,RESERVE,PREPAID,1,2024-10-15,2.35,2024-10-15,2026-08-10,2.35,2.35,166,0,2024-10-15:2.35,Closed won,won,2024-10-15,,DECLINED,Finland,0,0.0
2026-09-16,111910378694,145671593148,H100,gpu,,16,11.97,PAYG,POSTPAID,0,2025-03-10,2.95,2025-03-17,2026-08-10,2.95,2.95,147,0,2025-03-10:2.95,Closed won,won,2025-03-17,,Approved,Nemax,7,0.0
2026-09-16,114139004128,142257453274,B200,gpu,,16,11.97,RESERVE,POSTPAID,0,2025-03-17,3.0,2025-05-01,2026-08-10,3.0,3.0,146,0,2025-03-17:3,Closed lost,lost_other,,Customer Disengagement or Cancellation,Lost Deal,us-central1 – Kansas,45,0.0
2026-09-16,14074368984,16205414610,H100,gpu,,8,0.43,TESTING,NO_PAYMENT,1,2024-10-15,3.5,2024-10-15,2024-10-22,3.5,3.5,2,0,2024-10-15:3.5,Prospect,open_at_freeze,,,Approved,Nemax,0,0.0
2026-09-16,172232260822,232779768032,H200,gpu,,128,2.99,PAYG,POSTPAID,0,2025-06-09,2.2,2025-07-03,2026-08-10,2.2,2.2,123,0,2025-06-09:2.2,Closed won,won,2025-07-03,,Approved,us-central1 – Kansas,24,0.0
2026-09-16,177225747648,237062665411,H200,gpu,,128,3.03,RESERVE,POSTPAID,0,2025-06-16,2.2,2025-06-19,2026-08-10,2.2,2.2,121,0,2025-06-16:2.2,Closed won,won,2025-06-19,,Approved,us-central1 – Kansas,3,0.0
2026-09-16,18805075443,22921370064,H100,gpu,,16,0.53,TESTING,NO_PAYMENT,1,2024-10-15,3.5,2024-11-14,2026-08-10,3.5,3.5,166,0,2024-10-15:3.5,Closed won,won,2024-11-14,,Disqualified,Nemax,30,0.0
2026-09-16,189287655611,254300597469,H200,gpu,,256,0.53,RESERVE,POSTPAID,0,2025-07-07,2.0,2025-08-11,2026-08-10,2.0,2.0,115,0,2025-07-07:2,Disqualified,disqualified,,Test Deals,Disqualified,eu-west1 – Paris,35,0.0
2026-09-16,191611191497,247884215521,H200,gpu,,96,12.01,RESERVE,POSTPAID,0,2025-07-07,3.5,2025-10-16,2026-08-10,3.5,2.45,115,0,2025-07-07:3.5,Closed lost,lost_other,,Qualification Oversights,Lost Deal,us-central1 – Kansas,101,-30.0
2026-09-16,197264271569,261525105904,B200,gpu,,512,0.49,TESTING,NO_PAYMENT,0,2025-07-17,5.5,2025-07-17,2025-09-01,5.5,5.5,14,0,2025-07-17:5.5,Technical Validation,open_at_freeze,,,Waiting For Approval,us-central1 – Kansas,0,0.0
2026-09-16,198823397612,263490973927,H200,gpu,,192,,PAYG,POSTPAID,0,2025-07-17,3.5,2025-07-31,2026-08-10,3.5,3.5,112,0,2025-07-17:3.5,Closed lost,lost_capacity,,NO_CAPACITY,Lost Deal,us-central1 – Kansas,14,0.0
2026-09-16,199775925483,264882465003,H100,gpu,,16,2.99,PAYG,POSTPAID,0,2025-07-21,2.5,2025-08-14,2026-08-10,2.5,2.5,111,0,2025-07-21:2.5,Closed lost,lost_other,,Customer Disengagement or Cancellation,Lost Deal,Nemax,24,0.0
2026-09-16,216991237347,153274318073,H100,gpu,,10,0.03,PAYG,PREPAID,0,2025-08-11,2.95,2025-08-28,2025-09-01,2.95,2.95,7,0,2025-08-11:2.95,Disqualified,disqualified,,Test Deals,Disqualified,uk-south1 – UK,17,0.0
2026-09-16,223528456439,288682446030,H200,gpu,,1024,1.02,RESERVE,PREPAID,0,2025-08-18,3.5,2025-08-21,2026-08-10,3.5,3.5,103,0,2025-08-18:3.5,Closed lost,lost_capacity,,NO_CAPACITY,Lost Deal,Nemax,3,0.0
2026-09-16,227741079791,281867217126,H200,gpu,,40,7.89,RESERVE,PREPAID,0,2025-08-25,1.9,2025-08-25,2025-08-25,1.9,1.9,1,0,2025-08-25:1.9,Prospect,open_at_freeze,,,Waiting For Approval,us-central1 – Kansas,0,0.0
2026-09-16,230564227315,295858319596,H100,gpu,,500,5.95,RESERVE,POSTPAID,0,2025-08-28,1.35,2025-09-01,2026-08-10,1.35,1.35,100,0,2025-08-28:1.35,Closed lost,lost_capacity,,NO_CAPACITY,Lost Deal,Nemax,4,0.0
2026-09-16,239477607623,301846506693,B200,gpu,,16,2.96,RESERVE,POSTPAID,0,2025-09-08,3.0,2026-06-03,2026-08-10,3.0,3.0,78,0,2025-09-08:3,Disqualified,disqualified,,Duplicate deal,Disqualified,uk-south1 – UK,268,0.0
2026-09-16,241234295006,286965086402,H200,gpu,,32,12.04,RESERVE,PREPAID,0,2025-09-11,2.5,2025-09-11,2025-10-13,2.5,2.5,10,0,2025-09-11:2.5,Technical Validation,open_at_freeze,,,Waiting For Approval,us-central1 – Kansas,0,0.0
2026-09-16,241236560075,230122506435,H100,gpu,,32,6.02,RESERVE,POSTPAID,0,2025-09-11,1.6,2026-05-18,2026-08-10,1.6,1.6,96,0,2025-09-11:1.6,Closed lost,lost_other,,Customer Disengagement or Cancellation,Lost Deal,Nemax,249,0.0
2026-09-16,252864180453,314866946274,H200,gpu,,32,0.36,TESTING,NO_PAYMENT,0,2025-09-29,3.5,2025-09-29,2025-10-13,3.5,3.5,5,0,2025-09-29:3.5,Technical Validation,open_at_freeze,,,Approved,Nemax,0,0.0
2026-09-16,262513213631,321302740162,H200,gpu,,16,0.33,TESTING,NO_PAYMENT,0,2025-10-09,3.5,2025-12-22,2026-08-10,3.5,3.5,88,0,2025-10-09:3.5,Closed lost,lost_price_or_competitor,,Pricing and Billing Issues,Lost Deal,Nemax,74,0.0
2026-09-16,262517155030,240357638342,H200,gpu,,280,4.01,RESERVE,POSTPAID,0,2025-10-09,1.9,2025-10-09,2026-08-10,1.9,1.9,88,0,2025-10-09:1.9,Closed won,won,2025-10-09,,Approved,us-central1 – Kansas,0,0.0
2026-09-16,321523435721,386581655759,H100,gpu,,512,5.95,RESERVE,PREPAID,0,2025-11-26,2.95,2025-12-03,2026-08-10,2.95,1.65,74,0,2025-11-26:2.95,Closed lost,lost_capacity,,NO_CAPACITY;Customer Disengagement or Cancellation,Lost Deal,Nemax,7,-44.1
2026-09-16,324816830710,339031471320,H200,gpu,,32,6.12,RESERVE,PREPAID,0,2025-12-01,1.9,2026-01-05,2026-08-10,1.9,1.9,73,0,2025-12-01:1.9,Closed lost,lost_other,,Customer Disengagement or Cancellation,Lost Deal,Nemax,35,0.0
2026-09-16,326432850158,386118669520,H200,gpu,,8,5.46,RESERVE,POSTPAID,0,2025-12-01,1.8,2026-07-13,2026-08-10,1.8,1.8,73,0,2025-12-01:1.8,Closed lost,lost_other,,Customer Disengagement or Cancellation,Lost Deal,Nemax,224,0.0
2026-09-16,348558229697,411341547719,B200,gpu,,32,11.97,RESERVE,PREPAID,0,2025-12-22,3.1,2026-06-03,2026-08-10,3.1,3.1,28,0,2025-12-22:3.1,Disqualified,disqualified,,Customer Disengagement or Cancellation,Disqualified,me-west1 - Israel,163,0.0
2026-09-16,348670165238,409575164123,H200,gpu,,16,0.79,TESTING,NO_PAYMENT,0,2025-12-22,3.5,2026-04-29,2026-08-10,3.5,3.5,67,0,2025-12-22:3.5,Closed lost,lost_other,,Insufficient Capabilities,Lost Deal,us-central1 – Kansas,128,0.0
2026-09-16,354498272476,339027845341,H200,gpu,,128,7.96,RESERVE,PREPAID,0,2025-12-29,1.83,2026-06-03,2026-06-03,1.87,1.87,46,2,2025-12-29:1.83>2026-02-02:1.9>2026-02-11:1.87,Agreement signing,open_at_freeze,,,Waiting For Approval,Nemax,156,2.2
2026-09-16,378431035586,396491689196,H200,gpu,,226,5.99,RESERVE,PREPAID,0,2026-01-19,1.75,2026-02-11,2026-08-10,1.75,1.75,59,0,2026-01-19:1.75,Closed lost,lost_capacity,,NO_CAPACITY,Lost Deal,eu-west1 – Paris,23,0.0
2026-09-16,38991903934,40178071784,H100,gpu,,32,12.01,RESERVE,POSTPAID,0,2024-11-14,2.07,2024-11-26,2026-08-10,2.07,2.07,162,0,2024-11-14:2.07,Closed lost,lost_other,,Customer Disengagement or Cancellation,Lost Deal,Nemax,12,0.0
2026-09-16,408834811090,465860705479,B200,gpu,,512,1.18,RESERVE,PREPAID,0,2026-02-11,3.02,2026-03-11,2026-08-10,3.02,3.02,52,0,2026-02-11:3.02,Closed won,won,2026-03-11,,Approved,me-west1 - Israel,28,0.0
2026-09-16,410267986142,467645128932,B200,gpu,,50,5.03,RESERVE,POSTPAID,0,2026-02-16,3.4,2026-02-16,2026-08-10,3.4,3.4,51,0,2026-02-16:3.4,Closed lost,lost_capacity,,NO_CAPACITY,Lost Deal,us-central1 – Kansas,0,0.0
2026-09-16,424749440243,479542600921,B200,gpu,,8,1.48,RESERVE,POSTPAID,0,2026-03-02,3.7,2026-06-01,2026-08-10,3.7,3.7,47,0,2026-03-02:3.7,Closed lost,lost_other,,Customer Disengagement or Cancellation,Lost Deal,me-west1 - Israel,91,0.0
2026-09-16,426077985017,409575164123,B200,gpu,,16,0.99,TESTING,NO_PAYMENT,0,2026-03-02,5.5,2026-04-29,2026-08-10,5.5,5.5,47,0,2026-03-02:5.5,Closed lost,lost_other,,Insufficient Capabilities,Lost Deal,us-central1 – Kansas,58,0.0
2026-09-16,43209427157,45646178539,H100,gpu,,128,1.35,RESERVE,PREPAID,0,2024-11-26,1.6,2024-11-26,2024-12-03,1.6,1.6,2,0,2024-11-26:1.6,Commercial Proposal,open_at_freeze,,,Pre-Approved,Nemax,0,0.0
2026-09-16,436152031428,490004170976,B300,gpu,,5000,36.05,RESERVE,PREPAID,0,2026-03-09,4.9,2026-04-27,2026-08-10,3.91,3.91,45,3,2026-03-09:4.9>2026-03-23:3.4>2026-03-30:4>2026-04-01:3.91,Closed lost,lost_other,,Customer Disengagement or Cancellation,Lost Deal,eu-west2 – Paris,49,-20.2
2026-09-16,439808022754,425900011726,H100,gpu,,8,12.53,PAYG,NO_PAYMENT,0,2026-03-11,2.95,2026-03-11,2026-08-10,2.95,2.95,44,0,2026-03-11:2.95,Closed won,won,2026-03-11,,Approved,Nemax,0,0.0
2026-09-16,443076016370,490004170976,VR,gpu,72,15000,24.05,RESERVE,PREPAID,0,2026-03-23,7.5,2026-03-23,2026-03-25,7.5,7.5,2,0,2026-03-23:7.5,Commercial Proposal,open_at_freeze,,,Waiting For Approval,us-central1 – Kansas,0,0.0
2026-09-16,447436031168,496652482762,H100,gpu,,16,11.97,RESERVE,POSTPAID,0,2026-04-01,2.0,2026-06-24,2026-08-10,2.0,2.0,38,0,2026-04-01:2,Closed lost,lost_capacity,,NO_CAPACITY,Lost Deal,Nemax,84,0.0
2026-09-16,448185348292,480627557582,B300,gpu,,8,0.1,TESTING,NO_PAYMENT,0,2026-04-06,7.1,2026-04-06,2026-08-10,7.1,7.1,37,0,2026-04-06:7.1,Technical Validation,open_at_freeze,,,Approved,uk-south1 – UK,0,0.0
2026-09-16,451799351529,499552323826,B300,gpu,,768,24.05,RESERVE,PREPAID,0,2026-04-22,4.7,2026-06-08,2026-08-10,5.05,5.05,32,1,2026-04-22:4.7>2026-04-29:5.05,Closed won,won,2026-06-08,,Approved,eu-west2 – Paris,47,7.4
2026-09-16,456027576551,502037508341,H200,gpu,,32,12.04,RESERVE,PREPAID,0,2026-05-11,2.9,2026-05-18,2026-08-10,2.9,2.9,27,0,2026-05-11:2.9,Closed lost,lost_capacity,,NO_CAPACITY,Lost Deal,eu-west1 – Paris,7,0.0
2026-09-16,456583796976,496835358925,B300,gpu,,16,0.33,TESTING,NO_PAYMENT,0,2026-05-13,7.1,2026-07-13,2026-08-10,7.1,7.1,26,0,2026-05-13:7.1,Closed lost,lost_other,,Customer Disengagement or Cancellation,Lost Deal,uk-south1 – UK,61,0.0
2026-09-16,461383898305,505033891037,B300,gpu,,400,36.05,RESERVE,PREPAID,0,2026-06-08,4.8,2026-07-08,2026-08-10,4.8,4.8,19,0,2026-06-08:4.8,Closed won,won,2026-07-08,,Approved,eu-west2 – Paris,30,0.0
2026-09-16,464698370289,507364270312,B300,gpu,,1024,12.01,RESERVE,PREPAID,0,2026-06-22,5.1,2026-06-22,2026-08-10,5.1,5.1,15,0,2026-06-22:5.1,Prospect,open_at_freeze,,,Waiting For Approval,uk-south1 – UK,0,0.0
2026-09-16,467800114379,509450244327,H200,gpu,,72,0.13,TESTING,NO_PAYMENT,0,2026-07-13,4.5,2026-07-13,2026-08-10,4.5,4.5,9,0,2026-07-13:4.5,Prospect,open_at_freeze,,,DECLINED,us-central1 – Kansas,0,0.0
2026-09-16,472535720143,512058254534,B200,gpu,,16,11.97,RESERVE,PREPAID,0,2026-07-27,5.3,2026-07-27,2026-07-27,5.3,5.3,1,0,2026-07-27:5.3,Technical Validation,open_at_freeze,,,Waiting For Approval,us-central1 – Kansas,0,0.0
2026-09-16,63826236617,79203525865,H100,gpu,,144,0.92,INTERNAL,NO_PAYMENT,0,2025-01-07,2.95,2025-07-03,2026-08-10,2.95,2.95,156,0,2025-01-07:2.95,Disqualified,disqualified,,Test Deals,Disqualified,Nemax,177,0.0
2026-09-16,96837897464,16310655177,H200,gpu,,16,0.23,TESTING,NO_PAYMENT,0,2025-02-17,3.5,2025-02-17,2026-08-10,3.5,3.5,150,0,2025-02-17:3.5,Closed won,won,2025-02-17,,Approved,eu-west1 – Paris,0,0.0
2026-09-16,10227335611,14224720371,H100,gpu,,2400,12.01,RESERVE,POSTPAID,1,2024-10-15,2.2,2024-10-15,2026-08-10,2.2,2.2,166,0,2024-10-15:2.2,Closed lost,lost_other,,Customer Disengagement or Cancellation,Lost Deal,Finland,0,0.0
2026-09-16,10641008073,14406015213,H100,gpu,,128,1.22,PAYG,POSTPAID,1,2024-10-15,3.9,2024-10-15,2026-08-10,3.9,3.9,166,0,2024-10-15:3.9,Closed won,won,2024-10-15,,Disqualified,Finland,0,0.0
2026-09-16,10753864145,10783220678,H100,gpu,,40,11.97,RESERVE,POSTPAID,1,2024-10-15,2.5,2024-10-15,2026-08-10,2.5,2.5,166,0,2024-10-15:2.5,Closed won,won,2024-10-15,,Waiting For Approval,Finland,0,0.0
2026-09-16,10821927139,15367010779,H100,gpu,,16,0.43,PROMO,NO_PAYMENT,1,2024-10-15,4.85,2024-10-15,2026-08-10,4.85,4.85,166,0,2024-10-15:4.85,Closed lost,lost_other,,Customer Disengagement or Cancellation,Lost Deal,Finland,0,0.0
2026-09-16,10940663252,15554929365,H100,gpu,,256,11.97,RESERVE,POSTPAID,1,2024-10-15,2.3,2024-10-15,2026-08-10,2.3,2.3,166,0,2024-10-15:2.3,Closed won,won,2024-10-15,,,Finland,0,0.0
2026-09-16,11328115704,16013300185,H100,gpu,,8,0.89,TESTING,NO_PAYMENT,1,2024-10-15,4.85,2025-04-03,2026-08-10,2.95,2.95,166,1,2024-10-15:4.85>2025-03-03:2.95,Closed lost,lost_other,,Insufficient Capabilities,Lost Deal,Nemax,170,-39.2
2026-09-16,121769811176,148674431180,H100,gpu,,1024,11.97,RESERVE,POSTPAID,0,2025-03-24,1.65,2025-03-24,2025-04-14,1.65,1.65,7,0,2025-03-24:1.65,Technical Validation,open_at_freeze,,,Waiting For Approval,Nemax,0,0.0
2026-09-16,126586134756,169332392169,H200,gpu,,32,0.46,TESTING,NO_PAYMENT,0,2025-04-07,3.5,2025-09-08,2026-08-10,3.5,3.5,141,0,2025-04-07:3.5,Closed lost,lost_price_or_competitor,,Pricing and Billing Issues,Lost Deal,eu-north2 – Iceland,154,0.0
2026-09-16,144009371873,174975604979,H100,gpu,,96,1.02,RESERVE,POSTPAID,0,2025-05-01,2.5,2025-07-31,2026-08-10,2.5,2.5,134,0,2025-05-01:2.5,Closed lost,lost_capacity,,NO_CAPACITY,Lost Deal,Nemax,91,0.0
2026-09-16,144202539243,115365785814,H200,gpu,,128,6.18,RESERVE,POSTPAID,0,2025-05-01,2.05,2025-05-26,2026-08-10,2.05,2.05,134,0,2025-05-01:2.05,Closed won,won,2025-05-26,,Disqualified,Nemax,25,0.0
2026-09-16,147588024533,222147733714,H200,gpu,,24,3.98,RESERVE,PREPAID,0,2025-05-29,2.5,2025-08-28,2026-08-10,2.5,2.5,126,0,2025-05-29:2.5,Closed lost,lost_price_or_competitor,,Competitor Chosen,Lost Deal,us-central1 – Kansas,91,0.0
2026-09-16,160951394511,216062664906,H200,gpu,,128,1.02,RESERVE,PREPAID,0,2025-05-22,2.3,2025-05-22,2026-08-10,2.3,2.3,128,0,2025-05-22:2.3,Closed won,won,2025-05-22,,Approved,us-central1 – Kansas,0,0.0
2026-09-16,170341885169,121620103377,H200,gpu,,16,0.3,TESTING,NO_PAYMENT,0,2025-06-05,3.5,2025-06-26,2026-08-10,3.5,3.5,124,0,2025-06-05:3.5,Closed lost,lost_price_or_competitor,,Competitor Chosen,Lost Deal,us-central1 – Kansas,21,0.0
2026-09-16,175316539591,230122490095,H100,gpu,,256,4.47,RESERVE,POSTPAID,0,2025-06-12,1.4,2025-06-19,2026-08-10,1.4,1.4,122,0,2025-06-12:1.4,Closed won,won,2025-06-19,,Approved,Nemax,7,0.0
2026-09-16,175559502065,234996230351,H200,gpu,,16,0.56,TESTING,NO_PAYMENT,0,2025-06-12,3.5,2025-07-31,2026-08-10,3.5,3.5,122,0,2025-06-12:3.5,Closed lost,lost_capacity,,NO_CAPACITY,Lost Deal,us-central1 – Kansas,49,0.0
2026-09-16,176229655755,235952511168,H200,gpu,,2,2.5,PAYG,POSTPAID,0,2025-06-12,3.5,2025-07-03,2026-08-10,3.5,3.5,122,0,2025-06-12:3.5,Closed lost,lost_other,,Customer Disengagement or Cancellation,Lost Deal,Nemax,21,0.0
2026-09-16,18945154765,23052534744,H200,gpu,,128,2.93,RESERVE,POSTPAID,0,2024-10-22,2.2,2026-01-05,2026-08-10,2.2,2.2,165,0,2024-10-22:2.2,Closed won,won,2026-01-05,,Waiting For Approval,Nemax,440,0.0
2026-09-16,192859161798,258180622529,H200,gpu,,32,3.09,RESERVE,POSTPAID,0,2025-07-10,2.0,2025-07-24,2026-08-10,2.0,2.0,114,0,2025-07-10:2,Closed won,won,2025-07-24,,Approved,Nemax,14,0.0
2026-09-16,192859161805,258180622529,H100,gpu,,24,3.09,PAYG,POSTPAID,0,2025-07-10,2.0,2025-07-24,2026-08-10,2.0,2.0,114,0,2025-07-10:2,Closed won,won,2025-07-24,,Approved,Nemax,14,0.0
2026-09-16,194266620101,260003159237,H200,gpu,,328,0.26,PAYG,PREPAID,0,2025-07-10,1.9,2025-07-10,2026-08-10,1.9,1.9,114,0,2025-07-10:1.9,Closed won,won,2025-07-10,,Approved,us-central1 – Kansas,0,0.0
2026-09-16,197217626360,105060749550,H200,gpu,,54,1.97,PAYG,PREPAID,0,2025-07-14,3.5,2025-09-29,2026-08-10,3.5,1.75,113,0,2025-07-14:3.5,Commercial Proposal,open_at_freeze,,Test Deals,,me-west1 - Israel,77,-50.0
2026-09-16,215519534306,280346416342,H200,gpu,,48,5.99,RESERVE,PREPAID,0,2025-08-07,2.2,2025-10-02,2026-08-10,2.05,2.05,106,1,2025-08-07:2.2>2025-09-29:2.05,Closed won,won,2025-10-02,,Approved,eu-west1 – Paris,56,-6.8
2026-09-16,238025009368,247038800066,B200,gpu,,16,0.23,TESTING,NO_PAYMENT,0,2025-09-08,5.5,2025-09-15,2026-08-10,5.5,5.5,97,0,2025-09-08:5.5,Closed won,won,2025-09-15,,Approved,us-central1 – Kansas,7,0.0
2026-09-16,254896898254,320363937012,GB300,rack,72,6048,1.97,RESERVE,PREPAID,0,2025-10-02,6.0,2026-03-18,2026-08-10,5.6,5.6,90,1,2025-10-02:6>2025-10-23:5.6,Closed lost,lost_price_or_competitor,,Competitor Chosen,Lost Deal,eu-west1 – Paris,167,-6.7
2026-09-16,262774034643,314876351677,B300,gpu,,512,12.01,RESERVE,PREPAID,0,2025-10-09,3.6,2025-11-03,2026-08-10,3.45,3.45,88,1,2025-10-09:3.6>2025-10-16:3.45,Closed won,won,2025-11-03,,Approved,uk-south1 – UK,25,-4.2
2026-09-16,268859231425,334294188224,H200,gpu,,48,6.02,RESERVE,PREPAID,0,2025-10-16,1.9,2025-11-17,2026-08-10,1.92,1.92,86,1,2025-10-16:1.9>2025-11-10:1.92,Closed won,won,2025-11-17,,Approved,eu-west1 – Paris,32,1.1
2026-09-16,29328806114,15638658551,H100,gpu,,1024,11.97,RESERVE,PREPAID,0,2024-11-05,1.85,2025-01-13,2026-08-10,1.85,1.85,163,0,2024-11-05:1.85,Closed lost,lost_other,,Customer Disengagement or Cancellation,Lost Deal,Nemax,69,0.0
2026-09-16,298073096381,268872738026,B300,gpu,,4000,0.99,RESERVE,POSTPAID,0,2025-11-06,3.4,2025-11-06,2025-11-13,3.4,3.4,3,0,2025-11-06:3.4,Commercial Proposal,open_at_freeze,,,Pre-Approved,uk-south1 – UK,0,0.0
2026-09-16,305594429656,371121868990,B200,gpu,,304,12.01,RESERVE,PREPAID,0,2025-11-13,3.1,2025-11-13,2025-12-03,2.95,2.95,7,1,2025-11-13:3.1>2025-11-26:2.95,Commercial Proposal,open_at_freeze,,,Waiting For Approval,me-west1 - Israel,0,-4.8
2026-09-16,34103849154,37714424017,H200,gpu,,8,0.2,TESTING,NO_PAYMENT,0,2024-11-14,3.5,2024-11-18,2026-08-10,3.5,3.5,162,0,2024-11-14:3.5,Closed lost,lost_other,,Security and Compliance Gaps,Waiting For Approval,Nemax,4,0.0
2026-09-16,345265846481,409575164123,B200,gpu,,8,0.56,TESTING,NO_PAYMENT,0,2025-12-17,5.5,2025-12-17,2026-02-18,5.5,5.5,19,0,2025-12-17:5.5,Technical Validation,open_at_freeze,,,Waiting For Approval,us-central1 – Kansas,0,0.0
2026-09-16,347604765899,411340734661,B200,gpu,,4000,12.01,RESERVE,PREPAID,0,2025-12-22,5.5,2026-04-08,2026-08-10,5.5,3.3,67,0,2025-12-22:5.5,Closed lost,lost_capacity,,NO_CAPACITY,Lost Deal,us-central1 – Kansas,107,-40.0
2026-09-16,376416562421,436559920347,B300,gpu,,64,0.43,TESTING,NO_PAYMENT,0,2026-01-19,7.1,2026-03-04,2026-08-10,7.1,7.1,59,0,2026-01-19:7.1,Closed lost,lost_capacity,,NO_CAPACITY,Lost Deal,uk-south1 – UK,44,0.0
2026-09-16,401586500801,455037693154,B200,gpu,,8,0.2,TESTING,NO_PAYMENT,0,2026-02-04,5.5,2026-04-01,2026-08-10,5.5,5.5,54,0,2026-02-04:5.5,Closed lost,lost_other,,Customer Disengagement or Cancellation,Lost Deal,us-central1 – Kansas,56,0.0
2026-09-16,409142615281,466108675292,H100,gpu,,64,1.02,RESERVE,PREPAID,0,2026-02-11,1.7,2026-02-11,2026-02-11,1.7,1.7,1,0,2026-02-11:1.7,Commercial Proposal,open_at_freeze,,,Waiting for Business Approval,Nemax,0,0.0
2026-09-16,409422814425,466108675285,B200,gpu,,8,0.89,PAYG,PREPAID,0,2026-02-11,5.15,2026-03-23,2026-08-10,4.5,4.5,52,1,2026-02-11:5.15>2026-02-16:4.5,Closed won,won,2026-03-23,,Waiting For Approval,me-west1 - Israel,40,-12.6
2026-09-16,409585206467,466547616959,H200,gpu,,256,12.01,RESERVE,PREPAID,0,2026-02-11,1.95,2026-02-16,2026-08-10,1.95,1.95,52,0,2026-02-11:1.95,Closed lost,lost_capacity,,NO_CAPACITY,Lost Deal,eu-west1 – Paris,5,0.0
2026-09-16,40972115192,46298925305,H100,gpu,,16,0.69,TESTING,NO_PAYMENT,0,2024-11-18,2.95,2025-02-03,2026-08-10,2.95,2.95,161,0,2024-11-18:2.95,Closed won,won,2025-02-03,,Approved,Nemax,77,0.0
2026-09-16,410267868377,467103602897,B300,gpu,,2400,12.01,RESERVE,PREPAID,0,2026-02-11,3.84,2026-04-29,2026-08-10,3.55,3.55,52,1,2026-02-11:3.84>2026-03-09:3.55,Closed lost,lost_capacity,,NO_CAPACITY;Qualification Oversights,Lost Deal,us-north1 – Minnesota,77,-7.6
2026-09-16,41167753452,47123716307,H100,gpu,,87,0.3,TESTING,NO_PAYMENT,0,2024-11-18,2.95,2024-12-03,2026-08-10,2.95,2.95,161,0,2024-11-18:2.95,Closed won,won,2024-12-03,,Approved,Nemax,15,0.0
2026-09-16,429030188243,483392047328,H100,gpu,,16,0.69,TESTING,NO_PAYMENT,0,2026-03-02,2.95,2026-03-30,2026-08-10,2.95,2.95,47,0,2026-03-02:2.95,Closed lost,lost_capacity,,NO_CAPACITY,Lost Deal,Nemax,28,0.0
2026-09-16,433416487106,487424805110,B300,gpu,,256,24.05,RESERVE,PREPAID,0,2026-03-09,3.85,2026-03-09,2026-08-10,3.85,3.85,45,0,2026-03-09:3.85,Technical Validation,open_at_freeze,,,Waiting For Approval,us-north1 – Minnesota,0,0.0
2026-09-16,454307305721,501228686541,H200,gpu,,64,12.04,RESERVE,PREPAID,0,2026-05-04,3.3,2026-07-01,2026-08-10,3.1,3.1,29,1,2026-05-04:3.3>2026-05-06:3.1,Closed lost,lost_capacity,,NO_CAPACITY;Competitor Chosen,Lost Deal,us-central1 – Kansas,58,-6.1
2026-09-16,454877142240,378945656002,H100,gpu,,328,11.97,RESERVE,PREPAID,0,2026-05-04,2.45,2026-06-01,2026-08-10,2.45,2.45,29,2,2026-05-04:2.45>2026-05-18:2.4>2026-05-27:2.45,Closed won,won,2026-06-01,,Approved,Nemax,28,0.0
2026-09-16,456649838826,502451235034,B300,gpu,,8,0.33,TESTING,NO_PAYMENT,0,2026-05-13,7.1,2026-06-08,2026-08-10,7.1,7.1,26,0,2026-05-13:7.1,Commercial Proposal,open_at_freeze,,,Waiting For Approval,uk-south1 – UK,26,0.0
2026-09-16,458926153969,503790817529,H100,gpu,,32,11.97,RESERVE,PREPAID,0,2026-05-25,2.45,2026-06-01,2026-08-10,2.45,2.45,23,0,2026-05-25:2.45,Closed lost,lost_other,,Customer Disengagement or Cancellation,Lost Deal,Nemax,7,0.0
2026-09-16,465448774885,507748246756,B300,gpu,,64,12.01,RESERVE,PREPAID,0,2026-06-24,5.56,2026-07-08,2026-08-10,5.56,5.56,14,0,2026-06-24:5.56,Technical Validation,open_at_freeze,,,Waiting For Approval,eu-south1 – Madrid,14,0.0
2026-09-16,465471940801,507742287080,B200,gpu,,48,1.35,RESERVE,PREPAID,0,2026-06-24,5.2,2026-07-13,2026-08-10,5.2,5.2,14,0,2026-06-24:5.2,Closed lost,lost_other,,Duplicate deal,Lost Deal,me-west1 - Israel,19,0.0
2026-09-16,466053558494,508123163887,B200,gpu,,32,11.97,RESERVE,PREPAID,0,2026-06-29,4.95,2026-06-29,2026-07-06,4.95,4.95,3,0,2026-06-29:4.95,Prospect,open_at_freeze,,,Waiting For Approval,uk-south2 – London East,0,0.0
2026-09-16,467472716999,502452930781,B200,gpu,,16,0.56,TESTING,NO_PAYMENT,0,2026-07-06,7.15,2026-07-20,2026-08-10,7.15,7.15,11,0,2026-07-06:7.15,Closed lost,lost_price_or_competitor,,Competitor Chosen,Lost Deal,us-central1 – Kansas,14,0.0
2026-09-16,467801554109,510081885391,GB300,rack,72,1152,12.04,RESERVE,,0,2026-07-15,9.2,2026-07-15,2026-08-10,9.2,9.2,8,0,2026-07-15:9.2,Prospect,open_at_freeze,,,Waiting For Approval,,0,0.0
2026-09-16,467826417863,509473294567,B300,gpu,,1700,12.01,RESERVE,POSTPAID,0,2026-07-08,5.3,2026-07-08,2026-07-08,5.3,5.3,1,0,2026-07-08:5.3,Technical Validation,open_at_freeze,,,Waiting For Approval,eu-west2 – Paris,0,0.0
2026-09-16,470305079509,510184286441,B300,gpu,,64,11.97,RESERVE,PREPAID,0,2026-07-15,5.56,2026-07-29,2026-08-10,5.73,5.73,8,1,2026-07-15:5.56>2026-08-03:5.73,Commercial Proposal,open_at_freeze,,,Waiting For Approval,me-west2 – Masmia Israel,14,3.1
2026-09-16,476017772755,500641528014,VR,rack,72,2592,6.02,RESERVE,PREPAID,0,2026-08-05,8.5,2026-08-05,2026-08-10,8.5,8.5,2,0,2026-08-05:8.5,Commercial Proposal,open_at_freeze,,,Approved,,0,0.0
2026-09-16,77457670368,98407624927,H200,gpu,,8,11.74,PAYG,POSTPAID,0,2025-01-13,4.85,2025-01-13,2026-08-10,4.85,4.85,155,0,2025-01-13:4.85,Closed won,won,2025-01-13,,Approved,eu-west1 – Paris,0,0.0
2026-09-16,78240198844,99659808973,H100,gpu,,16,5.03,PAYG,PREPAID,0,2025-01-13,2.95,2025-04-10,2026-08-10,2.95,2.95,155,0,2025-01-13:2.95,Closed lost,lost_price_or_competitor,,Pricing and Billing Issues,Lost Deal,Nemax,87,0.0
2026-09-16,8259355113,8455991752,H100,gpu,,200,0.46,RESERVE,TESTING,1,2024-10-15,4.85,2024-10-15,2026-08-10,4.85,4.85,166,0,2024-10-15:4.85,Disqualified,disqualified,,Qualification Oversights,,Finland,0,0.0
2026-09-16,8311928274,9496207584,H100,gpu,,64,6.05,RESERVE,POSTPAID,1,2024-10-15,4.85,2024-10-15,2026-08-10,4.85,4.85,166,0,2024-10-15:4.85,Closed won,won,2024-10-15,,Disqualified,Finland,0,0.0
2026-09-16,8444158949,10582036977,H100,gpu,,1,0.69,TESTING,NO_PAYMENT,1,2024-10-15,4.85,2024-10-15,2026-08-10,4.85,4.85,166,0,2024-10-15:4.85,Disqualified,disqualified,,Customer Disengagement or Cancellation,Disqualified,Finland,0,0.0
2026-09-16,8461430487,10186892522,H100,gpu,,1,0.2,TESTING,NO_PAYMENT,1,2024-10-15,4.85,2024-10-15,2026-08-10,4.85,4.85,166,0,2024-10-15:4.85,Disqualified,disqualified,,Test Deals,Disqualified,Finland,0,0.0
2026-09-16,9039096811,10624796900,H100,gpu,,128,7.89,RESERVE,PREPAID,1,2024-10-15,2.8,2024-10-15,2026-08-10,2.8,2.8,166,0,2024-10-15:2.8,Closed won,won,2024-10-15,,Approved,Finland,0,0.0
2026-09-16,9412109797,10116337356,H100,gpu,,8,0.99,TESTING,NO_PAYMENT,1,2024-10-15,4.85,2024-10-15,2026-08-10,4.85,4.85,166,0,2024-10-15:4.85,Disqualified,disqualified,,Customer Disengagement or Cancellation,Disqualified,Finland,0,0.0
2026-09-16,9754123735,13281493996,H100,gpu,,16,0.23,TESTING,NO_PAYMENT,1,2024-10-15,4.85,2024-10-15,2026-08-10,4.85,4.85,166,0,2024-10-15:4.85,Closed lost,lost_price_or_competitor,,Pricing and Billing Issues,Lost Deal,Finland,0,0.0
2026-09-16,10017172719,13064905934,H100,gpu,,1,1.02,TESTING,NO_PAYMENT,1,2024-10-15,4.85,2024-10-15,2026-08-10,4.85,4.85,166,0,2024-10-15:4.85,Disqualified,disqualified,,Customer Disengagement or Cancellation,Disqualified,Finland,0,0.0
2026-09-16,10089421501,14161963759,H100,gpu,,2,12.01,RESERVE,POSTPAID,1,2024-10-15,3.0,2024-10-15,2026-08-10,3.0,3.0,166,0,2024-10-15:3,Closed lost,lost_price_or_competitor,,Pricing and Billing Issues,Lost Deal,Finland,0,0.0
2026-09-16,101107741931,131714994383,H200,gpu,,64,0.33,RESERVE,PREPAID,0,2025-02-24,2.3,2025-03-03,2026-08-10,2.3,2.3,149,0,2025-02-24:2.3,Closed lost,lost_capacity,,NO_CAPACITY,Lost Deal,Nemax,7,0.0
2026-09-16,10228890053,13307271138,H100,gpu,,16,16.94,PAYG,POSTPAID,1,2024-10-15,4.85,2024-10-15,2026-08-10,4.85,4.85,166,0,2024-10-15:4.85,Closed won,won,2024-10-15,,DECLINED,Finland,0,0.0
2026-09-16,110554437820,143435615421,H100,gpu,,48,6.05,PAYG,PREPAID,0,2025-03-10,2.95,2025-03-31,2026-08-10,2.5,2.5,147,1,2025-03-10:2.95>2025-03-27:2.5,Closed won,won,2025-03-31,,Approved,Nemax,21,-15.3
2026-09-16,121902036216,125573156052,B200,gpu,,128,3.03,RESERVE,PREPAID,0,2025-03-24,3.0,2025-06-16,2026-08-10,3.0,3.0,145,0,2025-03-24:3,Closed lost,lost_price_or_competitor,,Pricing and Billing Issues,Lost Deal,us-central1 – Kansas,84,0.0
2026-09-16,123236704499,165815781620,H200,gpu,,768,1.97,RESERVE,PREPAID,0,2025-03-27,2.13,2025-05-26,2026-08-10,2.13,2.13,144,0,2025-03-27:2.13,Closed won,won,2025-05-26,,Disqualified,eu-west1 – Paris,60,0.0
2026-09-16,125247519971,165815781620,H200,gpu,,688,1.94,RESERVE,PREPAID,0,2025-04-03,2.13,2025-05-26,2026-08-10,2.13,2.13,142,0,2025-04-03:2.13,Closed won,won,2025-05-26,,Approved,eu-west1 – Paris,53,0.0
2026-09-16,13208140019,16782199492,H100,gpu,,16,0.13,TESTING,POSTPAID,1,2024-10-15,3.5,2024-10-15,2026-08-10,3.5,3.5,166,0,2024-10-15:3.5,Closed won,won,2024-10-15,,Approved,Finland,0,0.0
2026-09-16,143347043531,192080932044,H100,gpu,,8,5.99,RESERVE,POSTPAID,0,2025-04-28,2.2,2025-05-29,2026-08-10,2.2,2.2,135,0,2025-04-28:2.2,Closed won,won,2025-05-29,,Approved,Nemax,31,0.0
2026-09-16,144939010259,179512178936,H200,gpu,,64,0.23,RESERVE,PREPAID,0,2025-05-01,2.3,2025-05-15,2026-08-10,2.3,2.3,134,0,2025-05-01:2.3,Closed won,won,2025-05-15,,Approved,Nemax,14,0.0
2026-09-16,15380959187,16803993075,H100,gpu,,144,1.02,PAYG,POSTPAID,1,2024-10-15,2.6,2024-10-15,2026-08-10,2.6,2.6,166,0,2024-10-15:2.6,Closed won,won,2024-10-15,,Approved,Nemax,0,0.0
2026-09-16,163948117201,154040809675,H100,gpu,,24,2.99,RESERVE,PREPAID,0,2025-05-26,1.8,2025-09-04,2026-08-10,2.0,2.0,127,1,2025-05-26:1.8>2025-06-02:2,Disqualified,disqualified,,Qualification Oversights,Disqualified,Nemax,101,11.1
2026-09-16,18408813300,22883551982,H100,gpu,,16,11.97,RESERVE,PREPAID,1,2024-10-15,2.59,2024-10-29,2026-08-10,2.1,2.1,166,1,2024-10-15:2.59>2024-11-05:2.1,Closed lost,lost_other,2024-12-10,Customer Disengagement or Cancellation,Lost Deal,Nemax,14,-18.9
2026-09-16,18408813301,22883551982,H100,gpu,,16,1.97,TESTING,PREPAID,1,2024-10-15,2.29,2024-10-29,2026-08-10,2.1,2.1,166,1,2024-10-15:2.29>2024-11-05:2.1,Closed lost,lost_other,2024-12-10,Customer Disengagement or Cancellation,Lost Deal,Nemax,14,-8.3
2026-09-16,191581813972,246062728379,B200,gpu,,16,0.36,TESTING,NO_PAYMENT,0,2025-07-07,5.5,2025-08-04,2026-08-10,5.5,5.5,115,0,2025-07-07:5.5,Closed lost,lost_price_or_competitor,,Competitor Chosen,Lost Deal,us-central1 – Kansas,28,0.0
2026-09-16,212256472255,277181086958,H200,gpu,,128,3.03,RESERVE,POSTPAID,0,2025-08-04,3.5,2025-10-23,2026-08-10,3.5,3.5,107,0,2025-08-04:3.5,Closed lost,lost_capacity,,NO_CAPACITY,Lost Deal,Nemax,80,0.0
2026-09-16,222060961009,287026112738,B200,gpu,,256,12.01,RESERVE,POSTPAID,0,2025-08-14,3.6,2025-08-28,2026-08-10,3.2,3.2,104,1,2025-08-14:3.6>2025-08-25:3.2,Closed lost,lost_price_or_competitor,,Pricing and Billing Issues,Lost Deal,us-central1 – Kansas,14,-11.1
2026-09-16,225567605982,281165096167,B200,gpu,,192,5.99,RESERVE,POSTPAID,0,2025-08-21,2.9,2025-09-18,2026-08-10,2.9,2.9,102,0,2025-08-21:2.9,Closed lost,lost_price_or_competitor,,Pricing and Billing Issues,Lost Deal,me-west1 - Israel,28,0.0
2026-09-16,236014007482,301193690299,B200,gpu,,128,5.92,RESERVE,PREPAID,0,2025-09-04,3.35,2025-09-18,2026-08-10,3.35,3.35,98,0,2025-09-04:3.35,Closed lost,lost_capacity,,NO_CAPACITY,Lost Deal,us-central1 – Kansas,14,0.0
2026-09-16,238780280003,303274064088,B200,gpu,,48,0.07,RESERVE,,0,2025-09-08,3.7,2025-11-06,2026-08-10,3.7,3.7,97,0,2025-09-08:3.7,Closed lost,lost_other,,Customer Disengagement or Cancellation,Lost Deal,us-central1 – Kansas,59,0.0
2026-09-16,240224960760,306188168387,H200,gpu,,320,11.97,RESERVE,,0,2025-09-11,1.9,2025-09-11,2026-08-10,1.9,1.9,96,0,2025-09-11:1.9,Closed lost,lost_capacity,,NO_CAPACITY,Lost Deal,Nemax,0,0.0
2026-09-16,261709604061,321056125130,H200,gpu,,512,0.23,RESERVE,PREPAID,0,2025-10-06,1.9,2025-10-16,2026-08-10,1.9,1.9,89,0,2025-10-06:1.9,Closed lost,lost_capacity,,NO_CAPACITY,Lost Deal,eu-west1 – Paris,10,0.0
2026-09-16,269827342545,334091115715,B300,gpu,,200,11.97,RESERVE,PREPAID,0,2025-10-16,4.25,2025-11-10,2026-03-25,4.25,4.25,47,0,2025-10-16:4.25,Technical Validation,open_at_freeze,,,Waiting For Approval,uk-south1 – UK,25,0.0
2026-09-16,311002257651,321300947177,H100,gpu,,96,11.02,RESERVE,PREPAID,0,2025-11-17,1.65,2025-12-08,2026-08-10,1.65,1.65,77,0,2025-11-17:1.65,Closed lost,lost_price_or_competitor,,Pricing and Billing Issues;Competitor Chosen,Lost Deal,Nemax,21,0.0
2026-09-16,322297263312,275548186833,B300,gpu,,16,0.2,TESTING,NO_PAYMENT,0,2025-11-26,7.1,2026-07-13,2026-08-10,7.1,7.1,74,0,2025-11-26:7.1,Commercial Proposal,open_at_freeze,,,Approved,uk-south1 – UK,229,0.0
2026-09-16,332691515618,371122002131,H200,gpu,,24,6.05,RESERVE,PREPAID,0,2025-12-03,3.2,2026-01-28,2026-08-10,2.2,2.2,72,1,2025-12-03:3.2>2025-12-08:2.2,Closed lost,lost_capacity,,NO_CAPACITY,Lost Deal,us-central1 – Kansas,56,-31.2
2026-09-16,368764259527,421685839041,B200,gpu,,128,0.16,RESERVE,POSTPAID,0,2026-01-12,3.9,2026-02-04,2026-08-10,3.9,3.9,61,0,2026-01-12:3.9,Closed won,won,2026-02-04,,Approved,us-central1 – Kansas,23,0.0
2026-09-16,379532240119,437880862928,H200,gpu,,1024,12.43,RESERVE,PREPAID,0,2026-01-19,3.5,2026-02-11,2026-08-10,1.8,1.8,59,2,2026-01-19:3.5>2026-01-28:1.75>2026-02-02:1.8,Closed lost,lost_capacity,,NO_CAPACITY,Lost Deal,Nemax,23,-48.6
2026-09-16,384347635937,388158154950,B200,gpu,,2048,12.01,RESERVE,PREPAID,0,2026-01-21,5.5,2026-01-21,2026-02-09,5.5,3.1,6,0,2026-01-21:5.5,Technical Validation,open_at_freeze,,,Waiting For Approval,us-central1 – Kansas,0,-43.6
2026-09-16,394876328147,452555124958,B300,gpu,,64,11.97,RESERVE,POSTPAID,0,2026-02-02,3.99,2026-04-29,2026-08-10,3.99,3.99,55,0,2026-02-02:3.99,Closed lost,lost_capacity,,NO_CAPACITY,Lost Deal,uk-south1 – UK,86,0.0
2026-09-16,39924533473,45069643969,H100,gpu,,128,2.93,PAYG,POSTPAID,0,2024-11-14,2.4,2025-02-10,2026-08-10,2.1,2.1,162,1,2024-11-14:2.4>2024-12-10:2.1,Closed won,won,2025-02-10,,Approved,Nemax,88,-12.5
2026-09-16,400927735025,454717895881,H200,gpu,,8,0.62,TESTING,NO_PAYMENT,0,2026-02-04,3.5,2026-03-02,2026-08-10,3.5,3.5,54,0,2026-02-04:3.5,Closed won,won,2026-03-02,,Approved,eu-west1 – Paris,26,0.0
2026-09-16,401586452718,452301396175,B300,gpu,,3072,1.05,RESERVE,POSTPAID,0,2026-02-04,3.4,2026-03-16,2026-08-10,3.4,3.4,54,0,2026-02-04:3.4,Closed won,won,2026-03-16,,Approved,uk-south1 – UK,40,0.0
2026-09-16,40231244018,46298787051,H200,gpu,,1,0.23,TESTING,NO_PAYMENT,0,2024-11-18,4.85,2025-03-17,2026-08-10,4.85,4.85,161,0,2024-11-18:4.85,Disqualified,disqualified,,NO_LONGER_RESPONDS,Disqualified,Nemax,119,0.0
2026-09-16,433417924839,487424805061,H100,gpu,,40,6.05,RESERVE,PREPAID,0,2026-03-09,1.8,2026-03-23,2026-08-10,1.9,1.9,45,1,2026-03-09:1.8>2026-03-11:1.9,Closed won,won,2026-03-23,,Approved,Nemax,14,5.6
2026-09-16,447643196662,496775156929,H100,gpu,,192,2.99,RESERVE,POSTPAID,0,2026-04-06,1.86,2026-04-06,2026-04-20,2.4,2.4,5,1,2026-04-06:1.86>2026-04-20:2.4,Prospect,open_at_freeze,,,Waiting For Approval,us-central1 – Kansas,0,29.0
2026-09-16,44935083230,52708448453,H100,gpu,,64,11.97,RESERVE,POSTPAID,0,2024-11-26,1.85,2024-12-17,2026-08-10,1.85,1.85,160,0,2024-11-26:1.85,Disqualified,disqualified,,Customer Disengagement or Cancellation,Disqualified,Nemax,21,0.0
2026-09-16,456651052222,502453264631,H100,gpu,,128,12.01,RESERVE,PREPAID,0,2026-05-13,2.9,2026-05-18,2026-08-10,2.9,2.9,26,0,2026-05-13:2.9,Closed lost,lost_other,,Customer Disengagement or Cancellation,Lost Deal,Nemax,5,0.0
2026-09-16,457468500176,502827499709,B300,gpu,,2000,12.01,RESERVE,PREPAID,0,2026-05-18,5.29,2026-06-15,2026-08-10,5.29,5.29,25,0,2026-05-18:5.29,Disqualified,disqualified,,Duplicate deal,Disqualified,eu-south1 – Madrid,28,0.0
2026-09-16,457481326806,455558745337,B300,gpu,,2000,11.97,RESERVE,POSTPAID,0,2026-05-18,5.94,2026-05-18,2026-05-18,5.94,5.94,1,0,2026-05-18:5.94,Prospect,open_at_freeze,,,Waiting For Approval,eu-west2 – Paris,0,0.0
2026-09-16,458012961980,501541129462,B300,gpu,,32,0.46,TESTING,NO_PAYMENT,0,2026-05-20,7.1,2026-06-01,2026-08-10,7.1,7.1,24,0,2026-05-20:7.1,Closed won,won,2026-06-01,,DECLINED,uk-south1 – UK,12,0.0
2026-09-16,460469526725,503999301819,H200,gpu,,128,11.97,RESERVE,PREPAID,0,2026-06-01,2.95,2026-06-01,2026-08-10,3.05,3.05,21,1,2026-06-01:2.95>2026-08-05:3.05,Prospect,open_at_freeze,,,Waiting For Approval,us-central1 – Kansas,0,3.4
2026-09-16,462007590118,505658862836,B300,gpu,,512,12.01,RESERVE,PREPAID,0,2026-06-10,5.46,2026-07-13,2026-08-10,5.46,5.46,18,0,2026-06-10:5.46,Closed lost,lost_price_or_competitor,,Pricing and Billing Issues,Lost Deal,eu-south1 – Madrid,33,0.0
2026-09-16,464396388571,507215693011,GB300,gpu,72,288,11.97,RESERVE,PREPAID,0,2026-06-22,5.83,2026-06-22,2026-07-01,5.83,5.83,4,0,2026-06-22:5.83,Technical Validation,open_at_freeze,,,Waiting For Approval,eu-west1 – Paris,0,0.0
2026-09-16,467800235241,509450335476,B200,gpu,,80,12.01,RESERVE,POSTPAID,0,2026-07-13,5.58,2026-07-20,2026-08-10,5.58,5.58,9,0,2026-07-13:5.58,Closed lost,lost_price_or_competitor,,Competitor Chosen,Lost Deal,,7,0.0
2026-09-16,472552364235,505110360293,B200,gpu,,8,11.97,RESERVE,PREPAID,0,2026-07-22,5.5,2026-07-27,2026-08-10,5.5,5.5,6,0,2026-07-22:5.5,Commercial Proposal,open_at_freeze,,,Waiting For Approval,us-central1 – Kansas,5,0.0
2026-09-16,61325713638,57470246077,H200,gpu,,512,0.39,RESERVE,PREPAID,0,2024-12-17,2.8,2025-01-20,2026-08-10,2.8,2.8,157,0,2024-12-17:2.8,Closed won,won,2025-01-20,,Disqualified,eu-west1 – Paris,34,0.0
2026-09-16,61326160067,76068565239,H100,gpu,,256,11.97,RESERVE,POSTPAID,0,2024-12-17,2.95,2025-04-10,2026-08-10,2.95,2.95,157,0,2024-12-17:2.95,Closed lost,lost_price_or_competitor,,Competitor Chosen,Lost Deal,Nemax,114,0.0
2026-09-16,76913427656,97925543136,H100,gpu,,64,11.97,RESERVE,PREPAID,0,2025-01-13,2.0,2025-03-17,2026-08-10,2.0,2.0,155,0,2025-01-13:2,Closed lost,lost_other,,Customer Disengagement or Cancellation,Lost Deal,Nemax,63,0.0
2026-09-16,8650791140,10956030411,H100,gpu,,512,2.53,RESERVE,PREPAID,1,2024-10-15,2.5,2024-10-15,2026-08-10,2.5,2.5,166,0,2024-10-15:2.5,Closed lost,lost_other,,Insufficient Capabilities,Disqualified,Finland,0,0.0
2026-09-16,8827746548,11091440087,H100,gpu,,16,0.2,TESTING,NO_PAYMENT,1,2024-10-15,4.85,2024-10-15,2026-08-10,4.85,4.85,166,0,2024-10-15:4.85,Closed lost,lost_other,,Customer Disengagement or Cancellation,,Finland,0,0.0
2026-09-16,88544194747,115365785814,H200,gpu,,128,0.2,TESTING,NO_PAYMENT,0,2025-02-03,3.5,2025-05-26,2026-08-10,3.5,3.5,152,0,2025-02-03:3.5,Closed won,won,2025-05-26,,Approved,eu-west1 – Paris,112,0.0
2026-09-16,9125115067,11247920078,H100,gpu,,64,0.99,RESERVE,POSTPAID,1,2024-10-15,2.91,2024-10-15,2026-08-10,2.91,2.91,166,0,2024-10-15:2.91,Closed lost,lost_other,,Security and Compliance Gaps,Disqualified,Finland,0,0.0
2026-09-16,95715222721,99171654887,H100,gpu,,32,2.96,PROMO,POSTPAID,0,2025-02-10,2.95,2025-07-10,2026-08-10,2.95,2.95,151,0,2025-02-10:2.95,Disqualified,disqualified,,Qualification Oversights,Disqualified,Nemax,150,0.0
2026-09-16,98570284225,127590739189,H100,gpu,,48,0.92,PAYG,PREPAID,0,2025-02-17,2.5,2025-03-31,2026-08-10,2.5,2.5,150,0,2025-02-17:2.5,Closed lost,lost_other,,Customer Disengagement or Cancellation,Lost Deal,Nemax,42,0.0
2026-09-16,9949211357,13307271138,H100,gpu,,18,0.2,TESTING,NO_PAYMENT,1,2024-10-15,4.85,2024-10-15,2026-08-10,4.85,4.85,166,0,2024-10-15:4.85,Closed won,won,2024-10-15,,Approved,Finland,0,0.0
2026-09-16,9979204047,12526169837,H100,gpu,,128,1.38,RESERVE,PREPAID,1,2024-10-15,2.27,2024-10-15,2026-08-10,2.27,2.27,166,0,2024-10-15:2.27,Closed won,won,2024-10-15,Customer Disengagement or Cancellation,Approved,Finland,0,0.0
2026-09-16,101115674829,133155612884,H100,gpu,,512,3.98,RESERVE,POSTPAID,0,2025-02-24,1.65,2025-03-17,2026-08-10,1.65,1.65,149,0,2025-02-24:1.65,Closed lost,lost_price_or_competitor,,PoC Performance;Competitor Chosen,Lost Deal,Nemax,21,0.0
2026-09-16,10127670482,14207979237,H100,gpu,,8,0.13,TESTING,NO_PAYMENT,1,2024-10-15,4.85,2024-10-15,2026-08-10,4.85,4.85,166,0,2024-10-15:4.85,Disqualified,disqualified,,Test Deals,Disqualified,Finland,0,0.0
2026-09-16,10275707862,12431109590,H100,gpu,,16,6.81,PAYG,POSTPAID,1,2024-10-15,4.85,2024-10-15,2026-08-10,4.85,4.85,166,0,2024-10-15:4.85,Closed won,won,2024-10-15,,Approved,Finland,0,0.0
2026-09-16,10314634194,14453994695,H100,gpu,,32,0.66,PAYG,POSTPAID,1,2024-10-15,4.85,2024-10-15,2026-08-10,4.85,4.85,166,0,2024-10-15:4.85,Closed lost,lost_price_or_competitor,,Competitor Chosen,Lost Deal,Finland,0,0.0
2026-09-16,10539923898,14931366113,H100,gpu,,1024,2.99,RESERVE,PREPAID,1,2024-10-15,2.4,2024-10-15,2026-08-10,2.4,2.4,166,0,2024-10-15:2.4,Disqualified,disqualified,,Customer Disengagement or Cancellation,Disqualified,Finland,0,0.0
2026-09-16,10691660012,15174870991,H100,gpu,,24,35.99,RESERVE,POSTPAID,1,2024-10-15,4.85,2024-10-15,2026-08-10,4.85,2.86,166,0,2024-10-15:4.85,Closed won,won,2024-10-15,,Approved,Finland,0,-41.0
2026-09-16,122778722549,165183102180,H100,gpu,,24,2.01,PAYG,POSTPAID,0,2025-03-27,2.95,2025-08-28,2026-08-10,2.95,2.95,144,0,2025-03-27:2.95,Disqualified,disqualified,,Test Deals,Disqualified,Nemax,154,0.0
2026-09-16,12278921460,9498174433,H100,gpu,,128,5.23,RESERVE,POSTPAID,1,2024-10-15,2.65,2024-10-15,2026-08-10,2.65,2.65,166,0,2024-10-15:2.65,Closed won,won,2024-10-15,,Approved,Nemax,0,0.0
2026-09-16,123745799359,166158326980,H200,gpu,,64,0.95,RESERVE,PREPAID,0,2025-03-31,2.4,2025-05-22,2026-08-10,2.4,2.4,143,0,2025-03-31:2.4,Closed won,won,2025-05-22,,Approved,eu-west1 – Paris,52,0.0
2026-09-16,125810550995,168399216858,H100,gpu,,64,10.59,RESERVE,POSTPAID,0,2025-04-03,2.95,2025-05-26,2026-08-10,1.8,1.26,142,1,2025-04-03:2.95>2025-08-07:1.8,Prospect,open_at_freeze,,,Waiting For Approval,Nemax,53,-57.3
2026-09-16,14508718021,16184016081,H100,gpu,,24,0.46,TESTING,NO_PAYMENT,1,2024-10-15,3.5,2024-10-15,2026-08-10,3.5,3.5,166,0,2024-10-15:3.5,Closed lost,lost_other,,Customer Disengagement or Cancellation,Lost Deal,Finland,0,0.0
2026-09-16,153507652822,186141793511,H200,gpu,,512,8.03,RESERVE,POSTPAID,0,2025-05-15,1.9,2025-06-05,2026-08-10,1.9,1.9,130,0,2025-05-15:1.9,Closed won,won,2025-06-05,,Disqualified,Nemax,21,0.0
2026-09-16,166338987238,222341752035,H200,gpu,,128,7.14,PAYG,PREPAID,0,2025-05-29,2.5,2025-06-02,2026-08-10,2.5,2.5,126,0,2025-05-29:2.5,Closed won,won,2025-06-02,,Approved,us-central1 – Kansas,4,0.0
2026-09-16,166460720374,222942981353,H200,gpu,,16,0.23,TESTING,NO_PAYMENT,0,2025-06-02,3.5,2025-06-23,2026-08-10,3.5,3.5,125,0,2025-06-02:3.5,Closed lost,lost_other,,Customer Disengagement or Cancellation,Lost Deal,eu-west1 – Paris,21,0.0
2026-09-16,174008501446,233037923516,H100,gpu,,512,11.97,RESERVE,PREPAID,0,2025-06-12,2.95,2025-08-07,2026-08-10,2.95,2.95,122,0,2025-06-12:2.95,Closed lost,lost_capacity,,NO_CAPACITY,Lost Deal,Nemax,56,0.0
2026-09-16,184292529389,247773879527,B200,gpu,,8,0.16,PAYG,PREPAID,0,2025-06-26,5.5,2025-06-26,2025-09-18,5.5,5.5,25,0,2025-06-26:5.5,Prospect,open_at_freeze,,Qualification Oversights,Lost Deal,us-central1 – Kansas,0,0.0
2026-09-16,187629584585,200550713549,B200,gpu,,16,1.02,TESTING,NO_PAYMENT,0,2025-07-03,5.5,2025-07-31,2026-08-10,5.5,5.5,116,0,2025-07-03:5.5,Closed lost,lost_capacity,,NO_CAPACITY;Customer Disengagement or Cancellation,Lost Deal,us-central1 – Kansas,28,0.0
2026-09-16,192606022896,246062728379,H200,gpu,,128,12.01,RESERVE,PREPAID,0,2025-07-10,2.1,2025-08-04,2026-08-10,2.1,2.1,114,0,2025-07-10:2.1,Closed lost,lost_price_or_competitor,,Competitor Chosen,Lost Deal,Nemax,25,0.0
2026-09-16,193742389493,153274318073,H100,gpu,,30,1.18,TESTING,PREPAID,0,2025-07-10,2.95,2025-08-28,2025-09-01,2.95,2.95,16,0,2025-07-10:2.95,Disqualified,disqualified,,Test Deals,Disqualified,Nemax,49,0.0
2026-09-16,212246830286,277206962376,H200,gpu,,128,0.95,PAYG,POSTPAID,0,2025-08-04,2.4,2025-08-14,2026-08-10,2.4,2.4,107,0,2025-08-04:2.4,Closed won,won,2025-08-14,,Disqualified,eu-west1 – Paris,10,0.0
2026-09-16,220756862191,285714237682,H200,gpu,,11,5.99,RESERVE,POSTPAID,0,2025-08-14,3.15,2025-09-11,2026-08-10,3.17,3.17,104,2,2025-08-14:3.15>2025-09-04:3.09>2025-09-11:3.17,Closed won,won,2025-09-11,,Approved,Nemax,28,0.6
2026-09-16,230058159296,293493946591,H200,gpu,,64,2.99,PAYG,,0,2025-08-25,3.5,2025-09-04,2026-08-10,2.4,2.4,101,2,2025-08-25:3.5>2025-08-28:2.1>2025-09-04:2.4,Closed won,won,2025-09-04,,Approved,eu-west1 – Paris,10,-31.4
2026-09-16,235322728672,16659176912,H100,gpu,,40,0.23,PROMO,NO_PAYMENT,0,2025-09-01,2.95,2025-09-01,2026-08-10,2.95,2.95,99,0,2025-09-01:2.95,Closed won,won,2025-09-01,,Approved,Nemax,0,0.0
2026-09-16,238023664862,303274036438,GB300,gpu,72,1,3.29,RESERVE,POSTPAID,0,2025-09-08,6.9444,2025-09-08,2025-11-26,6.9444,6.9444,24,0,2025-09-08:6.9444,Technical Validation,open_at_freeze,,,Waiting For Approval,Nemax,0,0.0
2026-09-16,246275476725,311727127795,H200,gpu,,32,0.82,TESTING,NO_PAYMENT,0,2025-09-22,3.5,2025-11-17,2026-08-10,3.5,3.5,93,0,2025-09-22:3.5,Closed lost,lost_other,,Customer Disengagement or Cancellation,Lost Deal,eu-west1 – Paris,56,0.0
2026-09-16,249184544998,313500265660,B200,gpu,,128,12.01,RESERVE,PREPAID,0,2025-09-25,3.4,2025-09-25,2025-09-29,3.4,3.4,2,0,2025-09-25:3.4,Technical Validation,open_at_freeze,,,Approved,us-central1 – Kansas,0,0.0
2026-09-16,254130379977,309173329115,B200,gpu,,144,10.13,RESERVE,PREPAID,0,2025-09-29,3.4,2025-10-30,2026-08-10,2.9,2.9,91,5,2025-09-29:3.4>2025-10-02:1>2025-10-16:3.2>2025-10-20:3.1>2025-10-23:3>2025-10-30:2.9,Closed lost,lost_price_or_competitor,,Competitor Chosen;Insufficient Capabilities,Lost Deal,me-west1 - Israel,31,-14.7
2026-09-16,267260688588,326794720477,B200,gpu,,64,12.01,PAYG,POSTPAID,0,2025-10-16,5.5,2025-10-30,2026-08-10,5.5,5.5,86,0,2025-10-16:5.5,Closed lost,lost_capacity,,NO_CAPACITY,Lost Deal,us-central1 – Kansas,14,0.0
2026-09-16,296110500038,357226959095,B200,gpu,,256,2.14,RESERVE,POSTPAID,0,2025-11-06,3.5,2025-11-10,2026-08-10,3.5,3.5,80,0,2025-11-06:3.5,Closed won,won,2025-11-10,,Approved,me-west1 - Israel,4,0.0
2026-09-16,30719152364,23377049804,H100,gpu,,128,1.94,PAYG,POSTPAID,0,2024-11-05,2.4,2025-03-10,2026-08-10,2.4,2.4,163,0,2024-11-05:2.4,Closed lost,lost_other,,Qualification Oversights,Lost Deal,Nemax,125,0.0
2026-09-16,310092246228,321300947177,H100,gpu,,96,12.01,RESERVE,PREPAID,0,2025-11-17,1.65,2025-12-08,2026-08-10,1.65,1.65,77,0,2025-11-17:1.65,Closed lost,lost_price_or_competitor,,Pricing and Billing Issues;Competitor Chosen,Lost Deal,Nemax,21,0.0
2026-09-16,320808770784,371122002131,H100,gpu,,32,5.95,RESERVE,PREPAID,0,2025-11-26,2.8,2025-11-26,2025-12-01,2.8,2.8,2,0,2025-11-26:2.8,Technical Validation,open_at_freeze,,,Approved,Nemax,0,0.0
2026-09-16,325013855428,388156413167,H200,gpu,,16,5.99,RESERVE,PREPAID,0,2025-12-01,2.9,2026-06-24,2026-08-10,2.9,2.9,73,0,2025-12-01:2.9,Closed lost,lost_other,,Customer Disengagement or Cancellation,Lost Deal,Nemax,205,0.0
2026-09-16,334365661416,379992342754,H200,gpu,,16,1.02,RESERVE,POSTPAID,0,2025-12-08,2.2,2025-12-10,2025-12-10,2.2,2.2,2,0,2025-12-08:2.2,Agreement signing,open_at_freeze,,,DECLINED,us-central1 – Kansas,2,0.0
2026-09-16,342806922478,338908121332,H100,gpu,,16,12.01,RESERVE,PREPAID,0,2025-12-15,1.7,2026-01-07,2026-08-10,1.63,1.63,69,1,2025-12-15:1.7>2025-12-17:1.63,Closed won,won,2026-01-07,,Approved,Nemax,23,-4.1
2026-09-16,342806922479,338908121332,H200,gpu,,8,6.02,RESERVE,PREPAID,0,2025-12-15,2.05,2025-12-24,2026-01-05,2.05,2.05,7,0,2025-12-15:2.05,Commercial Proposal,open_at_freeze,,,Waiting For Approval,Nemax,9,0.0
2026-09-16,358546753729,425067139277,B200,gpu,,8,11.97,RESERVE,POSTPAID,0,2026-01-07,3.2,2026-01-12,2026-08-10,3.2,3.2,62,0,2026-01-07:3.2,Closed won,won,2026-01-12,,Approved,us-central1 – Kansas,5,0.0
2026-09-16,358630890741,421685855418,H200,gpu,,256,5.95,RESERVE,POSTPAID,0,2026-01-07,1.9,2026-01-07,2026-01-07,1.9,1.9,1,0,2026-01-07:1.9,Commercial Proposal,open_at_freeze,,,Pre-Approved,Nemax,0,0.0
2026-09-16,367218922704,427847744746,B200,gpu,,16,12.01,RESERVE,NO_PAYMENT,0,2026-01-12,3.3,2026-01-12,2026-01-12,3.3,3.3,1,0,2026-01-12:3.3,Prospect,open_at_freeze,,,Waiting For Approval,me-west1 - Israel,0,0.0
2026-09-16,367223252194,415812364508,H200,gpu,,80,12.07,RESERVE,POSTPAID,0,2026-01-12,1.8,2026-06-03,2026-08-10,1.8,1.8,34,0,2026-01-12:1.8,Disqualified,disqualified,,NO_CAPACITY,Disqualified,eu-west1 – Paris,142,0.0
2026-09-16,368521862337,410335164656,B200,gpu,,16,0.69,TESTING,NO_PAYMENT,0,2026-01-12,5.5,2026-06-03,2026-08-10,5.5,5.5,48,0,2026-01-12:5.5,Disqualified,disqualified,,Duplicate deal,Disqualified,us-central1 – Kansas,142,0.0
2026-09-16,373387739353,421685839041,B200,gpu,,128,0.16,RESERVE,POSTPAID,0,2026-01-14,3.9,2026-02-04,2026-08-10,3.9,3.9,60,0,2026-01-14:3.9,Closed won,won,2026-02-04,,Approved,us-central1 – Kansas,21,0.0
2026-09-16,383353875657,442374192350,H100,gpu,,40,1.12,RESERVE,PREPAID,0,2026-01-21,1.65,2026-05-11,2026-08-10,1.65,1.65,58,0,2026-01-21:1.65,Closed lost,lost_capacity,,NO_CAPACITY,Lost Deal,Nemax,110,0.0
2026-09-16,389767180493,421685839041,B200,gpu,,128,0.13,RESERVE,PREPAID,0,2026-01-26,3.9,2026-02-04,2026-08-10,3.9,3.9,57,0,2026-01-26:3.9,Closed won,won,2026-02-04,,Approved,us-central1 – Kansas,9,0.0
2026-09-16,393751936225,452301396175,B300,gpu,,5000,12.07,RESERVE,POSTPAID,0,2026-01-28,3.4,2026-03-16,2026-08-10,3.4,3.4,56,0,2026-01-28:3.4,Closed won,won,2026-03-16,,Approved,uk-south1 – UK,47,0.0
2026-09-16,400927735024,454717895881,B300,gpu,,8,0.62,TESTING,NO_PAYMENT,0,2026-02-04,7.1,2026-03-02,2026-08-10,7.1,7.1,54,0,2026-02-04:7.1,Closed won,won,2026-03-02,,DECLINED,uk-south1 – UK,26,0.0
2026-09-16,41087156422,46959790297,H100,gpu,,32,0.49,TESTING,NO_PAYMENT,0,2024-11-18,2.95,2025-04-14,2026-08-10,2.95,2.95,161,0,2024-11-18:2.95,Closed won,won,2025-04-14,,Approved,Nemax,147,0.0
2026-09-16,417056233681,473243071723,B300,gpu,,512,12.01,RESERVE,PREPAID,0,2026-02-18,3.5,2026-03-09,2026-08-10,3.5,3.5,50,0,2026-02-18:3.5,Closed won,won,2026-03-09,,Approved,eu-west2 – Paris,19,0.0
2026-09-16,423837700319,478329753818,B300,gpu,,24,6.12,RESERVE,PREPAID,0,2026-02-25,3.7,2026-02-25,2026-08-10,3.7,3.7,48,0,2026-02-25:3.7,Prospect,open_at_freeze,,,Waiting For Approval,eu-west2 – Paris,0,0.0
2026-09-16,424744103143,413130712310,B300,gpu,,512,24.01,RESERVE,POSTPAID,0,2026-03-02,3.86,2026-03-30,2026-08-10,3.93,3.93,47,2,2026-03-02:3.86>2026-03-09:4.08>2026-03-11:3.93,Prospect,open_at_freeze,,,DECLINED,us-north1 – Minnesota,28,1.8
2026-09-16,436381557980,490004170984,B300,gpu,,10000,12.01,RESERVE,PREPAID,0,2026-03-09,4.9,2026-03-09,2026-03-18,5.25,5.25,4,1,2026-03-09:4.9>2026-03-16:5.25,Commercial Proposal,open_at_freeze,,,Waiting For Approval,eu-west2 – Paris,0,7.1
2026-09-16,441535753453,493809415405,B200,gpu,,128,0.95,RESERVE,POSTPAID,0,2026-03-16,3.5,2026-03-25,2026-08-10,3.5,3.5,43,0,2026-03-16:3.5,Closed won,won,2026-03-25,,Approved,me-west1 - Israel,9,0.0
2026-09-16,443006067928,493166129357,B200,gpu,,1,0.03,PAYG,POSTPAID,0,2026-03-23,5.25,2026-03-23,2026-08-10,5.25,5.25,41,0,2026-03-23:5.25,Closed won,won,2026-03-23,,Waiting For Approval,,0,0.0
2026-09-16,446476572863,496071628001,H200,gpu,,64,6.09,RESERVE,PREPAID,0,2026-03-30,2.11,2026-04-22,2026-08-10,2.33,2.33,39,1,2026-03-30:2.11>2026-04-15:2.33,Closed won,won,2026-04-22,,Approved,us-central1 – Kansas,23,10.4
2026-09-16,449774018786,498499371209,H100,gpu,,16,6.02,RESERVE,PREPAID,0,2026-04-15,2.5,2026-05-04,2026-08-10,2.5,2.5,34,0,2026-04-15:2.5,Closed won,won,2026-05-04,,Approved,Nemax,19,0.0
2026-09-16,454305418486,123572715723,GB300,rack,72,504,11.97,RESERVE,PREPAID,0,2026-05-04,5.5,2026-06-22,2026-08-10,6.1,6.1,29,2,2026-05-04:5.5>2026-06-08:5.83>2026-06-15:6.1,Closed lost,lost_other,,Contract Restructuring,Lost Deal,eu-west3 – Bethune,49,10.9
2026-09-16,454626437329,501539517658,B300,gpu,,16,11.97,RESERVE,PREPAID,0,2026-05-06,5.56,2026-05-13,2026-08-10,5.56,5.56,28,0,2026-05-06:5.56,Closed lost,lost_other,,Customer Disengagement or Cancellation,Lost Deal,eu-west2 – Paris,7,0.0
2026-09-16,456581241019,502454165737,H200,gpu,,8,5.53,PAYG,POSTPAID,0,2026-05-13,3.15,2026-06-08,2026-08-10,3.15,3.15,26,0,2026-05-13:3.15,Closed lost,lost_capacity,,NO_CAPACITY,Lost Deal,Nemax,26,0.0
2026-09-16,458926337248,497261604032,B300,gpu,,1000,12.01,RESERVE,PREPAID,0,2026-05-25,5.0,2026-07-06,2026-08-10,5.0,5.0,23,0,2026-05-25:5,Closed lost,lost_other,,Insufficient Capabilities,Lost Deal,me-west2 – Masmia Israel,42,0.0
2026-09-16,461995940074,503984059626,B300,gpu,,16,0.07,TESTING,NO_PAYMENT,0,2026-06-08,7.1,2026-06-08,2026-08-10,7.1,7.1,19,0,2026-06-08:7.1,Prospect,open_at_freeze,,,Approved,uk-south1 – UK,0,0.0
2026-09-16,462197142723,505742254279,B300,gpu,,64,11.97,RESERVE,POSTPAID,0,2026-06-10,5.56,2026-07-06,2026-08-10,5.56,5.56,18,0,2026-06-10:5.56,Technical Validation,open_at_freeze,,,Waiting For Approval,eu-west1 – Paris,26,0.0
2026-09-16,463093083336,505745927407,B300,gpu,,16,11.97,RESERVE,PREPAID,0,2026-06-15,5.7,2026-06-22,2026-08-10,5.7,5.7,17,0,2026-06-15:5.7,Closed lost,lost_capacity,,Competitor Chosen;NO_CAPACITY,Lost Deal,eu-south1 – Madrid,7,0.0
2026-09-16,463112580313,506129028319,B300,gpu,,128,12.01,RESERVE,PREPAID,0,2026-06-15,5.15,2026-06-24,2026-08-10,5.4,5.4,17,1,2026-06-15:5.15>2026-06-24:5.4,Closed won,won,2026-06-24,,Approved,eu-west2 – Paris,9,4.9
2026-09-16,466050696403,508124537047,GB300,rack,72,144,12.01,RESERVE,,0,2026-06-29,9.2,2026-06-29,2026-08-10,9.2,9.2,13,0,2026-06-29:9.2,Prospect,open_at_freeze,,,Waiting For Approval,uk-south2 – London East,0,0.0
2026-09-16,469899959492,508864668919,H100,gpu,,24,12.04,,,0,2026-07-15,2.5,2026-07-22,2026-08-10,2.5,2.5,8,0,2026-07-15:2.5,Disqualified,disqualified,,Duplicate deal,Lost Deal,Nemax,7,0.0
2026-09-16,470365793482,510085775600,B300,gpu,,256,12.01,RESERVE,PREPAID,0,2026-07-20,5.2,2026-07-20,2026-08-03,5.2,5.2,5,0,2026-07-20:5.2,Technical Validation,open_at_freeze,,,Waiting For Approval,eu-west2 – Paris,0,0.0
2026-09-16,472553110746,512055393525,B300,gpu,,8,0.99,TESTING,NO_PAYMENT,0,2026-07-22,7.85,2026-07-22,2026-08-10,7.85,7.85,6,0,2026-07-22:7.85,Technical Validation,open_at_freeze,,,Approved,uk-south1 – UK,0,0.0
2026-09-16,473753171192,512892494019,H100,gpu,,1,12.01,RESERVE,POSTPAID,0,2026-07-27,2.75,2026-07-27,2026-08-10,2.75,2.75,5,0,2026-07-27:2.75,Commercial Proposal,open_at_freeze,,,Waiting For Approval,Nemax,0,0.0
2026-09-16,475404493028,514043318471,B300,gpu,,512,36.02,RESERVE,PREPAID,0,2026-08-03,5.6,2026-08-03,2026-08-10,5.6,5.6,3,0,2026-08-03:5.6,Technical Validation,open_at_freeze,,,Waiting For Approval,eu-south1 – Madrid,0,0.0
2026-09-16,475701849321,511947459785,B200,gpu,,512,5.95,RESERVE,PREPAID,0,2026-08-03,5.06,2026-08-03,2026-08-05,4.5,4.5,2,1,2026-08-03:5.06>2026-08-05:4.5,Commercial Proposal,open_at_freeze,,,Waiting For Approval,tf-ca1,0,-11.1
2026-09-16,476751398119,510184286441,B200,gpu,,32,5.95,RESERVE,PREPAID,0,2026-08-10,7.15,2026-08-10,2026-08-10,7.15,5.68,1,0,2026-08-10:7.15,Commercial Proposal,open_at_freeze,,,Waiting For Approval,us-central1 – Kansas,0,-20.6
2026-09-16,476751411399,515110883565,H200,gpu,,40,11.97,RESERVE,PREPAID,0,2026-08-10,3.15,2026-08-10,2026-08-10,3.15,3.15,1,0,2026-08-10:3.15,Technical Validation,open_at_freeze,,,Waiting For Approval,us-central1 – Kansas,0,0.0
2026-09-16,55884172501,69053654210,H200,gpu,,48,11.97,PAYG,POSTPAID,0,2024-12-10,2.7,2025-01-20,2026-08-10,2.7,2.7,158,0,2024-12-10:2.7,Closed won,won,2025-01-20,,Approved,eu-west1 – Paris,41,0.0
2026-09-16,79991928020,61279268026,H100,gpu,,8,11.97,PAYG,POSTPAID,0,2025-01-13,2.95,2025-02-03,2026-08-10,2.95,2.95,155,0,2025-01-13:2.95,Closed lost,lost_other,,Customer Disengagement or Cancellation,Lost Deal,Nemax,21,0.0
2026-09-16,81604055252,103818511566,H200,gpu,,16,11.97,PAYG,POSTPAID,0,2025-01-20,2.15,2025-02-17,2026-08-10,2.15,2.15,154,0,2025-01-20:2.15,Closed won,won,2025-02-17,,Waiting For Approval,eu-west1 – Paris,28,0.0
2026-09-16,8256816617,8455991752,H100,gpu,,9,0.39,RESERVE,POSTPAID,1,2024-10-15,4.85,2024-10-15,2026-08-10,4.85,4.85,166,0,2024-10-15:4.85,Disqualified,disqualified,,Qualification Oversights,,Finland,0,0.0
2026-09-16,8461432275,10186892522,H100,gpu,,1,0.2,TESTING,NO_PAYMENT,1,2024-10-15,4.85,2024-10-15,2026-08-10,4.85,4.85,166,0,2024-10-15:4.85,Disqualified,disqualified,,Test Deals,,Finland,0,0.0
2026-09-16,8476263121,9294884552,H100,gpu,,10,0.03,PAYG,NO_PAYMENT,1,2024-10-15,4.85,2024-10-15,2026-08-10,4.85,4.85,166,0,2024-10-15:4.85,Disqualified,disqualified,,Qualification Oversights,Disqualified,Finland,0,0.0
2026-09-16,8640231366,10666816192,H100,gpu,,64,5.0,RESERVE,PREPAID,1,2024-10-15,2.0,2024-10-15,2026-08-10,2.0,2.0,166,0,2024-10-15:2,Closed won,won,2024-10-15,,Disqualified,Finland,0,0.0
2026-09-16,8721545152,11363764715,H100,gpu,,256,2.99,RESERVE,PREPAID,1,2024-10-15,2.8,2024-10-15,2026-08-10,2.8,2.8,166,0,2024-10-15:2.8,Closed won,won,2024-10-15,,Disqualified,Finland,0,0.0
2026-09-16,92101316802,120025975999,H200,gpu,,64,0.89,RESERVE,POSTPAID,0,2025-02-10,2.1,2025-03-03,2026-08-10,2.2,2.2,151,1,2025-02-10:2.1>2025-02-24:2.2,Closed won,won,2025-03-03,,Approved,eu-west1 – Paris,21,4.8
2026-09-16,9495244239,11523159259,H100,gpu,,2,1.48,TESTING,NO_PAYMENT,1,2024-10-15,4.85,2024-10-15,2026-08-10,4.85,4.85,166,0,2024-10-15:4.85,Closed won,won,2024-10-15,,Approved,Finland,0,0.0
2026-09-16,9611991787,13028414169,H100,gpu,,2048,5.0,RESERVE,PREPAID,1,2024-10-15,2.15,2024-10-15,2026-08-10,2.15,2.15,166,0,2024-10-15:2.15,Disqualified,disqualified,,Customer Disengagement or Cancellation;Competitor Chosen,Disqualified,Finland,0,0.0
2026-09-16,98660873421,129299497169,H200,gpu,,3072,0.59,RESERVE,POSTPAID,0,2025-02-17,3.5,2025-05-05,2026-08-10,1.9,1.9,150,1,2025-02-17:3.5>2025-02-24:1.9,Closed won,won,2025-05-05,,Disqualified,eu-north2 – Iceland,77,-45.7
2026-09-16,10089538519,14161963759,H100,gpu,,1,0.23,TESTING,NO_PAYMENT,1,2024-10-15,4.85,2024-10-15,2026-08-10,4.85,4.85,166,0,2024-10-15:4.85,Closed lost,lost_price_or_competitor,,Pricing and Billing Issues,Lost Deal,Finland,0,0.0
2026-09-16,10139105013,13640890821,H100,gpu,,16,0.95,PAYG,POSTPAID,1,2024-10-15,3.5,2024-10-15,2026-08-10,3.5,3.5,166,0,2024-10-15:3.5,Closed won,won,2024-10-15,,Approved,Finland,0,0.0
2026-09-16,10222477814,14408175308,H100,gpu,,8,12.01,RESERVE,PREPAID,1,2024-10-15,2.9,2024-10-15,2026-08-10,2.9,2.9,166,0,2024-10-15:2.9,Disqualified,disqualified,,Customer Disengagement or Cancellation,Disqualified,Finland,0,0.0
2026-09-16,11056427966,13240040948,H100,gpu,,2,0.26,TESTING,NO_PAYMENT,1,2024-10-15,4.85,2024-10-15,2026-08-10,4.85,4.85,166,0,2024-10-15:4.85,Closed won,won,2024-10-15,,Approved,Finland,0,0.0
2026-09-16,11157221593,15854850278,H100,gpu,,384,2.96,RESERVE,POSTPAID,1,2024-10-15,2.3,2024-10-15,2026-08-10,2.3,2.3,166,0,2024-10-15:2.3,Disqualified,disqualified,,Customer Disengagement or Cancellation,Disqualified,Finland,0,0.0
2026-09-16,121694554334,163175049435,B200,gpu,,1184,6.25,RESERVE,POSTPAID,0,2025-03-24,3.0,2025-04-28,2026-08-10,3.0,3.0,145,0,2025-03-24:3,Disqualified,disqualified,,Competitor Chosen,Disqualified,us-central1 – Kansas,35,0.0
2026-09-16,122778490073,164972866753,H200,gpu,,2048,2.99,RESERVE,PREPAID,0,2025-03-27,2.1,2025-03-27,2026-08-10,2.1,2.1,144,0,2025-03-27:2.1,Closed lost,lost_capacity,,NO_CAPACITY,Lost Deal,Nemax,0,0.0
2026-09-16,122881417411,164972977379,H200,gpu,,56,8.03,PAYG,POSTPAID,0,2025-03-27,3.5,2025-04-28,2026-08-10,3.5,3.5,144,0,2025-03-27:3.5,Closed won,won,2025-04-28,,Disqualified,Nemax,32,0.0
2026-09-16,123287656683,165900788942,H200,gpu,,16,11.97,RESERVE,POSTPAID,0,2025-03-27,2.2,2025-04-03,2026-08-10,2.2,2.2,144,0,2025-03-27:2.2,Closed won,won,2025-04-03,,Approved,eu-west1 – Paris,7,0.0
2026-09-16,150119604446,154452647114,H200,gpu,,64,0.23,TESTING,NO_PAYMENT,0,2025-05-12,3.5,2025-06-02,2026-08-10,3.5,3.5,131,0,2025-05-12:3.5,Closed lost,lost_price_or_competitor,,Pricing and Billing Issues,Lost Deal,us-central1 – Kansas,21,0.0
2026-09-16,163235156199,218089633985,H200,gpu,,240,3.22,PAYG,POSTPAID,0,2025-05-26,1.75,2025-06-02,2026-08-10,1.75,1.75,127,0,2025-05-26:1.75,Disqualified,disqualified,,Customer Disengagement or Cancellation,Disqualified,us-central1 – Kansas,7,0.0
2026-09-16,169702820060,228181628129,H200,gpu,,100,6.94,PAYG,POSTPAID,0,2025-06-05,1.6,2025-06-05,2026-08-10,1.6,1.6,124,0,2025-06-05:1.6,Closed won,won,2025-06-05,,Approved,eu-west1 – Paris,0,0.0
2026-09-16,175654718700,235123366104,B200,gpu,,8,0.46,TESTING,NO_PAYMENT,0,2025-06-12,5.5,2025-07-31,2026-08-10,5.5,5.5,122,0,2025-06-12:5.5,Closed lost,lost_price_or_competitor,,Competitor Chosen;Cluster Performance,Lost Deal,us-central1 – Kansas,49,0.0
2026-09-16,18805075940,22921370064,H100,gpu,,136,12.01,RESERVE,POSTPAID,1,2024-10-15,2.0,2024-11-14,2026-08-10,1.9,1.9,166,1,2024-10-15:2>2024-11-14:1.9,Closed won,won,2024-11-14,,Approved,Nemax,30,-5.0
2026-09-16,212206096626,277212586230,B200,gpu,,256,0.59,RESERVE,POSTPAID,0,2025-08-04,3.2,2025-08-04,2025-08-04,3.2,3.2,1,0,2025-08-04:3.2,Technical Validation,open_at_freeze,2025-08-14,,Approved,us-central1 – Kansas,0,0.0
2026-09-16,215210265792,275582622957,B200,gpu,,32,0.69,RESERVE,PREPAID,0,2025-08-07,5.5,2025-09-18,2026-08-10,5.5,5.5,106,0,2025-08-07:5.5,Closed lost,lost_capacity,,NO_CAPACITY,Lost Deal,us-central1 – Kansas,42,0.0
2026-09-16,226769195215,291510541534,H200,gpu,,80,0.1,RESERVE,NO_PAYMENT,0,2025-08-21,3.5,2025-08-21,2026-08-10,3.5,3.5,102,0,2025-08-21:3.5,Closed lost,lost_other,,Test Deals,Lost Deal,us-central1 – Kansas,0,0.0
2026-09-16,230057478370,287958791367,B200,gpu,,128,1.97,RESERVE,PREPAID,0,2025-08-25,2.85,2025-09-15,2025-09-15,2.85,2.85,7,0,2025-08-25:2.85,Commercial Proposal,open_at_freeze,,,Disqualified,us-central1 – Kansas,21,0.0
2026-09-16,230133146826,293493974256,B200,gpu,,16,0.33,TESTING,NO_PAYMENT,0,2025-08-28,5.5,2025-09-11,2026-08-10,5.5,5.5,100,0,2025-08-28:5.5,Closed lost,lost_price_or_competitor,,Pricing and Billing Issues,Lost Deal,us-central1 – Kansas,14,0.0
2026-09-16,232365928644,281867267319,H200,gpu,,128,12.01,RESERVE,POSTPAID,0,2025-08-28,2.2,2025-12-03,2026-08-10,2.2,2.2,100,0,2025-08-28:2.2,Closed lost,lost_other,,Customer Disengagement or Cancellation,Lost Deal,us-central1 – Kansas,97,0.0
2026-09-16,236407300305,291510201540,B200,gpu,,64,0.95,RESERVE,PREPAID,0,2025-09-04,3.0,2025-09-11,2026-08-10,3.0,3.0,98,0,2025-09-04:3,Closed won,won,2025-09-11,,Approved,us-central1 – Kansas,7,0.0
2026-09-16,271144912096,314866798809,GB300,gpu,72,9216,63.49,RESERVE,PREPAID,0,2025-10-20,3.03,2025-10-20,2026-08-10,3.03,3.02,85,0,2025-10-20:3.03,Closed won,won,2025-10-20,,Waiting For Approval,us-east1 – New Jersey,0,-0.3
2026-09-16,284966232287,350468266219,H200,gpu,,8,4.97,RESERVE,POSTPAID,0,2025-10-30,3.0,2026-01-05,2026-08-10,1.85,1.85,82,1,2025-10-30:3>2025-12-22:1.85,Closed lost,lost_other,,Customer Disengagement or Cancellation,Lost Deal,Nemax,67,-38.3
2026-09-16,302907071679,367595759859,H200,gpu,,128,5.92,RESERVE,POSTPAID,0,2025-11-10,2.0,2025-11-10,2026-08-10,2.0,2.0,79,0,2025-11-10:2,Closed lost,lost_capacity,,NO_CAPACITY,Lost Deal,us-central1 – Kansas,0,0.0
2026-09-16,308358157529,322581498042,B300,gpu,,64,0.79,TESTING,NO_PAYMENT,0,2025-11-13,7.1,2026-03-04,2026-08-10,7.1,7.1,78,0,2025-11-13:7.1,Closed lost,lost_other,,Customer Disengagement or Cancellation,Lost Deal,uk-south1 – UK,111,0.0
2026-09-16,312527389915,359291998413,H100,gpu,,16,0.53,TESTING,NO_PAYMENT,0,2025-11-20,2.95,2026-01-12,2026-08-10,2.95,2.95,76,0,2025-11-20:2.95,Closed won,won,2026-01-12,,Approved,Nemax,53,0.0
2026-09-16,322412843247,386780624106,H200,gpu,,48,5.99,RESERVE,,0,2025-11-26,1.8,2026-02-16,2026-08-10,1.8,1.8,74,0,2025-11-26:1.8,Closed won,won,2026-02-16,,Approved,eu-west1 – Paris,82,0.0
2026-09-16,340229364936,404313145572,B200,gpu,,256,12.01,RESERVE,PREPAID,0,2025-12-15,3.2,2026-04-13,2026-08-10,3.2,3.2,69,0,2025-12-15:3.2,Closed lost,lost_capacity,,NO_CAPACITY,Lost Deal,us-central1 – Kansas,119,0.0
2026-09-16,394287810799,452561605879,H100,gpu,,64,6.02,RESERVE,PREPAID,0,2026-01-28,1.8,2026-03-04,2026-08-10,1.8,1.8,56,0,2026-01-28:1.8,Closed lost,lost_capacity,,NO_CAPACITY,Lost Deal,Nemax,35,0.0
2026-09-16,40231151823,9329424317,H100,gpu,,4,11.97,PAYG,POSTPAID,0,2024-11-14,2.0,2024-11-14,2026-08-10,2.0,2.0,162,0,2024-11-14:2,Closed won,won,2024-11-14,,Approved,Nemax,0,0.0
2026-09-16,403641266366,461107103976,B200,gpu,,1200,4.01,RESERVE,PREPAID,0,2026-02-09,5.5,2026-03-02,2026-08-10,4.25,4.25,52,1,2026-02-09:5.5>2026-02-18:4.25,Closed lost,lost_capacity,,NO_CAPACITY,Lost Deal,,21,-22.7
2026-09-16,40682227946,16310655177,H100,gpu,,302,0.33,PAYG,POSTPAID,0,2024-11-14,2.95,2025-02-17,2026-08-10,2.95,2.95,162,0,2024-11-14:2.95,Closed won,won,2025-02-17,,Disqualified,Nemax,95,0.0
2026-09-16,416215311559,471560770771,H200,gpu,,400,11.97,RESERVE,PREPAID,0,2026-02-16,2.0,2026-05-11,2026-08-10,2.1,2.1,51,1,2026-02-16:2>2026-03-02:2.1,Closed lost,lost_capacity,,NO_CAPACITY,Lost Deal,us-central1 – Kansas,84,5.0
2026-09-16,418780836082,454717895881,H200,gpu,,8,12.01,RESERVE,PREPAID,0,2026-02-23,2.0,2026-03-02,2026-08-10,2.0,2.0,49,0,2026-02-23:2,Closed won,won,2026-03-02,,DECLINED,eu-west1 – Paris,7,0.0
2026-09-16,418969800940,169184456927,H100,gpu,,10,0.03,PAYG,PREPAID,0,2026-02-23,3.1,2026-06-01,2026-08-10,3.1,3.1,49,0,2026-02-23:3.1,Disqualified,disqualified,,Test Deals,Disqualified,uk-south1 – UK,98,0.0
2026-09-16,441459096789,493052259527,H100,gpu,,8,0.23,TESTING,NO_PAYMENT,0,2026-03-16,2.95,2026-06-03,2026-08-10,2.95,2.95,42,0,2026-03-16:2.95,Disqualified,disqualified,,Test Deals,Disqualified,Nemax,79,0.0
2026-09-16,445011229909,494498186480,H100,gpu,,16,0.46,TESTING,NO_PAYMENT,0,2026-03-25,2.95,2026-06-03,2026-08-10,2.95,2.95,38,0,2026-03-25:2.95,Disqualified,disqualified,,Qualification Oversights,Disqualified,Nemax,70,0.0
2026-09-16,445203426498,495463290085,H200,gpu,,1024,24.01,RESERVE,PREPAID,0,2026-03-30,2.02,2026-03-30,2026-08-10,2.02,2.02,39,0,2026-03-30:2.02,Technical Validation,open_at_freeze,,,Waiting For Approval,us-central1 – Kansas,0,0.0
2026-09-16,450807587046,498499552503,H200,gpu,,16,,RESERVE,,0,2026-04-20,2.5,2026-04-20,2026-08-10,2.5,2.5,33,0,2026-04-20:2.5,Closed lost,lost_capacity,,NO_CAPACITY,Lost Deal,eu-west1 – Paris,0,0.0
2026-09-16,455937202407,502092049615,H100,gpu,,32,11.97,RESERVE,PREPAID,0,2026-05-11,2.1,2026-07-13,2026-08-10,2.1,2.1,27,0,2026-05-11:2.1,Closed lost,lost_capacity,,NO_CAPACITY,Lost Deal,Nemax,63,0.0
2026-09-16,456029170935,499552323826,H200,gpu,,256,12.01,RESERVE,PREPAID,0,2026-05-11,2.3,2026-06-08,2026-08-10,2.3,2.3,27,0,2026-05-11:2.3,Closed won,won,2026-06-08,,Approved,Nemax,28,0.0
2026-09-16,456580976870,495227058424,H200,gpu,,128,11.97,RESERVE,POSTPAID,0,2026-05-13,3.25,2026-06-29,2026-08-10,3.25,3.25,26,0,2026-05-13:3.25,Prospect,open_at_freeze,,,Waiting For Approval,us-central1 – Kansas,47,0.0
2026-09-16,456650709231,501539803379,H100,gpu,,50,12.01,RESERVE,PREPAID,0,2026-05-13,2.95,2026-06-01,2026-08-10,2.95,2.95,26,0,2026-05-13:2.95,Technical Validation,open_at_freeze,,,Waiting For Approval,eu-west1 – Paris,19,0.0
2026-09-16,458925895914,504049083624,B300,gpu,,200,12.04,RESERVE,PREPAID,0,2026-05-27,5.0,2026-05-27,2026-08-10,5.0,5.0,22,0,2026-05-27:5,Prospect,open_at_freeze,,,Waiting For Approval,eu-south1 – Madrid,0,0.0
2026-09-16,459708635350,503791187171,H200,gpu,,0,8.03,RESERVE,PREPAID,0,2026-07-27,1.8,2026-07-27,2026-08-10,1.8,1.8,5,0,2026-07-27:1.8,Closed won,won,2026-07-27,Customer Disengagement or Cancellation,Waiting For Approval,Nemax,0,0.0
2026-09-16,460621174001,504996618454,B300,gpu,,2304,36.02,RESERVE,PREPAID,0,2026-06-01,4.94,2026-06-01,2026-08-10,4.94,4.94,21,0,2026-06-01:4.94,Prospect,open_at_freeze,,,Waiting For Approval,eu-south1 – Madrid,0,0.0
2026-09-16,460713817308,505100897489,GB300,rack,72,1656,36.02,RESERVE,PREPAID,0,2026-06-03,4.0,2026-06-03,2026-08-10,4.0,4.0,20,0,2026-06-03:4,Technical Validation,open_at_freeze,,,Waiting For Approval,me-west1 - Israel,0,0.0
2026-09-16,461739410668,505668384962,H200,gpu,,128,12.01,RESERVE,PREPAID,0,2026-06-10,2.56,2026-07-13,2026-08-10,2.9,2.9,18,1,2026-06-10:2.56>2026-07-13:2.9,Closed lost,lost_capacity,,NO_CAPACITY,Lost Deal,us-central1 – Kansas,33,13.3
2026-09-16,466421455068,508411805886,B300,gpu,,32,36.05,RESERVE,PREPAID,0,2026-06-29,4.8,2026-07-15,2026-08-10,4.8,4.8,13,0,2026-06-29:4.8,Closed lost,lost_price_or_competitor,,Competitor Chosen,Lost Deal,eu-west1 – Paris,16,0.0
2026-09-16,470369611987,499826411768,B200,gpu,,128,12.04,RESERVE,PREPAID,0,2026-07-20,5.2,2026-07-20,2026-07-27,5.2,5.2,3,0,2026-07-20:5.2,Prospect,open_at_freeze,,,Waiting for Business Approval,us-central1 – Kansas,0,0.0
2026-09-16,474433267924,513634869463,B200,gpu,,8,11.97,RESERVE,PREPAID,0,2026-07-29,5.5,2026-07-29,2026-08-10,5.5,5.5,4,0,2026-07-29:5.5,Commercial Proposal,open_at_freeze,,,Waiting For Approval,us-central1 – Kansas,0,0.0
2026-09-16,476018741443,514841923829,B300,gpu,,24,0.82,TESTING,NO_PAYMENT,0,2026-08-05,7.85,2026-08-05,2026-08-10,7.85,7.85,2,0,2026-08-05:7.85,Technical Validation,open_at_freeze,,,Approved,uk-south1 – UK,0,0.0
2026-09-16,48038739178,58443438295,H100,gpu,,8,0.23,TESTING,NO_PAYMENT,0,2024-12-03,2.95,2025-02-24,2026-08-10,2.95,2.95,159,0,2024-12-03:2.95,Closed lost,lost_other,,Customer Disengagement or Cancellation,Lost Deal,Nemax,83,0.0
2026-09-16,60502167742,62291735747,H200,gpu,,16,0.46,TESTING,NO_PAYMENT,0,2024-12-17,4.85,2025-01-20,2026-08-10,4.85,4.85,157,0,2024-12-17:4.85,Closed won,won,2025-01-20,,Approved,eu-west1 – Paris,34,0.0
2026-09-16,8461430517,10186892522,H100,gpu,,1,0.2,TESTING,NO_PAYMENT,1,2024-10-15,4.85,2024-10-15,2026-08-10,4.85,4.85,166,0,2024-10-15:4.85,Disqualified,disqualified,,Test Deals,Disqualified,Finland,0,0.0
2026-09-16,8968704969,11709366483,H100,gpu,,1504,5.95,RESERVE,POSTPAID,1,2024-10-15,2.0,2024-10-15,2026-08-10,2.0,2.0,166,0,2024-10-15:2,Closed lost,lost_price_or_competitor,,Insufficient Capabilities;Competitor Chosen,Lost Deal,Finland,0,0.0
2026-09-16,9141467841,11232352207,H100,gpu,,24,0.49,TESTING,NO_PAYMENT,1,2024-10-15,4.85,2024-10-15,2026-08-10,4.85,4.85,166,0,2024-10-15:4.85,Closed won,won,2024-10-15,,DECLINED,Finland,0,0.0
2026-09-16,93122054376,121403107535,H200,gpu,,56,0.13,TESTING,NO_PAYMENT,0,2025-02-10,3.5,2025-02-17,2026-08-10,3.5,3.5,151,0,2025-02-10:3.5,Closed won,won,2025-02-17,,Approved,eu-west1 – Paris,7,0.0
2026-09-16,94488593611,121620103377,H100,gpu,,32,0.2,TESTING,NO_PAYMENT,0,2025-02-10,2.95,2025-02-24,2025-02-24,2.95,2.95,3,0,2025-02-10:2.95,Commercial Proposal,open_at_freeze,,,Approved,Nemax,14,0.0
2026-09-16,9577305592,12943079130,H100,gpu,,16,4.05,TESTING,NO_PAYMENT,1,2024-10-15,4.85,2024-10-15,2026-08-10,4.85,4.85,166,0,2024-10-15:4.85,Disqualified,disqualified,,Customer Disengagement or Cancellation,Disqualified,Finland,0,0.0
2026-09-16,98660845773,129299497169,H100,gpu,,2048,2.34,RESERVE,POSTPAID,0,2025-02-17,1.9,2025-05-05,2026-08-10,1.9,1.9,150,0,2025-02-17:1.9,Closed won,won,2025-05-05,,Approved,Nemax,77,0.0
2026-09-16,9879431409,13586459088,H100,gpu,,16,0.46,TESTING,NO_PAYMENT,1,2024-10-15,4.85,2024-10-15,2026-08-10,4.85,4.85,166,0,2024-10-15:4.85,Closed won,won,2024-10-15,,Approved,Finland,0,0.0
2026-09-16,9896708296,13640890821,H100,gpu,,16,0.43,TESTING,NO_PAYMENT,1,2024-10-15,4.85,2024-10-15,2026-08-10,4.85,4.85,166,0,2024-10-15:4.85,Closed won,won,2024-10-15,,Approved,Finland,0,0.0
2026-09-16,9936854991,9926814673,H100,gpu,,1024,5.99,RESERVE,PREPAID,1,2024-10-15,2.1,2024-10-15,2026-08-10,2.1,2.1,166,0,2024-10-15:2.1,Disqualified,disqualified,,Competitor Chosen;Customer Disengagement or Cancellation,Disqualified,Finland,0,0.0
2026-09-16,9936987885,13407703260,H100,gpu,,512,1.05,RESERVE,PREPAID,1,2024-10-15,2.5,2024-10-15,2026-08-10,2.5,2.5,166,0,2024-10-15:2.5,Closed won,won,2024-10-15,,Approved,Finland,0,0.0
2026-09-16,106388142318,139606076658,H100,gpu,,96,6.05,RESERVE,POSTPAID,0,2025-03-03,2.0,2025-03-03,2026-08-10,2.0,2.0,148,0,2025-03-03:2,Disqualified,disqualified,,Customer Disengagement or Cancellation,Disqualified,Nemax,0,0.0
2026-09-16,11001480422,14113827519,H100,gpu,,256,1.02,RESERVE,POSTPAID,1,2024-10-15,1.5,2024-10-15,2026-08-10,1.5,1.5,166,0,2024-10-15:1.5,Closed won,won,2024-10-15,,Approved,Nemax,0,0.0
2026-09-16,110422528234,145399516364,H100,gpu,,64,2.53,PAYG,POSTPAID,0,2025-03-03,2.95,2025-03-10,2026-08-10,2.95,2.95,148,0,2025-03-03:2.95,Closed won,won,2025-03-10,,Approved,Nemax,7,0.0
2026-09-16,119607121096,159837503704,H100,gpu,,106,0.46,PAYG,POSTPAID,0,2025-03-24,1.7,2025-03-24,2026-08-10,1.7,1.7,145,0,2025-03-24:1.7,Closed won,won,2025-03-24,,Approved,Nemax,0,0.0
2026-09-16,126585272529,169336678593,H100,gpu,,32,0.59,TESTING,NO_PAYMENT,0,2025-04-03,2.95,2025-09-04,2026-08-10,2.95,2.95,142,0,2025-04-03:2.95,Closed won,won,2025-09-04,,Approved,Nemax,154,0.0
2026-09-16,133498369254,179512178936,H200,gpu,,64,0.46,RESERVE,PREPAID,0,2025-04-17,2.3,2025-05-15,2026-08-10,2.3,2.3,138,0,2025-04-17:2.3,Closed won,won,2025-05-15,,Approved,Nemax,28,0.0
2026-09-16,17798593009,21821604553,H100,gpu,,24,14.93,PAYG,POSTPAID,1,2024-10-15,2.5,2024-10-29,2025-02-17,2.5,2.5,17,0,2024-10-15:2.5,Technical Validation,open_at_freeze,,,Waiting For Approval,Nemax,14,0.0
2026-09-16,191654757612,222147748031,H200,gpu,,32,0.46,RESERVE,PREPAID,0,2025-07-10,2.15,2025-10-23,2026-08-10,2.15,2.15,114,0,2025-07-10:2.15,Closed lost,lost_other,,Insufficient Capabilities,Lost Deal,us-central1 – Kansas,105,0.0
2026-09-16,198823365849,253734560955,H100,gpu,,88,6.05,RESERVE,PREPAID,0,2025-07-17,1.5,2025-08-11,2026-08-10,1.5,1.5,112,0,2025-07-17:1.5,Closed won,won,2025-08-11,,Approved,Nemax,25,0.0
2026-09-16,199026574568,264152292587,H200,gpu,,128,12.01,RESERVE,PREPAID,0,2025-07-21,2.2,2025-08-28,2026-08-10,2.2,2.2,111,0,2025-07-21:2.2,Closed lost,lost_capacity,,NO_CAPACITY,Lost Deal,us-central1 – Kansas,38,0.0
2026-09-16,214017171700,278940421325,B200,gpu,,152,3.88,RESERVE,POSTPAID,0,2025-08-07,3.3,2025-08-18,2026-08-10,3.3,3.3,106,0,2025-08-07:3.3,Closed lost,lost_other,,Cluster Performance,Lost Deal,us-central1 – Kansas,11,0.0
2026-09-16,232416911552,274628337881,H200,gpu,,16,23.98,RESERVE,PREPAID,0,2025-08-28,2.05,2025-10-02,2026-08-10,2.05,2.05,100,0,2025-08-28:2.05,Closed won,won,2025-10-02,,Approved,us-central1 – Kansas,35,0.0
2026-09-16,238029672655,303274056899,B200,gpu,,1024,1.02,RESERVE,PREPAID,0,2025-09-08,3.5,2026-02-04,2026-08-10,3.5,3.5,97,0,2025-09-08:3.5,Closed lost,lost_capacity,,NO_CAPACITY,Lost Deal,me-west1 - Israel,149,0.0
2026-09-16,250980303077,314866946274,H200,gpu,,128,12.01,RESERVE,PREPAID,0,2025-09-29,2.2,2025-09-29,2025-10-13,2.0,2.0,5,1,2025-09-29:2.2>2025-10-02:2,Technical Validation,open_at_freeze,,,Pre-Approved,Nemax,0,-9.1
2026-09-16,25347735768,29229203663,H100,gpu,,135,4.93,RESERVE,POSTPAID,0,2024-10-29,2.0,2025-03-27,2026-08-10,2.0,2.0,164,0,2024-10-29:2,Closed lost,lost_other,,Customer Disengagement or Cancellation,Lost Deal,Nemax,149,0.0
2026-09-16,254344132820,319804986579,B300,gpu,,512,12.01,,,0,2025-10-02,4.25,2025-10-16,2026-08-10,4.25,4.25,90,0,2025-10-02:4.25,Closed lost,lost_capacity,,NO_CAPACITY,Lost Deal,uk-south1 – UK,14,0.0
2026-09-16,257329297654,321055858930,B300,gpu,,320,5.99,RESERVE,PREPAID,0,2025-10-06,4.0,2025-12-15,2026-08-10,4.0,4.0,89,0,2025-10-06:4,Closed lost,lost_capacity,,NO_CAPACITY,Lost Deal,uk-south1 – UK,70,0.0
2026-09-16,261964878044,327564620016,B300,gpu,,288,23.98,RESERVE,PREPAID,0,2025-10-09,3.0,2025-11-06,2026-08-10,3.0,3.0,88,0,2025-10-09:3,Closed lost,lost_other,,Customer Disengagement or Cancellation,Lost Deal,uk-south1 – UK,28,0.0
2026-09-16,270941098194,338778695898,H200,gpu,,64,5.95,RESERVE,PREPAID,0,2025-10-23,1.85,2025-11-06,2026-08-10,1.9,1.9,84,1,2025-10-23:1.85>2025-10-30:1.9,Closed won,won,2025-11-06,,Approved,us-central1 – Kansas,14,2.7
2026-09-16,309411893471,374333613286,H200,gpu,,200,11.97,RESERVE,POSTPAID,0,2025-11-17,2.05,2025-11-17,2026-02-18,2.05,2.05,28,0,2025-11-17:2.05,Technical Validation,open_at_freeze,,,Waiting For Approval,Nemax,0,0.0
2026-09-16,312248790259,378158155988,H200,gpu,,256,12.01,RESERVE,POSTPAID,0,2025-11-20,1.8,2025-11-20,2025-11-26,1.8,1.8,3,0,2025-11-20:1.8,Prospect,open_at_freeze,,,Waiting For Approval,Nemax,0,0.0
2026-09-16,314371350744,378241306813,H100,gpu,,32,12.14,RESERVE,PREPAID,0,2025-11-20,1.65,2025-12-08,2026-08-10,1.65,1.65,76,0,2025-11-20:1.65,Closed won,won,2025-12-08,,Approved,Nemax,18,0.0
2026-09-16,320032171214,373922348218,H100,gpu,,8,5.99,RESERVE,POSTPAID,0,2025-11-24,1.8,2025-11-26,2025-11-26,1.8,1.8,2,0,2025-11-24:1.8,Agreement signing,open_at_freeze,,,Approved,Nemax,2,0.0
2026-09-16,320576097477,385105030334,B200,gpu,,16,6.02,RESERVE,PREPAID,0,2025-11-26,3.25,2025-12-22,2026-08-10,3.25,3.25,74,0,2025-11-26:3.25,Closed lost,lost_other,,Customer Disengagement or Cancellation,Lost Deal,us-central1 – Kansas,26,0.0
2026-09-16,332933341404,396048128193,H100,gpu,,32,12.01,RESERVE,PREPAID,0,2025-12-03,1.65,2025-12-08,2025-12-10,1.65,1.65,3,0,2025-12-03:1.65,Technical Validation,open_at_freeze,,,Approved,Nemax,5,0.0
2026-09-16,333172414700,388158154950,B200,gpu,,32,0.66,TESTING,NO_PAYMENT,0,2025-12-08,5.5,2026-02-11,2026-08-10,5.5,5.5,71,0,2025-12-08:5.5,Closed lost,lost_capacity,,NO_CAPACITY;Competitor Chosen,Lost Deal,us-central1 – Kansas,65,0.0
2026-09-16,334362945778,397390299326,H200,gpu,,8,0.39,TESTING,NO_PAYMENT,0,2025-12-08,3.5,2025-12-08,2025-12-08,3.5,3.5,1,0,2025-12-08:3.5,Prospect,open_at_freeze,,,Waiting For Approval,Nemax,0,0.0
2026-09-16,33485455572,34354656476,H100,gpu,,32,2.93,PAYG,POSTPAID,0,2024-11-05,3.0,2025-01-27,2026-08-10,1.75,1.75,163,2,2024-11-05:3>2024-12-03:2.2>2025-01-27:1.75,Closed lost,lost_price_or_competitor,,Competitor Chosen;Customer Disengagement or Cancellation,Lost Deal,Nemax,83,-41.7
2026-09-16,342634224843,334091115715,H200,gpu,,288,11.97,RESERVE,PREPAID,0,2025-12-15,1.7,2025-12-15,2026-03-16,1.7,1.7,27,0,2025-12-15:1.7,Technical Validation,open_at_freeze,,,Waiting For Approval,Nemax,0,0.0
2026-09-16,346606479557,410629307624,GB200,gpu,72,144,72.04,RESERVE,POSTPAID,0,2025-12-17,3.5,2025-12-17,2025-12-17,3.5,3.5,1,0,2025-12-17:3.5,Prospect,open_at_freeze,,,Waiting For Approval,us-east1 – New Jersey,0,0.0
2026-09-16,352015104239,413524737235,H200,gpu,,16,2.3,TESTING,NO_PAYMENT,0,2025-12-24,3.5,2026-05-04,2026-08-10,3.5,3.5,66,0,2025-12-24:3.5,Closed lost,lost_other,,Customer Disengagement or Cancellation;Insufficient Capabilities,Lost Deal,us-central1 – Kansas,131,0.0
2026-09-16,373389120711,321446101213,B300,gpu,,64,0.46,TESTING,NO_PAYMENT,0,2026-01-14,7.1,2026-01-28,2026-02-11,7.1,7.1,9,0,2026-01-14:7.1,Technical Validation,open_at_freeze,,,Waiting For Approval,uk-south1 – UK,14,0.0
2026-09-16,39947678937,31510589672,H200,gpu,,4000,21.51,RESERVE,PREPAID,0,2024-11-14,2.1,2024-11-18,2026-08-10,2.1,2.1,162,0,2024-11-14:2.1,Closed lost,lost_price_or_competitor,,Competitor Chosen,Lost Deal,Nemax,4,0.0
2026-09-16,40024926432,45252159699,H100,gpu,,3,11.97,PAYG,POSTPAID,0,2024-11-14,2.6,2024-12-17,2026-08-10,2.6,2.6,162,0,2024-11-14:2.6,Closed won,won,2024-12-17,,Approved,Nemax,33,0.0
2026-09-16,426779078888,321446101213,B300,gpu,,32,3.26,RESERVE,PREPAID,0,2026-03-02,3.3,2026-03-16,2026-08-10,3.5,3.5,47,1,2026-03-02:3.3>2026-03-09:3.5,Closed won,won,2026-03-16,,Approved,uk-south1 – UK,14,6.1
2026-09-16,449773860035,495031352558,H100,gpu,,48,24.05,RESERVE,PREPAID,0,2026-04-13,1.85,2026-06-01,2026-08-10,1.85,1.85,35,0,2026-04-13:1.85,Closed won,won,2026-06-01,,Approved,Nemax,49,0.0
2026-09-16,450806619331,494040223944,H200,gpu,,64,12.01,,,0,2026-04-20,3.5,2026-05-20,2026-08-10,3.5,3.5,33,0,2026-04-20:3.5,Closed lost,lost_other,,Customer Disengagement or Cancellation,Lost Deal,,30,0.0
2026-09-16,455936313584,498987292875,B300,gpu,,64,11.97,RESERVE,PREPAID,0,2026-05-11,5.5,2026-05-11,2026-05-25,5.5,2.75,5,0,2026-05-11:5.5,Commercial Proposal,open_at_freeze,,,Waiting For Approval,eu-west1 – Paris,0,-50.0
2026-09-16,456029323468,502037053660,B200,gpu,,400,11.97,RESERVE,PREPAID,0,2026-05-11,4.0,2026-05-13,2026-07-20,4.0,4.0,21,0,2026-05-11:4,Technical Validation,open_at_freeze,,,Waiting For Approval,Nemax,2,0.0
2026-09-16,457257738458,501500893387,B200,gpu,,40,2.99,RESERVE,PREPAID,0,2026-05-18,4.5,2026-06-29,2026-08-10,4.5,4.5,25,0,2026-05-18:4.5,Closed lost,lost_other,,Customer Disengagement or Cancellation,Lost Deal,me-west1 - Israel,42,0.0
2026-09-16,461739603181,505729536232,H200,gpu,,16,3.26,RESERVE,PREPAID,0,2026-06-10,2.7,2026-06-17,2026-07-13,2.88,2.88,10,1,2026-06-10:2.7>2026-06-15:2.88,Commercial Proposal,open_at_freeze,,,Waiting For Approval,eu-west1 – Paris,7,6.7
2026-09-16,464163312857,502402609393,B200,gpu,,1000,11.97,RESERVE,PREPAID,0,2026-06-22,4.8,2026-06-22,2026-08-10,4.8,4.8,15,0,2026-06-22:4.8,Technical Validation,open_at_freeze,,,Waiting For Approval,Nemax,0,0.0
2026-09-16,464973098223,500640816377,VR,gpu,72,2000,60.03,RESERVE,PREPAID,0,2026-06-22,6.2,2026-06-22,2026-08-10,6.1,6.1,15,1,2026-06-22:6.2>2026-07-13:6.1,Prospect,open_at_freeze,,,Waiting For Approval,Nemax,0,-1.6
2026-09-16,474433763568,512055393525,B200,gpu,,32,1.22,INTERNAL,NO_PAYMENT,0,2026-07-29,7.15,2026-07-29,2026-08-10,7.15,7.15,4,0,2026-07-29:7.15,Technical Validation,open_at_freeze,,,Approved,tf-ca1,0,0.0
2026-09-16,51916207300,63804075201,H100,gpu,,8,0.2,TESTING,NO_PAYMENT,0,2024-12-10,2.95,2025-06-19,2026-08-10,2.95,2.95,158,0,2024-12-10:2.95,Disqualified,disqualified,,Customer Disengagement or Cancellation,Disqualified,Nemax,191,0.0
2026-09-16,52937042136,57470246077,H100,gpu,,1024,2.93,PAYG,NO_PAYMENT,0,2024-12-10,2.95,2025-01-20,2026-08-10,2.95,2.95,158,0,2024-12-10:2.95,Closed won,won,2025-01-20,,Disqualified,Nemax,41,0.0
2026-09-16,57346281714,70796034237,H100,gpu,,576,11.02,PAYG,POSTPAID,0,2024-12-17,2.07,2025-10-20,2026-08-10,2.07,2.07,157,0,2024-12-17:2.07,Closed lost,lost_other,,Customer Disengagement or Cancellation,Lost Deal,Nemax,307,0.0
2026-09-16,79792607469,100096064755,H100,gpu,,128,1.94,TESTING,NO_PAYMENT,0,2025-01-13,2.95,2025-04-03,2026-08-10,2.95,2.95,155,0,2025-01-13:2.95,Disqualified,disqualified,,Qualification Oversights,Disqualified,Nemax,80,0.0
2026-09-16,8273811441,10321069034,H100,gpu,,1,5.95,RESERVE,PREPAID,1,2024-10-15,4.85,2024-12-17,2026-08-10,4.85,3.88,166,0,2024-10-15:4.85,Closed lost,lost_other,2024-10-15,Customer Disengagement or Cancellation,Lost Deal,Finland,63,-20.0
2026-09-16,8461432048,10186892522,H100,gpu,,1,0.2,TESTING,NO_PAYMENT,1,2024-10-15,4.85,2024-10-15,2026-08-10,4.85,4.85,166,0,2024-10-15:4.85,Disqualified,disqualified,,Test Deals,Disqualified,Finland,0,0.0
2026-09-16,86563498172,112863461619,H100,gpu,,64,2.99,PAYG,POSTPAID,0,2025-02-03,2.0,2025-02-17,2026-08-10,2.0,2.0,152,0,2025-02-03:2,Closed won,won,2025-02-17,,Approved,Nemax,14,0.0
2026-09-16,8662072276,10666816192,H100,gpu,,16,2.99,PAYG,POSTPAID,1,2024-10-15,4.12,2024-10-15,2026-08-10,4.12,4.12,166,0,2024-10-15:4.12,Closed won,won,2024-10-15,,Approved,Finland,0,0.0
2026-09-16,86918542525,112802302167,H200,gpu,,144,0.16,PAYG,POSTPAID,0,2025-02-03,2.2,2025-03-03,2026-08-10,2.2,2.2,152,0,2025-02-03:2.2,Closed won,won,2025-03-03,,Approved,eu-west1 – Paris,28,0.0
2026-09-16,91009819854,119240466666,H100,gpu,,64,11.97,PAYG,POSTPAID,0,2025-02-03,2.25,2025-03-24,2026-08-10,2.25,2.25,152,0,2025-02-03:2.25,Closed won,won,2025-03-24,,Approved,Nemax,49,0.0
2026-09-16,94488647887,123572715723,H200,gpu,,256,24.05,RESERVE,PREPAID,0,2025-02-10,1.75,2025-03-24,2026-03-16,2.0,2.0,109,1,2025-02-10:1.75>2025-03-10:2,Commercial Proposal,open_at_freeze,,,Waiting For Approval,Nemax,42,14.3
2026-09-16,9507509219,12811411413,H100,gpu,,4,0.07,TESTING,NO_PAYMENT,1,2024-10-15,4.85,2024-10-15,2026-08-10,4.85,4.85,166,0,2024-10-15:4.85,Disqualified,disqualified,,Customer Disengagement or Cancellation,Disqualified,Finland,0,0.0
2026-09-16,95898380529,125573122269,H200,gpu,,32,2.89,RESERVE,PREPAID,0,2025-02-10,2.2,2025-03-24,2026-08-10,2.2,2.2,151,0,2025-02-10:2.2,Closed won,won,2025-03-24,,Approved,Nemax,42,0.0
2026-09-16,9934750184,12869817027,H100,gpu,,1024,3.03,RESERVE,PREPAID,1,2024-10-15,2.6,2024-10-15,2026-08-10,2.6,2.6,166,0,2024-10-15:2.6,Closed lost,lost_other,,Insufficient Capabilities,Lost Deal,Finland,0,0.0
2026-09-16,10269588456,14208293089,H100,gpu,,8,0.23,TESTING,NO_PAYMENT,1,2024-10-15,4.85,2024-10-15,2026-08-10,4.85,4.85,166,0,2024-10-15:4.85,Closed won,won,2024-10-15,,Approved,Finland,0,0.0
2026-09-16,10436495068,9496207584,H100,gpu,,64,6.05,PAYG,POSTPAID,1,2024-10-15,4.85,2024-10-15,2026-08-10,4.85,4.85,166,0,2024-10-15:4.85,Closed won,won,2024-10-15,,Disqualified,Finland,0,0.0
2026-09-16,10458645984,14224720371,H100,gpu,,24,0.59,TESTING,NO_PAYMENT,1,2024-10-15,4.85,2024-10-15,2026-08-10,4.85,4.85,166,0,2024-10-15:4.85,Closed lost,lost_other,,Customer Disengagement or Cancellation,Lost Deal,Finland,0,0.0
2026-09-16,10524470493,13586459088,H100,gpu,,256,0.43,PAYG,POSTPAID,1,2024-10-15,4.0,2024-10-15,2026-08-10,4.0,4.0,166,0,2024-10-15:4,Closed won,won,2024-10-15,,Disqualified,Finland,0,0.0
2026-09-16,10656180960,10783220678,H100,gpu,,8,0.95,TESTING,NO_PAYMENT,1,2024-10-15,4.85,2024-10-15,2026-08-10,4.85,4.85,166,0,2024-10-15:4.85,Closed won,won,2024-10-15,,Approved,Finland,0,0.0
2026-09-16,10856053241,11523159259,H100,gpu,,1,2.53,PAYG,POSTPAID,1,2024-10-15,2.65,2024-10-15,2026-08-10,2.65,2.65,166,0,2024-10-15:2.65,Closed won,won,2024-10-15,,Approved,Finland,0,0.0
2026-09-16,108831566018,143158633680,H100,gpu,,2000,12.01,PAYG,POSTPAID,0,2025-03-03,1.6,2025-03-03,2025-03-10,1.6,1.6,2,0,2025-03-03:1.6,Prospect,open_at_freeze,,,Waiting For Approval,Nemax,0,0.0
2026-09-16,112139634930,129299497169,H100,gpu,,952,1.64,RESERVE,PREPAID,0,2025-03-10,1.9,2025-05-05,2026-08-10,1.9,1.9,147,0,2025-03-10:1.9,Closed won,won,2025-05-05,,Approved,Nemax,56,0.0
2026-09-16,12186098628,16641054153,H100,gpu,,16,0.95,PROMO,NO_PAYMENT,1,2024-10-15,3.5,2025-03-17,2026-08-10,3.5,3.5,166,0,2024-10-15:3.5,Closed lost,lost_other,2024-10-15,Qualification Oversights,Lost Deal,Finland,153,0.0
2026-09-16,144107928768,193459406030,H200,gpu,,8,0.99,TESTING,NO_PAYMENT,0,2025-05-01,3.5,2025-09-25,2026-08-10,3.5,3.5,134,0,2025-05-01:3.5,Closed lost,lost_other,,Customer Disengagement or Cancellation,Lost Deal,us-central1 – Kansas,147,0.0
2026-09-16,148314758385,192532660449,H100,gpu,,256,6.05,RESERVE,POSTPAID,0,2025-05-08,2.1,2025-06-02,2026-08-10,2.1,2.1,132,0,2025-05-08:2.1,Closed lost,lost_other,,Customer Disengagement or Cancellation;Qualification Oversights,Lost Deal,Nemax,25,0.0
2026-09-16,149799681237,201351357683,H100,gpu,,48,0.39,RESERVE,PREPAID,0,2025-05-12,1.8,2025-05-22,2026-08-10,1.8,1.8,131,0,2025-05-12:1.8,Closed won,won,2025-05-22,,Approved,Nemax,10,0.0
2026-09-16,151418390763,204149004477,B200,gpu,,8,11.97,RESERVE,POSTPAID,0,2025-05-12,3.7,2025-08-25,2026-08-10,3.7,3.7,131,0,2025-05-12:3.7,Closed lost,lost_other,,Customer Disengagement or Cancellation,Lost Deal,us-central1 – Kansas,105,0.0
2026-09-16,184146728162,239863945412,H100,gpu,,16,2.01,PAYG,PREPAID,0,2025-06-26,2.95,2025-08-11,2026-08-10,2.95,2.95,118,0,2025-06-26:2.95,Disqualified,disqualified,,Customer Disengagement or Cancellation,Disqualified,eu-west1 – Paris,46,0.0
2026-09-16,195600701667,252591574263,B200,gpu,,16,2.04,PAYG,POSTPAID,0,2025-07-14,4.5,2025-08-18,2026-08-10,4.5,4.5,113,0,2025-07-14:4.5,Closed won,won,2025-08-18,,Approved,us-central1 – Kansas,35,0.0
2026-09-16,219962394833,282636057824,H100,gpu,,16,0.46,TESTING,NO_PAYMENT,0,2025-08-11,2.95,2025-10-02,2026-08-10,2.95,2.95,105,0,2025-08-11:2.95,Closed lost,lost_price_or_competitor,,Competitor Chosen,Lost Deal,Nemax,52,0.0
2026-09-16,221852628164,287026033875,H100,gpu,,16,12.04,RESERVE,PREPAID,0,2025-08-14,1.9,2025-09-04,2025-09-18,1.9,1.9,11,0,2025-08-14:1.9,Commercial Proposal,open_at_freeze,,,Approved,Nemax,21,0.0
2026-09-16,223528705236,281712202961,H200,gpu,,104,5.99,PAYG,PREPAID,0,2025-08-18,2.5,2025-08-18,2026-08-10,2.5,2.5,103,0,2025-08-18:2.5,Closed lost,lost_capacity,,NO_CAPACITY;Pricing and Billing Issues,Lost Deal,eu-west1 – Paris,0,0.0
2026-09-16,230035886329,194464558326,H100,gpu,,8,5.92,RESERVE,POSTPAID,0,2025-08-25,2.0,2026-03-11,2026-08-10,2.0,2.0,101,0,2025-08-25:2,Closed lost,lost_other,,Customer Disengagement or Cancellation,Lost Deal,Nemax,198,0.0
2026-09-16,242635611327,307904086237,H100,gpu,,8,12.01,RESERVE,PREPAID,0,2025-09-15,2.0,2025-11-03,2026-08-10,2.0,2.0,95,0,2025-09-15:2,Closed lost,lost_capacity,,NO_CAPACITY,Lost Deal,Nemax,49,0.0
2026-09-16,246275476728,311727127795,H200,gpu,,104,5.95,RESERVE,PREPAID,0,2025-09-22,1.85,2025-11-17,2026-08-10,1.85,1.85,93,0,2025-09-22:1.85,Closed lost,lost_other,,Customer Disengagement or Cancellation,Lost Deal,eu-west1 – Paris,56,0.0
2026-09-16,255540570299,322581456114,B300,gpu,,24,12.01,RESERVE,PREPAID,0,2025-10-02,3.8,2025-10-02,2025-12-03,3.8,3.8,19,0,2025-10-02:3.8,Technical Validation,open_at_freeze,,,Waiting For Approval,uk-south1 – UK,0,0.0
2026-09-16,257334103260,282635651302,H100,gpu,,136,12.11,RESERVE,PREPAID,0,2025-10-02,1.65,2025-10-02,2025-10-20,1.65,1.65,6,0,2025-10-02:1.65,Commercial Proposal,open_at_freeze,,,Pre-Approved,Nemax,0,0.0
2026-09-16,28005162201,31873344725,H100,gpu,,256,5.92,RESERVE,PREPAID,0,2024-10-29,2.0,2024-11-05,2026-08-10,2.0,2.0,164,0,2024-10-29:2,Disqualified,disqualified,,Pricing and Billing Issues,Disqualified,Nemax,7,0.0
2026-09-16,332404725964,396380048618,GB300,rack,72,1368,24.08,RESERVE,PREPAID,0,2025-12-03,9.2,2026-03-25,2026-08-10,4.5,4.5,72,1,2025-12-03:9.2>2026-02-02:4.5,Closed lost,lost_other,,Customer Disengagement or Cancellation,Lost Deal,,112,-51.1
2026-09-16,339332087001,402386245869,H100,gpu,,3000,10.95,RESERVE,POSTPAID,0,2025-12-10,1.9,2026-02-18,2026-08-10,1.9,1.9,70,0,2025-12-10:1.9,Closed won,won,2026-02-18,,Approved,Nemax,70,0.0
2026-09-16,33978483927,37163774166,H100,gpu,,512,12.01,RESERVE,POSTPAID,0,2024-11-14,2.0,2025-01-27,2026-08-10,2.0,2.0,162,0,2024-11-14:2,Closed lost,lost_price_or_competitor,,Competitor Chosen,Lost Deal,Nemax,74,0.0
2026-09-16,393893515510,452426040544,H100,gpu,,16,0.69,TESTING,NO_PAYMENT,0,2026-01-28,2.95,2026-03-30,2026-08-10,2.95,2.95,56,0,2026-01-28:2.95,Agreement signing,open_at_freeze,,,Waiting For Approval,,61,0.0
2026-09-16,394607647988,453031598306,H100,gpu,,48,9.05,RESERVE,,0,2026-01-28,1.65,2026-02-16,2026-08-10,1.6,1.6,56,1,2026-01-28:1.65>2026-02-11:1.6,Closed won,won,2026-02-16,,Approved,Nemax,19,-3.0
2026-09-16,409142615282,466108675292,H100,gpu,,128,0.99,RESERVE,PREPAID,0,2026-02-11,1.7,2026-02-11,2026-02-11,1.7,1.7,1,0,2026-02-11:1.7,Commercial Proposal,open_at_freeze,,,Waiting for Business Approval,Nemax,0,0.0
2026-09-16,423220834546,474622566592,H100,gpu,,512,1.94,RESERVE,PREPAID,0,2026-02-25,1.8,2026-02-25,2026-08-10,1.8,1.8,48,0,2026-02-25:1.8,Closed lost,lost_capacity,,NO_CAPACITY,Lost Deal,Nemax,0,0.0
2026-09-16,427426773191,481449864379,H200,gpu,,112,1.61,RESERVE,POSTPAID,0,2026-03-02,1.9,2026-06-15,2026-08-10,1.9,1.9,47,0,2026-03-02:1.9,Closed won,won,2026-06-15,,Approved,Nemax,105,0.0
2026-09-16,441460568309,480627557582,B300,gpu,,8,0.56,TESTING,NO_PAYMENT,0,2026-03-16,7.1,2026-03-16,2026-08-10,7.1,7.1,43,0,2026-03-16:7.1,Technical Validation,open_at_freeze,,,Approved,uk-south1 – UK,0,0.0
2026-09-16,450806299882,498926670068,H200,gpu,,256,12.01,RESERVE,POSTPAID,0,2026-04-20,2.26,2026-05-04,2026-08-10,2.26,2.26,33,0,2026-04-20:2.26,Closed won,won,2026-05-04,,Approved,us-central1 – Kansas,14,0.0
2026-09-16,451800058087,499551556798,B300,gpu,,1024,24.05,RESERVE,PREPAID,0,2026-04-22,4.7,2026-05-04,2026-06-22,5.1,5.1,18,1,2026-04-22:4.7>2026-05-04:5.1,Commercial Proposal,open_at_freeze,,,Waiting For Approval,eu-west2 – Paris,12,8.5
2026-09-16,454307291354,275548186833,B300,gpu,,32,0.43,TESTING,NO_PAYMENT,0,2026-05-04,7.1,2026-07-13,2026-08-10,7.1,7.1,29,0,2026-05-04:7.1,Commercial Proposal,open_at_freeze,,,Approved,uk-south1 – UK,70,0.0
2026-09-16,456581878994,502402609393,B300,gpu,,300,11.97,RESERVE,PREPAID,0,2026-05-13,4.5,2026-05-13,2026-06-17,4.5,4.5,11,0,2026-05-13:4.5,Prospect,open_at_freeze,,,Waiting For Approval,Nemax,0,0.0
2026-09-16,457135218931,502226011373,B300,gpu,,256,12.01,RESERVE,PREPAID,0,2026-05-18,5.21,2026-05-18,2026-05-20,5.21,5.21,2,0,2026-05-18:5.21,Prospect,open_at_freeze,,,Waiting For Approval,us-north1 – Minnesota,0,0.0
2026-09-16,460712641756,505032091847,H100,gpu,,128,12.01,RESERVE,PREPAID,0,2026-06-03,2.3,2026-06-24,2026-08-10,2.3,2.3,20,0,2026-06-03:2.3,Closed lost,lost_capacity,,NO_CAPACITY,Lost Deal,Nemax,21,0.0
2026-09-16,460779154680,503998935289,B300,gpu,,32,0.56,TESTING,NO_PAYMENT,0,2026-06-03,7.1,2026-06-03,2026-08-10,7.1,7.1,20,0,2026-06-03:7.1,Technical Validation,open_at_freeze,,,Approved,uk-south1 – UK,0,0.0
2026-09-16,461572107482,505035003128,B300,gpu,,512,24.01,RESERVE,PREPAID,0,2026-06-08,5.45,2026-06-08,2026-07-08,5.1,5.1,10,1,2026-06-08:5.45>2026-06-10:5.1,Commercial Proposal,open_at_freeze,,,Waiting For Approval,eu-south1 – Madrid,0,-6.4
2026-09-16,462197947598,505798810855,B200,gpu,,128,24.01,RESERVE,PREPAID,0,2026-06-10,5.04,2026-06-10,2026-08-10,5.04,5.04,18,0,2026-06-10:5.04,Technical Validation,open_at_freeze,,,Waiting For Approval,me-west1 - Israel,0,0.0
2026-09-16,463092929728,506098502874,H100,gpu,,16,3.98,RESERVE,PREPAID,0,2026-06-15,3.09,2026-06-22,2026-08-10,2.55,2.55,17,1,2026-06-15:3.09>2026-06-22:2.55,Commercial Proposal,open_at_freeze,,,Waiting For Approval,Nemax,7,-17.5
2026-09-16,467559645381,509157706976,H200,gpu,,128,12.01,RESERVE,PREPAID,0,2026-07-06,2.7,2026-08-05,2026-08-10,2.7,2.7,11,0,2026-07-06:2.7,Closed lost,lost_capacity,,NO_CAPACITY,Lost Deal,Nemax,30,0.0
2026-09-16,467796849910,509470208207,GB300,rack,72,144,12.01,RESERVE,PREPAID,0,2026-07-08,6.15,2026-07-08,2026-08-10,6.15,6.15,10,0,2026-07-08:6.15,Technical Validation,open_at_freeze,,,Waiting For Approval,us-south1 – Oklahoma,0,0.0
2026-09-16,473114652902,505861271773,B300,gpu,,96,11.97,RESERVE,PREPAID,0,2026-07-27,6.0,2026-07-27,2026-08-10,6.0,6.0,5,0,2026-07-27:6,Commercial Proposal,open_at_freeze,,,Approved,eu-west2 – Paris,0,0.0
2026-09-16,474438102250,509471061220,B300,gpu,,48,0.62,RESERVE,PREPAID,0,2026-08-03,6.0,2026-08-03,2026-08-10,6.0,6.0,3,0,2026-08-03:6,Prospect,open_at_freeze,,,Waiting For Approval,uk-south1 – UK,0,0.0
2026-09-16,475386012913,514354846909,GB300,rack,72,2520,36.05,RESERVE,PREPAID,0,2026-08-05,5.75,2026-08-05,2026-08-10,5.75,5.75,2,0,2026-08-05:5.75,Prospect,open_at_freeze,,,Waiting for Business Approval,me-west1 - Israel,0,0.0
2026-09-16,475404469453,510545524938,H100,gpu,,128,6.02,RESERVE,PREPAID,0,2026-08-03,2.85,2026-08-03,2026-08-10,2.85,2.85,3,0,2026-08-03:2.85,Prospect,open_at_freeze,,,Waiting For Approval,Nemax,0,0.0
2026-09-16,67538348276,79203802309,H200,gpu,,64,0.89,PAYG,POSTPAID,0,2025-01-20,3.5,2025-02-03,2026-08-10,3.5,3.5,154,0,2025-01-20:3.5,Closed won,won,2025-02-03,,Disqualified,eu-west1 – Paris,14,0.0
2026-09-16,83554318535,108244643051,H100,gpu,,16,0.23,TESTING,NO_PAYMENT,0,2025-01-27,2.95,2025-05-29,2026-08-10,2.95,2.95,153,0,2025-01-27:2.95,Disqualified,disqualified,,Test Deals,Disqualified,Nemax,122,0.0
2026-09-16,8638845116,11232352207,H100,gpu,,24,35.99,RESERVE,PREPAID,1,2024-10-15,2.0,2024-10-15,2026-08-10,2.0,2.0,166,0,2024-10-15:2,Closed won,won,2024-10-15,,Lost Deal,Finland,0,0.0
2026-09-16,8745291221,11287773128,H100,gpu,,8,0.23,TESTING,NO_PAYMENT,1,2024-10-15,4.85,2024-10-15,2026-08-10,4.85,4.85,166,0,2024-10-15:4.85,Disqualified,disqualified,,Customer Disengagement or Cancellation,Disqualified,Finland,0,0.0
2026-09-16,8800865743,11091440087,H100,gpu,,16,0.2,TESTING,NO_PAYMENT,1,2024-10-15,4.85,2024-10-15,2026-08-10,4.85,4.85,166,0,2024-10-15:4.85,Closed lost,lost_other,,Customer Disengagement or Cancellation,Disqualified,Finland,0,0.0
2026-09-16,8954709180,11669037007,H100,gpu,,128,2.99,RESERVE,POSTPAID,1,2024-10-15,2.55,2024-10-15,2026-08-10,2.55,2.55,166,0,2024-10-15:2.55,Closed lost,lost_other,,Customer Disengagement or Cancellation,Lost Deal,Finland,0,0.0
2026-09-16,8968838893,11709716950,H100,gpu,,4,8.06,PAYG,POSTPAID,1,2024-10-15,4.85,2024-10-15,2026-08-10,4.85,4.85,166,0,2024-10-15:4.85,Closed lost,lost_other,,Customer Disengagement or Cancellation,Lost Deal,Finland,0,0.0
2026-09-16,9467911119,12734133720,H100,gpu,,40,12.01,RESERVE,POSTPAID,1,2024-10-15,2.49,2024-10-15,2026-08-10,2.49,2.49,166,0,2024-10-15:2.49,Closed lost,lost_price_or_competitor,,Competitor Chosen,Lost Deal,Finland,0,0.0
2026-09-16,96931176672,126971485397,H100,gpu,,96,11.97,RESERVE,POSTPAID,0,2025-02-17,2.0,2025-03-17,2026-08-10,2.0,2.0,150,0,2025-02-17:2,Closed lost,lost_price_or_competitor,,Competitor Chosen,Lost Deal,Nemax,28,0.0
2026-09-16,9765489873,13307271138,H100,gpu,,16,0.46,TESTING,NO_PAYMENT,1,2024-10-15,4.85,2024-10-15,2026-08-10,4.85,4.85,166,0,2024-10-15:4.85,Closed won,won,2024-10-15,,Approved,Finland,0,0.0
2026-09-16,9830622417,13463607998,H100,gpu,,64,17.93,INTERNAL,NO_PAYMENT,1,2024-10-15,4.85,2024-10-15,2026-08-10,4.85,4.85,166,0,2024-10-15:4.85,Closed won,won,2024-10-15,,Disqualified,Finland,0,0.0
2026-09-16,10124890613,13463607998,H100,gpu,,64,18.59,INTERNAL,NO_PAYMENT,1,2024-10-15,4.85,2024-10-15,2026-08-10,4.85,4.85,166,0,2024-10-15:4.85,Closed won,won,2024-10-15,,Waiting For Approval,Finland,0,0.0
2026-09-16,10245180104,12636966370,H100,gpu,,1024,0.95,RESERVE,POSTPAID,1,2024-10-15,2.9,2024-10-15,2026-08-10,2.9,2.9,166,0,2024-10-15:2.9,Disqualified,disqualified,,Customer Disengagement or Cancellation,Disqualified,Finland,0,0.0
2026-09-16,10598241226,14991928258,H100,gpu,,256,11.97,RESERVE,PREPAID,1,2024-10-15,4.85,2024-10-15,2026-08-10,4.85,2.75,166,0,2024-10-15:4.85,Closed lost,lost_other,,Customer Disengagement or Cancellation,Lost Deal,Finland,0,-43.3
2026-09-16,109794285771,143435237594,H100,gpu,,8,4.01,TESTING,NO_PAYMENT,0,2025-03-03,2.95,2025-03-03,2025-05-29,1.5,1.5,23,1,2025-03-03:2.95>2025-05-29:1.5,Prospect,open_at_freeze,,,Waiting For Approval,Nemax,0,-49.2
2026-09-16,111347281084,146255294670,H100,gpu,,8,0.23,TESTING,,0,2025-03-10,2.95,2025-03-10,2025-03-17,2.95,2.95,2,0,2025-03-10:2.95,Technical Validation,open_at_freeze,,,Approved,Nemax,0,0.0
2026-09-16,121904576755,163523928275,H200,gpu,,64,2.99,RESERVE,POSTPAID,0,2025-03-27,2.5,2025-06-02,2026-08-10,2.3,2.3,144,1,2025-03-27:2.5>2025-04-03:2.3,Closed lost,lost_other,,Customer Disengagement or Cancellation,Lost Deal,Nemax,67,-8.0
2026-09-16,130660952250,174845018316,H100,gpu,,8,0.86,TESTING,NO_PAYMENT,0,2025-04-14,2.95,2025-08-25,2026-08-10,2.95,2.95,139,0,2025-04-14:2.95,Closed lost,lost_price_or_competitor,,Pricing and Billing Issues,Lost Deal,Nemax,133,0.0
2026-09-16,154440370417,208189717693,H100,gpu,,128,6.25,RESERVE,PREPAID,0,2025-05-15,1.8,2025-10-16,2026-08-10,1.75,1.75,130,1,2025-05-15:1.8>2025-05-29:1.75,Closed lost,lost_other,,Customer Disengagement or Cancellation,Lost Deal,Nemax,154,-2.8
2026-09-16,163581012205,218827595993,H200,gpu,,16,0.23,TESTING,NO_PAYMENT,0,2025-05-26,3.5,2025-05-29,2025-07-28,3.5,3.5,19,0,2025-05-26:3.5,Commercial Proposal,open_at_freeze,,,Approved,eu-west1 – Paris,3,0.0
2026-09-16,163940035796,178323035367,H100,gpu,,64,12.01,PAYG,PREPAID,0,2025-05-26,2.2,2025-07-21,2026-08-10,2.2,2.2,127,0,2025-05-26:2.2,Closed lost,lost_other,,Customer Disengagement or Cancellation,Lost Deal,Nemax,56,0.0
2026-09-16,181965361371,224285676745,GB200,gpu,72,72,11.97,RESERVE,PREPAID,0,2025-06-23,3.7,2025-07-31,2026-08-10,3.5,3.5,119,1,2025-06-23:3.7>2025-06-26:3.5,Closed lost,lost_capacity,,NO_CAPACITY,Lost Deal,Nemax,38,-5.4
2026-09-16,184351233256,224285735125,H200,gpu,,64,12.01,PAYG,PREPAID,0,2025-06-26,2.6,2025-08-14,2026-08-10,2.6,2.6,118,0,2025-06-26:2.6,Closed lost,lost_other,,Customer Disengagement or Cancellation,Lost Deal,eu-west1 – Paris,49,0.0
2026-09-16,184351365341,247883832520,H200,gpu,,256,3.03,PAYG,POSTPAID,0,2025-06-30,2.1,2025-07-10,2026-08-10,2.1,2.1,117,0,2025-06-30:2.1,Closed lost,lost_other,,Customer Disengagement or Cancellation,Lost Deal,us-central1 – Kansas,10,0.0
2026-09-16,19080654062,21275036400,H100,gpu,,80,0.99,PAYG,POSTPAID,0,2024-10-22,2.95,2024-10-22,2026-08-10,2.95,2.95,165,0,2024-10-22:2.95,Closed won,won,2024-10-22,,Disqualified,Nemax,0,0.0
2026-09-16,192723222776,258168603894,B200,gpu,,80,3.03,PAYG,POSTPAID,0,2025-07-10,4.1,2025-09-25,2026-08-10,4.1,4.1,114,0,2025-07-10:4.1,Closed won,won,2025-09-25,,Approved,us-central1 – Kansas,77,0.0
2026-09-16,194925769918,260122860748,B200,gpu,,24,11.97,TESTING,PREPAID,0,2025-07-14,3.5,2025-07-14,2025-09-25,3.5,3.5,22,0,2025-07-14:3.5,Prospect,open_at_freeze,,,Waiting For Approval,Nemax,0,0.0
2026-09-16,198333052124,174975604979,H100,gpu,,8,1.97,RESERVE,POSTPAID,0,2025-07-17,2.25,2025-07-31,2026-08-10,2.25,2.25,112,0,2025-07-17:2.25,Closed lost,lost_capacity,,NO_CAPACITY,Lost Deal,Nemax,14,0.0
2026-09-16,211561544898,276560197864,B200,gpu,,16,5.0,RESERVE,PREPAID,0,2025-08-04,5.0,2025-08-11,2025-08-11,4.0,4.0,3,1,2025-08-04:5>2025-08-07:4,Commercial Proposal,open_at_freeze,,,Waiting For Approval,us-central1 – Kansas,7,-20.0
2026-09-16,239227869387,293492158680,H200,gpu,,16,7.2,RESERVE,POSTPAID,0,2025-09-08,2.0,2025-10-20,2026-08-10,2.0,2.0,97,0,2025-09-08:2,Closed lost,lost_other,,Customer Disengagement or Cancellation,Lost Deal,us-central1 – Kansas,42,0.0
2026-09-16,249464094936,315538259145,H200,gpu,,256,4.97,RESERVE,POSTPAID,0,2025-09-25,1.7,2025-09-25,2026-08-10,1.7,1.7,92,0,2025-09-25:1.7,Closed lost,lost_capacity,,NO_CAPACITY,Lost Deal,us-central1 – Kansas,0,0.0
2026-09-16,25347730649,22866602179,H100,gpu,,24,0.23,TESTING,NO_PAYMENT,0,2024-10-29,3.5,2024-11-26,2026-08-10,3.5,3.5,164,0,2024-10-29:3.5,Closed won,won,2024-11-26,,Approved,Nemax,28,0.0
2026-09-16,26466675941,31528336614,H200,gpu,,3900,23.98,RESERVE,PREPAID,0,2024-10-29,2.05,2025-01-20,2026-08-10,2.05,2.05,164,0,2024-10-29:2.05,Disqualified,disqualified,,Customer Disengagement or Cancellation,Disqualified,Nemax,83,0.0
2026-09-16,268973907166,334091115715,H100,gpu,,256,11.97,RESERVE,PREPAID,0,2025-10-16,1.65,2025-11-10,2026-03-25,2.0,2.0,47,1,2025-10-16:1.65>2026-03-18:2,Technical Validation,open_at_freeze,,,Waiting For Approval,Nemax,25,21.2
2026-09-16,270914439370,338231386300,B200,gpu,,8,0.76,TESTING,NO_PAYMENT,0,2025-10-23,5.5,2025-12-24,2026-08-10,5.5,5.5,84,0,2025-10-23:5.5,Commercial Proposal,open_at_freeze,,,Waiting For Approval,us-central1 – Kansas,62,0.0
2026-09-16,303333213392,334091115715,B200,gpu,,200,11.97,RESERVE,PREPAID,0,2025-11-10,3.5,2025-11-10,2026-03-16,3.5,3.5,37,0,2025-11-10:3.5,Technical Validation,open_at_freeze,,,Waiting For Approval,me-west1 - Israel,0,0.0
2026-09-16,308365347062,373922348218,H100,gpu,,16,5.99,RESERVE,POSTPAID,0,2025-11-13,2.05,2025-12-01,2026-08-10,1.8,1.8,78,1,2025-11-13:2.05>2025-11-24:1.8,Closed won,won,2025-12-01,,Approved,Nemax,18,-12.2
2026-09-16,314221236428,378158306524,H200,gpu,,32,11.97,RESERVE,POSTPAID,0,2025-11-20,1.8,2025-11-20,2026-08-10,1.8,1.8,76,0,2025-11-20:1.8,Prospect,open_at_freeze,,,Waiting For Approval,Nemax,0,0.0
2026-09-16,322799497421,388158154950,GB300,rack,72,1584,24.05,RESERVE,PREPAID,0,2025-11-26,9.2,2025-11-26,2026-01-19,9.2,9.2,16,0,2025-11-26:9.2,Technical Validation,open_at_freeze,,,Waiting For Approval,eu-west1 – Paris,0,0.0
2026-09-16,346904894686,410630745312,H100,gpu,,32,12.04,RESERVE,POSTPAID,0,2025-12-17,1.9,2026-02-11,2026-08-10,1.9,1.9,68,0,2025-12-17:1.9,Closed lost,lost_capacity,,NO_CAPACITY,Lost Deal,Nemax,56,0.0
2026-09-16,348061782253,410629307624,GB200,rack,72,144,68.52,RESERVE,POSTPAID,0,2025-12-22,2.38,2026-02-11,2026-08-10,2.38,2.38,67,0,2025-12-22:2.38,Closed won,won,2026-02-11,,Approved,us-east1 – New Jersey,51,0.0
2026-09-16,373904793796,321446101213,B300,gpu,,8,1.09,TESTING,NO_PAYMENT,0,2026-01-14,7.1,2026-03-16,2026-08-10,7.1,7.1,60,0,2026-01-14:7.1,Closed won,won,2026-03-16,,Approved,uk-south1 – UK,61,0.0
2026-09-16,400232130789,418554320080,B300,gpu,,512,24.01,RESERVE,PREPAID,0,2026-02-02,3.7,2026-03-18,2026-08-10,5.1,5.1,55,2,2026-02-02:3.7>2026-03-04:3.5>2026-06-08:5.1,Commercial Proposal,open_at_freeze,,,Waiting For Approval,eu-south1 – Madrid,44,37.8
2026-09-16,404571898076,452301396175,B200,gpu,,128,0.69,TESTING,NO_PAYMENT,0,2026-02-09,5.5,2026-03-16,2026-08-10,5.5,5.5,53,0,2026-02-09:5.5,Closed won,won,2026-03-16,,Approved,me-west1 - Israel,35,0.0
2026-09-16,42631654618,45252152558,H100,gpu,,24,6.94,PAYG,POSTPAID,0,2024-11-18,2.5,2024-11-26,2026-08-10,2.5,2.5,161,0,2024-11-18:2.5,Closed won,won,2024-11-26,,Approved,Nemax,8,0.0
2026-09-16,44133298405,16205414610,H100,gpu,,16,0.49,TESTING,NO_PAYMENT,0,2024-11-26,2.0,2025-05-19,2026-08-10,2.0,2.0,160,0,2024-11-26:2,Closed lost,lost_other,,Customer Disengagement or Cancellation,Lost Deal,Nemax,174,0.0
2026-09-16,445972016348,495707011279,H100,gpu,,8,0.23,TESTING,NO_PAYMENT,0,2026-03-30,2.95,2026-06-03,2026-08-10,2.95,2.95,38,0,2026-03-30:2.95,Disqualified,disqualified,,Test Deals,Disqualified,Nemax,65,0.0
2026-09-16,448571476216,397390299326,GB300,rack,72,0,11.97,,,0,2026-04-08,5.64,2026-05-18,2026-08-10,5.88,5.88,36,2,2026-04-08:5.64>2026-04-13:5.37>2026-04-29:5.88,Closed lost,lost_price_or_competitor,,Pricing and Billing Issues,Lost Deal,us-east1 – New Jersey,40,4.3
2026-09-16,452843587820,500484072641,H100,gpu,,16,12.01,RESERVE,POSTPAID,0,2026-04-27,2.65,2026-04-27,2026-08-10,2.65,2.65,31,0,2026-04-27:2.65,Closed lost,lost_capacity,,NO_CAPACITY,Lost Deal,Nemax,0,0.0
2026-09-16,457718678720,494190648559,B200,gpu,,32,0.36,RESERVE,POSTPAID,0,2026-05-20,5.16,2026-06-01,2026-08-10,5.16,5.16,24,0,2026-05-20:5.16,Closed won,won,2026-06-01,,Approved,me-west1 - Israel,12,0.0
2026-09-16,458007916754,503197607154,B200,gpu,,360,0.99,RESERVE,PREPAID,0,2026-05-20,4.25,2026-06-29,2026-08-10,4.25,4.25,24,0,2026-05-20:4.25,Closed lost,lost_other,,Customer Disengagement or Cancellation,Lost Deal,me-west1 - Israel,40,0.0
2026-09-16,467090704582,512055393525,B300,gpu,,32,1.68,TESTING,NO_PAYMENT,0,2026-07-22,7.85,2026-07-22,2026-08-10,7.85,7.85,6,0,2026-07-22:7.85,Technical Validation,open_at_freeze,,,Approved,uk-south1 – UK,0,0.0
2026-09-16,469948869861,505562176701,B300,gpu,,32,0.46,TESTING,NO_PAYMENT,0,2026-07-15,7.85,2026-08-03,2026-08-10,7.85,7.85,8,0,2026-07-15:7.85,Prospect,open_at_freeze,,,Waiting For Approval,uk-south1 – UK,19,0.0
2026-09-16,470230079708,510208041158,B300,gpu,,100,12.01,RESERVE,PREPAID,0,2026-07-15,7.85,2026-07-15,2026-08-10,7.85,5.5,8,0,2026-07-15:7.85,Technical Validation,open_at_freeze,,,Waiting For Approval,eu-south1 – Madrid,0,-29.9
2026-09-16,470684774641,508879700217,B200,gpu,,512,36.09,RESERVE,PREPAID,0,2026-07-20,4.5,2026-07-20,2026-08-10,4.5,4.5,7,0,2026-07-20:4.5,Commercial Proposal,open_at_freeze,,,Waiting for Business Approval,us-central1 – Kansas,0,0.0
2026-09-16,50511010025,57476449509,H100,gpu,,8,0.03,TESTING,NO_PAYMENT,0,2024-12-10,2.95,2025-01-07,2026-08-10,2.95,2.95,158,0,2024-12-10:2.95,Closed won,won,2025-01-07,,Disqualified,Nemax,28,0.0
2026-09-16,63825706177,50032001252,H100,gpu,,80,0.66,TESTING,NO_PAYMENT,0,2025-01-07,2.95,2025-03-03,2026-08-10,2.95,2.95,156,0,2025-01-07:2.95,Closed lost,lost_price_or_competitor,,Competitor Chosen,Lost Deal,Nemax,55,0.0
2026-09-16,67842201799,79226112194,H200,gpu,,8,6.09,PAYG,POSTPAID,0,2025-01-27,3.5,2025-04-07,2026-08-10,3.5,3.5,153,0,2025-01-27:3.5,Disqualified,disqualified,,Customer Disengagement or Cancellation,Disqualified,eu-west1 – Paris,70,0.0
2026-09-16,81452253395,103713755329,H100,gpu,,256,0.99,PAYG,POSTPAID,0,2025-01-20,2.95,2025-02-24,2026-08-10,2.95,2.95,154,0,2025-01-20:2.95,Closed lost,lost_price_or_competitor,,Competitor Chosen,Lost Deal,Nemax,35,0.0
2026-09-16,8311928550,10256692958,H100,gpu,,16,0.95,RESERVE,POSTPAID,1,2024-10-15,4.85,2024-10-15,2026-08-10,4.85,2.43,166,0,2024-10-15:4.85,Closed won,won,2024-10-15,,Approved,Finland,0,-49.9
2026-09-16,8606477498,11091440087,H100,gpu,,8,0.26,TESTING,NO_PAYMENT,1,2024-10-15,4.85,2024-10-15,2026-08-10,4.85,4.85,166,0,2024-10-15:4.85,Closed lost,lost_other,,Customer Disengagement or Cancellation,Disqualified,Finland,0,0.0
2026-09-16,86721801423,112802111706,H200,gpu,,48,6.09,RESERVE,PREPAID,0,2025-02-03,2.0,2025-04-14,2026-08-10,2.4,2.4,152,1,2025-02-03:2>2025-03-10:2.4,Closed won,won,2025-04-14,,Approved,eu-west1 – Paris,70,20.0
2026-09-16,87762527465,112801891571,H200,gpu,,1000,2.96,RESERVE,POSTPAID,0,2025-02-03,1.75,2025-02-03,2026-08-10,1.75,1.75,152,0,2025-02-03:1.75,Disqualified,disqualified,,Customer Disengagement or Cancellation,Disqualified,eu-west1 – Paris,0,0.0
2026-09-16,8894020837,11607377892,H100,gpu,,24,1.97,PAYG,PREPAID,1,2024-10-15,4.85,2024-10-15,2026-08-10,4.85,4.85,166,0,2024-10-15:4.85,Disqualified,disqualified,,Test Deals,Disqualified,Finland,0,0.0
2026-09-16,9335827406,9982418387,H100,gpu,,128,3.03,RESERVE,PREPAID,1,2024-10-15,2.2,2024-10-15,2026-08-10,2.2,2.2,166,0,2024-10-15:2.2,Closed lost,lost_other,,Insufficient Capabilities,Lost Deal,Finland,0,0.0
2026-09-16,10062935760,12534049726,H100,gpu,,8,4.08,RESERVE,PREPAID,1,2024-10-15,2.68,2024-10-15,2026-08-10,2.68,2.68,166,0,2024-10-15:2.68,Closed won,won,2024-10-15,,Approved,Finland,0,0.0
2026-09-16,11157037278,15753568234,H100,gpu,,8,0.43,TESTING,NO_PAYMENT,1,2024-10-15,4.85,2024-10-15,2026-08-10,4.85,4.85,166,0,2024-10-15:4.85,Disqualified,disqualified,,Customer Disengagement or Cancellation,Disqualified,Finland,0,0.0
2026-09-16,11783477233,16407320307,H100,gpu,,64,12.01,RESERVE,POSTPAID,1,2024-10-15,2.5,2024-10-15,2026-08-10,2.5,2.5,166,0,2024-10-15:2.5,Closed lost,lost_price_or_competitor,,Competitor Chosen,Lost Deal,Finland,0,0.0
2026-09-16,122369654000,125573059809,H100,gpu,,4,2.99,PROMO,POSTPAID,0,2025-03-27,2.95,2025-03-27,2025-12-08,2.95,2.95,74,0,2025-03-27:2.95,Prospect,open_at_freeze,,,Approved,Nemax,0,0.0
2026-09-16,122733182188,115302927608,H100,gpu,,40,0.53,INTERNAL,NO_PAYMENT,0,2025-03-27,2.95,2025-03-27,2026-08-10,2.95,2.95,144,0,2025-03-27:2.95,Closed won,won,2025-03-27,,Waiting For Approval,Nemax,0,0.0
2026-09-16,124961651933,160738881756,H100,gpu,,64,2.99,RESERVE,PREPAID,0,2025-03-31,2.95,2025-06-12,2026-08-10,2.95,2.95,143,0,2025-03-31:2.95,Disqualified,disqualified,,Customer Disengagement or Cancellation,Disqualified,Nemax,73,0.0
2026-09-16,125247429870,153225984246,H100,gpu,,8,8.85,RESERVE,PREPAID,0,2025-04-03,1.9,2026-05-11,2026-08-10,1.9,1.9,142,0,2025-04-03:1.9,Closed lost,lost_capacity,,NO_CAPACITY,Lost Deal,Nemax,403,0.0
2026-09-16,146280008891,71670023362,H200,gpu,,32,6.02,PAYG,POSTPAID,0,2025-05-05,2.3,2025-05-12,2026-08-10,2.3,2.3,133,0,2025-05-05:2.3,Closed won,won,2025-05-12,,Approved,Nemax,7,0.0
2026-09-16,151477030082,202507110607,H100,gpu,,32,0.46,TESTING,,0,2025-05-12,2.95,2025-06-02,2026-08-10,2.95,2.95,131,0,2025-05-12:2.95,Closed won,won,2025-06-02,,Approved,Nemax,21,0.0
2026-09-16,161366390993,133567427826,H200,gpu,,128,2.99,RESERVE,PREPAID,0,2025-05-22,2.2,2025-06-09,2026-08-10,2.2,2.2,128,0,2025-05-22:2.2,Closed lost,lost_other,,PoC Performance,Lost Deal,us-central1 – Kansas,18,0.0
2026-09-16,161577829586,216327113974,H200,gpu,,40,3.88,RESERVE,PREPAID,0,2025-05-22,2.2,2025-07-03,2026-08-10,2.2,2.2,128,0,2025-05-22:2.2,Closed lost,lost_price_or_competitor,,Pricing and Billing Issues,Lost Deal,us-central1 – Kansas,42,0.0
2026-09-16,180345324767,198363709688,H200,gpu,,32,12.01,PAYG,PREPAID,0,2025-06-23,2.3,2025-09-04,2026-08-10,2.3,2.3,119,0,2025-06-23:2.3,Closed lost,lost_capacity,,NO_CAPACITY,Lost Deal,us-central1 – Kansas,73,0.0
2026-09-16,180789520594,234824555715,H100,gpu,,16,2.99,RESERVE,PREPAID,0,2025-06-23,2.25,2025-06-23,2025-06-26,2.75,2.75,2,1,2025-06-23:2.25>2025-06-26:2.75,Technical Validation,open_at_freeze,,,Waiting For Approval,Nemax,0,22.2
2026-09-16,182415277284,245255064766,H100,gpu,,32,4.01,RESERVE,POSTPAID,0,2025-06-23,2.0,2025-08-18,2026-08-10,2.0,2.0,119,0,2025-06-23:2,Closed won,won,2025-08-18,,Disqualified,Nemax,56,0.0
2026-09-16,187094772941,251619278053,H200,gpu,,16,0.66,PAYG,POSTPAID,0,2025-07-03,2.0,2025-07-07,2026-08-10,2.0,2.0,116,0,2025-07-03:2,Closed won,won,2025-07-07,,Approved,us-central1 – Kansas,4,0.0
2026-09-16,187588045009,240357638342,H200,gpu,,1500,1.97,RESERVE,POSTPAID,0,2025-07-03,1.9,2025-09-08,2026-08-10,1.9,1.9,116,0,2025-07-03:1.9,Closed won,won,2025-09-08,,Approved,us-central1 – Kansas,67,0.0
2026-09-16,188220281040,240357638342,B200,gpu,,2000,2.7,RESERVE,POSTPAID,0,2025-07-03,2.9,2025-09-08,2025-10-06,2.95,2.95,28,1,2025-07-03:2.9>2025-08-21:2.95,Closed won,won,2025-09-08,,Pre-Approved,me-west1 - Israel,67,1.7
2026-09-16,192697574611,258253742314,H200,gpu,,24,5.03,RESERVE,POSTPAID,0,2025-07-10,2.05,2025-07-31,2026-08-10,2.05,2.05,114,0,2025-07-10:2.05,Closed won,won,2025-07-31,,Approved,us-central1 – Kansas,21,0.0
2026-09-16,197575964919,262915370203,H200,gpu,,1024,11.97,RESERVE,PREPAID,0,2025-07-17,3.5,2025-07-17,2025-07-24,3.5,3.5,3,0,2025-07-17:3.5,Prospect,open_at_freeze,,,Waiting For Approval,Nemax,0,0.0
2026-09-16,200141165771,265228846300,H100,gpu,,64,12.01,RESERVE,PREPAID,0,2025-07-21,1.75,2025-07-31,2026-08-10,1.75,1.75,111,0,2025-07-21:1.75,Closed lost,lost_capacity,,NO_CAPACITY,Lost Deal,Nemax,10,0.0
2026-09-16,203274856669,268401769659,H200,gpu,,2048,11.97,RESERVE,POSTPAID,0,2025-07-24,1.9,2025-07-24,2026-08-10,1.9,1.9,110,0,2025-07-24:1.9,Closed lost,lost_capacity,,NO_CAPACITY,Lost Deal,Nemax,0,0.0
2026-09-16,209798786293,274728802511,H100,gpu,,96,5.07,RESERVE,PREPAID,0,2025-07-31,1.8,2025-07-31,2026-08-10,1.8,1.8,108,0,2025-07-31:1.8,Closed lost,lost_capacity,,NO_CAPACITY,Lost Deal,Nemax,0,0.0
2026-09-16,227741079790,281867217126,H200,gpu,,24,8.36,RESERVE,PREPAID,0,2025-08-25,1.9,2025-08-25,2025-08-25,1.9,1.9,1,0,2025-08-25:1.9,Prospect,open_at_freeze,,,Waiting For Approval,eu-west1 – Paris,0,0.0
2026-09-16,235322728674,16659176912,H100,gpu,,40,0.46,PROMO,NO_PAYMENT,0,2025-09-01,2.95,2025-09-01,2026-08-10,2.95,2.95,99,0,2025-09-01:2.95,Closed won,won,2025-09-01,,Waiting For Approval,Nemax,0,0.0
2026-09-16,241964779710,306937389280,H200,gpu,,320,5.99,RESERVE,PREPAID,0,2025-09-15,1.9,2025-10-02,2026-08-10,1.9,1.9,95,0,2025-09-15:1.9,Closed won,won,2025-10-02,,Approved,eu-west1 – Paris,17,0.0
2026-09-16,247667849418,268877062343,H200,gpu,,24,12.14,RESERVE,PREPAID,0,2025-09-22,1.8,2025-09-29,2026-08-10,1.8,1.8,93,0,2025-09-22:1.8,Closed lost,lost_other,,Customer Disengagement or Cancellation,Lost Deal,eu-west1 – Paris,7,0.0
2026-09-16,254345578686,303013812473,B200,gpu,,32,0.2,TESTING,NO_PAYMENT,0,2025-10-02,5.5,2025-10-27,2026-08-10,5.5,5.5,90,0,2025-10-02:5.5,Closed lost,lost_other,,Customer Disengagement or Cancellation,Lost Deal,us-central1 – Kansas,25,0.0
2026-09-16,269676841165,307977678045,B200,gpu,,1024,4.84,RESERVE,PREPAID,0,2025-10-16,3.3,2025-11-17,2025-12-03,2.97,2.97,15,1,2025-10-16:3.3>2025-11-20:2.97,Commercial Proposal,open_at_freeze,,,Pre-Approved,us-central1 – Kansas,32,-10.0
2026-09-16,269686239459,334091115715,B300,gpu,,16,0.43,TESTING,NO_PAYMENT,0,2025-10-16,7.1,2026-06-22,2026-08-10,7.1,7.1,86,0,2025-10-16:7.1,Closed lost,lost_other,,Contract Restructuring,Lost Deal,uk-south1 – UK,249,0.0
2026-09-16,270417631425,335777779950,B200,gpu,,1000,11.97,RESERVE,POSTPAID,0,2025-10-20,3.3,2025-12-24,2026-08-10,3.3,3.3,85,0,2025-10-20:3.3,Closed lost,lost_capacity,,NO_CAPACITY,Lost Deal,me-west1 - Israel,65,0.0
2026-09-16,271144912099,314866798809,GB300,gpu,72,18432,60.07,RESERVE,PREPAID,0,2025-10-20,3.03,2025-10-20,2026-08-10,3.03,3.02,85,0,2025-10-20:3.03,Closed won,won,2025-10-20,,Waiting For Approval,us-east1 – New Jersey,0,-0.3
2026-09-16,290142895332,357226829025,GB300,rack,72,4032,24.05,RESERVE,PREPAID,0,2025-11-03,3.2,2026-05-11,2026-08-10,5.3,5.3,81,1,2025-11-03:3.2>2026-04-22:5.3,Closed lost,lost_price_or_competitor,,Pricing and Billing Issues,Lost Deal,Nemax,189,65.6
2026-09-16,30719133921,20712780785,H100,gpu,,256,0.92,PROMO,POSTPAID,0,2024-11-05,2.0,2024-11-26,2026-08-10,2.0,2.0,163,0,2024-11-05:2,Closed won,won,2024-11-26,,Approved,Nemax,21,0.0
2026-09-16,309412106469,334958500044,H200,gpu,,64,5.95,RESERVE,PREPAID,0,2025-11-17,2.3,2025-11-17,2026-08-10,2.3,2.3,77,0,2025-11-17:2.3,Closed lost,lost_other,,Customer Disengagement or Cancellation,Lost Deal,Nemax,0,0.0
2026-09-16,322799500529,388158154950,B200,gpu,,8,0.23,TESTING,NO_PAYMENT,0,2025-11-26,5.5,2025-11-26,2025-12-01,5.5,5.5,2,0,2025-11-26:5.5,Technical Validation,open_at_freeze,,,Approved,us-central1 – Kansas,0,0.0
2026-09-16,329991212280,338878403801,H200,gpu,,16,11.97,RESERVE,POSTPAID,0,2025-12-01,1.9,2026-06-01,2026-08-10,2.95,2.95,73,2,2025-12-01:1.9>2026-03-18:2>2026-05-25:2.95,Closed won,won,2026-06-01,,Approved,Nemax,182,55.3
2026-09-16,330972485826,394790101234,GB300,rack,72,9200,62.11,RESERVE,POSTPAID,0,2025-12-03,5.0,2026-01-12,2026-08-10,3.5,3.5,72,1,2025-12-03:5>2025-12-08:3.5,Closed won,won,2026-01-12,,Approved,Nemax,40,-30.0
2026-09-16,339119167708,402092271856,H100,gpu,,256,1.97,PAYG,POSTPAID,0,2025-12-10,1.55,2026-01-05,2026-08-10,1.55,1.55,70,0,2025-12-10:1.55,Closed lost,lost_other,,Customer Disengagement or Cancellation,Lost Deal,Nemax,26,0.0
2026-09-16,355143929025,339027845341,H100,gpu,,40,8.52,RESERVE,PREPAID,0,2025-12-29,1.6,2026-02-04,2026-04-13,1.6,1.6,31,2,2025-12-29:1.6>2026-02-02:1.65>2026-02-11:1.6,Commercial Proposal,open_at_freeze,,,Approved,Nemax,37,0.0
2026-09-16,366175056065,426813245639,H200,gpu,,256,11.97,RESERVE,POSTPAID,0,2026-01-12,1.9,2026-01-19,2026-08-10,1.9,1.9,61,0,2026-01-12:1.9,Prospect,open_at_freeze,,,Waiting For Approval,Nemax,7,0.0
2026-09-16,399960925384,339027845341,H200,gpu,,40,7.89,RESERVE,PREPAID,0,2026-02-02,1.9,2026-06-03,2026-06-03,1.87,1.87,36,1,2026-02-02:1.9>2026-02-11:1.87,Agreement signing,open_at_freeze,,,Waiting For Approval,us-central1 – Kansas,121,-1.6
2026-09-16,400938404056,458069037264,B200,gpu,,8,11.97,RESERVE,POSTPAID,0,2026-06-03,3.5,2026-06-03,2026-08-10,3.5,3.5,20,0,2026-06-03:3.5,Disqualified,disqualified,,Test Deals,Disqualified,me-west1 - Israel,0,0.0
2026-09-16,401863140591,320947875044,B200,gpu,,8,15.0,RESERVE,PREPAID,0,2026-02-04,3.5,2026-06-24,2026-08-10,3.5,3.5,54,0,2026-02-04:3.5,Closed lost,lost_other,,Customer Disengagement or Cancellation,Lost Deal,me-west1 - Israel,140,0.0
2026-09-16,408253241548,465371756781,H200,gpu,,32,1.35,INTERNAL,NO_PAYMENT,0,2026-02-09,3.5,2026-02-09,2026-02-09,3.5,3.5,1,0,2026-02-09:3.5,Technical Validation,open_at_freeze,,,Waiting for Business Approval,Nemax,0,0.0
2026-09-16,409142625513,466064230592,B300,gpu,,5000,24.01,RESERVE,POSTPAID,0,2026-02-11,3.7,2026-04-01,2026-08-10,4.25,4.25,52,2,2026-02-11:3.7>2026-03-16:4.6>2026-03-18:4.25,Closed lost,lost_capacity,,NO_CAPACITY,Lost Deal,eu-west2 – Paris,49,14.9
2026-09-16,409585190098,465371756781,H100,gpu,,32,1.18,INTERNAL,NO_PAYMENT,0,2026-02-11,2.95,2026-03-04,2026-08-10,2.95,2.95,52,0,2026-02-11:2.95,Closed won,won,2026-03-04,,Approved,Nemax,21,0.0
2026-09-16,431712377078,485783068891,H100,gpu,,8,6.02,RESERVE,PREPAID,0,2026-03-04,2.0,2026-03-04,2026-08-10,2.0,2.0,46,0,2026-03-04:2,Commercial Proposal,open_at_freeze,,,Approved,Nemax,0,0.0
2026-09-16,435603671232,457809026295,H200,gpu,,8,1.84,RESERVE,POSTPAID,0,2026-03-09,2.5,2026-04-06,2026-08-10,2.5,2.5,45,0,2026-03-09:2.5,Closed won,won,2026-04-06,,Approved,Nemax,28,0.0
2026-09-16,443706329287,487727838410,H100,gpu,,48,0.23,TESTING,NO_PAYMENT,0,2026-03-23,2.95,2026-03-23,2026-03-23,2.95,2.95,1,0,2026-03-23:2.95,Commercial Proposal,open_at_freeze,,,Approved,Nemax,0,0.0
2026-09-16,445003830519,495181694180,H200,gpu,,40,36.09,RESERVE,POSTPAID,0,2026-03-25,1.84,2026-06-08,2026-08-10,1.84,1.84,40,0,2026-03-25:1.84,Closed lost,lost_price_or_competitor,,Pricing and Billing Issues,Lost Deal,eu-west1 – Paris,75,0.0
2026-09-16,448374659285,347525174474,H100,gpu,,8,5.99,RESERVE,POSTPAID,0,2026-04-06,2.1,2026-04-27,2026-08-10,2.1,2.1,37,0,2026-04-06:2.1,Closed won,won,2026-04-27,,Approved,Nemax,21,0.0
2026-09-16,450814290119,498984408297,GB300,rack,72,1008,5.03,RESERVE,PREPAID,0,2026-04-20,9.2,2026-04-20,2026-08-10,9.2,9.2,33,0,2026-04-20:9.2,Technical Validation,open_at_freeze,,,Waiting For Approval,eu-west3 – Bethune,0,0.0
2026-09-16,45321757936,53204426966,H200,gpu,,8,0.23,TESTING,NO_PAYMENT,0,2024-11-26,4.85,2024-12-17,2026-08-10,4.85,4.85,160,0,2024-11-26:4.85,Disqualified,disqualified,,Test Deals,Disqualified,eu-west1 – Paris,21,0.0
2026-09-16,456580867303,495708430567,B300,gpu,,128,12.01,RESERVE,PREPAID,0,2026-05-13,5.65,2026-06-03,2026-08-10,5.8,5.8,26,2,2026-05-13:5.65>2026-05-20:5.7>2026-05-25:5.8,Closed lost,lost_price_or_competitor,,Pricing and Billing Issues,Lost Deal,eu-south1 – Madrid,21,2.7
2026-09-16,458462464201,503680070871,B300,gpu,,32,6.18,RESERVE,PREPAID,0,2026-05-25,6.1,2026-05-25,2026-08-10,6.1,6.1,23,0,2026-05-25:6.1,Prospect,open_at_freeze,,,Waiting For Approval,eu-south1 – Madrid,0,0.0
2026-09-16,459903310042,504565972176,H200,gpu,,2000,24.05,RESERVE,PREPAID,0,2026-06-01,2.05,2026-06-15,2026-08-10,2.0,2.0,21,1,2026-06-01:2.05>2026-06-03:2,Closed won,won,2026-06-15,,Approved,Nemax,14,-2.4
2026-09-16,463358773478,487967781053,B300,gpu,,64,19.54,RESERVE,PREPAID,0,2026-06-17,4.2,2026-07-01,2026-08-10,4.2,4.2,16,0,2026-06-17:4.2,Closed won,won,2026-07-01,,Approved,eu-south1 – Madrid,14,0.0
2026-09-16,464164037879,506828801270,B300,gpu,,3072,11.97,RESERVE,PREPAID,0,2026-06-22,4.7,2026-06-22,2026-08-10,4.7,4.7,15,0,2026-06-22:4.7,Technical Validation,open_at_freeze,,,Waiting For Approval,eu-south1 – Madrid,0,0.0
2026-09-16,466756741334,508544968942,B200,gpu,,64,12.04,RESERVE,PREPAID,0,2026-07-01,5.0,2026-07-01,2026-07-01,5.0,5.0,1,0,2026-07-01:5,Technical Validation,open_at_freeze,,,Waiting For Approval,,0,0.0
2026-09-16,467088643311,508808476864,H100,gpu,,184,12.04,RESERVE,PREPAID,0,2026-07-01,2.55,2026-08-05,2026-08-10,2.5,2.5,12,1,2026-07-01:2.55>2026-07-20:2.5,Closed won,won,2026-08-05,,Approved,Nemax,35,-2.0
2026-09-16,467472786645,508294952176,GB300,gpu,72,288,11.97,RESERVE,PREPAID,0,2026-07-06,6.0,2026-07-13,2026-07-13,6.0,6.0,3,0,2026-07-06:6,Prospect,open_at_freeze,,Duplicate deal,Lost Deal,eu-west1 – Paris,7,0.0
2026-09-16,467820019937,507758318815,GB300,rack,72,3024,36.05,RESERVE,POSTPAID,0,2026-07-06,9.2,2026-07-06,2026-07-27,5.05,5.05,7,1,2026-07-06:9.2>2026-07-22:5.05,Prospect,open_at_freeze,,,Waiting For Approval,us-south1 – Oklahoma,0,-45.1
2026-09-16,467824540908,505861296330,B300,gpu,,272,11.97,RESERVE,PREPAID,0,2026-07-06,6.17,2026-07-06,2026-08-10,6.17,6.17,11,0,2026-07-06:6.17,Commercial Proposal,open_at_freeze,,,DECLINED,eu-west2 – Paris,0,0.0
2026-09-16,469402430659,508101552339,B300,gpu,,16,0.13,TESTING,NO_PAYMENT,0,2026-07-13,7.85,2026-07-13,2026-08-10,7.85,7.85,9,0,2026-07-13:7.85,Prospect,open_at_freeze,,,Waiting For Approval,uk-south1 – UK,0,0.0
2026-09-16,475791797459,501996037342,H100,gpu,,96,36.05,RESERVE,PREPAID,0,2026-08-03,2.4,2026-08-03,2026-08-10,2.4,2.4,3,0,2026-08-03:2.4,Technical Validation,open_at_freeze,,Customer Disengagement or Cancellation,Waiting For Approval,Nemax,0,0.0
2026-09-16,61760044219,76569178354,H200,gpu,,256,0.59,TESTING,NO_PAYMENT,0,2025-01-07,4.85,2025-03-17,2026-08-10,1.75,1.75,156,1,2025-01-07:4.85>2025-02-03:1.75,Closed won,won,2025-03-17,,Approved,Nemax,69,-63.9
2026-09-16,76602033374,62291735747,H100,gpu,,8,12.01,RESERVE,POSTPAID,0,2025-01-07,2.7,2025-01-20,2026-08-10,2.7,2.7,156,0,2025-01-07:2.7,Closed won,won,2025-01-20,,Disqualified,Nemax,13,0.0
2026-09-16,8457768940,9687465183,H100,gpu,,512,1.97,RESERVE,PREPAID,1,2024-10-15,4.85,2024-10-15,2026-08-10,4.85,2.9,166,0,2024-10-15:4.85,Closed won,won,2024-10-15,,Approved,Finland,0,-40.2
2026-09-16,8948526571,11607377892,H100,gpu,,32,0.92,PAYG,PREPAID,1,2024-10-15,4.85,2024-10-15,2026-08-10,4.85,4.85,166,0,2024-10-15:4.85,Disqualified,disqualified,,Test Deals,Disqualified,Finland,0,0.0
2026-09-16,9147156674,12001655521,H100,gpu,,3,0.95,TESTING,NO_PAYMENT,1,2024-10-15,4.85,2024-10-15,2026-08-10,4.85,4.85,166,0,2024-10-15:4.85,Closed won,won,2024-10-15,,Approved,Finland,0,0.0
2026-09-16,9697930713,12819425777,H100,gpu,,8,0.46,TESTING,NO_PAYMENT,1,2024-10-15,4.85,2024-10-15,2026-08-10,4.85,4.85,166,0,2024-10-15:4.85,Closed won,won,2024-10-15,,Approved,Finland,0,0.0
2026-09-16,9949377250,13307271138,H100,gpu,,32,7.04,RESERVE,POSTPAID,1,2024-10-15,2.5,2024-10-15,2026-08-10,2.5,2.5,166,0,2024-10-15:2.5,Closed won,won,2024-10-15,,Disqualified,Finland,0,0.0
2026-09-16,10357637104,14590549706,H100,gpu,,256,11.97,RESERVE,POSTPAID,1,2024-10-15,4.85,2024-10-15,2026-08-10,4.85,2.0,166,0,2024-10-15:4.85,Disqualified,disqualified,,Customer Disengagement or Cancellation,Disqualified,Finland,0,-58.8
2026-09-16,10787543768,11118102218,H100,gpu,,40,2.04,PAYG,POSTPAID,1,2024-10-15,2.4,2024-10-15,2026-08-10,2.4,2.4,166,0,2024-10-15:2.4,Closed won,won,2024-10-15,,Approved,Finland,0,0.0
2026-09-16,10882696127,15469643217,H100,gpu,,48,0.2,TESTING,NO_PAYMENT,1,2024-10-15,4.85,2024-10-15,2026-08-10,4.85,4.85,166,0,2024-10-15:4.85,Disqualified,disqualified,,Test Deals,Disqualified,Finland,0,0.0
2026-09-16,11156181736,15854574024,H100,gpu,,88,2.99,RESERVE,PREPAID,1,2024-10-15,3.35,2024-10-15,2026-08-10,3.35,3.35,166,0,2024-10-15:3.35,Closed won,won,2024-10-15,,Disqualified,Finland,0,0.0
2026-09-16,112840751297,148674431180,H100,gpu,,1024,3.06,RESERVE,POSTPAID,0,2025-03-10,1.65,2025-05-22,2026-08-10,1.65,1.65,147,0,2025-03-10:1.65,Closed won,won,2025-05-22,,Approved,Nemax,73,0.0
2026-09-16,126009662671,146255294670,H100,gpu,,32,6.02,PAYG,POSTPAID,0,2025-04-03,1.9,2025-05-01,2026-08-10,1.9,1.9,142,0,2025-04-03:1.9,Closed lost,lost_other,,Customer Disengagement or Cancellation,Lost Deal,Nemax,28,0.0
2026-09-16,126585456858,169332408528,H100,gpu,,512,1.97,RESERVE,POSTPAID,0,2025-04-07,1.8,2025-06-12,2026-08-10,1.8,1.8,141,0,2025-04-07:1.8,Disqualified,disqualified,,Customer Disengagement or Cancellation,Disqualified,Nemax,66,0.0
2026-09-16,13595068381,16659176912,H100,gpu,,25,0.1,PROMO,NO_PAYMENT,1,2024-10-15,3.5,2024-10-15,2026-08-10,3.5,3.5,166,0,2024-10-15:3.5,Closed won,won,2024-10-15,,Approved,Finland,0,0.0
2026-09-16,143329984741,187153537241,H100,gpu,,32,24.01,RESERVE,PREPAID,0,2025-05-01,1.8,2025-06-12,2025-06-30,2.0,2.0,18,1,2025-05-01:1.8>2025-05-15:2,Prospect,open_at_freeze,,,Waiting For Approval,Nemax,42,11.1
2026-09-16,15854200781,16659176912,H100,gpu,,25,0.07,PROMO,NO_PAYMENT,1,2024-10-15,3.5,2024-10-15,2026-08-10,3.5,3.5,166,0,2024-10-15:3.5,Closed won,won,2024-10-15,,Approved,Finland,0,0.0
2026-09-16,159297193158,213862370544,H200,gpu,,10,0.92,RESERVE,PREPAID,0,2025-05-19,2.05,2025-06-02,2026-08-10,2.05,2.05,129,0,2025-05-19:2.05,Closed won,won,2025-06-02,,Approved,us-central1 – Kansas,14,0.0
2026-09-16,161648043247,216327286999,H200,gpu,,200,1.02,PAYG,PREPAID,0,2025-05-22,2.3,2025-05-22,2025-05-29,2.3,2.3,3,0,2025-05-22:2.3,Prospect,open_at_freeze,,,Waiting For Approval,us-central1 – Kansas,0,0.0
2026-09-16,162414877921,166509809878,H200,gpu,,1024,0.43,RESERVE,PREPAID,0,2025-05-22,2.1,2025-06-26,2026-08-10,2.3,2.3,128,1,2025-05-22:2.1>2025-05-29:2.3,Closed won,won,2025-06-26,,Disqualified,eu-west1 – Paris,35,9.5
2026-09-16,180611809467,242334313698,H100,gpu,,96,6.05,RESERVE,PREPAID,0,2025-06-23,1.75,2025-07-24,2026-08-10,1.7,1.7,119,1,2025-06-23:1.75>2025-07-17:1.7,Closed lost,lost_other,,Insufficient Capabilities,Lost Deal,Nemax,31,-2.9
2026-09-16,197217400021,247645749487,H100,gpu,,512,12.01,RESERVE,POSTPAID,0,2025-07-14,1.56,2025-09-04,2026-08-10,1.56,1.56,113,0,2025-07-14:1.56,Closed lost,lost_price_or_competitor,,Competitor Chosen,Lost Deal,Nemax,52,0.0
2026-09-16,198822878407,263490717921,H200,gpu,,8,6.94,RESERVE,PREPAID,0,2025-07-17,2.4,2025-09-18,2026-08-10,2.4,2.4,112,0,2025-07-17:2.4,Closed lost,lost_other,,Customer Disengagement or Cancellation,Lost Deal,eu-west1 – Paris,63,0.0
2026-09-16,226771220715,292064534773,B200,gpu,,32,0.33,TESTING,NO_PAYMENT,0,2025-08-21,5.5,2025-09-11,2026-08-10,5.5,5.5,102,0,2025-08-21:5.5,Disqualified,disqualified,,Customer Disengagement or Cancellation,Disqualified,us-central1 – Kansas,21,0.0
2026-09-16,238023653623,303213866183,H200,gpu,,1024,0.43,RESERVE,PREPAID,0,2025-09-08,2.3,2025-09-18,2026-08-10,2.3,2.3,97,0,2025-09-08:2.3,Closed won,won,2025-09-18,,Approved,eu-west1 – Paris,10,0.0
2026-09-16,248444417256,313852309743,H200,gpu,,512,0.95,RESERVE,POSTPAID,0,2025-09-25,2.0,2025-09-25,2026-08-10,2.0,2.0,92,0,2025-09-25:2,Closed lost,lost_capacity,,NO_CAPACITY,Lost Deal,Nemax,0,0.0
2026-09-16,256061346000,321302383825,B200,gpu,,24,0.46,TESTING,NO_PAYMENT,0,2025-10-02,5.5,2025-10-02,2025-12-15,5.5,5.5,22,0,2025-10-02:5.5,Prospect,open_at_freeze,,,Waiting For Approval,us-central1 – Kansas,0,0.0
2026-09-16,264223243462,250563299526,B200,gpu,,512,6.09,RESERVE,PREPAID,0,2025-10-13,3.5,2025-11-06,2026-08-10,3.4,3.4,87,1,2025-10-13:3.5>2025-10-23:3.4,Closed won,won,2025-11-06,,Approved,me-west1 - Israel,24,-2.9
2026-09-16,270940967127,273657681139,B300,gpu,,16,0.46,TESTING,NO_PAYMENT,0,2025-10-23,7.1,2025-10-23,2025-10-27,7.1,7.1,2,0,2025-10-23:7.1,Prospect,open_at_freeze,,,Pre-Approved,uk-south1 – UK,0,0.0
2026-09-16,27973517539,20712780785,H100,gpu,,256,1.02,PROMO,NO_PAYMENT,0,2024-11-05,2.0,2024-11-26,2026-08-10,2.0,2.0,163,0,2024-11-05:2,Closed won,won,2024-11-26,,Waiting For Approval,Nemax,21,0.0
2026-09-16,287331107038,309824542928,H100,gpu,,18,12.01,RESERVE,PREPAID,0,2025-10-30,1.9,2025-11-17,2026-08-10,1.9,1.9,82,0,2025-10-30:1.9,Closed lost,lost_capacity,,NO_CAPACITY,Lost Deal,Nemax,18,0.0
2026-09-16,312735679721,377771713727,H200,gpu,,16,36.02,RESERVE,POSTPAID,0,2025-11-20,2.0,2025-12-03,2026-08-10,1.6,1.6,70,1,2025-11-20:2>2025-11-24:1.6,Closed won,won,2025-12-03,,Approved,Nemax,13,-20.0
2026-09-16,33978484983,36612373719,H200,gpu,,8,12.01,RESERVE,PREPAID,0,2024-11-05,4.85,2024-11-05,2025-11-10,4.85,4.85,85,0,2024-11-05:4.85,Prospect,open_at_freeze,,,Disqualified,Nemax,0,0.0
2026-09-16,34751901914,38435779795,H100,gpu,,16,11.97,RESERVE,PREPAID,0,2024-11-14,2.0,2025-08-14,2026-08-10,2.0,2.0,162,0,2024-11-14:2,Closed lost,lost_other,,Customer Disengagement or Cancellation,Lost Deal,Nemax,273,0.0
2026-09-16,35649025226,22921370064,H100,gpu,,128,6.32,RESERVE,POSTPAID,0,2024-11-14,1.9,2024-11-14,2026-08-10,1.9,1.9,162,0,2024-11-14:1.9,Closed won,won,2024-11-14,,Disqualified,Nemax,0,0.0
2026-09-16,363984743615,416064038081,H200,gpu,,500,11.94,RESERVE,PREPAID,0,2026-01-07,1.8,2026-02-04,2026-08-10,1.85,1.85,62,1,2026-01-07:1.8>2026-01-21:1.85,Closed lost,lost_other,,Security and Compliance Gaps,Lost Deal,Nemax,28,2.8
2026-09-16,384567675100,442541918435,B200,gpu,,32,3.45,PAYG,POSTPAID,0,2026-01-26,3.4,2026-01-28,2026-02-02,3.4,3.4,3,0,2026-01-26:3.4,Commercial Proposal,open_at_freeze,,,Waiting For Approval,us-central1 – Kansas,2,0.0
2026-09-16,392666105063,452301398223,H100,gpu,,512,12.04,RESERVE,PREPAID,0,2026-01-28,1.6,2026-02-04,2026-08-10,1.65,1.65,56,1,2026-01-28:1.6>2026-02-02:1.65,Closed lost,lost_capacity,,NO_CAPACITY,Lost Deal,Nemax,7,3.1
2026-09-16,395564376298,453527967982,H100,gpu,,40,5.95,RESERVE,PREPAID,0,2026-02-02,2.95,2026-05-11,2026-08-10,2.95,2.95,55,0,2026-02-02:2.95,Closed lost,lost_other,,Qualification Oversights,Lost Deal,Nemax,98,0.0
2026-09-16,436152280304,321446101213,B300,gpu,,32,2.01,RESERVE,PREPAID,0,2026-03-09,3.5,2026-03-16,2026-08-10,3.5,3.5,45,0,2026-03-09:3.5,Closed won,won,2026-03-16,,DECLINED,uk-south1 – UK,7,0.0
2026-09-16,442215449795,385100759241,H100,gpu,,256,11.97,RESERVE,PREPAID,0,2026-03-18,2.0,2026-03-18,2026-04-15,2.0,2.0,9,0,2026-03-18:2,Prospect,open_at_freeze,,,Waiting For Approval,Nemax,0,0.0
2026-09-16,443003661550,494495881426,B200,gpu,,112,0.95,RESERVE,PREPAID,0,2026-03-18,3.02,2026-04-08,2026-08-10,3.02,3.02,42,0,2026-03-18:3.02,Closed won,won,2026-04-08,,Approved,me-west1 - Israel,21,0.0
2026-09-16,443005119710,494058944744,B300,gpu,,32,12.01,RESERVE,PREPAID,0,2026-03-18,5.94,2026-03-18,2026-03-18,5.94,5.94,1,0,2026-03-18:5.94,Technical Validation,open_at_freeze,,,Waiting For Approval,eu-west1 – Paris,0,0.0
2026-09-16,447432207572,496307679463,B300,gpu,,512,,RESERVE,PREPAID,0,2026-06-03,7.1,2026-06-03,2026-08-10,7.1,7.1,20,0,2026-06-03:7.1,Disqualified,disqualified,,Duplicate deal,Disqualified,us-north1 – Minnesota,0,0.0
2026-09-16,448180312251,497050005709,B300,gpu,,32,0.36,TESTING,NO_PAYMENT,0,2026-04-06,7.1,2026-04-13,2026-08-10,7.1,7.1,37,0,2026-04-06:7.1,Closed lost,lost_other,,Qualification Oversights,Lost Deal,uk-south1 – UK,7,0.0
2026-09-16,450672113899,498869521657,GB300,rack,72,432,11.97,RESERVE,PREPAID,0,2026-04-15,5.5556,2026-04-15,2026-07-01,5.5556,5.5556,23,0,2026-04-15:5.5556,Technical Validation,open_at_freeze,,,Lost Deal,eu-west2 – Paris,0,0.0
2026-09-16,452845750480,500421548233,H100,gpu,,16,24.05,RESERVE,POSTPAID,0,2026-04-27,2.1,2026-04-27,2026-06-22,2.1,2.1,17,0,2026-04-27:2.1,Technical Validation,open_at_freeze,,,DECLINED,Nemax,0,0.0
2026-09-16,455642846418,501539907807,GB300,rack,72,10368,36.05,RESERVE,PREPAID,0,2026-05-11,5.57,2026-06-08,2026-08-10,5.57,5.57,27,0,2026-05-11:5.57,Disqualified,disqualified,,Duplicate deal,Disqualified,eu-west3 – Bethune,28,0.0
2026-09-16,456026952944,502090586303,B300,gpu,,10000,36.02,RESERVE,PREPAID,0,2026-05-11,4.55,2026-05-27,2026-08-10,4.55,4.55,27,0,2026-05-11:4.55,Closed lost,lost_price_or_competitor,,Pricing and Billing Issues,Lost Deal,eu-west1 – Paris,16,0.0
2026-09-16,459903667444,503021402340,H100,gpu,,8,1.84,RESERVE,NO_PAYMENT,0,2026-06-01,3.09,2026-06-01,2026-08-10,3.09,3.09,21,0,2026-06-01:3.09,Closed lost,lost_other,,Qualification Oversights,Lost Deal,Nemax,0,0.0
2026-09-16,461962490104,505647508720,H200,gpu,,2000,25.03,RESERVE,PREPAID,0,2026-06-08,1.9,2026-06-08,2026-08-10,1.9,1.9,19,0,2026-06-08:1.9,Prospect,open_at_freeze,,,Waiting For Approval,Nemax,0,0.0
2026-09-16,462367903946,505813134584,B200,gpu,,128,11.97,RESERVE,PREPAID,0,2026-06-15,5.2,2026-07-20,2026-08-10,5.2,5.2,17,0,2026-06-15:5.2,Closed lost,lost_price_or_competitor,,Pricing and Billing Issues,Lost Deal,us-central1 – Kansas,35,0.0
2026-09-16,472552150247,512055242945,B200,gpu,,56,6.05,RESERVE,PREPAID,0,2026-07-22,5.65,2026-08-10,2026-08-10,5.8,5.8,6,1,2026-07-22:5.65>2026-08-03:5.8,Closed won,won,2026-08-10,,Approved,us-central1 – Kansas,19,2.7
2026-09-16,472639554783,509471677650,B200,gpu,,8,0.46,TESTING,NO_PAYMENT,0,2026-07-22,7.15,2026-07-22,2026-08-10,7.15,7.15,6,0,2026-07-22:7.15,Prospect,open_at_freeze,,,Approved,tf-ca1,0,0.0
2026-09-16,473359191245,512725945573,B300,gpu,,64,11.97,RESERVE,PREPAID,0,2026-07-27,5.9,2026-07-27,2026-08-10,5.9,5.9,5,0,2026-07-27:5.9,Technical Validation,open_at_freeze,,,Waiting for Business Approval,eu-west1 – Paris,0,0.0
2026-09-16,475133044977,513629164792,B200,gpu,,1024,36.02,RESERVE,PREPAID,0,2026-08-03,4.3,2026-08-03,2026-08-10,4.3,4.3,3,0,2026-08-03:4.3,Closed won,won,2026-08-03,,Approved,me-west1 - Israel,0,0.0
2026-09-16,8301096924,10751400422,H100,gpu,,4,6.05,RESERVE,POSTPAID,1,2024-10-15,4.85,2024-10-15,2026-08-10,4.85,4.85,166,0,2024-10-15:4.85,Closed won,won,2024-10-15,,Disqualified,Finland,0,0.0
2026-09-16,88544194748,115365785814,H200,gpu,,128,0.36,TESTING,NO_PAYMENT,0,2025-02-03,3.5,2025-05-26,2026-08-10,3.5,3.5,152,0,2025-02-03:3.5,Closed won,won,2025-05-26,,Approved,Nemax,112,0.0
2026-09-16,96837897462,16310655177,H100,gpu,,608,0.3,TESTING,NO_PAYMENT,0,2025-02-17,2.95,2025-02-17,2026-08-10,2.95,2.95,150,0,2025-02-17:2.95,Closed won,won,2025-02-17,,Approved,Nemax,0,0.0
2026-09-16,121473844410,146255294670,H200,gpu,,32,6.02,PAYG,POSTPAID,0,2025-03-24,3.0,2025-05-01,2026-08-10,3.0,3.0,145,0,2025-03-24:3,Closed lost,lost_other,,Customer Disengagement or Cancellation,Lost Deal,Nemax,38,0.0
2026-09-16,123287656685,165900788942,H200,gpu,,32,9.05,PAYG,POSTPAID,0,2025-03-27,2.7,2025-04-03,2026-08-10,2.7,2.7,144,0,2025-03-27:2.7,Closed won,won,2025-04-03,,Approved,eu-west1 – Paris,7,0.0
2026-09-16,123305190596,165815792871,H200,gpu,,992,11.35,RESERVE,PREPAID,0,2025-03-27,2.3,2025-05-12,2026-08-10,2.3,2.3,144,0,2025-03-27:2.3,Closed won,won,2025-05-12,,Disqualified,eu-north2 – Iceland,46,0.0
2026-09-16,123745823975,166158329065,H100,gpu,,16,2.99,RESERVE,PREPAID,0,2025-03-31,2.95,2025-05-01,2026-08-10,2.95,2.95,143,0,2025-03-31:2.95,Closed lost,lost_other,,Customer Disengagement or Cancellation,Lost Deal,Nemax,31,0.0
2026-09-16,132667314375,16659176912,H100,gpu,,120,0.1,PROMO,NO_PAYMENT,0,2025-04-17,2.95,2025-04-17,2026-08-10,2.95,2.95,138,0,2025-04-17:2.95,Closed won,won,2025-04-17,,Approved,Nemax,0,0.0
2026-09-16,145135344857,194464413933,H200,gpu,,256,2.47,PAYG,POSTPAID,0,2025-05-01,3.5,2025-08-25,2026-08-10,3.5,3.5,134,0,2025-05-01:3.5,Closed won,won,2025-08-25,,Approved,Nemax,116,0.0
2026-09-16,148314754279,168908460271,H200,gpu,,128,3.03,PAYG,POSTPAID,0,2025-05-08,2.4,2025-05-29,2026-08-10,2.4,2.4,132,0,2025-05-08:2.4,Closed won,won,2025-05-29,,Disqualified,Nemax,21,0.0
2026-09-16,151316049117,202506761433,H100,gpu,,256,8.68,PAYG,POSTPAID,0,2025-05-12,1.7,2025-05-12,2026-08-10,1.7,1.7,131,0,2025-05-12:1.7,Closed won,won,2025-05-12,,Approved,Nemax,0,0.0
2026-09-16,167168132319,226835320026,B200,gpu,,1000,11.97,RESERVE,POSTPAID,0,2025-06-02,3.1,2025-07-21,2026-08-10,2.9,2.9,125,1,2025-06-02:3.1>2025-07-03:2.9,Closed lost,lost_other,,Customer Disengagement or Cancellation,Lost Deal,us-central1 – Kansas,49,-6.5
2026-09-16,175316539590,230122490095,H200,gpu,,256,1.48,RESERVE,POSTPAID,0,2025-06-12,1.7,2025-06-19,2026-08-10,1.7,1.7,122,0,2025-06-12:1.7,Closed won,won,2025-06-19,,Approved,us-central1 – Kansas,7,0.0
2026-09-16,176888857797,236858886335,H100,gpu,,3000,6.02,RESERVE,POSTPAID,0,2025-06-12,1.9,2025-08-04,2026-08-10,1.9,1.9,122,0,2025-06-12:1.9,Closed won,won,2025-08-04,,Approved,Nemax,53,0.0
2026-09-16,180413875393,239570565329,H200,gpu,,64,5.95,PAYG,PREPAID,0,2025-06-26,2.3,2025-09-04,2026-08-10,2.3,2.3,118,0,2025-06-26:2.3,Closed lost,lost_other,,Customer Disengagement or Cancellation,Lost Deal,us-central1 – Kansas,70,0.0
2026-09-16,184146890978,247645749487,H200,gpu,,64,11.97,RESERVE,PREPAID,0,2025-06-26,3.5,2025-07-07,2025-07-10,3.5,3.5,5,0,2025-06-26:3.5,Commercial Proposal,open_at_freeze,,,Waiting For Approval,us-central1 – Kansas,11,0.0
2026-09-16,195673331940,237747412166,H200,gpu,,16,0.23,TESTING,NO_PAYMENT,0,2025-07-14,3.5,2025-08-11,2025-09-25,3.5,3.5,22,0,2025-07-14:3.5,Prospect,open_at_freeze,,,Approved,eu-west1 – Paris,28,0.0
2026-09-16,214268154057,260531511517,H200,gpu,,32,6.97,RESERVE,NO_PAYMENT,0,2025-08-07,3.5,2025-11-17,2025-12-01,3.5,3.5,34,0,2025-08-07:3.5,Commercial Proposal,open_at_freeze,,,Waiting For Approval,us-central1 – Kansas,102,0.0
2026-09-16,227679443188,293032919264,B200,gpu,,1,11.97,RESERVE,POSTPAID,0,2025-08-25,3.0,2025-09-29,2026-08-10,3.0,3.0,101,0,2025-08-25:3,Closed lost,lost_capacity,,NO_CAPACITY,Lost Deal,us-central1 – Kansas,35,0.0
2026-09-16,240294361279,194423700709,H200,gpu,,64,5.99,RESERVE,PREPAID,0,2025-09-11,2.5,2026-04-27,2026-08-10,2.5,2.5,96,0,2025-09-11:2.5,Closed lost,lost_capacity,,NO_CAPACITY,Lost Deal,eu-west1 – Paris,228,0.0
2026-09-16,244003281136,303013812473,B200,gpu,,256,18.52,RESERVE,POSTPAID,0,2025-09-18,3.1,2025-09-18,2025-10-13,3.1,3.1,8,0,2025-09-18:3.1,Technical Validation,open_at_freeze,,,Pre-Approved,us-central1 – Kansas,0,0.0
2026-09-16,244558827721,282636088559,B200,gpu,,64,0.16,RESERVE,PREPAID,0,2025-09-18,3.2,2025-10-16,2026-08-10,3.2,3.2,94,0,2025-09-18:3.2,Closed won,won,2025-10-16,,Approved,us-central1 – Kansas,28,0.0
2026-09-16,24808391921,23318469821,H100,gpu,,1024,24.01,RESERVE,PREPAID,0,2024-10-29,2.2,2025-02-17,2026-08-10,2.2,2.2,164,0,2024-10-29:2.2,Closed lost,lost_price_or_competitor,,Competitor Chosen,Lost Deal,Nemax,111,0.0
2026-09-16,262517131482,262915370203,B200,gpu,,880,6.02,RESERVE,PREPAID,0,2025-10-09,3.6,2025-10-09,2025-10-09,3.6,3.6,1,0,2025-10-09:3.6,Technical Validation,open_at_freeze,,,Waiting For Approval,me-west1 - Israel,0,0.0
2026-09-16,273955943656,338903147726,H200,gpu,,48,10.03,RESERVE,POSTPAID,0,2025-10-23,1.9,2025-12-31,2026-08-10,1.8,1.8,84,1,2025-10-23:1.9>2025-12-17:1.8,Closed won,won,2025-12-31,,Approved,Nemax,69,-5.3
2026-09-16,27973563600,31923358933,H100,gpu,,32,12.04,PAYG,POSTPAID,0,2024-11-05,2.5,2024-11-05,2026-08-10,2.5,2.5,163,0,2024-11-05:2.5,Closed won,won,2024-11-05,,Approved,Nemax,0,0.0
2026-09-16,304666381540,365779214563,H100,gpu,,800,12.01,RESERVE,PREPAID,0,2025-11-10,2.95,2026-06-03,2026-08-10,2.95,2.95,70,0,2025-11-10:2.95,Disqualified,disqualified,,Customer Disengagement or Cancellation,Disqualified,Nemax,205,0.0
2026-09-16,306856288484,371121885374,H200,gpu,,8,17.99,RESERVE,POSTPAID,0,2025-11-13,2.15,2026-05-04,2026-08-10,2.15,2.15,78,0,2025-11-13:2.15,Closed lost,lost_other,,Contract Restructuring,Lost Deal,us-central1 – Kansas,172,0.0
2026-09-16,321523328200,381158482121,H200,gpu,,32,0.1,PAYG,POSTPAID,0,2025-11-26,3.5,2025-11-26,2026-08-10,3.5,3.5,74,0,2025-11-26:3.5,Closed won,won,2025-11-26,,Approved,eu-west1 – Paris,0,0.0
2026-09-16,330754222269,377949556962,H100,gpu,,8,0.76,TESTING,NO_PAYMENT,0,2025-12-03,2.95,2026-06-03,2026-08-10,2.95,2.95,54,0,2025-12-03:2.95,Disqualified,disqualified,,Qualification Oversights,Disqualified,Nemax,182,0.0
2026-09-16,333172344011,379992342754,H200,gpu,,48,5.0,RESERVE,POSTPAID,0,2025-12-08,2.2,2025-12-10,2025-12-10,2.1,2.1,2,1,2025-12-08:2.2>2025-12-10:2.1,Agreement signing,open_at_freeze,,,Waiting For Approval,us-central1 – Kansas,2,-4.5
2026-09-16,33449387216,37163559155,H100,gpu,,8,1.78,TESTING,NO_PAYMENT,0,2024-11-05,2.95,2025-01-07,2026-08-10,2.95,2.95,163,0,2024-11-05:2.95,Disqualified,disqualified,,Customer Disengagement or Cancellation,Disqualified,Nemax,63,0.0
2026-09-16,345560075456,379992342754,B200,gpu,,60,5.95,RESERVE,POSTPAID,0,2025-12-15,2.3,2025-12-15,2025-12-15,2.3,2.3,1,0,2025-12-15:2.3,Agreement signing,open_at_freeze,,,Waiting For Approval,us-central1 – Kansas,0,0.0
2026-09-16,345809390778,409103646931,H100,gpu,,128,5.0,RESERVE,PREPAID,0,2025-12-17,1.7,2026-03-04,2026-08-10,1.7,1.7,68,0,2025-12-17:1.7,Closed lost,lost_capacity,,NO_CAPACITY,Lost Deal,Nemax,77,0.0
2026-09-16,348852212931,338900281549,H200,gpu,,56,11.97,PAYG,PREPAID,0,2025-12-22,2.4,2026-01-28,2026-02-04,2.4,2.4,14,0,2025-12-22:2.4,Technical Validation,open_at_freeze,,,Waiting For Approval,Nemax,37,0.0
2026-09-16,368624918724,428973001972,B200,gpu,,32,5.95,RESERVE,POSTPAID,0,2026-01-12,3.35,2026-02-23,2026-08-10,3.35,3.35,61,0,2026-01-12:3.35,Closed won,won,2026-02-23,,Approved,us-central1 – Kansas,42,0.0
2026-09-16,383178304717,366351252701,H200,gpu,,32,6.05,RESERVE,POSTPAID,0,2026-01-21,1.85,2026-01-26,2026-08-10,1.85,1.85,58,0,2026-01-21:1.85,Closed won,won,2026-01-26,,Waiting For Approval,eu-west1 – Paris,5,0.0
2026-09-16,384420186325,442539133149,B200,gpu,,32,12.01,RESERVE,PREPAID,0,2026-01-21,3.5,2026-03-18,2026-08-10,3.3,3.3,58,2,2026-01-21:3.5>2026-02-02:3.6>2026-02-04:3.3,Closed lost,lost_capacity,,NO_CAPACITY;Competitor Chosen,Lost Deal,us-central1 – Kansas,56,-5.7
2026-09-16,387887429835,366350595315,B300,gpu,,16,0.46,TESTING,NO_PAYMENT,0,2026-01-26,7.1,2026-02-16,2026-08-10,7.1,7.1,57,0,2026-01-26:7.1,Commercial Proposal,open_at_freeze,,,Approved,uk-south1 – UK,21,0.0
2026-09-16,402611100910,461107140809,H200,gpu,,1208,6.09,RESERVE,PREPAID,0,2026-02-09,1.9,2026-02-18,2026-08-10,1.9,1.9,53,0,2026-02-09:1.9,Closed lost,lost_capacity,,NO_CAPACITY,Lost Deal,Nemax,9,0.0
2026-09-16,407040617692,462535141568,H100,gpu,,12,2.99,RESERVE,POSTPAID,0,2026-02-09,1.5,2026-03-09,2026-08-10,1.5,1.5,53,0,2026-02-09:1.5,Closed won,won,2026-03-09,,Approved,Nemax,28,0.0
2026-09-16,422823159021,477915586769,H200,gpu,,16,6.58,RESERVE,NO_PAYMENT,0,2026-02-25,3.5,2026-03-25,2026-08-10,3.5,3.5,48,0,2026-02-25:3.5,Technical Validation,open_at_freeze,,,Approved,us-central1 – Kansas,28,0.0
2026-09-16,423142559939,478140092632,B300,gpu,,128,12.01,RESERVE,PREPAID,0,2026-02-25,3.45,2026-05-11,2026-08-10,3.45,3.45,48,0,2026-02-25:3.45,Closed lost,lost_capacity,,NO_CAPACITY,Lost Deal,us-north1 – Minnesota,75,0.0
2026-09-16,424741232869,478862814455,B200,gpu,,8,0.69,INTERNAL,NO_PAYMENT,0,2026-02-25,5.5,2026-02-25,2026-08-10,5.5,5.5,48,0,2026-02-25:5.5,Technical Validation,open_at_freeze,,,Approved,me-west1 - Israel,0,0.0
2026-09-16,431972752625,486004873465,H200,gpu,,16,12.01,RESERVE,POSTPAID,0,2026-03-04,2.2,2026-03-04,2026-08-10,2.2,2.2,46,0,2026-03-04:2.2,Closed lost,lost_capacity,,NO_CAPACITY,Lost Deal,us-central1 – Kansas,0,0.0
2026-09-16,448375456970,497522016450,GB300,rack,72,288,12.01,RESERVE,PREPAID,0,2026-04-08,5.0972,2026-06-24,2026-08-10,5.0972,5.0972,36,0,2026-04-08:5.0972,Disqualified,disqualified,,Contract Restructuring,Lost Deal,eu-west2 – Paris,77,0.0
2026-09-16,449944769741,498499376339,H100,gpu,,8,12.01,PAYG,POSTPAID,0,2026-04-15,2.95,2026-06-15,2026-08-10,2.95,2.95,34,0,2026-04-15:2.95,Disqualified,disqualified,,Test Deals,Disqualified,Nemax,61,0.0
2026-09-16,454654054633,501541850305,GB300,rack,72,2160,24.05,RESERVE,PREPAID,0,2026-05-06,5.9,2026-05-06,2026-08-10,5.9,5.9,28,0,2026-05-06:5.9,Technical Validation,open_at_freeze,,,Waiting For Approval,us-south1 – Oklahoma,0,0.0
2026-09-16,456028807414,502036627664,B300,gpu,,256,11.97,RESERVE,POSTPAID,0,2026-05-11,5.56,2026-06-24,2026-08-10,5.56,5.56,27,0,2026-05-11:5.56,Closed lost,lost_capacity,,NO_CAPACITY,Lost Deal,eu-west2 – Paris,44,0.0
2026-09-16,456582754520,502452941044,B300,gpu,,512,12.01,RESERVE,PREPAID,0,2026-05-18,5.1,2026-05-18,2026-08-10,5.52,5.52,25,4,2026-05-18:5.1>2026-06-08:5.05>2026-07-01:5.44>2026-07-06:6>2026-07-08:5.52,Prospect,open_at_freeze,,,Waiting For Approval,us-north1 – Minnesota,0,8.2
2026-09-16,456651327727,502401733862,H100,gpu,,100,12.04,RESERVE,PREPAID,0,2026-05-13,2.95,2026-05-13,2026-08-10,2.95,2.95,26,0,2026-05-13:2.95,Prospect,open_at_freeze,,,Waiting For Approval,eu-west1 – Paris,0,0.0
2026-09-16,459903941869,504644650225,B300,gpu,,512,11.97,RESERVE,PREPAID,0,2026-06-01,4.7,2026-07-29,2026-08-10,5.46,5.46,21,1,2026-06-01:4.7>2026-07-27:5.46,Disqualified,disqualified,,NO_CAPACITY,Lost Deal,eu-west2 – Paris,58,16.2
2026-09-16,463143532786,505889894648,B300,gpu,,64,8.98,RESERVE,PREPAID,0,2026-06-15,5.56,2026-06-15,2026-08-10,5.6,5.6,17,1,2026-06-15:5.56>2026-06-17:5.6,Commercial Proposal,open_at_freeze,,,Waiting For Approval,eu-west2 – Paris,0,0.7
2026-09-16,464698660053,507522422990,H200,gpu,,96,12.01,RESERVE,POSTPAID,0,2026-06-24,3.14,2026-06-29,2026-08-10,3.14,3.14,14,0,2026-06-24:3.14,Closed lost,lost_capacity,,NO_CAPACITY,Lost Deal,eu-west1 – Paris,5,0.0
2026-09-16,466421575918,508411873493,H100,gpu,,210,6.05,RESERVE,PREPAID,0,2026-06-29,2.95,2026-07-08,2026-08-10,2.95,2.95,13,0,2026-06-29:2.95,Closed lost,lost_capacity,,NO_CAPACITY,Lost Deal,Nemax,9,0.0
2026-09-16,467089247459,452543549689,B200,gpu,,56,12.01,RESERVE,POSTPAID,0,2026-07-01,5.16,2026-07-13,2026-08-10,5.16,5.16,12,0,2026-07-01:5.16,Closed won,won,2026-07-13,,Approved,us-central1 – Kansas,12,0.0
2026-09-16,467824693488,509472090331,B300,gpu,,32,0.53,RESERVE,PREPAID,0,2026-07-06,3.5,2026-07-06,2026-08-10,3.5,3.5,11,0,2026-07-06:3.5,Commercial Proposal,open_at_freeze,,,,uk-south1 – UK,0,0.0
2026-09-16,475381438691,514169540802,H200,gpu,,16,1.88,RESERVE,PREPAID,0,2026-08-03,3.0,2026-08-03,2026-08-10,3.0,3.0,3,0,2026-08-03:3,Prospect,open_at_freeze,,,Approved,eu-west1 – Paris,0,0.0
2026-09-16,475938681032,509471061220,B200,gpu,,40,0.49,RESERVE,PREPAID,0,2026-08-05,5.5,2026-08-05,2026-08-10,5.5,5.5,2,0,2026-08-05:5.5,Prospect,open_at_freeze,,,Approved,me-west1 - Israel,0,0.0
2026-09-16,476748772552,515113055428,GB300,rack,72,4032,3.91,RESERVE,PREPAID,0,2026-08-10,11.0,2026-08-10,2026-08-10,11.0,11.0,1,0,2026-08-10:11,Commercial Proposal,open_at_freeze,,,Approved,me-west2 – Masmia Israel,0,0.0
2026-09-16,56376180924,69522011374,H100,gpu,,128,2.99,RESERVE,PREPAID,0,2024-12-17,2.0,2025-02-10,2026-08-10,2.0,2.0,157,0,2024-12-17:2,Closed lost,lost_other,,Customer Disengagement or Cancellation,Lost Deal,Nemax,55,0.0
2026-09-16,57737181389,70660439240,H200,gpu,,40,0.99,PAYG,POSTPAID,0,2024-12-17,2.0,2025-01-27,2026-08-10,2.0,2.0,157,0,2024-12-17:2,Closed lost,lost_other,,Customer Disengagement or Cancellation,Lost Deal,eu-west1 – Paris,41,0.0
2026-09-16,62573099235,77637426414,H100,gpu,,32,2.96,PROMO,POSTPAID,0,2025-01-07,2.95,2025-04-07,2026-08-10,2.95,2.95,156,0,2025-01-07:2.95,Closed lost,lost_price_or_competitor,,Competitor Chosen;Customer Disengagement or Cancellation,Lost Deal,Nemax,90,0.0
2026-09-16,85484467394,110073083093,H200,gpu,,384,2.93,RESERVE,PREPAID,0,2025-01-27,1.75,2025-02-03,2026-08-10,1.75,1.75,153,0,2025-01-27:1.75,Closed won,won,2025-02-03,,Approved,eu-west1 – Paris,7,0.0
2026-09-16,88544194749,115365785814,H200,gpu,,128,6.18,RESERVE,PREPAID,0,2025-02-03,2.3,2025-05-26,2026-08-10,2.05,2.05,152,2,2025-02-03:2.3>2025-02-10:1.95>2025-04-24:2.05,Closed won,won,2025-05-26,,Approved,eu-west1 – Paris,112,-10.9
2026-09-16,8968838890,11709366512,H100,gpu,,128,1.97,RESERVE,PREPAID,1,2024-10-15,2.5,2024-10-15,2026-08-10,2.5,2.5,166,0,2024-10-15:2.5,Closed lost,lost_other,,Customer Disengagement or Cancellation,Lost Deal,Finland,0,0.0
2026-09-16,10223836888,14412581084,H100,gpu,,16,3.82,RESERVE,PREPAID,1,2024-10-15,3.4,2024-10-15,2026-08-10,3.4,3.4,166,0,2024-10-15:3.4,Closed won,won,2024-10-15,,Approved,Finland,0,0.0
2026-09-16,112995021034,148679235780,H200,gpu,,5000,11.97,RESERVE,POSTPAID,0,2025-03-10,3.5,2025-07-10,2026-08-10,3.5,3.5,147,0,2025-03-10:3.5,Closed lost,lost_other,,Qualification Oversights,Lost Deal,us-central1 – Kansas,122,0.0
2026-09-16,11346127598,14903036142,H100,gpu,,16,6.02,RESERVE,POSTPAID,1,2024-10-15,3.5,2024-10-15,2026-08-10,3.5,3.5,166,0,2024-10-15:3.5,Closed won,won,2024-10-15,,Disqualified,Finland,0,0.0
2026-09-16,117842754769,113100500167,H100,gpu,,64,2.93,PAYG,POSTPAID,0,2025-03-17,2.95,2025-04-03,2026-08-10,2.95,2.95,146,0,2025-03-17:2.95,Closed lost,lost_other,,Customer Disengagement or Cancellation,Lost Deal,Nemax,17,0.0
2026-09-16,121901986030,163449050315,H200,gpu,,56,11.97,RESERVE,PREPAID,0,2025-03-24,2.0,2025-04-14,2026-08-10,2.18,2.18,145,3,2025-03-24:2>2025-03-27:2.3>2025-04-10:2.21>2025-04-14:2.18,Closed lost,lost_price_or_competitor,,Pricing and Billing Issues,Lost Deal,us-central1 – Kansas,21,9.0
2026-09-16,123203545287,165767869669,H200,gpu,,16,2.83,PAYG,POSTPAID,0,2025-03-27,3.5,2025-05-29,2026-08-10,3.5,3.5,144,0,2025-03-27:3.5,Closed lost,lost_other,,Insufficient Capabilities,Lost Deal,Nemax,63,0.0
2026-09-16,123745823956,166158330064,H200,gpu,,64,3.03,RESERVE,PREPAID,0,2025-03-31,3.5,2025-06-05,2026-08-10,3.5,3.5,143,0,2025-03-31:3.5,Disqualified,disqualified,,Qualification Oversights,Disqualified,Nemax,66,0.0
2026-09-16,126317126853,169264292039,GB200,gpu,72,7200,35.03,RESERVE,PREPAID,0,2025-04-03,3.2,2025-08-07,2026-08-10,3.3,3.3,142,1,2025-04-03:3.2>2025-07-03:3.3,Closed lost,lost_price_or_competitor,,Competitor Chosen,Lost Deal,Nemax,126,3.1
2026-09-16,132790724801,177903443166,H200,gpu,,16,0.07,TESTING,NO_PAYMENT,0,2025-04-17,3.5,2025-05-22,2026-08-10,3.5,3.5,138,0,2025-04-17:3.5,Closed won,won,2025-05-22,,Approved,us-central1 – Kansas,35,0.0
2026-09-16,133498342592,168908460271,H100,gpu,,128,3.03,PAYG,POSTPAID,0,2025-04-17,1.8,2025-05-29,2026-08-10,1.8,1.8,138,0,2025-04-17:1.8,Closed won,won,2025-05-29,,Waiting For Approval,Nemax,42,0.0
2026-09-16,138324038845,186141793511,H200,gpu,,2048,8.98,RESERVE,POSTPAID,0,2025-04-24,2.3,2025-06-05,2026-08-10,1.9,1.9,136,1,2025-04-24:2.3>2025-05-15:1.9,Closed won,won,2025-06-05,,Approved,Nemax,42,-17.4
2026-09-16,17138139850,21071328231,H100,gpu,,80,0.89,PAYG,POSTPAID,1,2024-10-15,3.5,2024-10-15,2026-08-10,3.5,3.5,166,0,2024-10-15:3.5,Closed won,won,2024-10-15,,Approved,Finland,0,0.0
2026-09-16,18328631783,20745719027,H100,gpu,,64,0.33,RESERVE,POSTPAID,1,2024-10-15,2.0,2024-10-15,2026-08-10,2.0,2.0,166,0,2024-10-15:2,Closed won,won,2024-10-15,,Approved,Nemax,0,0.0
2026-09-16,184146739387,239509288152,H100,gpu,,16,5.0,RESERVE,POSTPAID,0,2025-06-26,2.95,2025-08-04,2026-08-10,2.95,2.36,118,0,2025-06-26:2.95,Closed lost,lost_price_or_competitor,,Pricing and Billing Issues;Customer Disengagement or Cancellation,Lost Deal,Nemax,39,-20.0
2026-09-16,187817826498,247594966243,H200,gpu,,16,4.67,PAYG,POSTPAID,0,2025-07-03,3.5,2025-08-18,2026-08-10,3.5,3.5,116,0,2025-07-03:3.5,Disqualified,disqualified,,Customer Disengagement or Cancellation,Disqualified,eu-west1 – Paris,46,0.0
2026-09-16,194266517704,259627283674,H200,gpu,,32,11.97,RESERVE,POSTPAID,0,2025-07-10,2.2,2025-07-17,2026-08-10,2.05,2.05,114,1,2025-07-10:2.2>2025-07-14:2.05,Closed won,won,2025-07-17,,Approved,Nemax,7,-6.8
2026-09-16,219995755769,282636088559,B200,gpu,,16,0.92,TESTING,,0,2025-08-11,5.5,2025-10-16,2026-08-10,5.5,5.5,105,0,2025-08-11:5.5,Closed won,won,2025-10-16,,Approved,us-central1 – Kansas,66,0.0
2026-09-16,222060428486,241517659377,H200,gpu,,64,5.92,RESERVE,PREPAID,0,2025-08-14,2.3,2026-03-04,2026-08-10,2.3,2.3,104,0,2025-08-14:2.3,Closed lost,lost_other,,Customer Disengagement or Cancellation,Lost Deal,Nemax,202,0.0
2026-09-16,222060628167,287025942766,H100,gpu,,16,0.13,TESTING,NO_PAYMENT,0,2025-08-14,2.95,2025-09-04,2026-08-10,2.95,2.95,104,0,2025-08-14:2.95,Closed lost,lost_capacity,,NO_CAPACITY,Lost Deal,Nemax,21,0.0
2026-09-16,232513434810,297666990273,B200,gpu,,32,2.53,PAYG,POSTPAID,0,2025-09-01,5.5,2025-11-03,2026-08-10,5.5,5.5,99,0,2025-09-01:5.5,Closed lost,lost_other,,Test Deals,Lost Deal,us-central1 – Kansas,63,0.0
2026-09-16,237117619410,261525105904,H200,gpu,,16,0.16,TESTING,NO_PAYMENT,0,2025-09-04,3.5,2025-10-16,2026-08-10,3.5,3.5,98,0,2025-09-04:3.5,Closed won,won,2025-10-16,,Approved,us-central1 – Kansas,42,0.0
2026-09-16,241586428141,287958791367,B200,gpu,,256,1.51,RESERVE,PREPAID,0,2025-09-15,5.5,2025-09-15,2025-09-15,5.5,5.5,1,0,2025-09-15:5.5,Commercial Proposal,open_at_freeze,,,Disqualified,us-central1 – Kansas,0,0.0
2026-09-16,254184915134,319584351472,H200,gpu,,32,1.22,RESERVE,POSTPAID,0,2025-09-29,2.05,2025-09-29,2025-10-02,2.05,2.05,2,0,2025-09-29:2.05,Prospect,open_at_freeze,,,Approved,us-central1 – Kansas,0,0.0
2026-09-16,263857622213,268872738026,B300,gpu,,1024,0.72,RESERVE,POSTPAID,0,2025-10-13,3.1,2025-11-20,2026-08-10,3.4,3.4,87,3,2025-10-13:3.1>2025-10-20:3.6>2025-11-03:3.2>2025-11-06:3.4,Closed won,won,2025-11-20,,Approved,uk-south1 – UK,38,9.7
2026-09-16,273747000520,320947906792,H200,gpu,,256,5.99,PAYG,POSTPAID,0,2025-10-23,2.1,2025-10-23,2025-10-27,2.1,2.1,2,0,2025-10-23:2.1,Technical Validation,open_at_freeze,,,Waiting For Approval,Nemax,0,0.0
2026-09-16,278272184535,349471720650,H200,gpu,,8,0.23,TESTING,NO_PAYMENT,0,2025-10-30,2.3,2026-05-04,2026-08-10,2.3,2.3,82,0,2025-10-30:2.3,Prospect,open_at_freeze,,,Approved,us-central1 – Kansas,186,0.0
2026-09-16,332932627659,378241306813,H100,gpu,,32,12.04,PAYG,POSTPAID,0,2025-12-03,2.95,2025-12-08,2026-08-10,2.95,2.95,72,0,2025-12-03:2.95,Closed won,won,2025-12-08,,Approved,Nemax,5,0.0
2026-09-16,355329068223,418554404031,H100,gpu,,64,12.01,RESERVE,PREPAID,0,2025-12-31,1.7,2026-01-07,2026-08-10,1.7,1.7,64,0,2025-12-31:1.7,Closed lost,lost_price_or_competitor,,Pricing and Billing Issues,Lost Deal,Nemax,7,0.0
2026-09-16,373759746266,432363972805,B200,gpu,,64,0.59,RESERVE,PREPAID,0,2026-01-14,3.3,2026-02-23,2026-08-10,3.3,3.3,60,0,2026-01-14:3.3,Closed won,won,2026-02-23,,Approved,us-central1 – Kansas,40,0.0
2026-09-16,377369694395,437330354417,H100,gpu,,150,0.07,RESERVE,POSTPAID,0,2026-01-19,2.1,2026-06-03,2026-08-10,2.1,2.1,33,0,2026-01-19:2.1,Disqualified,disqualified,,Duplicate deal,Disqualified,Nemax,135,0.0
2026-09-16,410927296746,458063839465,B200,gpu,,8,1.61,RESERVE,NO_PAYMENT,0,2026-02-11,5.5,2026-02-11,2026-02-16,5.5,5.5,2,0,2026-02-11:5.5,Commercial Proposal,open_at_freeze,,,Approved,me-west1 - Israel,0,0.0
2026-09-16,414252482759,470699407580,B300,gpu,,128,11.97,RESERVE,POSTPAID,0,2026-02-16,3.99,2026-04-06,2026-08-10,3.99,3.99,51,0,2026-02-16:3.99,Closed lost,lost_capacity,,NO_CAPACITY,Lost Deal,,49,0.0
2026-09-16,424747267268,479532779757,B300,gpu,,32,0.46,TESTING,NO_PAYMENT,0,2026-03-02,7.1,2026-06-03,2026-08-10,7.1,7.1,35,0,2026-03-02:7.1,Disqualified,disqualified,,NO_CAPACITY,Disqualified,uk-south1 – UK,93,0.0
2026-09-16,443701851362,494813912271,H100,gpu,,8,11.97,RESERVE,POSTPAID,0,2026-03-23,1.48,2026-03-23,2026-04-08,1.48,1.48,6,0,2026-03-23:1.48,Technical Validation,open_at_freeze,,,Waiting For Approval,Nemax,0,0.0
2026-09-16,448186075373,497057930438,B300,gpu,,360,12.01,RESERVE,PREPAID,0,2026-04-06,4.7,2026-04-13,2026-08-10,4.7,4.7,37,0,2026-04-06:4.7,Closed won,won,2026-04-13,,Approved,us-north1 – Minnesota,7,0.0
2026-09-16,448570961144,497524067557,GB300,rack,72,16920,36.05,RESERVE,POSTPAID,0,2026-04-08,9.2,2026-04-27,2026-08-10,9.2,9.2,36,0,2026-04-08:9.2,Closed lost,lost_other,,Customer Disengagement or Cancellation,Lost Deal,eu-west2 – Paris,19,0.0
2026-09-16,449945073897,498499697868,B200,gpu,,640,36.05,RESERVE,PREPAID,0,2026-04-13,5.5,2026-06-22,2026-08-10,4.3,4.3,35,6,2026-04-13:5.5>2026-04-20:3.9>2026-04-29:4.85>2026-05-06:4.89>2026-05-11:5.1>2026-05-25:4.35>2026-06-08:4.3,Closed lost,lost_price_or_competitor,,Pricing and Billing Issues,Lost Deal,us-central1 – Kansas,70,-21.8
2026-09-16,450806150383,498987201770,H100,gpu,,600,12.01,RESERVE,PREPAID,0,2026-04-20,2.0,2026-04-20,2026-08-10,2.0,2.0,33,0,2026-04-20:2,Technical Validation,open_at_freeze,,,Waiting For Approval,Nemax,0,0.0
2026-09-16,453698439409,500008085706,H200,gpu,,16,11.97,RESERVE,PREPAID,0,2026-04-29,3.5,2026-07-01,2026-08-10,3.5,3.5,30,0,2026-04-29:3.5,Closed lost,lost_capacity,,NO_CAPACITY,Lost Deal,us-central1 – Kansas,63,0.0
2026-09-16,457994196160,503144783092,B300,gpu,,32,0.33,TESTING,NO_PAYMENT,0,2026-05-20,7.1,2026-05-20,2026-08-10,7.1,7.1,24,0,2026-05-20:7.1,Technical Validation,open_at_freeze,,,Approved,uk-south1 – UK,0,0.0
2026-09-16,460712704244,505035003128,H200,gpu,,512,24.01,RESERVE,PREPAID,0,2026-06-03,2.63,2026-06-03,2026-06-03,2.63,2.63,1,0,2026-06-03:2.63,Commercial Proposal,open_at_freeze,,,Waiting For Approval,us-central1 – Kansas,0,0.0
2026-09-16,460713671883,504508121296,B300,gpu,,1024,11.97,RESERVE,PREPAID,0,2026-06-03,5.25,2026-06-24,2026-08-10,5.03,5.03,20,1,2026-06-03:5.25>2026-06-08:5.03,Closed won,won,2026-06-24,,Approved,eu-south1 – Madrid,21,-4.2
2026-09-16,460778215611,501727045848,H100,gpu,,27,11.55,PAYG,PREPAID,0,2026-06-03,2.65,2026-06-15,2026-08-10,2.65,2.65,20,0,2026-06-03:2.65,Closed won,won,2026-06-15,,Waiting For Approval,Nemax,12,0.0
2026-09-16,461962579160,366350595315,B300,gpu,,24,24.05,RESERVE,PREPAID,0,2026-06-08,5.5,2026-06-08,2026-08-10,5.2,5.2,19,2,2026-06-08:5.5>2026-06-15:5.4>2026-07-22:5.2,Commercial Proposal,open_at_freeze,,,Waiting For Approval,eu-south1 – Madrid,0,-5.5
2026-09-16,462007636195,505551807721,GB300,rack,72,144,11.05,RESERVE,PREPAID,0,2026-06-10,9.2,2026-06-10,2026-08-10,9.2,9.2,18,0,2026-06-10:9.2,Prospect,open_at_freeze,,,Waiting For Approval,,0,0.0
2026-09-16,467555962068,512055393525,B300,gpu,,64,12.01,RESERVE,PREPAID,0,2026-07-22,7.85,2026-07-22,2026-08-10,7.85,7.85,6,0,2026-07-22:7.85,Technical Validation,open_at_freeze,,,Waiting For Approval,,0,0.0
2026-09-16,467900301502,509473294567,B300,gpu,,256,11.97,RESERVE,POSTPAID,0,2026-07-13,5.3,2026-07-13,2026-07-15,5.3,5.3,2,0,2026-07-13:5.3,Technical Validation,open_at_freeze,,,Waiting For Approval,us-north1 – Minnesota,0,0.0
2026-09-16,470684793057,510451083498,B300,gpu,,24,11.97,RESERVE,PREPAID,0,2026-07-20,5.8,2026-07-27,2026-08-10,5.8,5.8,7,0,2026-07-20:5.8,Technical Validation,open_at_freeze,,,Waiting For Approval,eu-south1 – Madrid,7,0.0
2026-09-16,475132960998,513637133536,B200,gpu,,8,5.99,RESERVE,PREPAID,0,2026-08-03,5.0,2026-08-03,2026-08-10,5.0,5.0,3,0,2026-08-03:5,Prospect,open_at_freeze,,,Waiting For Approval,me-west1 - Israel,0,0.0
2026-09-16,475386058986,514841780435,B300,gpu,,8,6.02,RESERVE,PREPAID,0,2026-08-05,7.85,2026-08-05,2026-08-10,7.85,6.67,2,0,2026-08-05:7.85,Technical Validation,open_at_freeze,,,Waiting For Approval,me-west1 - Israel,0,-15.0
2026-09-16,475792006352,105060749550,B300,gpu,,16,7.93,RESERVE,PREPAID,0,2026-08-05,7.85,2026-08-05,2026-08-10,7.85,6.28,2,0,2026-08-05:7.85,Commercial Proposal,open_at_freeze,,Test Deals,Waiting For Approval,eu-north2 – Iceland,0,-20.0
2026-09-16,476156926167,510085775600,H200,gpu,,256,12.01,RESERVE,PREPAID,0,2026-08-05,3.22,2026-08-05,2026-08-10,3.22,3.22,2,0,2026-08-05:3.22,Technical Validation,open_at_freeze,,,Waiting For Approval,us-central1 – Kansas,0,0.0
2026-09-16,50081862883,46298925305,H100,gpu,,256,11.41,PAYG,POSTPAID,0,2024-12-10,1.8,2025-02-03,2026-08-10,1.8,1.8,158,0,2024-12-10:1.8,Closed won,won,2025-02-03,,Waiting For Approval,Nemax,55,0.0
2026-09-16,61964859633,76954020038,H100,gpu,,8,0.1,PAYG,NO_PAYMENT,0,2025-01-07,2.95,2025-04-07,2026-08-10,2.95,2.95,156,0,2025-01-07:2.95,Disqualified,disqualified,,Test Deals,Disqualified,Nemax,90,0.0
2026-09-16,70514835665,70796034237,H100,gpu,,56,0.07,TESTING,NO_PAYMENT,0,2025-01-07,2.95,2025-10-20,2026-08-10,2.95,2.95,156,0,2025-01-07:2.95,Closed lost,lost_other,,Customer Disengagement or Cancellation,Lost Deal,Nemax,286,0.0
2026-09-16,77316092130,23052521708,H100,gpu,,2048,5.03,RESERVE,PREPAID,0,2025-01-13,2.0,2025-08-11,2026-08-10,2.0,2.0,155,0,2025-01-13:2,Closed lost,lost_other,,Customer Disengagement or Cancellation,Lost Deal,Nemax,210,0.0
2026-09-16,78240152766,99531883709,H100,gpu,,16,0.46,TESTING,NO_PAYMENT,0,2025-01-13,2.95,2025-05-26,2026-08-10,2.95,2.95,155,0,2025-01-13:2.95,Closed lost,lost_other,,Customer Disengagement or Cancellation,Lost Deal,Nemax,133,0.0
2026-09-16,8515511033,11091440838,H100,gpu,,128,35.99,RESERVE,PREPAID,1,2024-10-15,2.67,2024-10-15,2026-08-10,2.67,2.67,166,0,2024-10-15:2.67,Closed lost,lost_price_or_competitor,,Competitor Chosen,Disqualified,Finland,0,0.0
2026-09-16,9605858505,12636966370,H100,gpu,,1024,6.02,RESERVE,POSTPAID,1,2024-10-15,2.8,2024-10-15,2026-08-10,2.8,2.8,166,0,2024-10-15:2.8,Disqualified,disqualified,,Customer Disengagement or Cancellation,Disqualified,Finland,0,0.0
2026-09-16,99814086854,131505199348,H100,gpu,,128,3.39,PAYG,PREPAID,0,2025-02-17,2.95,2025-02-24,2026-08-10,2.95,2.95,150,0,2025-02-17:2.95,Disqualified,disqualified,,Test Deals,Disqualified,Nemax,7,0.0
2026-09-16,100770808025,132669070578,H200,gpu,,256,5.92,RESERVE,PREPAID,0,2025-02-24,2.0,2025-03-24,2026-08-10,2.0,2.0,149,0,2025-02-24:2,Closed lost,lost_capacity,,NO_CAPACITY,Lost Deal,Nemax,28,0.0
2026-09-16,10139243249,10783220678,H100,gpu,,8,0.99,TESTING,NO_PAYMENT,1,2024-10-15,4.85,2024-10-15,2026-08-10,4.85,4.85,166,0,2024-10-15:4.85,Closed won,won,2024-10-15,,Approved,Finland,0,0.0
2026-09-16,10434892007,14406328049,H100,gpu,,512,3.06,RESERVE,PREPAID,1,2024-10-15,2.5,2024-10-15,2026-08-10,2.5,2.5,166,0,2024-10-15:2.5,Closed won,won,2024-10-15,,Disqualified,Finland,0,0.0
2026-09-16,106388143310,139606076658,H200,gpu,,96,0.03,TESTING,NO_PAYMENT,0,2025-03-03,2.0,2025-03-03,2026-08-10,2.0,2.0,148,0,2025-03-03:2,Disqualified,disqualified,,Customer Disengagement or Cancellation,Disqualified,Nemax,0,0.0
2026-09-16,10654736060,14936761806,H100,gpu,,32,2.99,RESERVE,POSTPAID,1,2024-10-15,3.0,2024-10-15,2026-08-10,3.0,3.0,166,0,2024-10-15:3,Closed won,won,2024-10-15,,Disqualified,Finland,0,0.0
2026-09-16,110422546676,145400981739,H200,gpu,,16,2.99,RESERVE,POSTPAID,0,2025-03-03,3.5,2025-03-27,2026-08-10,2.2,2.2,148,1,2025-03-03:3.5>2025-03-10:2.2,Closed won,won,2025-03-27,,Approved,eu-west1 – Paris,24,-37.1
2026-09-16,123657073852,16659176912,H100,gpu,,10,0.1,PROMO,NO_PAYMENT,0,2025-05-08,2.95,2025-05-08,2026-08-10,2.95,2.95,132,0,2025-05-08:2.95,Closed won,won,2025-05-08,,Approved,Nemax,0,0.0
2026-09-16,143329868997,188467626224,H200,gpu,,128,2.99,PAYG,POSTPAID,0,2025-04-28,2.1,2025-05-15,2026-08-10,2.1,2.1,135,0,2025-04-28:2.1,Closed won,won,2025-05-15,,Disqualified,Nemax,17,0.0
2026-09-16,145379285232,194464431347,H200,gpu,,128,2.17,PAYG,POSTPAID,0,2025-05-01,2.2,2025-05-29,2026-08-10,2.2,2.2,134,0,2025-05-01:2.2,Closed won,won,2025-05-29,,Waiting For Approval,us-central1 – Kansas,28,0.0
2026-09-16,149857171673,174975604979,H200,gpu,,32,0.13,TESTING,NO_PAYMENT,0,2025-05-12,3.5,2025-07-31,2026-08-10,3.5,3.5,131,0,2025-05-12:3.5,Closed lost,lost_capacity,,NO_CAPACITY,Lost Deal,Nemax,80,0.0
2026-09-16,166344679613,193326437571,H100,gpu,,128,3.03,PAYG,POSTPAID,0,2025-05-29,2.0,2025-07-07,2026-08-10,2.0,2.0,126,0,2025-05-29:2,Closed won,won,2025-07-07,,Disqualified,Nemax,39,0.0
2026-09-16,174008231133,231342910686,H200,gpu,,64,0.95,PAYG,POSTPAID,0,2025-06-09,3.5,2025-06-12,2026-08-10,3.5,3.5,123,0,2025-06-09:3.5,Closed won,won,2025-06-12,,Approved,Nemax,3,0.0
2026-09-16,226144463050,16659176912,H100,gpu,,30,0.1,PROMO,NO_PAYMENT,0,2025-08-21,2.95,2025-08-21,2026-08-10,2.95,2.95,102,0,2025-08-21:2.95,Closed won,won,2025-08-21,,Approved,Nemax,0,0.0
2026-09-16,239227912438,304599876822,B200,gpu,,8,12.04,RESERVE,POSTPAID,0,2025-09-08,3.0,2025-12-08,2026-08-10,3.4,3.4,97,1,2025-09-08:3>2025-11-20:3.4,Closed lost,lost_price_or_competitor,,Pricing and Billing Issues,Lost Deal,me-west1 - Israel,91,13.3
2026-09-16,241964779708,306937389280,H200,gpu,,40,7.89,RESERVE,PREPAID,0,2025-09-15,1.9,2025-10-02,2026-08-10,1.9,1.9,95,0,2025-09-15:1.9,Closed won,won,2025-10-02,,DECLINED,us-central1 – Kansas,17,0.0
2026-09-16,248697460950,313893078246,H100,gpu,,1024,11.97,RESERVE,POSTPAID,0,2025-09-25,1.75,2025-09-25,2026-08-10,1.75,1.75,92,0,2025-09-25:1.75,Closed lost,lost_capacity,,NO_CAPACITY,Lost Deal,Nemax,0,0.0
2026-09-16,249468866762,307977678045,H200,gpu,,64,0.72,TESTING,NO_PAYMENT,0,2025-09-25,3.5,2025-12-31,2026-08-10,3.5,3.5,92,0,2025-09-25:3.5,Closed won,won,2025-12-31,,Approved,us-central1 – Kansas,97,0.0
2026-09-16,250976955601,316483385554,B200,gpu,,128,3.03,RESERVE,PREPAID,0,2025-09-29,3.0,2025-10-16,2026-08-10,3.0,3.0,91,0,2025-09-29:3,Closed lost,lost_capacity,,NO_CAPACITY,Lost Deal,us-central1 – Kansas,17,0.0
2026-09-16,273454364887,333724914923,B300,gpu,,16,0.46,TESTING,NO_PAYMENT,0,2025-10-23,7.1,2025-10-23,2025-10-27,7.1,7.1,2,0,2025-10-23:7.1,Prospect,open_at_freeze,,,Pre-Approved,uk-south1 – UK,0,0.0
2026-09-16,306718792941,370748945595,H200,gpu,,40,13.98,RESERVE,POSTPAID,0,2025-11-13,2.15,2025-11-13,2026-08-10,2.15,2.15,78,0,2025-11-13:2.15,Prospect,open_at_freeze,,,Approved,us-central1 – Kansas,0,0.0
2026-09-16,309550438625,377036334269,H200,gpu,,8,11.97,PAYG,PREPAID,0,2025-11-17,3.5,2025-11-17,2025-11-20,3.5,3.5,2,0,2025-11-17:3.5,Prospect,open_at_freeze,,,Waiting For Approval,us-central1 – Kansas,0,0.0
2026-09-16,346507240639,410335877364,H200,gpu,,240,2.83,RESERVE,POSTPAID,0,2025-12-17,3.5,2025-12-24,2026-08-10,3.5,2.15,68,0,2025-12-17:3.5,Closed lost,lost_capacity,,NO_CAPACITY,Lost Deal,,7,-38.6
2026-09-16,35322221804,39017243872,H100,gpu,,1024,3.98,PAYG,POSTPAID,0,2024-11-14,1.5,2025-01-07,2026-08-10,1.5,1.5,162,0,2024-11-14:1.5,Closed lost,lost_other,,Customer Disengagement or Cancellation,Lost Deal,Nemax,54,0.0
2026-09-16,399960913127,437881393359,H100,gpu,,32,0.36,TESTING,NO_PAYMENT,0,2026-02-02,2.95,2026-07-06,2026-08-10,2.95,2.95,55,0,2026-02-02:2.95,Closed lost,lost_price_or_competitor,,Pricing and Billing Issues,Lost Deal,Nemax,154,0.0
2026-09-16,409729367283,466416193761,H200,gpu,,64,12.01,RESERVE,PREPAID,0,2026-02-11,1.8,2026-03-02,2026-08-10,1.8,1.8,52,0,2026-02-11:1.8,Closed lost,lost_capacity,,NO_CAPACITY,Lost Deal,Nemax,19,0.0
2026-09-16,409972398294,466803290354,B200,gpu,,512,3.03,RESERVE,PREPAID,0,2026-02-11,3.9,2026-02-18,2026-08-10,3.9,3.9,52,0,2026-02-11:3.9,Closed lost,lost_capacity,,NO_CAPACITY,Lost Deal,me-west1 - Israel,7,0.0
2026-09-16,413893143762,470133685458,B300,gpu,,128,12.01,RESERVE,PREPAID,0,2026-02-16,3.58,2026-04-01,2026-08-10,5.21,5.21,51,3,2026-02-16:3.58>2026-03-02:4.77>2026-03-16:4.54>2026-04-01:5.21,Closed won,won,2026-04-01,,Approved,us-north1 – Minnesota,44,45.5
2026-09-16,424747976904,363737552088,B200,gpu,,1000,4.9,RESERVE,POSTPAID,0,2026-02-25,2.85,2026-02-25,2026-08-10,2.85,2.85,48,0,2026-02-25:2.85,Closed won,won,2026-02-25,,DECLINED,us-central1 – Kansas,0,0.0
2026-09-16,432106377416,486198833352,B200,gpu,,32,0.1,TESTING,PREPAID,0,2026-03-04,5.5,2026-03-16,2026-08-10,5.5,5.5,46,0,2026-03-04:5.5,Closed won,won,2026-03-16,,Approved,me-west1 - Israel,12,0.0
2026-09-16,434045325534,487727838410,H100,gpu,,8,11.97,RESERVE,,0,2026-03-09,2.95,2026-03-09,2026-03-09,2.95,2.95,1,0,2026-03-09:2.95,Prospect,open_at_freeze,,,Waiting For Approval,Nemax,0,0.0
2026-09-16,439441931495,481366706393,B200,gpu,,50,2.73,PAYG,POSTPAID,0,2026-06-03,5.78,2026-06-03,2026-08-10,5.78,5.78,20,0,2026-06-03:5.78,Disqualified,disqualified,,Test Deals,Disqualified,eu-west1 – Paris,0,0.0
2026-09-16,443701769458,486010875112,B300,gpu,,5000,12.01,RESERVE,PREPAID,0,2026-03-23,4.35,2026-03-23,2026-08-10,4.35,4.35,41,0,2026-03-23:4.35,Closed lost,lost_other,,Insufficient Capabilities,Lost Deal,eu-west2 – Paris,0,0.0
2026-09-16,450807853272,498928176317,B300,gpu,,144,24.01,RESERVE,PREPAID,0,2026-04-20,4.9,2026-04-20,2026-08-10,4.9,4.9,33,0,2026-04-20:4.9,Technical Validation,open_at_freeze,,,Waiting For Approval,eu-west2 – Paris,0,0.0
2026-09-16,454877053166,501500069103,H100,gpu,,50,11.05,RESERVE,PREPAID,0,2026-05-04,2.95,2026-05-13,2026-08-10,2.95,2.95,29,0,2026-05-04:2.95,Closed lost,lost_other,,Duplicate deal,Lost Deal,eu-west2 – Paris,9,0.0
2026-09-16,458926511295,451001439447,H200,gpu,,32,12.01,RESERVE,PREPAID,0,2026-05-27,2.3,2026-07-01,2026-08-10,2.5,2.5,22,2,2026-05-27:2.3>2026-06-01:2.7>2026-06-29:2.5,Closed won,won,2026-07-01,,Approved,eu-west1 – Paris,35,8.7
2026-09-16,459902794963,504665151711,B300,gpu,,256,12.01,RESERVE,PREPAID,0,2026-06-01,5.6,2026-06-01,2026-08-10,5.6,5.6,21,0,2026-06-01:5.6,Technical Validation,open_at_freeze,,,Waiting For Approval,eu-south1 – Madrid,0,0.0
2026-09-16,459917170908,504566060240,H200,gpu,,512,11.97,RESERVE,PREPAID,0,2026-05-27,3.0,2026-06-10,2026-08-10,3.0,3.0,22,0,2026-05-27:3,Closed won,won,2026-06-10,,Approved,us-central1 – Kansas,14,0.0
2026-09-16,460713740507,505034504401,B300,gpu,,128,12.01,RESERVE,PREPAID,0,2026-06-08,6.03,2026-06-29,2026-08-10,6.03,6.03,19,0,2026-06-08:6.03,Closed lost,lost_price_or_competitor,,Competitor Chosen,Lost Deal,eu-west1 – Paris,21,0.0
2026-09-16,461962425536,505643401442,B200,gpu,,128,6.09,RESERVE,POSTPAID,0,2026-06-08,5.4,2026-07-06,2026-08-10,5.65,5.65,19,1,2026-06-08:5.4>2026-06-10:5.65,Technical Validation,open_at_freeze,,,Waiting For Approval,me-west1 - Israel,28,4.6
2026-09-16,462367989961,505125799100,GB300,rack,72,144,,RESERVE,,0,2026-06-10,9.2,2026-06-10,2026-08-10,9.2,9.2,18,0,2026-06-10:9.2,Prospect,open_at_freeze,,,Waiting For Approval,uk-south2 – London East,0,0.0
2026-09-16,463347571943,505861271773,B200,gpu,,64,6.02,RESERVE,PREPAID,0,2026-06-17,5.93,2026-06-22,2026-07-22,5.75,5.75,11,2,2026-06-17:5.93>2026-06-22:5.5>2026-06-29:5.75,Commercial Proposal,open_at_freeze,,,Waiting For Approval,us-north1 – Minnesota,5,-3.0
2026-09-16,464162602201,506874719451,H200,gpu,,96,11.97,RESERVE,PREPAID,0,2026-06-22,2.51,2026-06-24,2026-08-10,2.51,2.51,15,0,2026-06-22:2.51,Closed won,won,2026-06-24,,Approved,eu-west1 – Paris,2,0.0
2026-09-16,466828897506,508545079491,B200,gpu,,40,36.02,RESERVE,PREPAID,0,2026-07-01,5.5,2026-07-27,2026-08-10,5.0,5.0,12,1,2026-07-01:5.5>2026-07-20:5,Closed won,won,2026-07-27,,Approved,us-central1 – Kansas,26,-9.1
2026-09-16,470365787365,510285367496,B300,gpu,,16,0.43,TESTING,NO_PAYMENT,0,2026-07-20,7.85,2026-07-22,2026-08-10,7.85,7.85,7,0,2026-07-20:7.85,Closed lost,lost_other,,Contract Restructuring,Lost Deal,uk-south1 – UK,2,0.0
2026-09-16,55613843691,68827426039,H200,gpu,,2048,2.93,RESERVE,PREPAID,0,2024-12-10,4.85,2025-03-10,2026-08-10,4.85,4.85,158,0,2024-12-10:4.85,Disqualified,disqualified,,Customer Disengagement or Cancellation,Disqualified,Nemax,90,0.0
2026-09-16,57170021580,70678007029,H100,gpu,,512,3.26,RESERVE,PREPAID,0,2024-12-17,2.5,2025-02-10,2026-08-10,1.65,1.65,157,2,2024-12-17:2.5>2025-01-20:1.9>2025-01-27:1.65,Closed won,won,2025-02-10,,Approved,Nemax,55,-34.0
2026-09-16,9300569327,12338819560,H100,gpu,,1024,2.99,RESERVE,PREPAID,1,2024-10-15,2.8,2024-10-15,2026-08-10,2.8,2.8,166,0,2024-10-15:2.8,Disqualified,disqualified,,Customer Disengagement or Cancellation,Disqualified,Finland,0,0.0
2026-09-16,93413043426,61425979596,H200,gpu,,256,1.78,RESERVE,POSTPAID,0,2025-02-10,1.95,2025-04-14,2026-08-10,2.3,2.3,151,1,2025-02-10:1.95>2025-03-31:2.3,Closed won,won,2025-04-14,,DECLINED,eu-north2 – Iceland,63,17.9
2026-09-16,9887374812,12526169837,H100,gpu,,128,1.25,RESERVE,PREPAID,1,2024-10-15,2.5,2024-10-15,2026-08-10,2.5,2.5,166,0,2024-10-15:2.5,Closed won,won,2024-10-15,Customer Disengagement or Cancellation,Disqualified,Finland,0,0.0
2026-09-16,9897172937,12947506405,H100,gpu,,1024,12.01,RESERVE,PREPAID,1,2024-10-15,2.5,2024-10-15,2026-08-10,2.5,2.5,166,0,2024-10-15:2.5,Closed lost,lost_other,,Security and Compliance Gaps,Disqualified,Finland,0,0.0
2026-09-16,10273190873,14504494295,H100,gpu,,24,1.81,RESERVE,POSTPAID,1,2024-10-15,4.85,2024-10-15,2026-08-10,4.85,2.0,166,0,2024-10-15:4.85,Closed won,won,2024-10-15,,Approved,Finland,0,-58.8
2026-09-16,10426135793,13586459088,H100,gpu,,32,6.71,PAYG,POSTPAID,1,2024-10-15,4.0,2024-10-15,2026-08-10,4.0,4.0,166,0,2024-10-15:4,Closed won,won,2024-10-15,,DECLINED,Finland,0,0.0
2026-09-16,10872278000,14750250739,H100,gpu,,20,0.07,TESTING,NO_PAYMENT,1,2024-10-15,4.85,2024-10-15,2026-08-10,4.85,4.85,166,0,2024-10-15:4.85,Closed won,won,2024-10-15,,Approved,Finland,0,0.0
2026-09-16,126524552379,169184456927,H200,gpu,,10,0.13,RESERVE,PREPAID,0,2025-04-03,3.5,2025-04-14,2026-02-18,3.5,3.5,93,0,2025-04-03:3.5,Disqualified,disqualified,,Test Deals,Disqualified,eu-west1 – Paris,11,0.0
2026-09-16,144168970444,193326437571,H200,gpu,,80,0.46,TESTING,NO_PAYMENT,0,2025-05-01,3.5,2025-07-07,2026-08-10,3.5,3.5,134,0,2025-05-01:3.5,Closed won,won,2025-07-07,,Approved,Nemax,67,0.0
2026-09-16,148351898830,199558488301,B200,gpu,,128,23.98,RESERVE,PREPAID,0,2025-05-08,3.0,2025-07-17,2026-08-10,3.0,3.0,132,0,2025-05-08:3,Closed lost,lost_other,,Customer Disengagement or Cancellation,Lost Deal,us-central1 – Kansas,70,0.0
2026-09-16,161340501220,178323035367,H100,gpu,,64,0.46,TESTING,NO_PAYMENT,0,2025-05-22,2.95,2025-07-21,2026-08-10,2.95,2.95,128,0,2025-05-22:2.95,Closed lost,lost_other,,Customer Disengagement or Cancellation,Lost Deal,Nemax,60,0.0
2026-09-16,163581012179,218827595993,H100,gpu,,8,0.26,TESTING,NO_PAYMENT,0,2025-05-26,2.95,2025-05-26,2025-05-26,2.95,2.95,1,0,2025-05-26:2.95,Technical Validation,open_at_freeze,,,Waiting For Approval,Nemax,0,0.0
2026-09-16,171144839415,222899502312,H200,gpu,,96,3.03,RESERVE,PREPAID,0,2025-06-05,2.0,2025-06-23,2026-08-10,2.0,2.0,124,0,2025-06-05:2,Disqualified,disqualified,,Test Deals,Disqualified,Nemax,18,0.0
2026-09-16,183691018448,247036116185,B200,gpu,,10000,48.06,RESERVE,POSTPAID,0,2025-06-26,5.5,2025-06-26,2026-08-10,5.5,2.2,118,0,2025-06-26:5.5,Closed lost,lost_price_or_competitor,,Competitor Chosen,Lost Deal,us-central1 – Kansas,0,-60.0
2026-09-16,184351271117,247828090053,H100,gpu,,240,3.03,RESERVE,POSTPAID,0,2025-06-26,1.8,2025-07-14,2026-08-10,1.8,1.8,118,0,2025-06-26:1.8,Closed lost,lost_capacity,,NO_CAPACITY,Lost Deal,Nemax,18,0.0
2026-09-16,187817882829,177798616304,H100,gpu,,8,0.23,TESTING,NO_PAYMENT,0,2025-07-03,2.95,2025-08-25,2026-08-10,2.95,2.95,116,0,2025-07-03:2.95,Closed lost,lost_price_or_competitor,,Pricing and Billing Issues,Lost Deal,Nemax,53,0.0
2026-09-16,191635212495,222147748031,H200,gpu,,640,11.15,RESERVE,PREPAID,0,2025-07-10,2.15,2025-10-23,2026-08-10,2.15,2.15,114,0,2025-07-10:2.15,Closed lost,lost_other,,Insufficient Capabilities,Lost Deal,us-central1 – Kansas,105,0.0
2026-09-16,198332930270,247090309310,H100,gpu,,1024,3.03,RESERVE,POSTPAID,0,2025-07-17,2.95,2025-08-11,2026-08-10,1.65,1.65,112,1,2025-07-17:2.95>2025-07-31:1.65,Closed won,won,2025-08-11,,Approved,Nemax,25,-44.1
2026-09-16,222863970493,287958704329,H100,gpu,,256,4.97,RESERVE,,0,2025-08-18,2.0,2025-08-18,2026-08-10,1.5,1.5,103,1,2025-08-18:2>2025-12-15:1.5,Closed lost,lost_other,,Insufficient Capabilities,Lost Deal,Nemax,0,-25.0
2026-09-16,241743256809,307065069785,B200,gpu,,2000,12.01,RESERVE,PREPAID,0,2025-09-15,2.9,2025-09-29,2026-08-10,2.9,2.9,95,0,2025-09-15:2.9,Closed lost,lost_price_or_competitor,,Competitor Chosen,Lost Deal,me-west1 - Israel,14,0.0
2026-09-16,264641262821,329706910934,H200,gpu,,200,5.95,RESERVE,PREPAID,0,2025-10-13,1.9,2025-10-16,2026-08-10,1.9,1.9,87,0,2025-10-13:1.9,Closed lost,lost_capacity,,NO_CAPACITY,Lost Deal,us-central1 – Kansas,3,0.0
2026-09-16,271144912100,314866798809,GB300,gpu,72,18432,57.47,RESERVE,PREPAID,0,2025-10-20,3.03,2025-10-20,2026-08-10,3.03,3.03,85,0,2025-10-20:3.03,Closed won,won,2025-10-20,,Waiting For Approval,us-east1 – New Jersey,0,0.0
2026-09-16,287091672291,351910022370,H200,gpu,,32,0.23,RESERVE,NO_PAYMENT,0,2025-10-30,3.5,2025-10-30,2025-12-24,3.5,3.5,17,0,2025-10-30:3.5,Prospect,open_at_freeze,,,Waiting For Approval,Nemax,0,0.0
2026-09-16,308369638586,373924513015,H100,gpu,,1024,5.95,RESERVE,PREPAID,0,2025-11-13,2.95,2025-11-17,2026-08-10,2.95,1.75,78,0,2025-11-13:2.95,Closed lost,lost_other,,Security and Compliance Gaps,Lost Deal,Nemax,4,-40.7
2026-09-16,332692893887,396491689196,H100,gpu,,152,10.43,RESERVE,PREPAID,0,2025-12-03,1.95,2025-12-03,2026-01-14,1.95,1.95,13,0,2025-12-03:1.95,Technical Validation,open_at_freeze,,,Approved,Nemax,0,0.0
2026-09-16,335745472755,402090819799,H200,gpu,,24,12.01,RESERVE,PREPAID,0,2025-12-08,1.9,2026-01-05,2026-08-10,1.85,1.85,71,1,2025-12-08:1.9>2025-12-10:1.85,Closed lost,lost_capacity,,NO_CAPACITY,Lost Deal,Nemax,28,-2.6
2026-09-16,346607789275,389301857474,B200,gpu,,24,0.79,RESERVE,PREPAID,0,2025-12-17,5.5,2025-12-24,2026-08-10,5.5,5.5,68,0,2025-12-17:5.5,Closed won,won,2025-12-24,,Approved,me-west1 - Israel,7,0.0
2026-09-16,346904406210,410630093016,H200,gpu,,256,12.01,RESERVE,PREPAID,0,2025-12-17,1.6,2025-12-17,2025-12-22,1.6,1.6,2,0,2025-12-17:1.6,Commercial Proposal,open_at_freeze,,,Waiting For Approval,Nemax,0,0.0
2026-09-16,357888387271,420838659261,B200,gpu,,256,15.89,RESERVE,PREPAID,0,2025-12-31,2.9,2026-02-16,2026-08-10,3.2,3.2,64,2,2025-12-31:2.9>2026-01-21:2.8>2026-02-11:3.2,Closed lost,lost_capacity,,NO_CAPACITY,Lost Deal,me-west1 - Israel,47,10.3
2026-09-16,392754434290,451402735810,B200,gpu,,16,0.92,TESTING,NO_PAYMENT,0,2026-01-28,5.5,2026-06-03,2026-08-10,5.5,5.5,30,0,2026-01-28:5.5,Disqualified,disqualified,,Test Deals,Disqualified,me-west1 - Israel,126,0.0
2026-09-16,399961259196,455037693154,B200,gpu,,16,0.46,TESTING,NO_PAYMENT,0,2026-02-04,5.5,2026-04-01,2026-08-10,5.5,5.5,54,0,2026-02-04:5.5,Closed lost,lost_other,,Customer Disengagement or Cancellation,Lost Deal,us-central1 – Kansas,56,0.0
2026-09-16,400927917267,413524737235,H200,gpu,,16,12.01,RESERVE,POSTPAID,0,2026-02-04,3.5,2026-02-04,2026-03-25,3.5,3.5,15,0,2026-02-04:3.5,Technical Validation,open_at_freeze,,,Waiting For Approval,us-central1 – Kansas,0,0.0
2026-09-16,40230593756,45645525196,H100,gpu,,8,12.99,PAYG,PREPAID,0,2024-11-14,2.3,2024-12-10,2026-08-10,2.65,2.65,162,1,2024-11-14:2.3>2024-11-26:2.65,Closed won,won,2024-12-10,,Approved,Nemax,26,15.2
2026-09-16,410267983080,455037693154,B200,gpu,,16,6.02,RESERVE,POSTPAID,0,2026-02-16,5.5,2026-04-01,2026-08-10,5.5,5.5,51,0,2026-02-16:5.5,Closed lost,lost_other,,Customer Disengagement or Cancellation,Lost Deal,us-central1 – Kansas,44,0.0
2026-09-16,414428332223,471357492439,B200,gpu,,8,1.97,RESERVE,POSTPAID,0,2026-02-16,3.5,2026-02-25,2026-08-10,3.5,3.5,24,0,2026-02-16:3.5,Disqualified,disqualified,,Customer Disengagement or Cancellation,Disqualified,me-west1 - Israel,9,0.0
2026-09-16,416123258095,470699707609,B200,gpu,,128,1.02,RESERVE,PREPAID,0,2026-02-18,3.4,2026-02-25,2026-08-10,3.4,3.4,50,0,2026-02-18:3.4,Closed lost,lost_capacity,,NO_CAPACITY,Lost Deal,me-west1 - Israel,7,0.0
2026-09-16,425985024191,480477164733,H100,gpu,,32,11.97,RESERVE,PREPAID,0,2026-03-02,1.9,2026-04-22,2026-05-06,1.91,1.91,20,1,2026-03-02:1.9>2026-04-22:1.91,Commercial Proposal,open_at_freeze,,,DECLINED,Nemax,51,0.5
2026-09-16,436374958302,473541903567,B200,gpu,,16,2.99,RESERVE,POSTPAID,0,2026-03-09,2.5,2026-06-01,2026-08-10,2.5,2.5,45,0,2026-03-09:2.5,Closed lost,lost_capacity,,NO_CAPACITY,Lost Deal,me-west1 - Israel,84,0.0
2026-09-16,439798580444,492103567554,B300,gpu,,300,3.06,RESERVE,PREPAID,0,2026-06-03,7.31,2026-06-03,2026-08-10,7.31,7.31,20,0,2026-06-03:7.31,Disqualified,disqualified,,Test Deals,Disqualified,Nemax,0,0.0
2026-09-16,447432928485,496505501921,B300,gpu,,512,12.01,RESERVE,PREPAID,0,2026-04-01,5.39,2026-04-29,2026-08-10,5.39,5.39,38,0,2026-04-01:5.39,Closed lost,lost_other,,Cluster Performance,Lost Deal,us-north1 – Minnesota,28,0.0
2026-09-16,44935079156,52708448453,H100,gpu,,64,17.96,RESERVE,PREPAID,0,2024-11-26,1.85,2024-12-17,2026-08-10,1.85,1.85,160,0,2024-11-26:1.85,Disqualified,disqualified,,Customer Disengagement or Cancellation,Disqualified,Nemax,21,0.0
2026-09-16,449944377591,374333613286,B300,gpu,,32,0.23,,NO_PAYMENT,0,2026-04-13,7.1,2026-06-17,2026-08-10,7.1,7.1,35,0,2026-04-13:7.1,Closed won,won,2026-06-17,,Approved,uk-south1 – UK,65,0.0
2026-09-16,450813044944,498750672087,GB300,rack,72,144,12.93,RESERVE,,0,2026-04-20,9.2,2026-04-20,2026-08-10,9.2,9.2,33,0,2026-04-20:9.2,Prospect,open_at_freeze,,,Waiting For Approval,,0,0.0
2026-09-16,456582597835,385100759241,B200,gpu,,40,2.57,RESERVE,PREPAID,0,2026-05-13,5.16,2026-05-13,2026-06-03,5.16,5.16,7,0,2026-05-13:5.16,Commercial Proposal,open_at_freeze,,,DECLINED,me-west1 - Israel,0,0.0
2026-09-16,457135219928,502402804936,B300,gpu,,840,6.68,RESERVE,PREPAID,0,2026-05-18,5.69,2026-05-18,2026-08-10,5.69,5.69,25,0,2026-05-18:5.69,Commercial Proposal,open_at_freeze,,,Waiting For Approval,eu-south1 – Madrid,0,0.0
2026-09-16,460712356077,505034759370,GB300,rack,72,11016,12.01,RESERVE,PREPAID,0,2026-06-01,6.1,2026-07-06,2026-08-10,6.1,6.1,21,0,2026-06-01:6.1,Closed lost,lost_capacity,,NO_CAPACITY,Lost Deal,us-south1 – Oklahoma,35,0.0
2026-09-16,470689813749,510546225390,B300,gpu,,50,12.01,RESERVE,PREPAID,0,2026-07-20,6.0,2026-07-20,2026-08-10,6.0,6.0,7,0,2026-07-20:6,Disqualified,disqualified,,Duplicate deal,Lost Deal,me-west2 – Masmia Israel,0,0.0
2026-09-16,475791691998,514543448294,B200,gpu,,640,12.01,RESERVE,POSTPAID,0,2026-08-03,5.06,2026-08-10,2026-08-10,5.06,5.06,3,0,2026-08-03:5.06,Closed lost,lost_capacity,,NO_CAPACITY,Lost Deal,us-central1 – Kansas,7,0.0
2026-09-16,73392065745,92960313546,H200,gpu,,256,3.98,RESERVE,PREPAID,0,2025-01-07,2.5,2025-06-02,2026-08-10,2.5,2.5,156,0,2025-01-07:2.5,Closed lost,lost_other,,Customer Disengagement or Cancellation,Lost Deal,eu-west1 – Paris,146,0.0
2026-09-16,8297004228,10186526657,H100,gpu,,12,5.86,RESERVE,POSTPAID,1,2024-10-15,2.54,2024-10-15,2026-08-10,2.54,2.54,166,0,2024-10-15:2.54,Closed won,won,2024-10-15,,Approved,Finland,0,0.0
2026-09-16,84009621697,75335862480,H100,gpu,,16,0.53,TESTING,PREPAID,0,2025-01-27,2.95,2025-02-10,2026-08-10,2.95,2.95,153,0,2025-01-27:2.95,Closed lost,lost_other,,Customer Disengagement or Cancellation,Lost Deal,Nemax,14,0.0
2026-09-16,9830540005,13463643129,H100,gpu,,5,2.01,INTERNAL,NO_PAYMENT,1,2024-10-15,4.85,2024-10-15,2026-08-10,4.85,4.85,166,0,2024-10-15:4.85,Closed won,won,2024-10-15,,Disqualified,Finland,0,0.0
2026-09-16,10060150744,14113827519,H100,gpu,,256,0.43,RESERVE,POSTPAID,1,2024-10-15,4.85,2024-10-15,2026-08-10,4.85,4.85,166,0,2024-10-15:4.85,Closed won,won,2024-10-15,,Disqualified,Finland,0,0.0
2026-09-16,100611977410,132559504619,H200,gpu,,240,0.82,RESERVE,PREPAID,0,2025-02-24,2.0,2025-03-10,2026-08-10,2.0,2.0,149,0,2025-02-24:2,Disqualified,disqualified,,Customer Disengagement or Cancellation,Disqualified,Nemax,14,0.0
2026-09-16,10171865042,13586459088,H100,gpu,,16,0.13,TESTING,NO_PAYMENT,1,2024-10-15,4.85,2024-10-15,2026-08-10,4.85,4.85,166,0,2024-10-15:4.85,Closed won,won,2024-10-15,,Approved,Finland,0,0.0
2026-09-16,10253735615,14366276062,H100,gpu,,1024,0.99,TESTING,PREPAID,1,2024-10-15,4.85,2024-10-15,2026-08-10,4.85,4.85,166,0,2024-10-15:4.85,Closed lost,lost_price_or_competitor,,Insufficient Capabilities;Competitor Chosen,Lost Deal,Finland,0,0.0
2026-09-16,10422157548,14716491753,H100,gpu,,128,0.99,RESERVE,PREPAID,1,2024-10-15,3.0,2024-10-15,2026-08-10,3.0,3.0,166,0,2024-10-15:3,Closed won,won,2024-10-15,,Disqualified,Finland,0,0.0
2026-09-16,10524470494,13586459088,H100,gpu,,16,2.5,PAYG,POSTPAID,1,2024-10-15,4.0,2024-10-15,2026-08-10,4.0,4.0,166,0,2024-10-15:4,Closed won,won,2024-10-15,,Approved,Finland,0,0.0
2026-09-16,10658053100,15121910007,H100,gpu,,16,0.43,PAYG,POSTPAID,1,2024-10-15,2.3,2024-10-15,2026-08-10,2.3,2.3,166,0,2024-10-15:2.3,Closed lost,lost_other,,Customer Disengagement or Cancellation,Lost Deal,Finland,0,0.0
2026-09-16,11091668675,15773138165,H100,gpu,,16,2.47,PROMO,NO_PAYMENT,1,2024-10-15,4.85,2024-10-15,2026-08-10,4.85,4.85,166,0,2024-10-15:4.85,Closed won,won,2024-10-15,,Approved,Finland,0,0.0
2026-09-16,11416066022,15433802709,H100,gpu,,8,0.23,TESTING,NO_PAYMENT,1,2024-10-15,4.85,2025-02-17,2026-08-10,4.85,4.85,166,0,2024-10-15:4.85,Closed lost,lost_other,,Customer Disengagement or Cancellation,Lost Deal,Finland,125,0.0
2026-09-16,132340858091,168399101134,H200,gpu,,64,0.16,PAYG,POSTPAID,0,2025-04-14,2.2,2025-05-22,2026-08-10,2.2,2.2,139,0,2025-04-14:2.2,Closed won,won,2025-05-22,,Approved,eu-north2 – Iceland,38,0.0
2026-09-16,14074370550,16310655177,H200,gpu,,304,11.64,RESERVE,PREPAID,1,2024-10-15,3.63,2025-02-17,2026-08-10,2.3,2.3,166,1,2024-10-15:3.63>2024-11-05:2.3,Closed won,won,2025-02-17,,Disqualified,Nemax,125,-36.6
2026-09-16,143070105813,189721833716,H100,gpu,,64,12.01,RESERVE,PREPAID,0,2025-04-28,1.72,2025-05-01,2026-08-10,1.7,1.7,135,1,2025-04-28:1.72>2025-05-01:1.7,Closed lost,lost_other,,Cluster Performance,Lost Deal,Nemax,3,-1.2
2026-09-16,15286283966,19655181253,H200,gpu,,512,23.98,RESERVE,PREPAID,1,2024-10-15,2.85,2024-11-18,2026-08-10,2.85,2.85,166,0,2024-10-15:2.85,Disqualified,disqualified,,Customer Disengagement or Cancellation,Disqualified,Nemax,34,0.0
2026-09-16,15380946388,19558765774,H100,gpu,,128,5.92,RESERVE,PREPAID,1,2024-10-15,2.25,2024-11-14,2026-08-10,2.25,2.25,166,0,2024-10-15:2.25,Closed lost,lost_price_or_competitor,,Competitor Chosen,Lost Deal,Nemax,30,0.0
2026-09-16,165134781637,177753971925,H200,gpu,,80,0.49,TESTING,NO_PAYMENT,0,2025-05-26,3.5,2025-11-13,2026-08-10,3.5,3.5,127,0,2025-05-26:3.5,Closed won,won,2025-11-13,Customer Disengagement or Cancellation,Lost Deal,us-central1 – Kansas,171,0.0
2026-09-16,194881621239,260160693450,H100,gpu,,32,11.97,RESERVE,PREPAID,0,2025-07-14,2.1,2025-09-11,2026-08-10,1.75,1.75,113,1,2025-07-14:2.1>2025-08-07:1.75,Closed won,won,2025-09-11,,Disqualified,Nemax,59,-16.7
2026-09-16,195673065713,245255064766,H200,gpu,,32,4.01,RESERVE,POSTPAID,0,2025-07-14,2.1,2025-08-18,2026-08-10,2.1,2.1,113,0,2025-07-14:2.1,Closed won,won,2025-08-18,,Approved,Nemax,35,0.0
2026-09-16,197597093059,261525206225,B200,gpu,,32,0.99,RESERVE,,0,2025-07-17,5.5,2025-09-15,2026-08-10,5.5,5.5,112,0,2025-07-17:5.5,Closed lost,lost_other,,Customer Disengagement or Cancellation,Lost Deal,Nemax,60,0.0
2026-09-16,22781835463,23318469821,H100,gpu,,128,0.07,TESTING,NO_PAYMENT,0,2024-10-29,3.5,2025-02-17,2026-08-10,3.5,3.5,164,0,2024-10-29:3.5,Closed lost,lost_price_or_competitor,,Competitor Chosen,Lost Deal,Nemax,111,0.0
2026-09-16,231749374143,297028424950,H100,gpu,,64,5.95,RESERVE,POSTPAID,0,2025-08-28,1.5,2025-08-28,2026-08-10,1.5,1.5,100,0,2025-08-28:1.5,Closed lost,lost_capacity,,NO_CAPACITY,Lost Deal,Nemax,0,0.0
2026-09-16,235971781856,300721476808,H100,gpu,,32,6.09,RESERVE,PREPAID,0,2025-09-04,1.65,2025-09-25,2026-08-10,1.65,1.65,98,0,2025-09-04:1.65,Closed won,won,2025-09-25,,Approved,Nemax,21,0.0
2026-09-16,246266115275,306937389280,H200,gpu,,96,0.69,PAYG,PREPAID,0,2025-09-22,1.9,2025-10-02,2026-08-10,1.9,1.9,93,0,2025-09-22:1.9,Closed won,won,2025-10-02,,Approved,eu-west1 – Paris,10,0.0
2026-09-16,255540490463,313500265660,H100,gpu,,64,2.01,RESERVE,PREPAID,0,2025-10-02,1.8,2025-10-16,2026-08-10,1.8,1.8,90,0,2025-10-02:1.8,Closed lost,lost_other,,Insufficient Capabilities,Lost Deal,Nemax,14,0.0
2026-09-16,255540490464,313500265660,B300,gpu,,128,12.04,RESERVE,PREPAID,0,2025-10-02,4.25,2025-10-16,2026-08-10,4.25,4.25,90,0,2025-10-02:4.25,Closed lost,lost_other,,Insufficient Capabilities,Lost Deal,uk-south1 – UK,14,0.0
2026-09-16,265113809101,261525105904,B200,gpu,,1250,12.01,RESERVE,PREPAID,0,2025-10-13,3.0,2025-10-13,2025-10-13,3.0,3.0,1,0,2025-10-13:3,Commercial Proposal,open_at_freeze,,,Waiting For Approval,me-west1 - Israel,0,0.0
2026-09-16,270917136597,336307750117,H100,gpu,,64,4.97,RESERVE,PREPAID,0,2025-10-20,2.0,2026-03-04,2026-08-10,2.0,2.0,85,0,2025-10-20:2,Closed lost,lost_other,,Customer Disengagement or Cancellation,Lost Deal,Nemax,135,0.0
2026-09-16,283656706237,292091322594,B200,gpu,,64,0.26,TESTING,NO_PAYMENT,0,2025-10-30,5.5,2026-02-04,2026-08-10,5.5,5.5,82,0,2025-10-30:5.5,Closed lost,lost_price_or_competitor,,Pricing and Billing Issues;Competitor Chosen,Lost Deal,us-central1 – Kansas,97,0.0
2026-09-16,309433973957,374644301027,H100,gpu,,232,5.95,RESERVE,PREPAID,0,2025-11-17,1.75,2026-01-21,2026-08-10,1.6,1.6,77,1,2025-11-17:1.75>2025-12-17:1.6,Closed won,won,2026-01-21,,Approved,Nemax,65,-8.6
2026-09-16,315532638449,380891400441,H100,gpu,,200,0.1,PAYG,POSTPAID,0,2025-11-24,2.95,2026-01-19,2026-08-10,2.95,2.95,75,0,2025-11-24:2.95,Closed lost,lost_other,,Customer Disengagement or Cancellation,Lost Deal,Nemax,56,0.0
2026-09-16,337911652589,402092271856,H100,gpu,,128,5.0,RESERVE,POSTPAID,0,2025-12-08,1.55,2026-01-05,2026-08-10,1.55,1.55,71,0,2025-12-08:1.55,Closed lost,lost_other,,Customer Disengagement or Cancellation,Lost Deal,Nemax,28,0.0
2026-09-16,349729619192,414020028656,B200,gpu,,128,0.16,RESERVE,PREPAID,0,2025-12-24,4.35,2025-12-24,2025-12-24,4.35,4.35,1,0,2025-12-24:4.35,Commercial Proposal,open_at_freeze,,,Waiting For Approval,me-west1 - Israel,0,0.0
2026-09-16,368933701850,409575164123,B200,gpu,,400,11.97,RESERVE,POSTPAID,0,2026-01-12,3.3,2026-01-12,2026-01-28,3.3,3.3,6,0,2026-01-12:3.3,Technical Validation,open_at_freeze,,,Waiting For Approval,us-central1 – Kansas,0,0.0
2026-09-16,376253114565,417871185090,H200,gpu,,8,0.43,TESTING,NO_PAYMENT,0,2026-01-19,3.5,2026-02-02,2026-08-10,3.5,3.5,59,0,2026-01-19:3.5,Closed lost,lost_capacity,,NO_CAPACITY;Insufficient Capabilities,Lost Deal,eu-north2 – Iceland,14,0.0
2026-09-16,378060552410,442374226145,H100,gpu,,128,5.95,RESERVE,POSTPAID,0,2026-01-21,1.85,2026-03-09,2026-08-10,1.85,1.85,58,0,2026-01-21:1.85,Closed lost,lost_capacity,,NO_CAPACITY,Lost Deal,Nemax,47,0.0
2026-09-16,379766258910,432363925732,B300,gpu,,2000,5.95,RESERVE,PREPAID,0,2026-01-19,7.1,2026-01-28,2026-08-10,7.1,4.26,59,0,2026-01-19:7.1,Closed lost,lost_capacity,,NO_CAPACITY,Lost Deal,us-central1 – Kansas,9,-40.0
2026-09-16,401502462163,459140345072,H200,gpu,,2048,11.97,RESERVE,POSTPAID,0,2026-02-04,1.8,2026-02-16,2026-08-10,1.8,1.8,54,0,2026-02-04:1.8,Closed lost,lost_capacity,,NO_CAPACITY,Lost Deal,Nemax,12,0.0
2026-09-16,405039588578,178343790828,H100,gpu,,8,0.43,TESTING,NO_PAYMENT,0,2026-02-09,2.95,2026-06-10,2026-08-10,2.95,2.95,53,0,2026-02-09:2.95,Closed lost,lost_other,,Customer Disengagement or Cancellation,Lost Deal,Nemax,121,0.0
2026-09-16,413893139664,451126010096,B200,gpu,,8,0.86,TESTING,NO_PAYMENT,0,2026-02-16,5.5,2026-06-03,2026-08-10,5.5,5.5,33,0,2026-02-16:5.5,Disqualified,disqualified,,Customer Disengagement or Cancellation,Disqualified,us-central1 – Kansas,107,0.0
2026-09-16,443006101712,490004170976,GB300,rack,72,20016,36.05,RESERVE,PREPAID,0,2026-03-23,9.2,2026-03-23,2026-03-30,9.2,9.2,3,0,2026-03-23:9.2,Commercial Proposal,open_at_freeze,,,Waiting For Approval,eu-west2 – Paris,0,0.0
2026-09-16,44935098597,52629673197,H100,gpu,,512,11.97,RESERVE,PREPAID,0,2024-11-26,1.95,2024-12-10,2026-08-10,1.9,1.9,160,1,2024-11-26:1.95>2024-12-03:1.9,Closed won,won,2024-12-10,,Disqualified,Nemax,14,-2.6
2026-09-16,454653072623,501541692620,B200,gpu,,8,11.97,PAYG,PREPAID,0,2026-05-06,5.5,2026-06-15,2026-08-10,5.5,5.5,28,0,2026-05-06:5.5,Closed lost,lost_capacity,,NO_CAPACITY;Pricing and Billing Issues,Lost Deal,me-west1 - Israel,40,0.0
2026-09-16,459708662986,503144668364,B200,gpu,,32,0.62,RESERVE,POSTPAID,0,2026-05-27,5.93,2026-05-27,2026-06-10,5.93,5.93,5,0,2026-05-27:5.93,Technical Validation,open_at_freeze,2026-06-29,,Approved,me-west1 - Israel,0,0.0
2026-09-16,462197134576,505035003128,H200,gpu,,256,11.97,RESERVE,PREPAID,0,2026-06-10,3.05,2026-06-10,2026-06-17,3.05,3.05,3,0,2026-06-10:3.05,Commercial Proposal,open_at_freeze,,,Waiting for Business Approval,us-central1 – Kansas,0,0.0
2026-09-16,463448882382,506318876899,B200,gpu,,128,6.09,RESERVE,POSTPAID,0,2026-06-17,4.99,2026-06-17,2026-08-10,4.99,4.99,16,0,2026-06-17:4.99,Commercial Proposal,open_at_freeze,,,Approved,us-central1 – Kansas,0,0.0
2026-09-16,466058699982,507747559673,B300,gpu,,16,0.07,TESTING,NO_PAYMENT,0,2026-06-29,7.1,2026-06-29,2026-08-10,7.1,7.1,13,0,2026-06-29:7.1,Technical Validation,open_at_freeze,,,Approved,uk-south1 – UK,0,0.0
2026-09-16,466830307569,508406743240,H100,gpu,,302,12.01,RESERVE,PREPAID,0,2026-07-01,2.5,2026-07-01,2026-07-13,2.5,2.5,4,0,2026-07-01:2.5,Commercial Proposal,open_at_freeze,,,Waiting For Approval,Nemax,0,0.0
2026-09-16,470689960184,510285388015,B300,gpu,,32,0.62,TESTING,NO_PAYMENT,0,2026-07-20,7.85,2026-07-20,2026-08-10,7.85,7.85,7,0,2026-07-20:7.85,Technical Validation,open_at_freeze,,,Waiting For Approval,uk-south1 – UK,0,0.0
2026-09-16,473111063763,511947411646,B300,gpu,,32,12.99,RESERVE,PREPAID,0,2026-07-27,5.0,2026-07-27,2026-08-10,5.0,5.0,5,0,2026-07-27:5,Prospect,open_at_freeze,,,Waiting For Approval,eu-west1 – Paris,0,0.0
2026-09-16,475162834131,513949484281,B200,gpu,,8,0.07,TESTING,NO_PAYMENT,0,2026-08-03,7.51,2026-08-03,2026-08-10,7.51,7.51,3,0,2026-08-03:7.51,Prospect,open_at_freeze,,,DECLINED,tf-ca1,0,0.0
2026-09-16,54337638624,67032427729,H100,gpu,,24,2.93,PROMO,POSTPAID,0,2024-12-10,2.95,2025-01-20,2026-08-10,2.95,2.95,158,0,2024-12-10:2.95,Closed won,won,2025-01-20,,Approved,Nemax,41,0.0
2026-09-16,77404673211,98407624912,H200,gpu,,8,11.97,PAYG,POSTPAID,0,2025-01-13,3.5,2025-02-24,2026-08-10,3.5,3.5,155,0,2025-01-13:3.5,Closed lost,lost_capacity,,NO_CAPACITY,Lost Deal,eu-west1 – Paris,42,0.0
2026-09-16,8273236416,10391410140,H100,gpu,,256,8.98,RESERVE,POSTPAID,1,2024-10-15,2.9,2024-10-15,2026-08-10,2.9,2.9,166,0,2024-10-15:2.9,Closed lost,lost_other,,Customer Disengagement or Cancellation,Disqualified,Finland,0,0.0
2026-09-16,83149697218,97813833951,H100,gpu,,256,1.02,TESTING,NO_PAYMENT,0,2025-01-20,2.95,2025-03-03,2026-08-10,2.95,2.95,154,0,2025-01-20:2.95,Closed won,won,2025-03-03,,Waiting For Approval,Nemax,42,0.0
2026-09-16,8638200302,11230749129,H100,gpu,,8,0.1,TESTING,NO_PAYMENT,1,2024-10-15,4.85,2024-10-15,2026-08-10,4.85,4.85,166,0,2024-10-15:4.85,Disqualified,disqualified,,Customer Disengagement or Cancellation,Disqualified,Finland,0,0.0
2026-09-16,8676392905,11262640086,H100,gpu,,32,6.02,RESERVE,PREPAID,1,2024-10-15,3.64,2024-10-15,2026-08-10,3.64,3.64,166,0,2024-10-15:3.64,Closed lost,lost_price_or_competitor,,Pricing and Billing Issues,Disqualified,Finland,0,0.0
2026-09-16,8969783761,11709716971,H100,gpu,,128,6.02,PAYG,POSTPAID,1,2024-10-15,2.45,2024-10-15,2026-08-10,2.45,2.45,166,0,2024-10-15:2.45,Closed lost,lost_price_or_competitor,,Competitor Chosen,Disqualified,Finland,0,0.0
2026-09-16,96861963472,126689272029,H200,gpu,,64,0.89,PROMO,NO_PAYMENT,0,2025-02-17,3.5,2025-04-07,2026-08-10,3.5,3.5,150,0,2025-02-17:3.5,Disqualified,disqualified,,Test Deals,Disqualified,Nemax,49,0.0
2026-09-16,9744495081,13272579774,H100,gpu,,96,0.46,RESERVE,POSTPAID,1,2024-10-15,2.45,2024-10-15,2026-08-10,2.45,2.45,166,0,2024-10-15:2.45,Closed lost,lost_other,,Customer Disengagement or Cancellation,Disqualified,Finland,0,0.0
2026-09-16,9754301382,11414521328,H100,gpu,,16,3.03,PAYG,POSTPAID,1,2024-10-15,2.7,2024-10-15,2026-08-10,2.7,2.7,166,0,2024-10-15:2.7,Disqualified,disqualified,,Customer Disengagement or Cancellation,Disqualified,Finland,0,0.0
2026-09-16,98536023250,127590739189,H100,gpu,,16,0.92,RESERVE,PREPAID,0,2025-02-17,2.95,2025-03-31,2026-08-10,2.95,2.95,150,0,2025-02-17:2.95,Closed lost,lost_other,,Customer Disengagement or Cancellation,Lost Deal,Nemax,42,0.0
2026-09-16,9888424671,12526169837,H100,gpu,,8,0.07,RESERVE,NO_PAYMENT,1,2024-10-15,4.85,2024-10-15,2026-08-10,4.85,4.85,166,0,2024-10-15:4.85,Closed won,won,2024-10-15,Customer Disengagement or Cancellation,Disqualified,Finland,0,0.0
2026-09-16,10521352429,14115742198,H100,gpu,,32,0.3,RESERVE,PREPAID,1,2024-10-15,2.45,2024-10-15,2026-08-10,2.45,2.45,166,0,2024-10-15:2.45,Closed won,won,2024-10-15,,Approved,Finland,0,0.0
2026-09-16,107077644474,139606537403,H100,gpu,,16,4.93,PROMO,POSTPAID,0,2025-03-03,2.95,2025-07-10,2026-08-10,2.95,2.95,148,0,2025-03-03:2.95,Closed lost,lost_other,,Customer Disengagement or Cancellation,Lost Deal,Nemax,129,0.0
2026-09-16,10945635534,15561404350,H100,gpu,,512,11.97,RESERVE,POSTPAID,1,2024-10-15,2.1,2024-10-15,2026-08-10,2.1,2.1,166,0,2024-10-15:2.1,Closed lost,lost_price_or_competitor,,Pricing and Billing Issues;Insufficient Capabilities;Competitor Chosen,Lost Deal,Finland,0,0.0
2026-09-16,11611210477,15121435857,H100,gpu,,8,0.16,RESERVE,POSTPAID,1,2024-10-15,2.28,2024-10-15,2026-08-10,2.28,2.28,166,0,2024-10-15:2.28,Closed won,won,2024-10-15,,Approved,Finland,0,0.0
2026-09-16,116588158148,16520249832,H100,gpu,,1,0.03,PAYG,PREPAID,0,2025-03-17,2.95,2025-03-17,2025-12-17,2.95,2.95,79,0,2025-03-17:2.95,Disqualified,disqualified,,Test Deals,Disqualified,Nemax,0,0.0
2026-09-16,121904616672,163523948785,H100,gpu,,16,1.12,TESTING,NO_PAYMENT,0,2025-03-27,2.95,2025-05-08,2026-08-10,2.95,2.95,144,0,2025-03-27:2.95,Closed lost,lost_other,,Test Deals,Lost Deal,Nemax,42,0.0
2026-09-16,122778516704,71670023362,H100,gpu,,8,6.02,RESERVE,PREPAID,0,2025-03-27,2.95,2025-05-12,2026-08-10,1.7,1.7,144,1,2025-03-27:2.95>2025-05-05:1.7,Closed won,won,2025-05-12,,Approved,Nemax,46,-42.4
2026-09-16,133294318809,97813833951,H200,gpu,,512,3.78,RESERVE,PREPAID,0,2025-04-17,1.6,2025-04-17,2026-08-10,1.6,1.6,138,0,2025-04-17:1.6,Closed won,won,2025-04-17,,Waiting For Approval,Nemax,0,0.0
2026-09-16,137283088630,184858115277,H200,gpu,,32,0.46,PAYG,,0,2025-04-24,3.5,2025-04-24,2026-08-10,3.5,3.5,136,0,2025-04-24:3.5,Closed lost,lost_other,,Test Deals,Lost Deal,Nemax,0,0.0
2026-09-16,147513025774,198423398591,H200,gpu,,16,0.92,TESTING,NO_PAYMENT,0,2025-05-05,3.5,2025-07-03,2026-08-10,3.5,3.5,133,0,2025-05-05:3.5,Disqualified,disqualified,,Test Deals,Disqualified,us-central1 – Kansas,59,0.0
2026-09-16,159356144835,193459406030,H200,gpu,,8,0.56,TESTING,NO_PAYMENT,0,2025-05-19,3.5,2025-09-25,2026-08-10,3.5,3.5,129,0,2025-05-19:3.5,Closed lost,lost_other,,Customer Disengagement or Cancellation,Lost Deal,us-central1 – Kansas,129,0.0
2026-09-16,183914696949,247090333934,H200,gpu,,256,6.97,RESERVE,PREPAID,0,2025-06-26,2.1,2025-10-16,2026-08-10,2.1,2.1,118,0,2025-06-26:2.1,Closed lost,lost_other,,Customer Disengagement or Cancellation,Lost Deal,us-central1 – Kansas,112,0.0
2026-09-16,186968357068,251449332947,H100,gpu,,8,0.69,TESTING,NO_PAYMENT,0,2025-07-03,2.95,2025-10-06,2026-08-10,2.95,2.95,116,0,2025-07-03:2.95,Closed lost,lost_price_or_competitor,,Pricing and Billing Issues,Lost Deal,Nemax,95,0.0
2026-09-16,19080656868,22069808606,H100,gpu,,256,0.99,RESERVE,POSTPAID,0,2024-10-22,2.5,2024-10-22,2026-08-10,2.5,2.5,165,0,2024-10-22:2.5,Closed won,won,2024-10-22,,Disqualified,Nemax,0,0.0
2026-09-16,222859316448,286721158361,H200,gpu,,16,0.99,RESERVE,POSTPAID,0,2025-08-18,3.0,2025-10-30,2026-08-10,3.0,3.0,103,0,2025-08-18:3,Disqualified,disqualified,,Qualification Oversights;Pricing and Billing Issues,Disqualified,Nemax,73,0.0
2026-09-16,225419827411,288810301646,GB200,gpu,72,8,0.1,TESTING,NO_PAYMENT,0,2025-08-21,5.0,2025-11-17,2026-08-10,5.0,5.0,102,0,2025-08-21:5,Closed lost,lost_capacity,,NO_CAPACITY;Customer Disengagement or Cancellation,Lost Deal,us-central1 – Kansas,88,0.0
2026-09-16,241096389863,292270704842,GB300,gpu,72,1224,24.01,RESERVE,PREPAID,0,2025-09-11,9.2,2025-09-11,2025-09-15,9.2,9.2,2,0,2025-09-11:9.2,Technical Validation,open_at_freeze,,,Waiting For Approval,Nemax,0,0.0
2026-09-16,245972295880,311444291770,H200,gpu,,32,12.01,RESERVE,,0,2025-09-22,2.13,2026-03-18,2026-08-10,2.26,2.26,93,3,2025-09-22:2.13>2025-12-01:2>2026-03-09:2.3>2026-03-11:2.26,Closed lost,lost_price_or_competitor,,Customer Disengagement or Cancellation;Competitor Chosen;Insufficient Capabilities;Pricing and Billing Issues,Lost Deal,Nemax,177,6.1
2026-09-16,255540312308,347664986315,B300,gpu,,1,12.01,RESERVE,PREPAID,0,2025-10-30,4.7,2025-11-17,2025-11-17,4.7,4.7,6,0,2025-10-30:4.7,Commercial Proposal,open_at_freeze,,,Waiting For Approval,uk-south1 – UK,18,0.0
2026-09-16,261963963591,305742251216,H200,gpu,,8,5.99,RESERVE,PREPAID,0,2025-10-09,2.5,2025-10-09,2025-10-20,2.5,2.5,4,0,2025-10-09:2.5,Commercial Proposal,open_at_freeze,,,Approved,eu-west1 – Paris,0,0.0
2026-09-16,269685511372,334091115715,B200,gpu,,16,0.43,TESTING,NO_PAYMENT,0,2025-10-16,5.5,2026-06-22,2026-08-10,5.5,5.5,86,0,2025-10-16:5.5,Closed lost,lost_other,,Contract Restructuring,Lost Deal,me-west1 - Israel,249,0.0
2026-09-16,302758013143,368488767686,H200,gpu,,8,0.46,TESTING,NO_PAYMENT,0,2025-11-10,3.5,2025-11-26,2026-08-10,3.5,3.5,79,0,2025-11-10:3.5,Technical Validation,open_at_freeze,,,Approved,Nemax,16,0.0
2026-09-16,302907119850,366350595315,B300,gpu,,72,12.01,RESERVE,POSTPAID,0,2025-11-10,4.0,2026-02-16,2026-06-03,4.5,4.5,60,2,2025-11-10:4>2025-12-17:3.4>2026-03-23:4.5,Commercial Proposal,open_at_freeze,,,Waiting For Approval,eu-west2 – Paris,98,12.5
2026-09-16,338372913387,402388933865,H100,gpu,,360,0.99,PAYG,,0,2025-12-10,1.5,2025-12-17,2026-08-10,1.5,1.5,70,0,2025-12-10:1.5,Closed lost,lost_other,,Qualification Oversights,Lost Deal,Nemax,7,0.0
2026-09-16,338378494198,307977678045,B200,gpu,,64,6.09,RESERVE,PREPAID,0,2025-12-10,2.8,2025-12-31,2026-08-10,2.8,2.8,70,0,2025-12-10:2.8,Closed won,won,2025-12-31,,Approved,us-central1 – Kansas,21,0.0
2026-09-16,354498272475,339027845341,H200,gpu,,32,8.42,RESERVE,PREPAID,0,2025-12-29,1.83,2026-06-03,2026-06-03,1.87,1.87,46,2,2025-12-29:1.83>2026-02-02:1.9>2026-02-11:1.87,Agreement signing,open_at_freeze,,,Approved,us-central1 – Kansas,156,2.2
2026-09-16,357875388611,420418467022,H100,gpu,,32,0.53,PAYG,POSTPAID,0,2025-12-31,2.95,2025-12-31,2026-01-28,2.95,2.95,9,0,2025-12-31:2.95,Prospect,open_at_freeze,,,Waiting For Approval,Nemax,0,0.0
2026-09-16,399960925385,339027845341,H100,gpu,,128,6.02,RESERVE,PREPAID,0,2026-02-02,1.65,2026-02-04,2026-05-06,1.6,1.6,28,1,2026-02-02:1.65>2026-02-11:1.6,Commercial Proposal,open_at_freeze,,,Approved,Nemax,2,-3.0
2026-09-16,416923697366,472984593628,B200,gpu,,64,0.99,RESERVE,POSTPAID,0,2026-02-18,3.5,2026-03-23,2026-08-10,3.5,3.5,50,0,2026-02-18:3.5,Closed won,won,2026-03-23,,Approved,me-west1 - Israel,33,0.0
2026-09-16,418595842273,472271702249,H200,gpu,,8,12.01,RESERVE,PREPAID,0,2026-02-23,2.0,2026-02-23,2026-02-25,2.0,2.0,2,0,2026-02-23:2,Commercial Proposal,open_at_freeze,,,DECLINED,Nemax,0,0.0
2026-09-16,418644137187,473541975272,H200,gpu,,16,12.04,RESERVE,,0,2026-02-23,2.0,2026-03-25,2026-08-10,2.0,2.0,49,0,2026-02-23:2,Closed lost,lost_capacity,,NO_CAPACITY,Lost Deal,eu-west1 – Paris,30,0.0
2026-09-16,431974183133,363737552088,B200,gpu,,1000,4.9,RESERVE,POSTPAID,0,2026-03-04,2.85,2026-03-04,2026-08-10,2.85,2.85,46,0,2026-03-04:2.85,Closed won,won,2026-03-04,,Waiting For Approval,us-central1 – Kansas,0,0.0
2026-09-16,443702511826,480182104270,B300,gpu,,1008,11.97,RESERVE,PREPAID,0,2026-03-23,7.1,2026-05-11,2026-08-10,7.1,7.1,41,0,2026-03-23:7.1,Closed lost,lost_price_or_competitor,,Pricing and Billing Issues;Competitor Chosen,Lost Deal,eu-west2 – Paris,49,0.0
2026-09-16,443706329286,487727838410,H200,gpu,,16,0.23,TESTING,NO_PAYMENT,0,2026-03-23,3.5,2026-03-23,2026-03-23,3.5,3.5,1,0,2026-03-23:3.5,Commercial Proposal,open_at_freeze,,,Approved,Nemax,0,0.0
2026-09-16,443708352701,494818248951,B300,gpu,,512,24.14,RESERVE,PREPAID,0,2026-03-23,4.3,2026-05-04,2026-08-10,4.3,4.3,41,0,2026-03-23:4.3,Closed lost,lost_price_or_competitor,,Pricing and Billing Issues,Lost Deal,us-north1 – Minnesota,42,0.0
2026-09-16,453160551614,500641592535,B300,gpu,,1,6.05,RESERVE,PREPAID,0,2026-04-27,5.5,2026-05-06,2026-08-10,5.5,5.5,31,0,2026-04-27:5.5,Closed lost,lost_capacity,,NO_CAPACITY,Lost Deal,uk-south1 – UK,9,0.0
2026-09-16,453515351269,500922775791,H100,gpu,,96,36.05,RESERVE,POSTPAID,0,2026-04-29,2.34,2026-06-22,2026-08-10,2.28,2.28,30,2,2026-04-29:2.34>2026-05-11:2.45>2026-05-25:2.28,Closed lost,lost_price_or_competitor,,Pricing and Billing Issues,Lost Deal,Nemax,54,-2.6
2026-09-16,454151148769,247038795973,GB300,rack,72,4968,31.81,RESERVE,POSTPAID,0,2026-05-04,5.25,2026-05-04,2026-06-17,5.25,5.25,14,0,2026-05-04:5.25,Commercial Proposal,open_at_freeze,,,Waiting For Approval,us-south1 – Oklahoma,0,0.0
2026-09-16,454652735735,501540668604,B200,gpu,,192,12.01,RESERVE,PREPAID,0,2026-05-04,5.2,2026-06-01,2026-08-10,5.2,5.2,29,0,2026-05-04:5.2,Closed lost,lost_price_or_competitor,,Pricing and Billing Issues,Lost Deal,us-central1 – Kansas,28,0.0
2026-09-16,455936321747,480477164733,H200,gpu,,16,12.14,RESERVE,PREPAID,0,2026-05-11,2.95,2026-05-18,2026-08-10,2.95,2.95,27,0,2026-05-11:2.95,Closed lost,lost_capacity,,NO_CAPACITY,Lost Deal,eu-west1 – Paris,7,0.0
2026-09-16,457313068281,502787715307,B200,gpu,,128,6.09,RESERVE,POSTPAID,0,2026-05-18,5.16,2026-07-01,2026-08-10,4.99,4.99,23,1,2026-05-18:5.16>2026-06-15:4.99,Closed won,won,2026-07-01,,Approved,us-central1 – Kansas,44,-3.3
2026-09-16,461962746099,505647549646,VR,gpu,72,500,24.05,RESERVE,PREPAID,0,2026-06-08,5.5,2026-06-08,2026-08-10,5.5,5.5,19,0,2026-06-08:5.5,Prospect,open_at_freeze,,,Waiting For Approval,Nemax,0,0.0
2026-09-16,464395053298,505951567074,B300,gpu,,32,0.46,TESTING,NO_PAYMENT,0,2026-06-22,7.1,2026-06-22,2026-08-10,7.1,7.1,15,0,2026-06-22:7.1,Technical Validation,open_at_freeze,,,Approved,uk-south1 – UK,0,0.0
2026-09-16,466422147282,508454687966,B300,gpu,,1000,24.05,RESERVE,PREPAID,0,2026-06-29,5.1,2026-06-29,2026-08-10,5.1,5.1,13,0,2026-06-29:5.1,Commercial Proposal,open_at_freeze,,,Waiting For Approval,eu-south1 – Madrid,0,0.0
2026-09-16,466424213738,508101823706,H100,gpu,,128,11.97,RESERVE,PREPAID,0,2026-06-29,2.6,2026-07-29,2026-08-10,2.6,2.6,13,0,2026-06-29:2.6,Closed lost,lost_other,,Customer Disengagement or Cancellation,Lost Deal,Nemax,30,0.0
2026-09-16,467801624795,503577284803,B200,gpu,,48,0.56,RESERVE,PREPAID,0,2026-07-15,4.99,2026-07-20,2026-08-10,4.99,4.99,8,0,2026-07-15:4.99,Closed won,won,2026-07-20,,Approved,me-west1 - Israel,5,0.0
2026-09-16,474432538837,513408487640,B300,gpu,,16,0.46,TESTING,NO_PAYMENT,0,2026-07-29,7.85,2026-07-29,2026-08-10,7.85,7.85,4,0,2026-07-29:7.85,Technical Validation,open_at_freeze,,,Waiting For Approval,uk-south2 – London East,0,0.0
2026-09-16,475264290011,514193232080,B300,gpu,,560,11.97,RESERVE,PREPAID,0,2026-08-03,5.56,2026-08-03,2026-08-10,5.56,5.56,3,0,2026-08-03:5.56,Prospect,open_at_freeze,,,Waiting For Approval,me-west1 - Israel,0,0.0
2026-09-16,476019421411,505861271773,B300,gpu,,32,0.86,RESERVE,PREPAID,0,2026-08-05,6.9,2026-08-05,2026-08-10,6.9,6.9,2,0,2026-08-05:6.9,Commercial Proposal,open_at_freeze,,,Approved,uk-south1 – UK,0,0.0
2026-09-16,50510899435,39868425462,H100,gpu,,32,0.13,PAYG,PREPAID,0,2024-12-10,2.0,2024-12-10,2026-08-10,2.0,2.0,158,0,2024-12-10:2,Closed won,won,2024-12-10,,Approved,Nemax,0,0.0
2026-09-16,56322900194,30365254843,H100,gpu,,56,4.21,RESERVE,PREPAID,0,2024-12-17,1.9,2025-01-07,2026-08-10,2.0,2.0,157,1,2024-12-17:1.9>2025-01-07:2,Closed won,won,2025-01-07,,Approved,Nemax,21,5.3
2026-09-16,76602033375,62291735747,H200,gpu,,8,2.04,RESERVE,POSTPAID,0,2025-01-07,3.0,2025-01-20,2026-08-10,3.0,3.0,156,0,2025-01-07:3,Closed won,won,2025-01-20,,Waiting For Approval,eu-west1 – Paris,13,0.0
2026-09-16,8968705017,11709366515,H100,gpu,,128,7.01,RESERVE,PREPAID,1,2024-10-15,2.5,2024-10-15,2026-08-10,2.5,2.5,166,0,2024-10-15:2.5,Closed lost,lost_price_or_competitor,,Competitor Chosen,Disqualified,Finland,0,0.0
2026-09-16,94488573165,113100140766,H200,gpu,,16,0.2,TESTING,NO_PAYMENT,0,2025-02-10,3.5,2025-03-03,2026-08-10,3.5,3.5,151,0,2025-02-10:3.5,Closed lost,lost_capacity,,NO_CAPACITY,Lost Deal,Nemax,21,0.0
2026-09-16,9754122211,13281492439,H100,gpu,,128,6.05,RESERVE,PREPAID,1,2024-10-15,2.65,2024-10-15,2026-08-10,2.65,2.65,166,0,2024-10-15:2.65,Disqualified,disqualified,,Customer Disengagement or Cancellation,Disqualified,Finland,0,0.0
2026-09-16,9869832140,13559410127,H100,gpu,,64,0.23,INTERNAL,NO_PAYMENT,1,2024-10-15,4.85,2024-10-15,2026-08-10,4.85,4.85,166,0,2024-10-15:4.85,Closed won,won,2024-10-15,,Approved,Finland,0,0.0
2026-09-16,10690902474,14115742198,H100,gpu,,32,0.39,PROMO,PREPAID,1,2024-10-15,4.85,2024-10-15,2026-08-10,4.85,4.85,166,0,2024-10-15:4.85,Closed won,won,2024-10-15,,Approved,Finland,0,0.0
2026-09-16,108283780312,142257371381,H200,gpu,,16,0.33,PAYG,PREPAID,0,2025-03-03,1.9,2025-03-31,2026-08-10,1.9,1.9,148,0,2025-03-03:1.9,Closed lost,lost_other,,Customer Disengagement or Cancellation,Lost Deal,Nemax,28,0.0
2026-09-16,113848240372,146476876006,H100,gpu,,16,2.99,PROMO,POSTPAID,0,2025-03-10,2.95,2025-08-28,2026-08-10,2.95,2.95,147,0,2025-03-10:2.95,Disqualified,disqualified,,Test Deals,Disqualified,Nemax,171,0.0
2026-09-16,114796587210,45275621622,H200,gpu,,16,0.46,TESTING,NO_PAYMENT,0,2025-03-17,3.5,2025-04-07,2026-08-10,3.5,3.5,146,0,2025-03-17:3.5,Closed won,won,2025-04-07,,Approved,Nemax,21,0.0
2026-09-16,115697501414,153376879824,H200,gpu,,16,5.03,PAYG,POSTPAID,0,2025-03-17,3.5,2025-05-29,2026-08-10,3.5,3.5,146,0,2025-03-17:3.5,Disqualified,disqualified,,NO_CAPACITY;Insufficient Capabilities,Disqualified,Nemax,73,0.0
2026-09-16,12213178870,16659176912,H100,gpu,,20,0.07,PROMO,NO_PAYMENT,1,2024-10-15,3.5,2024-10-15,2026-08-10,3.5,3.5,166,0,2024-10-15:3.5,Closed won,won,2024-10-15,,Disqualified,Nemax,0,0.0
2026-09-16,12349481955,11253189596,H100,gpu,,64,6.94,RESERVE,POSTPAID,1,2024-10-15,3.5,2024-10-15,2026-08-10,3.5,3.5,166,0,2024-10-15:3.5,Closed won,won,2024-10-15,,Approved,Nemax,0,0.0
2026-09-16,13573172958,17927072718,H100,gpu,,128,0.43,RESERVE,POSTPAID,1,2024-10-15,2.5,2024-10-15,2026-08-10,2.5,2.5,166,0,2024-10-15:2.5,Closed won,won,2024-10-15,,Approved,Finland,0,0.0
2026-09-16,144055867626,166509809878,H200,gpu,,1024,0.99,RESERVE,PREPAID,0,2025-05-01,3.5,2025-06-26,2026-08-10,2.3,2.3,134,1,2025-05-01:3.5>2025-06-09:2.3,Closed won,won,2025-06-26,,Approved,eu-west1 – Paris,56,-34.3
2026-09-16,150153854173,201985255652,H100,gpu,,16,8.62,RESERVE,PREPAID,0,2025-05-12,1.8,2025-05-22,2026-08-10,1.8,1.8,131,0,2025-05-12:1.8,Closed won,won,2025-05-22,,Approved,Nemax,10,0.0
2026-09-16,16767467252,16659176912,H100,gpu,,8,0.1,PROMO,NO_PAYMENT,1,2024-10-15,3.5,2024-10-15,2026-08-10,3.5,3.5,166,0,2024-10-15:3.5,Closed won,won,2024-10-15,,Approved,Finland,0,0.0
2026-09-16,174929747179,230086746333,H200,gpu,,16,5.89,RESERVE,POSTPAID,0,2025-06-12,2.2,2025-12-01,2026-08-10,2.0,2.0,122,1,2025-06-12:2.2>2025-09-29:2,Closed lost,lost_other,,Customer Disengagement or Cancellation,Lost Deal,Nemax,172,-9.1
2026-09-16,183548643518,220926784760,H200,gpu,,64,0.72,RESERVE,POSTPAID,0,2025-06-26,2.13,2025-07-03,2026-08-10,2.13,2.13,118,0,2025-06-26:2.13,Closed won,won,2025-07-03,,Approved,eu-west1 – Paris,7,0.0
2026-09-16,18945140674,22096723183,H100,gpu,,4,11.58,RESERVE,PREPAID,0,2024-10-22,3.5,2024-11-14,2026-08-10,2.4,2.4,165,1,2024-10-22:3.5>2024-10-29:2.4,Closed won,won,2024-11-14,,Approved,Nemax,23,-31.4
2026-09-16,210674853082,275582622957,B200,gpu,,64,0.99,RESERVE,PREPAID,0,2025-07-31,5.5,2025-07-31,2025-08-04,5.5,5.5,2,0,2025-07-31:5.5,Prospect,open_at_freeze,,,Waiting For Approval,us-central1 – Kansas,0,0.0
2026-09-16,230035859671,293493899480,H100,gpu,,80,0.99,RESERVE,POSTPAID,0,2025-08-25,2.95,2025-09-04,2026-08-10,2.95,2.65,101,0,2025-08-25:2.95,Closed lost,lost_capacity,,NO_CAPACITY,Lost Deal,Nemax,10,-10.2
2026-09-16,232365941985,297616822460,B200,gpu,,128,1.97,RESERVE,PREPAID,0,2025-08-28,2.85,2025-08-28,2026-08-10,2.85,2.85,100,0,2025-08-28:2.85,Closed lost,lost_capacity,,NO_CAPACITY,Lost Deal,us-central1 – Kansas,0,0.0
2026-09-16,244003605728,309830259955,H200,gpu,,8,0.36,TESTING,NO_PAYMENT,0,2025-09-18,3.5,2025-09-18,2026-08-10,3.5,3.5,94,0,2025-09-18:3.5,Technical Validation,open_at_freeze,,,Waiting For Approval,Nemax,0,0.0
2026-09-16,244518425787,306937389280,H200,gpu,,128,5.95,RESERVE,PREPAID,0,2025-09-18,1.9,2025-10-02,2026-08-10,1.9,1.9,94,0,2025-09-18:1.9,Closed won,won,2025-10-02,,Approved,Nemax,14,0.0
2026-09-16,249865750752,316483484886,B200,gpu,,512,5.99,RESERVE,PREPAID,0,2025-09-25,3.4,2025-09-29,2025-11-26,3.4,3.4,19,0,2025-09-25:3.4,Technical Validation,open_at_freeze,,,Approved,us-central1 – Kansas,4,0.0
2026-09-16,272940049617,309173329115,B200,gpu,,160,0.46,RESERVE,PREPAID,0,2025-10-20,4.05,2025-10-30,2026-08-10,3.9,3.9,85,1,2025-10-20:4.05>2025-10-23:3.9,Closed lost,lost_price_or_competitor,,Competitor Chosen;Insufficient Capabilities,Lost Deal,me-west1 - Israel,10,-3.7
2026-09-16,304382374094,338894851260,H100,gpu,,256,5.95,RESERVE,PREPAID,0,2025-11-10,1.7,2025-12-31,2026-08-10,1.6,1.6,79,1,2025-11-10:1.7>2025-12-29:1.6,Closed won,won,2025-12-31,,Approved,Nemax,51,-5.9
2026-09-16,316358256889,385100759241,H200,gpu,,256,11.97,RESERVE,PREPAID,0,2025-11-26,3.5,2025-11-26,2026-03-16,3.5,3.5,32,0,2025-11-26:3.5,Prospect,open_at_freeze,,,Waiting For Approval,Nemax,0,0.0
2026-09-16,322061465823,364314938562,H100,gpu,,32,0.92,TESTING,NO_PAYMENT,0,2025-11-26,2.95,2025-11-26,2026-01-07,2.95,2.95,13,0,2025-11-26:2.95,Technical Validation,open_at_freeze,,,Waiting For Approval,Nemax,0,0.0
2026-09-16,331298396362,395073664237,B300,gpu,,5000,24.05,RESERVE,PREPAID,0,2025-12-03,7.1,2026-02-18,2026-08-10,7.1,4.26,72,0,2025-12-03:7.1,Closed lost,lost_other,,Qualification Oversights;Customer Disengagement or Cancellation,Lost Deal,eu-west1 – Paris,77,-40.0
2026-09-16,334362894550,398466410742,B200,gpu,,16,0.23,TESTING,NO_PAYMENT,0,2025-12-08,5.5,2025-12-08,2026-08-10,5.5,5.5,71,0,2025-12-08:5.5,Prospect,open_at_freeze,,,Waiting For Approval,us-central1 – Kansas,0,0.0
2026-09-16,334363091163,322581456114,H100,gpu,,4,12.01,RESERVE,PREPAID,0,2025-12-08,1.65,2026-01-05,2026-08-10,1.65,1.65,71,0,2025-12-08:1.65,Closed lost,lost_other,,Customer Disengagement or Cancellation,Lost Deal,Nemax,28,0.0
2026-09-16,335582085336,395073705200,B200,gpu,,48,5.99,RESERVE,POSTPAID,0,2025-12-08,3.5,2025-12-10,2025-12-10,3.5,3.5,2,0,2025-12-08:3.5,Technical Validation,open_at_freeze,,,Waiting For Approval,us-central1 – Kansas,2,0.0
2026-09-16,338464537790,399854188737,H100,gpu,,8,12.01,RESERVE,PREPAID,0,2025-12-10,2.95,2026-02-04,2026-08-10,2.95,2.49,70,0,2025-12-10:2.95,Closed lost,lost_other,,Customer Disengagement or Cancellation,Lost Deal,Nemax,56,-15.6
2026-09-16,383180012770,443118162122,B200,gpu,,512,5.95,RESERVE,POSTPAID,0,2026-01-21,5.5,2026-02-02,2026-02-04,5.5,3.2,5,0,2026-01-21:5.5,Commercial Proposal,open_at_freeze,,,Waiting for Business Approval,me-west1 - Israel,12,-41.8
2026-09-16,43636368615,50509599934,H100,gpu,,8,11.74,TESTING,NO_PAYMENT,0,2024-11-26,2.95,2025-04-28,2026-08-10,2.95,2.95,160,0,2024-11-26:2.95,Closed lost,lost_other,,Customer Disengagement or Cancellation,Lost Deal,Nemax,153,0.0
2026-09-16,436374970606,488023998688,B200,gpu,,8,15.99,RESERVE,POSTPAID,0,2026-03-09,5.5,2026-03-11,2026-08-10,2.5,2.5,45,1,2026-03-09:5.5>2026-03-23:2.5,Technical Validation,open_at_freeze,,,Waiting For Approval,me-west1 - Israel,2,-54.5
2026-09-16,438608878807,491922853112,GB300,rack,72,5760,36.05,RESERVE,,0,2026-03-09,2.7778,2026-03-09,2026-03-23,2.7778,2.7778,5,0,2026-03-09:2.7778,Prospect,open_at_freeze,,,Waiting For Approval,,0,0.0
2026-09-16,445009596605,335237602528,B300,gpu,,1000,11.97,RESERVE,POSTPAID,0,2026-03-25,4.91,2026-03-30,2026-04-01,4.91,4.91,3,0,2026-03-25:4.91,Commercial Proposal,open_at_freeze,,,Waiting For Approval,eu-west2 – Paris,5,0.0
2026-09-16,445971289325,495714520281,H100,gpu,,16,6.05,RESERVE,PREPAID,0,2026-03-30,2.26,2026-04-01,2026-08-10,2.26,2.26,39,0,2026-03-30:2.26,Closed won,won,2026-04-01,,Approved,Nemax,2,0.0
2026-09-16,447430802647,496505501921,B300,gpu,,16,0.3,TESTING,NO_PAYMENT,0,2026-04-01,7.1,2026-04-29,2026-08-10,7.1,7.1,38,0,2026-04-01:7.1,Closed lost,lost_other,,Cluster Performance,Lost Deal,uk-south1 – UK,28,0.0
2026-09-16,451800286407,385100759241,B300,gpu,,128,36.02,RESERVE,PREPAID,0,2026-04-22,4.92,2026-05-04,2026-08-10,5.07,5.07,32,3,2026-04-22:4.92>2026-05-13:5.4>2026-06-08:5.1>2026-06-24:5.07,Commercial Proposal,open_at_freeze,,,Waiting for Business Approval,eu-south1 – Madrid,12,3.0
2026-09-16,458924989666,389753601266,H100,gpu,,16,5.99,RESERVE,POSTPAID,0,2026-05-27,3.09,2026-06-03,2026-08-10,3.09,3.09,22,0,2026-05-27:3.09,Disqualified,disqualified,,Customer Disengagement or Cancellation,Disqualified,Nemax,7,0.0
2026-09-16,460673190087,505003946188,H200,gpu,,32,12.01,,,0,2026-06-01,2.95,2026-07-20,2026-08-10,2.95,2.95,21,0,2026-06-01:2.95,Disqualified,disqualified,,NO_CAPACITY,Lost Deal,us-central1 – Kansas,49,0.0
2026-09-16,470001316045,510150965437,B300,gpu,,512,24.05,RESERVE,PREPAID,0,2026-07-15,5.3,2026-07-15,2026-08-10,5.3,5.3,8,0,2026-07-15:5.3,Technical Validation,open_at_freeze,,,Waiting For Approval,eu-south1 – Madrid,0,0.0
2026-09-16,475264237758,514043978988,B300,gpu,,2000,24.05,RESERVE,POSTPAID,0,2026-08-03,5.3,2026-08-03,2026-08-10,5.3,5.3,3,0,2026-08-03:5.3,Commercial Proposal,open_at_freeze,,,Waiting For Approval,eu-south1 – Madrid,0,0.0
2026-09-16,476018524346,509923258590,B300,gpu,,96,11.97,RESERVE,POSTPAID,0,2026-08-05,7.85,2026-08-05,2026-08-10,7.85,7.85,2,0,2026-08-05:7.85,Technical Validation,open_at_freeze,,,Waiting For Approval,eu-south1 – Madrid,0,0.0
2026-09-16,49792239864,39868425462,H100,gpu,,128,5.99,PAYG,PREPAID,0,2024-12-03,2.0,2024-12-03,2026-08-10,2.0,2.0,159,0,2024-12-03:2,Closed won,won,2024-12-03,,Disqualified,Nemax,0,0.0
2026-09-16,63826216129,79203274963,H100,gpu,,16,2.96,PROMO,POSTPAID,0,2025-01-07,2.95,2025-04-10,2026-08-10,2.95,2.95,156,0,2025-01-07:2.95,Closed lost,lost_other,,Customer Disengagement or Cancellation,Lost Deal,Nemax,93,0.0
2026-09-16,8770462396,11363764715,H100,gpu,,512,3.03,RESERVE,PREPAID,1,2024-10-15,2.8,2024-10-15,2026-08-10,2.8,2.8,166,0,2024-10-15:2.8,Closed won,won,2024-10-15,,Disqualified,Finland,0,0.0
2026-09-16,8775101115,11061536187,H100,gpu,,952,0.86,INTERNAL,NO_PAYMENT,1,2024-10-15,4.85,2024-10-15,2026-08-10,4.85,4.85,166,0,2024-10-15:4.85,Closed won,won,2024-10-15,,Disqualified,Finland,0,0.0
2026-09-16,88193209542,97813833951,H200,gpu,,512,7.04,RESERVE,PREPAID,0,2025-02-03,1.6,2025-03-03,2026-08-10,1.6,1.6,152,0,2025-02-03:1.6,Closed won,won,2025-03-03,,Waiting For Approval,us-central1 – Kansas,28,0.0
2026-09-16,10045483472,13978536155,H100,gpu,,64,6.02,RESERVE,PREPAID,1,2024-10-15,2.3,2024-10-15,2026-08-10,2.3,2.3,166,0,2024-10-15:2.3,Closed lost,lost_price_or_competitor,,Competitor Chosen,Pre-Approved,Finland,0,0.0
2026-09-16,10524794305,14902529213,H100,gpu,,32,10.99,RESERVE,POSTPAID,1,2024-10-15,4.85,2024-10-15,2026-08-10,4.85,2.43,166,0,2024-10-15:4.85,Closed lost,lost_other,,Customer Disengagement or Cancellation,Lost Deal,Finland,0,-49.9
2026-09-16,10662661854,14406015213,H100,gpu,,64,3.03,PAYG,POSTPAID,1,2024-10-15,3.9,2024-10-15,2026-08-10,3.9,3.9,166,0,2024-10-15:3.9,Closed won,won,2024-10-15,,Approved,Finland,0,0.0
2026-09-16,107246692543,140827902146,H200,gpu,,16,0.49,PAYG,,0,2025-03-03,3.5,2025-03-17,2026-08-10,3.5,3.5,148,0,2025-03-03:3.5,Closed lost,lost_other,,Customer Disengagement or Cancellation,Lost Deal,Nemax,14,0.0
2026-09-16,109160212705,141455079645,H200,gpu,,160,2.89,RESERVE,PREPAID,0,2025-03-03,1.75,2025-03-03,2026-08-10,1.75,1.75,148,0,2025-03-03:1.75,Closed lost,lost_capacity,,NO_CAPACITY,Lost Deal,Nemax,0,0.0
2026-09-16,117888943310,156851289287,H200,gpu,,2000,23.98,RESERVE,PREPAID,0,2025-03-24,1.95,2025-03-27,2026-08-10,1.95,1.95,145,0,2025-03-24:1.95,Closed lost,lost_price_or_competitor,,Competitor Chosen,Lost Deal,Nemax,3,0.0
2026-09-16,118672125150,222147733714,H200,gpu,,16,0.23,TESTING,NO_PAYMENT,0,2025-05-29,3.5,2025-08-28,2026-08-10,3.5,3.5,126,0,2025-05-29:3.5,Closed lost,lost_price_or_competitor,,Competitor Chosen,Lost Deal,Nemax,91,0.0
2026-09-16,12349490362,13586459088,H100,gpu,,64,3.49,PAYG,POSTPAID,1,2024-10-15,3.46,2024-10-15,2026-08-10,3.46,3.46,166,0,2024-10-15:3.46,Closed won,won,2024-10-15,,Approved,Nemax,0,0.0
2026-09-16,124826934516,161149460698,H100,gpu,,48,5.0,RESERVE,POSTPAID,0,2025-03-31,2.95,2025-06-19,2026-08-10,2.95,2.95,143,0,2025-03-31:2.95,Disqualified,disqualified,,Customer Disengagement or Cancellation,Disqualified,eu-west1 – Paris,80,0.0
2026-09-16,165514951913,16659176912,H100,gpu,,16,0.92,PROMO,NO_PAYMENT,0,2025-05-29,2.95,2025-05-29,2026-08-10,2.95,2.95,126,0,2025-05-29:2.95,Closed won,won,2025-05-29,,Waiting For Approval,Nemax,0,0.0
2026-09-16,184292523244,247771672781,H100,gpu,,12,3.52,RESERVE,POSTPAID,0,2025-06-26,2.95,2025-08-21,2026-08-10,2.95,2.95,118,0,2025-06-26:2.95,Disqualified,disqualified,,Customer Disengagement or Cancellation,Disqualified,eu-west1 – Paris,56,0.0
2026-09-16,184351365342,247883832520,H200,gpu,,1,3.03,PAYG,POSTPAID,0,2025-06-30,2.1,2025-07-10,2026-08-10,2.1,2.1,117,0,2025-06-30:2.1,Closed lost,lost_other,,Customer Disengagement or Cancellation,Lost Deal,Nemax,10,0.0
2026-09-16,19017750490,23052554693,H100,gpu,,160,2.27,RESERVE,PREPAID,0,2024-10-22,2.2,2024-10-29,2026-08-10,2.2,2.2,165,0,2024-10-22:2.2,Closed won,won,2024-10-29,,Approved,Nemax,7,0.0
2026-09-16,194881680618,260531511517,H200,gpu,,64,1.15,TESTING,NO_PAYMENT,0,2025-07-14,3.5,2025-12-08,2026-08-10,3.5,3.5,113,0,2025-07-14:3.5,Closed won,won,2025-12-08,,Approved,us-central1 – Kansas,147,0.0
2026-09-16,203864444132,268901927150,H200,gpu,,320,3.22,RESERVE,PREPAID,0,2025-07-24,2.3,2025-08-04,2026-08-10,2.3,2.3,110,0,2025-07-24:2.3,Closed lost,lost_capacity,,NO_CAPACITY,Lost Deal,us-central1 – Kansas,11,0.0
2026-09-16,216985615582,281712202961,B200,gpu,,40,5.0,PAYG,PREPAID,0,2025-08-07,4.5,2025-08-07,2025-08-14,4.5,4.5,3,0,2025-08-07:4.5,Prospect,open_at_freeze,,,Waiting For Approval,us-central1 – Kansas,0,0.0
2026-09-16,233445323969,298609730785,GB200,gpu,72,5000,12.04,RESERVE,PREPAID,0,2025-09-04,4.1,2025-09-04,2025-09-08,4.1,4.1,2,0,2025-09-04:4.1,Prospect,open_at_freeze,,,Waiting For Approval,Nemax,0,0.0
2026-09-16,237665617141,301840033997,H100,gpu,,40,5.95,RESERVE,PREPAID,0,2025-09-08,1.7,2025-09-11,2026-08-10,1.7,1.7,97,0,2025-09-08:1.7,Closed won,won,2025-09-11,,Approved,Nemax,3,0.0
2026-09-16,244559785155,309830259955,H100,gpu,,8,0.36,TESTING,NO_PAYMENT,0,2025-09-18,2.95,2025-09-18,2026-08-10,2.95,2.95,94,0,2025-09-18:2.95,Technical Validation,open_at_freeze,,,Waiting For Approval,Nemax,0,0.0
2026-09-16,245755146482,309824683226,H200,gpu,,32,5.95,RESERVE,POSTPAID,0,2025-09-18,2.3,2025-12-17,2025-12-17,2.3,2.3,27,0,2025-09-18:2.3,Technical Validation,open_at_freeze,,,Waiting For Approval,Nemax,90,0.0
2026-09-16,24824926421,28490127598,H100,gpu,,128,0.23,PAYG,POSTPAID,0,2024-10-29,1.4,2025-02-24,2026-08-10,1.4,1.4,164,0,2024-10-29:1.4,Closed lost,lost_other,,Customer Disengagement or Cancellation,Lost Deal,Nemax,118,0.0
2026-09-16,255540651248,322581498042,H200,gpu,,1024,12.01,RESERVE,PREPAID,0,2025-10-02,1.8,2025-10-02,2025-11-10,1.8,1.8,12,0,2025-10-02:1.8,Prospect,open_at_freeze,,,Waiting For Approval,Nemax,0,0.0
2026-09-16,257335180496,237544351936,H100,gpu,,16,6.05,RESERVE,POSTPAID,0,2025-10-06,1.6,2026-05-18,2026-08-10,1.6,1.6,89,0,2025-10-06:1.6,Closed lost,lost_other,,Customer Disengagement or Cancellation,Lost Deal,Nemax,224,0.0
2026-09-16,270914399453,336307813610,H200,gpu,,80,2.93,RESERVE,,0,2025-10-20,3.5,2026-02-09,2026-08-10,2.05,2.05,85,1,2025-10-20:3.5>2025-10-30:2.05,Closed lost,lost_other,,Customer Disengagement or Cancellation,Lost Deal,Nemax,112,-41.4
2026-09-16,293356463350,338778695898,H200,gpu,,8,0.23,TESTING,NO_PAYMENT,0,2025-11-03,3.5,2025-11-06,2026-08-10,3.5,3.5,81,0,2025-11-03:3.5,Closed won,won,2025-11-06,,Approved,Nemax,3,0.0
2026-09-16,300350609598,336307667134,B300,gpu,,160,1.45,RESERVE,POSTPAID,0,2025-11-10,5.0,2025-11-20,2026-08-10,4.0,4.0,79,1,2025-11-10:5>2025-11-13:4,Closed lost,lost_capacity,,NO_CAPACITY;Insufficient Capabilities,Lost Deal,uk-south1 – UK,10,-20.0
2026-09-16,306363716854,274774657251,H100,gpu,,60,11.97,PAYG,POSTPAID,0,2025-11-13,2.1,2025-11-26,2026-08-10,2.1,2.1,78,0,2025-11-13:2.1,Closed won,won,2025-11-26,,Approved,Nemax,13,0.0
2026-09-16,309435350235,366351252701,H200,gpu,,64,5.95,RESERVE,POSTPAID,0,2025-11-17,1.5,2026-01-26,2026-08-10,1.85,1.85,77,2,2025-11-17:1.5>2025-11-20:1.95>2026-01-19:1.85,Closed won,won,2026-01-26,,Waiting For Approval,eu-west1 – Paris,70,23.3
2026-09-16,349310660800,413292496094,H200,gpu,,32,6.94,PAYG,PREPAID,0,2025-12-22,3.5,2026-06-03,2026-08-10,3.5,3.5,25,0,2025-12-22:3.5,Disqualified,disqualified,,Test Deals,Disqualified,Nemax,163,0.0
2026-09-16,35438019770,37938264301,H100,gpu,,16,0.23,TESTING,NO_PAYMENT,0,2024-11-14,3.5,2025-03-17,2026-08-10,3.5,3.5,162,0,2024-11-14:3.5,Closed won,won,2025-03-17,,Approved,Nemax,123,0.0
2026-09-16,383180270783,338870892744,H100,gpu,,24,5.92,RESERVE,POSTPAID,0,2026-01-21,1.7,2026-03-09,2026-08-10,1.7,1.7,58,0,2026-01-21:1.7,Closed won,won,2026-03-09,,Approved,Nemax,47,0.0
2026-09-16,399961274612,459493813456,H200,gpu,,64,6.09,RESERVE,PREPAID,0,2026-02-04,2.0,2026-03-04,2026-08-10,2.0,2.0,54,0,2026-02-04:2,Closed lost,lost_capacity,,NO_CAPACITY,Lost Deal,Nemax,28,0.0
2026-09-16,401508219121,458620457191,H200,gpu,,160,0.46,RESERVE,,0,2026-02-04,1.9,2026-02-23,2026-08-10,1.9,1.9,54,0,2026-02-04:1.9,Closed won,won,2026-02-23,,Approved,eu-west1 – Paris,19,0.0
2026-09-16,41167754474,47123716307,H100,gpu,,87,12.07,RESERVE,POSTPAID,0,2024-11-18,2.0,2024-12-03,2026-08-10,1.9,1.9,161,1,2024-11-18:2>2024-11-26:1.9,Closed won,won,2024-12-03,,Waiting For Approval,Nemax,15,-5.0
2026-09-16,417839834338,473517571321,H200,gpu,,16,0.16,TESTING,POSTPAID,0,2026-02-23,3.5,2026-03-11,2026-08-10,3.5,3.5,49,0,2026-02-23:3.5,Closed lost,lost_capacity,,NO_CAPACITY,Waiting For Approval,eu-west1 – Paris,16,0.0
2026-09-16,425661976811,480312827078,GB300,rack,72,5184,11.97,RESERVE,POSTPAID,0,2026-03-02,5.5,2026-03-02,2026-08-10,5.5,5.5,47,0,2026-03-02:5.5,Prospect,open_at_freeze,,,Waiting For Approval,eu-west1 – Paris,0,0.0
2026-09-16,426512026862,454717895881,H200,gpu,,8,12.01,RESERVE,PREPAID,0,2026-03-02,1.9,2026-03-02,2026-08-10,1.9,1.9,47,0,2026-03-02:1.9,Closed won,won,2026-03-02,,Approved,eu-west1 – Paris,0,0.0
2026-09-16,445456529619,413524737235,H200,gpu,,16,13.03,TESTING,PREPAID,0,2026-03-30,3.0,2026-05-04,2026-08-10,3.0,3.0,39,0,2026-03-30:3,Closed lost,lost_other,,Customer Disengagement or Cancellation;Insufficient Capabilities,Lost Deal,us-central1 – Kansas,35,0.0
2026-09-16,451223691488,494040223950,GB300,rack,72,72,5.03,RESERVE,PREPAID,0,2026-04-20,9.2,2026-07-06,2026-08-10,9.2,9.2,33,0,2026-04-20:9.2,Closed lost,lost_other,,Customer Disengagement or Cancellation,Lost Deal,uk-south2 – London East,77,0.0
2026-09-16,451764614346,496002626797,B300,gpu,,512,36.02,RESERVE,PREPAID,0,2026-04-22,4.65,2026-04-22,2026-04-27,4.65,4.65,2,0,2026-04-22:4.65,Prospect,open_at_freeze,,,Waiting For Approval,eu-west1 – Paris,0,0.0
2026-09-16,456583156976,502450714862,B300,gpu,,1046,12.01,RESERVE,PREPAID,0,2026-05-13,5.5,2026-05-13,2026-08-10,5.5,5.5,26,0,2026-05-13:5.5,Closed lost,lost_capacity,,NO_CAPACITY,Lost Deal,eu-south1 – Madrid,0,0.0
2026-09-16,458924724417,502452941044,B300,gpu,,16,0.3,TESTING,NO_PAYMENT,0,2026-05-25,7.1,2026-06-03,2026-08-10,7.1,7.1,23,0,2026-05-25:7.1,Prospect,open_at_freeze,,,Approved,uk-south1 – UK,9,0.0
2026-09-16,459708672186,503015233768,H200,gpu,,32,12.01,RESERVE,PREPAID,0,2026-05-27,3.0,2026-06-24,2026-08-10,3.0,3.0,22,0,2026-05-27:3,Closed lost,lost_other,,,Lost Deal,eu-west1 – Paris,28,0.0
2026-09-16,460776944887,505035003128,B300,gpu,,1024,12.01,RESERVE,PREPAID,0,2026-06-03,5.45,2026-06-03,2026-06-03,5.45,5.45,1,0,2026-06-03:5.45,Commercial Proposal,open_at_freeze,,,Waiting For Approval,,0,0.0
2026-09-16,462007440628,505668631758,H100,gpu,,24,24.05,RESERVE,,0,2026-06-10,2.45,2026-07-01,2026-08-10,2.13,2.13,18,2,2026-06-10:2.45>2026-06-24:2>2026-06-29:2.13,Closed won,won,2026-07-01,,Approved,Nemax,21,-13.1
2026-09-16,462516633789,505531220189,B200,gpu,,16,2.99,RESERVE,POSTPAID,0,2026-06-15,2.45,2026-06-17,2026-08-10,2.45,2.45,17,0,2026-06-15:2.45,Closed won,won,2026-06-17,,Approved,me-west1 - Israel,2,0.0
2026-09-16,464698516697,501313202396,B300,gpu,,32,12.01,RESERVE,PREPAID,0,2026-06-22,5.08,2026-06-22,2026-07-13,5.08,5.08,7,0,2026-06-22:5.08,Commercial Proposal,open_at_freeze,,,Approved,uk-south1 – UK,0,0.0
2026-09-16,466058833145,508233502959,B300,gpu,,64,36.05,RESERVE,PREPAID,0,2026-06-29,4.5,2026-08-05,2026-08-10,4.5,4.5,13,0,2026-06-29:4.5,Disqualified,disqualified,,Customer Disengagement or Cancellation,Lost Deal,eu-west1 – Paris,37,0.0
2026-09-16,467559087309,509224413382,B200,gpu,,40,36.02,RESERVE,PREPAID,0,2026-07-06,4.5,2026-07-06,2026-08-10,4.5,4.5,11,0,2026-07-06:4.5,Technical Validation,open_at_freeze,,,Waiting For Approval,us-central1 – Kansas,0,0.0
2026-09-16,467899217114,509474699488,H100,gpu,,32,9.01,RESERVE,POSTPAID,0,2026-07-13,3.05,2026-07-13,2026-08-10,3.05,3.05,9,0,2026-07-13:3.05,Prospect,open_at_freeze,,,Waiting For Approval,us-central1 – Kansas,0,0.0
2026-09-16,47010780365,56671451339,H100,gpu,,1000,12.01,RESERVE,PREPAID,0,2024-12-03,2.0,2025-05-12,2026-08-10,2.0,2.0,159,0,2024-12-03:2,Closed lost,lost_other,,CANCELED_BY_CUSTOMER,Lost Deal,Nemax,160,0.0
2026-09-16,470369401018,494498738362,VR,gpu,72,4032,61.78,RESERVE,POSTPAID,0,2026-07-20,4.88,2026-07-20,2026-08-10,4.88,4.88,7,0,2026-07-20:4.88,Prospect,open_at_freeze,,,Approved,us-south1 – Oklahoma,0,0.0
2026-09-16,471096567015,510150866111,B300,gpu,,512,5.99,RESERVE,PREPAID,0,2026-07-20,7.85,2026-07-27,2026-08-10,7.85,5.65,7,0,2026-07-20:7.85,Technical Validation,open_at_freeze,,,Waiting For Approval,us-central1 – Kansas,7,-28.0
2026-09-16,47242599647,57002739959,H100,gpu,,200,12.01,INTERNAL,NO_PAYMENT,0,2024-12-03,2.95,2024-12-03,2026-08-10,2.95,2.95,159,0,2024-12-03:2.95,Closed won,won,2024-12-03,,Waiting For Approval,Nemax,0,0.0
2026-09-16,472537972923,511947396339,B300,gpu,,96,11.97,RESERVE,PREPAID,0,2026-07-27,5.0,2026-07-27,2026-08-10,5.0,5.0,5,0,2026-07-27:5,Technical Validation,open_at_freeze,,,Waiting For Approval,eu-south1 – Madrid,0,0.0
2026-09-16,476018186441,514844139765,B300,gpu,,1,0.46,TESTING,NO_PAYMENT,0,2026-08-05,7.85,2026-08-05,2026-08-10,7.85,7.85,2,0,2026-08-05:7.85,Technical Validation,open_at_freeze,,,Waiting For Approval,uk-south1 – UK,0,0.0
2026-09-16,63823140070,64967669998,H200,gpu,,32,1.84,PROMO,NO_PAYMENT,0,2025-01-07,4.85,2025-09-25,2026-08-10,4.85,4.85,156,0,2025-01-07:4.85,Closed lost,lost_other,,Qualification Oversights,Lost Deal,us-central1 – Kansas,261,0.0
2026-09-16,8128815090,9294884552,H100,gpu,,300,3.95,PAYG,POSTPAID,1,2024-10-15,4.85,2024-10-15,2026-08-10,4.85,4.85,166,0,2024-10-15:4.85,Disqualified,disqualified,,Qualification Oversights,Approved,Finland,0,0.0
2026-09-16,8300018654,10399499754,H100,gpu,,1,2.96,TESTING,NO_PAYMENT,1,2024-10-15,4.85,2024-10-15,2026-08-10,4.85,4.85,166,0,2024-10-15:4.85,Closed won,won,2024-10-15,,Approved,Finland,0,0.0
2026-09-16,8948626163,11287773128,H100,gpu,,64,11.97,RESERVE,PREPAID,1,2024-10-15,3.28,2024-10-15,2026-08-10,3.28,3.28,166,0,2024-10-15:3.28,Disqualified,disqualified,,Customer Disengagement or Cancellation,Disqualified,Finland,0,0.0
2026-09-16,8968838872,11709716939,H100,gpu,,24,7.01,RESERVE,PREPAID,1,2024-10-15,2.85,2024-10-15,2026-08-10,2.85,2.85,166,0,2024-10-15:2.85,Closed lost,lost_other,,Customer Disengagement or Cancellation,Lost Deal,Finland,0,0.0
2026-09-16,9111427539,12000611534,H100,gpu,,40,6.02,PAYG,PREPAID,1,2024-10-15,2.59,2024-10-15,2026-08-10,2.59,2.59,166,0,2024-10-15:2.59,Closed won,won,2024-10-15,,Approved,Finland,0,0.0
2026-09-16,9140895964,11375324123,H100,gpu,,8,2.99,RESERVE,PREPAID,1,2024-10-15,4.85,2024-10-15,2026-08-10,4.85,4.85,166,0,2024-10-15:4.85,Closed lost,lost_price_or_competitor,,Competitor Chosen,Disqualified,Finland,0,0.0
2026-09-16,9234896862,12210119673,H100,gpu,,32,6.02,RESERVE,PREPAID,1,2024-10-15,3.64,2024-10-15,2026-08-10,3.64,3.64,166,0,2024-10-15:3.64,Closed lost,lost_other,,Customer Disengagement or Cancellation,Disqualified,Finland,0,0.0
2026-09-16,9896708297,13640890821,H100,gpu,,64,12.01,RESERVE,PREPAID,1,2024-10-15,2.5,2024-10-15,2026-08-10,2.5,2.5,166,0,2024-10-15:2.5,Closed won,won,2024-10-15,,Disqualified,Finland,0,0.0
2026-09-16,100611977431,132559504619,H200,gpu,,512,0.69,RESERVE,PREPAID,0,2025-02-24,2.0,2025-03-10,2026-08-10,2.0,2.0,149,0,2025-02-24:2,Disqualified,disqualified,,Customer Disengagement or Cancellation,Disqualified,Nemax,14,0.0
2026-09-16,100739511537,132864197880,H100,gpu,,16,5.95,TESTING,POSTPAID,0,2025-02-24,2.95,2025-03-10,2026-08-10,2.95,2.95,149,0,2025-02-24:2.95,Closed won,won,2025-03-10,,Approved,Nemax,14,0.0
2026-09-16,10638805987,14930420469,H100,gpu,,8,1.02,RESERVE,PREPAID,1,2024-10-15,4.85,2024-10-15,2026-08-10,4.85,4.85,166,0,2024-10-15:4.85,Closed lost,lost_other,,Customer Disengagement or Cancellation,Lost Deal,Finland,0,0.0
2026-09-16,107966740684,134792626371,H200,gpu,,1024,6.02,RESERVE,PREPAID,0,2025-03-03,1.9,2025-03-03,2026-08-10,1.9,1.9,148,0,2025-03-03:1.9,Closed lost,lost_capacity,,NO_CAPACITY,Lost Deal,Nemax,0,0.0
2026-09-16,10988229326,15433802709,H100,gpu,,64,11.97,RESERVE,PREPAID,1,2024-10-15,2.6,2025-02-17,2026-08-10,2.6,2.6,166,0,2024-10-15:2.6,Closed lost,lost_other,,Customer Disengagement or Cancellation,Lost Deal,Nemax,125,0.0
2026-09-16,125417708785,168399004917,H100,gpu,,208,1.97,PAYG,POSTPAID,0,2025-04-03,1.8,2025-04-17,2026-08-10,1.8,1.8,142,0,2025-04-03:1.8,Disqualified,disqualified,,Customer Disengagement or Cancellation,Disqualified,Nemax,14,0.0
2026-09-16,138448256200,178307783911,H100,gpu,,104,1.02,RESERVE,PREPAID,0,2025-04-24,1.7,2025-04-24,2025-04-24,1.7,1.7,1,0,2025-04-24:1.7,Technical Validation,open_at_freeze,,,Waiting For Approval,Nemax,0,0.0
2026-09-16,153507652823,186141793511,H200,gpu,,512,7.04,RESERVE,POSTPAID,0,2025-05-15,1.9,2025-06-05,2026-08-10,1.9,1.9,130,0,2025-05-15:1.9,Closed won,won,2025-06-05,,Disqualified,Nemax,21,0.0
2026-09-16,15599480816,20038434008,H100,gpu,,144,0.99,PAYG,POSTPAID,1,2024-10-15,3.5,2024-10-15,2026-08-10,3.5,3.5,166,0,2024-10-15:3.5,Prospect,open_at_freeze,,,Approved,Nemax,0,0.0
2026-09-16,169702820059,228181628129,H100,gpu,,200,6.94,PAYG,POSTPAID,0,2025-06-05,1.45,2025-06-05,2026-08-10,1.45,1.45,124,0,2025-06-05:1.45,Closed won,won,2025-06-05,,Disqualified,Nemax,0,0.0
2026-09-16,171089802484,230047146193,B200,gpu,,8,0.2,TESTING,NO_PAYMENT,0,2025-06-05,5.5,2025-08-25,2026-08-10,5.5,5.5,124,0,2025-06-05:5.5,Closed won,won,2025-08-25,,Approved,us-central1 – Kansas,81,0.0
2026-09-16,17553931496,21275036400,H100,gpu,,80,1.02,PAYG,POSTPAID,1,2024-10-15,2.95,2024-10-15,2026-08-10,2.95,2.95,166,0,2024-10-15:2.95,Closed won,won,2024-10-15,,Approved,Finland,0,0.0
2026-09-16,179186589930,237062665411,H200,gpu,,128,6.48,PAYG,POSTPAID,0,2025-06-19,2.5,2025-06-19,2026-08-10,2.5,2.5,120,0,2025-06-19:2.5,Closed won,won,2025-06-19,,Approved,eu-west1 – Paris,0,0.0
2026-09-16,185030175992,247884253419,B200,gpu,,32,0.46,TESTING,NO_PAYMENT,0,2025-06-30,5.5,2025-06-30,2025-09-22,5.5,5.5,25,0,2025-06-30:5.5,Prospect,open_at_freeze,,,Approved,us-central1 – Kansas,0,0.0
2026-09-16,186299804905,247883833593,H100,gpu,,32,2.01,PAYG,POSTPAID,0,2025-06-30,1.8,2025-07-17,2026-08-10,1.8,1.8,117,0,2025-06-30:1.8,Closed won,won,2025-07-17,,Approved,Nemax,17,0.0
2026-09-16,193718164717,153274318073,GB300,gpu,72,72,0.13,PAYG,PREPAID,0,2025-07-10,9.2,2025-08-28,2025-09-01,9.2,9.2,16,0,2025-07-10:9.2,Disqualified,disqualified,,Test Deals,Disqualified,Nemax,49,0.0
2026-09-16,205198882037,238353959125,H200,gpu,,720,12.01,RESERVE,PREPAID,0,2025-07-24,2.0,2025-09-22,2026-08-10,1.8,1.8,110,1,2025-07-24:2>2025-07-28:1.8,Closed lost,lost_capacity,,NO_CAPACITY;Competitor Chosen,Lost Deal,us-central1 – Kansas,60,-10.0
2026-09-16,209761748202,274628346100,H100,gpu,,256,0.99,RESERVE,POSTPAID,0,2025-07-31,1.75,2025-07-31,2026-08-10,1.75,1.75,108,0,2025-07-31:1.75,Closed lost,lost_capacity,,NO_CAPACITY,Lost Deal,Nemax,0,0.0
2026-09-16,221755038936,276560197864,H200,gpu,,8,6.05,RESERVE,POSTPAID,0,2025-08-14,2.0,2025-08-18,2026-08-10,2.0,2.0,104,0,2025-08-14:2,Closed won,won,2025-08-18,,Approved,eu-west1 – Paris,4,0.0
2026-09-16,223528456440,288682446030,B200,gpu,,1024,0.46,RESERVE,PREPAID,0,2025-08-18,3.5,2025-08-21,2026-08-10,3.0,3.0,103,1,2025-08-18:3.5>2025-08-21:3,Closed lost,lost_capacity,,NO_CAPACITY,Lost Deal,us-central1 – Kansas,3,-14.3
2026-09-16,226774825170,292067416287,H100,gpu,,1024,3.03,,,0,2025-08-21,1.9,2025-10-30,2026-08-10,1.9,1.9,102,0,2025-08-21:1.9,Closed lost,lost_capacity,,NO_CAPACITY,Lost Deal,Nemax,70,0.0
2026-09-16,236742765772,275446923508,H200,gpu,,16,0.59,TESTING,NO_PAYMENT,0,2025-09-04,3.5,2025-09-29,2026-08-10,3.5,3.5,98,0,2025-09-04:3.5,Closed won,won,2025-09-29,,Approved,us-central1 – Kansas,25,0.0
2026-09-16,245463775432,309824542928,H200,gpu,,18,12.01,RESERVE,POSTPAID,0,2025-09-18,2.1,2025-09-25,2025-10-27,2.1,2.1,12,0,2025-09-18:2.1,Commercial Proposal,open_at_freeze,,,Waiting For Approval,Nemax,7,0.0
2026-09-16,251147391200,314876494021,H200,gpu,,72,0.1,PAYG,POSTPAID,0,2025-09-29,3.5,2025-11-03,2026-08-10,3.5,3.5,91,0,2025-09-29:3.5,Closed won,won,2025-11-03,,Approved,Nemax,35,0.0
2026-09-16,274719327458,282635651302,H100,gpu,,512,0.07,TESTING,NO_PAYMENT,0,2025-10-23,2.95,2025-11-17,2026-08-10,2.95,2.95,84,0,2025-10-23:2.95,Closed lost,lost_price_or_competitor,,Pricing and Billing Issues;Customer Disengagement or Cancellation,Lost Deal,Nemax,25,0.0
2026-09-16,298780422392,364314938562,H200,gpu,,8,0.26,TESTING,NO_PAYMENT,0,2025-11-06,3.5,2025-11-06,2026-01-07,3.5,3.5,19,0,2025-11-06:3.5,Technical Validation,open_at_freeze,,,Waiting For Approval,,0,0.0
2026-09-16,311725673713,336927564022,H200,gpu,,16,0.59,RESERVE,NO_PAYMENT,0,2025-11-20,3.5,2025-11-20,2025-12-24,3.5,3.5,11,0,2025-11-20:3.5,Technical Validation,open_at_freeze,,,Approved,Nemax,0,0.0
2026-09-16,349729724638,415812391138,B200,gpu,,96,0.95,RESERVE,PREPAID,0,2025-12-24,3.0,2025-12-24,2026-01-28,3.0,3.0,11,0,2025-12-24:3,Commercial Proposal,open_at_freeze,,,Waiting For Approval,us-central1 – Kansas,0,0.0
2026-09-16,352511174848,410335177943,H100,gpu,,32,2.99,RESERVE,PREPAID,0,2025-12-24,1.9,2026-06-03,2026-08-10,1.9,1.9,24,0,2025-12-24:1.9,Disqualified,disqualified,,Qualification Oversights,Disqualified,Nemax,161,0.0
2026-09-16,359709922505,349471720650,H200,gpu,,64,11.97,RESERVE,POSTPAID,0,2026-01-07,2.05,2026-05-04,2026-08-10,1.95,1.95,62,1,2026-01-07:2.05>2026-02-11:1.95,Prospect,open_at_freeze,,,Waiting For Approval,eu-west1 – Paris,117,-4.9
2026-09-16,400927579363,457808789720,H200,gpu,,24,6.12,RESERVE,POSTPAID,0,2026-02-02,2.3,2026-05-11,2026-08-10,2.3,2.3,55,0,2026-02-02:2.3,Closed lost,lost_other,,Customer Disengagement or Cancellation,Lost Deal,Nemax,98,0.0
2026-09-16,449441510640,498045340899,B300,gpu,,4096,36.02,RESERVE,PREPAID,0,2026-04-13,4.11,2026-05-18,2026-08-10,4.11,4.11,35,0,2026-04-13:4.11,Closed lost,lost_capacity,,NO_CAPACITY,Lost Deal,us-north1 – Minnesota,35,0.0
2026-09-16,450812806363,498503649484,B300,gpu,,1000,36.02,RESERVE,PREPAID,0,2026-04-20,4.11,2026-04-29,2026-08-10,4.11,4.11,33,0,2026-04-20:4.11,Prospect,open_at_freeze,,,Waiting For Approval,us-north1 – Minnesota,9,0.0
2026-09-16,451218639042,499195687106,B300,gpu,,512,24.01,RESERVE,PREPAID,0,2026-04-20,4.92,2026-06-22,2026-08-10,4.92,4.92,33,0,2026-04-20:4.92,Closed lost,lost_price_or_competitor,,Pricing and Billing Issues,Lost Deal,us-north1 – Minnesota,63,0.0
2026-09-16,452138136766,499838716114,H200,gpu,,48,12.01,RESERVE,,0,2026-04-27,2.0,2026-04-27,2026-05-18,2.9,2.9,7,1,2026-04-27:2>2026-05-04:2.9,Technical Validation,open_at_freeze,,,Waiting For Approval,Nemax,0,45.0
2026-09-16,460041748696,504551935189,H200,gpu,,784,11.97,RESERVE,PREPAID,0,2026-06-01,2.51,2026-06-29,2026-08-10,2.51,2.51,21,0,2026-06-01:2.51,Closed lost,lost_capacity,,NO_CAPACITY,Lost Deal,us-central1 – Kansas,28,0.0
2026-09-16,460778856672,505118990560,GB300,rack,72,4824,36.02,RESERVE,PREPAID,0,2026-06-03,4.0,2026-06-03,2026-08-10,4.0,4.0,20,0,2026-06-03:4,Technical Validation,open_at_freeze,,,Waiting for Business Approval,us-central1 – Kansas,0,0.0
2026-09-16,461587312857,505461598419,B300,gpu,,4000,12.01,RESERVE,PREPAID,0,2026-06-08,6.05,2026-08-10,2026-08-10,5.35,5.35,19,1,2026-06-08:6.05>2026-06-15:5.35,Closed lost,lost_capacity,,NO_CAPACITY;Competitor Chosen,Lost Deal,,63,-11.6
2026-09-16,462144986347,505724781807,B300,gpu,,1000,36.02,RESERVE,PREPAID,0,2026-06-10,4.0,2026-07-01,2026-08-10,4.0,4.0,18,0,2026-06-10:4,Closed lost,lost_price_or_competitor,,Pricing and Billing Issues,Lost Deal,me-west2 – Masmia Israel,21,0.0
2026-09-16,467801230544,510077962477,GB300,rack,72,504,12.01,RESERVE,PREPAID,0,2026-07-13,6.0972,2026-07-13,2026-08-10,6.0972,6.0972,9,0,2026-07-13:6.0972,Prospect,open_at_freeze,,,Waiting For Approval,eu-west3 – Bethune,0,0.0
2026-09-16,471320122579,511027293380,B300,gpu,,840,12.01,RESERVE,PREPAID,0,2026-07-20,5.29,2026-07-20,2026-07-22,5.29,5.29,2,0,2026-07-20:5.29,Prospect,open_at_freeze,,,Waiting For Approval,eu-south1 – Madrid,0,0.0
2026-09-16,471947251961,511457361144,H200,gpu,,16,11.97,RESERVE,PREPAID,0,2026-07-22,3.2,2026-07-22,2026-08-10,3.2,3.2,6,0,2026-07-22:3.2,Commercial Proposal,open_at_freeze,,,Waiting For Approval,Nemax,0,0.0
2026-09-16,475701849332,511947459785,GB300,rack,72,5040,3.98,RESERVE,PREPAID,0,2026-08-03,10.0,2026-08-03,2026-08-05,11.0,11.0,2,1,2026-08-03:10>2026-08-05:11,Commercial Proposal,open_at_freeze,,,Waiting For Approval,eu-west3 – Bethune,0,10.0
2026-09-16,82197985479,79203802309,H200,gpu,,48,0.13,PAYG,POSTPAID,0,2025-01-20,3.5,2025-02-03,2026-08-10,3.5,3.5,154,0,2025-01-20:3.5,Closed won,won,2025-02-03,,Disqualified,eu-west1 – Paris,14,0.0
2026-09-16,8458777567,10624796900,H100,gpu,,192,6.02,RESERVE,PREPAID,1,2024-10-15,4.85,2024-10-15,2026-08-10,4.85,4.85,166,0,2024-10-15:4.85,Closed won,won,2024-10-15,,Disqualified,Finland,0,0.0
2026-09-16,8660920551,11262640086,H100,gpu,,32,5.99,RESERVE,PREPAID,1,2024-10-15,3.64,2024-10-15,2026-08-10,3.64,3.64,166,0,2024-10-15:3.64,Closed lost,lost_price_or_competitor,,Pricing and Billing Issues,Disqualified,Finland,0,0.0
2026-09-16,94487894249,123572715723,H200,gpu,,2048,,RESERVE,PREPAID,0,2025-02-10,1.75,2025-03-24,2026-03-16,2.4,2.4,109,1,2025-02-10:1.75>2025-03-10:2.4,Commercial Proposal,open_at_freeze,,,Waiting For Approval,Nemax,42,37.1
2026-09-16,96704273649,16659176912,H100,gpu,,20,0.13,PROMO,NO_PAYMENT,0,2025-02-17,2.95,2025-02-17,2026-08-10,2.95,2.95,150,0,2025-02-17:2.95,Closed won,won,2025-02-17,,Approved,Nemax,0,0.0
2026-09-16,98793003247,129537315058,H100,gpu,,216,0.46,RESERVE,PREPAID,0,2025-02-17,2.95,2025-05-22,2026-08-10,1.7,1.7,150,1,2025-02-17:2.95>2025-03-10:1.7,Closed lost,lost_other,,Customer Disengagement or Cancellation,Lost Deal,Nemax,94,-42.4
2026-09-16,10124496061,14161963759,H100,gpu,,1,0.23,TESTING,NO_PAYMENT,1,2024-10-15,4.85,2024-10-15,2026-08-10,4.85,4.85,166,0,2024-10-15:4.85,Closed lost,lost_price_or_competitor,,Pricing and Billing Issues,Lost Deal,Finland,0,0.0
2026-09-16,10273532106,14113827519,H100,gpu,,256,0.89,RESERVE,POSTPAID,1,2024-10-15,4.85,2024-10-15,2026-08-10,4.85,4.85,166,0,2024-10-15:4.85,Closed won,won,2024-10-15,,Disqualified,Finland,0,0.0
2026-09-16,10419668201,14590549706,H100,gpu,,256,11.97,RESERVE,POSTPAID,1,2024-10-15,4.85,2024-10-15,2026-08-10,4.85,2.0,166,0,2024-10-15:4.85,Disqualified,disqualified,,Customer Disengagement or Cancellation,Disqualified,Finland,0,-58.8
2026-09-16,10660310206,14716491753,H100,gpu,,64,0.99,PAYG,POSTPAID,1,2024-10-15,3.15,2024-10-15,2026-08-10,3.15,3.15,166,0,2024-10-15:3.15,Closed won,won,2024-10-15,,Approved,Finland,0,0.0
2026-09-16,10855579637,15433364461,H100,gpu,,8,17.53,RESERVE,POSTPAID,1,2024-10-15,2.0,2024-10-15,2026-08-10,2.0,2.0,166,0,2024-10-15:2,Closed won,won,2024-10-15,,Waiting For Approval,Finland,0,0.0
2026-09-16,109160137936,142257371381,H200,gpu,,128,3.03,RESERVE,PREPAID,0,2025-03-03,1.9,2025-03-10,2025-03-10,1.9,1.9,2,0,2025-03-03:1.9,Commercial Proposal,open_at_freeze,,,Approved,eu-west1 – Paris,7,0.0
2026-09-16,11007026884,15638658551,H100,gpu,,400,35.99,RESERVE,PREPAID,1,2024-10-15,4.85,2024-10-15,2026-08-10,4.85,2.75,166,0,2024-10-15:4.85,Closed lost,lost_other,,Customer Disengagement or Cancellation,Lost Deal,Finland,0,-43.3
2026-09-16,11324372698,16008835287,H100,gpu,,8,12.99,RESERVE,PREPAID,1,2024-10-15,3.5,2025-01-07,2026-08-10,2.4,2.4,166,1,2024-10-15:3.5>2024-12-03:2.4,Closed lost,lost_price_or_competitor,,Security and Compliance Gaps;Competitor Chosen,Lost Deal,Nemax,84,-31.4
2026-09-16,115706126566,153376901334,H200,gpu,,4,6.02,RESERVE,POSTPAID,0,2025-03-17,3.17,2025-03-24,2026-08-10,3.17,3.17,146,0,2025-03-17:3.17,Closed won,won,2025-03-24,,Approved,Nemax,7,0.0
2026-09-16,12141155806,15781407945,H100,gpu,,32,0.39,TESTING,NO_PAYMENT,1,2024-10-15,4.85,2025-05-12,2026-08-10,4.85,4.85,166,0,2024-10-15:4.85,Closed lost,lost_other,,Customer Disengagement or Cancellation,Lost Deal,Finland,209,0.0
2026-09-16,12343935441,13586459088,H100,gpu,,16,3.49,PAYG,POSTPAID,1,2024-10-15,3.5,2024-10-15,2026-08-10,3.5,3.5,166,0,2024-10-15:3.5,Closed won,won,2024-10-15,,Disqualified,Nemax,0,0.0
2026-09-16,123657389272,166509466827,H100,gpu,,8,0.03,TESTING,NO_PAYMENT,0,2025-03-31,2.95,2025-04-03,2026-08-10,2.95,2.95,143,0,2025-03-31:2.95,Closed lost,lost_other,,Customer Disengagement or Cancellation,Lost Deal,Nemax,3,0.0
2026-09-16,123745823948,166158330075,B200,gpu,,128,3.03,RESERVE,PREPAID,0,2025-06-23,3.75,2025-06-26,2026-08-10,3.25,3.25,119,1,2025-06-23:3.75>2025-06-26:3.25,Closed lost,lost_other,,Customer Disengagement or Cancellation,Lost Deal,us-central1 – Kansas,3,-13.3
2026-09-16,124962358499,160652947696,H100,gpu,,16,0.07,TESTING,NO_PAYMENT,0,2025-03-31,2.95,2025-05-01,2026-08-10,2.95,2.95,143,0,2025-03-31:2.95,Closed lost,lost_other,,Customer Disengagement or Cancellation,Lost Deal,Nemax,31,0.0
2026-09-16,126012622022,168399518920,H200,gpu,,160,2.99,PAYG,POSTPAID,0,2025-04-03,2.3,2025-04-03,2025-04-07,2.3,2.3,2,0,2025-04-03:2.3,Commercial Proposal,open_at_freeze,,,DECLINED,Nemax,0,0.0
2026-09-16,131039472848,175217369306,GB200,gpu,72,4032,48.06,RESERVE,POSTPAID,0,2025-04-14,4.0,2025-06-23,2025-10-20,4.0,4.0,55,0,2025-04-14:4,Commercial Proposal,open_at_freeze,,,Disqualified,Nemax,70,0.0
2026-09-16,148315114742,199482079473,H100,gpu,,8,5.76,RESERVE,POSTPAID,0,2025-05-08,2.0,2025-05-12,2026-08-10,2.0,2.0,132,0,2025-05-08:2,Closed won,won,2025-05-12,,Approved,Nemax,4,0.0
2026-09-16,182325270723,242673547487,H200,gpu,,64,6.22,PAYG,PREPAID,0,2025-06-23,1.7,2025-06-30,2026-08-10,1.5,1.5,119,1,2025-06-23:1.7>2025-06-26:1.5,Closed won,won,2025-06-30,,Approved,us-central1 – Kansas,7,-11.8
2026-09-16,182415277282,245255064766,H100,gpu,,8,0.79,RESERVE,POSTPAID,0,2025-06-23,2.0,2025-08-18,2026-08-10,2.0,2.0,119,0,2025-06-23:2,Closed won,won,2025-08-18,,Disqualified,Nemax,56,0.0
2026-09-16,183747415237,247038800066,H200,gpu,,1024,12.01,RESERVE,POSTPAID,0,2025-06-26,3.5,2025-09-15,2026-08-10,3.5,1.95,118,0,2025-06-26:3.5,Closed won,won,2025-09-15,,Approved,us-central1 – Kansas,81,-44.3
2026-09-16,184420076755,247828134134,H200,gpu,,16,0.79,RESERVE,PREPAID,0,2025-06-30,2.0,2025-07-03,2026-08-10,2.0,2.0,117,0,2025-06-30:2,Closed won,won,2025-07-03,,Approved,us-central1 – Kansas,3,0.0
2026-09-16,18945140676,22096723183,H200,gpu,,40,10.59,TESTING,POSTPAID,0,2024-10-22,4.85,2024-11-14,2026-08-10,4.85,4.85,165,0,2024-10-22:4.85,Closed won,won,2024-11-14,,Disqualified,Nemax,23,0.0
2026-09-16,191438735602,253868034239,H200,gpu,,128,5.82,PAYG,PREPAID,0,2025-07-07,1.5,2025-07-10,2026-08-10,1.5,1.5,115,0,2025-07-07:1.5,Disqualified,disqualified,,Qualification Oversights,Disqualified,us-central1 – Kansas,3,0.0
2026-09-16,193434393787,258773657801,B200,gpu,,1200,36.02,RESERVE,POSTPAID,0,2025-07-10,2.5,2025-08-28,2025-10-13,2.5,2.5,28,0,2025-07-10:2.5,Commercial Proposal,open_at_freeze,,,Pre-Approved,me-west1 - Israel,49,0.0
2026-09-16,193718172881,259051954406,H100,gpu,,3000,12.01,RESERVE,PREPAID,0,2025-07-10,1.5,2025-07-17,2026-08-10,1.5,1.5,114,0,2025-07-10:1.5,Closed lost,lost_capacity,,NO_CAPACITY,Lost Deal,Nemax,7,0.0
2026-09-16,198147876029,263278862535,H200,gpu,,64,5.62,PAYG,POSTPAID,0,2025-07-17,2.0,2026-06-03,2026-08-10,2.0,2.0,102,0,2025-07-17:2,Disqualified,disqualified,,Customer Disengagement or Cancellation;Competitor Chosen,Disqualified,eu-west1 – Paris,321,0.0
2026-09-16,216556350670,281165096167,H100,gpu,,512,6.51,RESERVE,POSTPAID,0,2025-08-07,2.0,2025-09-18,2026-08-10,2.0,2.0,106,0,2025-08-07:2,Closed lost,lost_price_or_competitor,,Pricing and Billing Issues,Lost Deal,Nemax,42,0.0
2026-09-16,216991509739,281867217126,H200,gpu,,320,6.05,RESERVE,PREPAID,0,2025-08-11,1.9,2025-08-11,2025-08-18,1.9,1.9,3,0,2025-08-11:1.9,Prospect,open_at_freeze,,,DECLINED,us-central1 – Kansas,0,0.0
2026-09-16,226020312280,291375468739,H200,gpu,,480,12.01,RESERVE,POSTPAID,0,2025-08-21,1.9,2025-08-21,2026-08-10,1.9,1.9,102,0,2025-08-21:1.9,Closed lost,lost_capacity,,NO_CAPACITY,Lost Deal,eu-west1 – Paris,0,0.0
2026-09-16,227680090339,293033598183,H100,gpu,,320,6.05,RESERVE,,0,2025-08-21,2.0,2025-08-21,2026-08-10,2.0,2.0,102,0,2025-08-21:2,Closed lost,lost_capacity,,NO_CAPACITY,Lost Deal,Nemax,0,0.0
2026-09-16,232773148886,298306634985,B200,gpu,,64,0.23,RESERVE,PREPAID,0,2025-09-01,4.0,2025-09-11,2026-08-10,4.0,4.0,99,0,2025-09-01:4,Closed lost,lost_price_or_competitor,,Pricing and Billing Issues;Insufficient Capabilities,Lost Deal,Nemax,10,0.0
2026-09-16,250979880160,316484105416,H100,gpu,,8,2.93,RESERVE,POSTPAID,0,2025-09-29,2.2,2025-09-29,2026-08-10,2.2,2.2,91,0,2025-09-29:2.2,Closed won,won,2025-09-29,,Approved,Nemax,0,0.0
2026-09-16,25226099924,28490127598,H100,gpu,,2048,4.97,RESERVE,PREPAID,0,2024-10-29,2.2,2024-10-29,2024-11-05,2.2,2.2,2,0,2024-10-29:2.2,Technical Validation,open_at_freeze,,,Disqualified,Nemax,0,0.0
2026-09-16,262518321343,16659176912,H100,gpu,,32,0.23,PROMO,NO_PAYMENT,0,2025-10-09,2.95,2025-10-09,2026-08-10,2.95,2.95,88,0,2025-10-09:2.95,Closed won,won,2025-10-09,,Waiting For Approval,Nemax,0,0.0
2026-09-16,273183821002,338160458966,H200,gpu,,8,2.96,RESERVE,POSTPAID,0,2025-10-23,2.05,2026-01-26,2026-08-10,2.05,2.05,84,0,2025-10-23:2.05,Closed lost,lost_capacity,,NO_CAPACITY,Lost Deal,us-central1 – Kansas,95,0.0
2026-09-16,298732655822,363463147736,H200,gpu,,32,11.97,RESERVE,POSTPAID,0,2025-11-06,1.95,2025-11-06,2025-11-06,1.95,1.95,1,0,2025-11-06:1.95,Commercial Proposal,open_at_freeze,,,Waiting For Approval,us-central1 – Kansas,0,0.0
2026-09-16,305098848471,370748846282,B200,gpu,,256,1.94,RESERVE,PREPAID,0,2025-11-13,3.4,2026-01-26,2026-08-10,3.4,3.4,78,0,2025-11-13:3.4,Closed lost,lost_capacity,,NO_CAPACITY,Lost Deal,us-central1 – Kansas,74,0.0
2026-09-16,311578232051,377035601145,H200,gpu,,8,5.95,RESERVE,PREPAID,0,2025-11-17,2.2,2025-11-24,2026-01-12,2.0,2.0,17,1,2025-11-17:2.2>2025-12-08:2,Commercial Proposal,open_at_freeze,,,Approved,eu-west1 – Paris,7,-9.1
2026-09-16,312248554700,347664986315,B300,gpu,,16,0.89,TESTING,NO_PAYMENT,0,2025-11-20,7.1,2025-12-22,2026-08-10,7.1,7.1,76,0,2025-11-20:7.1,Closed won,won,2025-12-22,,Approved,uk-south1 – UK,32,0.0
2026-09-16,347604907224,410335164656,H200,gpu,,16,0.69,TESTING,NO_PAYMENT,0,2025-12-22,3.5,2026-06-03,2026-08-10,3.5,3.5,26,0,2025-12-22:3.5,Disqualified,disqualified,,Duplicate deal,Disqualified,eu-west1 – Paris,163,0.0
2026-09-16,359710094573,425900011726,H100,gpu,,8,12.01,PAYG,NO_PAYMENT,0,2026-01-07,2.95,2026-01-07,2026-02-16,2.95,2.95,12,0,2026-01-07:2.95,Technical Validation,open_at_freeze,,,Waiting For Approval,Nemax,0,0.0
2026-09-16,378278848752,396491689196,H100,gpu,,226,5.99,RESERVE,PREPAID,0,2026-01-19,1.64,2026-02-11,2026-08-10,1.64,1.64,59,0,2026-01-19:1.64,Closed lost,lost_capacity,,NO_CAPACITY,Lost Deal,Nemax,23,0.0
2026-09-16,39074768101,25284227291,H100,gpu,,64,11.15,PAYG,POSTPAID,0,2024-11-14,2.2,2024-11-14,2026-08-10,2.2,2.2,162,0,2024-11-14:2.2,Closed won,won,2024-11-14,,Approved,Nemax,0,0.0
2026-09-16,41075135702,46915029184,H100,gpu,,8,0.07,TESTING,POSTPAID,0,2024-11-18,2.95,2025-01-07,2026-08-10,2.95,2.95,161,0,2024-11-18:2.95,Closed won,won,2025-01-07,,Approved,Nemax,50,0.0
2026-09-16,419064808662,473517571321,B200,gpu,,128,6.05,RESERVE,POSTPAID,0,2026-02-23,3.5,2026-03-11,2026-08-10,3.5,3.5,49,0,2026-02-23:3.5,Closed lost,lost_capacity,,NO_CAPACITY,Lost Deal,us-central1 – Kansas,16,0.0
2026-09-16,420055824613,475463272656,B200,gpu,,24,12.01,RESERVE,POSTPAID,0,2026-02-23,3.4,2026-03-09,2026-08-10,3.95,3.95,49,1,2026-02-23:3.4>2026-03-04:3.95,Closed won,won,2026-03-09,,Approved,us-central1 – Kansas,14,16.2
2026-09-16,422824524996,374333613286,B300,gpu,,32,0.46,TESTING,NO_PAYMENT,0,2026-02-23,7.1,2026-06-17,2026-08-10,7.1,7.1,49,0,2026-02-23:7.1,Closed won,won,2026-06-17,,Approved,uk-south1 – UK,114,0.0
2026-09-16,429673939139,483926974663,H100,gpu,,256,12.01,RESERVE,PREPAID,0,2026-03-02,1.6,2026-04-01,2026-08-10,1.6,1.6,47,0,2026-03-02:1.6,Closed lost,lost_price_or_competitor,,Pricing and Billing Issues,Lost Deal,Nemax,30,0.0
2026-09-16,431711661262,485132437746,B200,gpu,,16,0.2,RESERVE,PREPAID,0,2026-03-04,3.5,2026-05-04,2026-08-10,3.5,3.5,46,0,2026-03-04:3.5,Closed won,won,2026-05-04,,Approved,me-west1 - Israel,61,0.0
2026-09-16,443701953779,487727838410,B200,gpu,,48,1.97,RESERVE,POSTPAID,0,2026-03-23,3.5,2026-03-23,2026-03-23,3.5,3.5,1,0,2026-03-23:3.5,Commercial Proposal,open_at_freeze,,,Approved,me-west1 - Israel,0,0.0
2026-09-16,443706329288,487727838410,B200,gpu,,48,0.23,TESTING,NO_PAYMENT,0,2026-03-23,5.5,2026-03-23,2026-03-23,5.5,5.5,1,0,2026-03-23:5.5,Commercial Proposal,open_at_freeze,,,Approved,me-west1 - Israel,0,0.0
2026-09-16,445003111652,495181694180,B300,gpu,,24,36.02,RESERVE,POSTPAID,0,2026-03-25,4.5,2026-06-08,2026-08-10,4.5,4.5,40,0,2026-03-25:4.5,Closed lost,lost_price_or_competitor,,Pricing and Billing Issues,Lost Deal,eu-west2 – Paris,75,0.0
2026-09-16,451802407142,123572715723,B300,gpu,,512,12.01,RESERVE,PREPAID,0,2026-04-22,4.9,2026-04-22,2026-04-29,4.9,4.9,3,0,2026-04-22:4.9,Commercial Proposal,open_at_freeze,,,Waiting For Approval,eu-west2 – Paris,0,0.0
2026-09-16,454654164178,501314595054,H200,gpu,,400,12.01,RESERVE,PREPAID,0,2026-05-04,3.35,2026-05-11,2026-08-10,3.35,3.35,29,0,2026-05-04:3.35,Closed lost,lost_capacity,,NO_CAPACITY,Lost Deal,Nemax,7,0.0
2026-09-16,455643149534,497522016450,B300,gpu,,16,0.1,TESTING,NO_PAYMENT,0,2026-05-11,7.1,2026-06-24,2026-08-10,7.1,7.1,27,0,2026-05-11:7.1,Disqualified,disqualified,,Contract Restructuring,Lost Deal,uk-south1 – UK,44,0.0
2026-09-16,457718695137,503029477575,B200,gpu,,40,11.97,RESERVE,PREPAID,0,2026-05-20,5.0,2026-05-25,2026-08-10,5.0,5.0,24,0,2026-05-20:5,Closed won,won,2026-05-25,,Approved,me-west1 - Israel,5,0.0
2026-09-16,457993239778,503206928604,B300,gpu,,16,0.2,TESTING,NO_PAYMENT,0,2026-05-20,7.1,2026-07-08,2026-08-10,7.1,7.1,24,0,2026-05-20:7.1,Closed won,won,2026-07-08,,Approved,uk-south1 – UK,49,0.0
2026-09-16,460666789064,498987292875,B200,gpu,,128,3.82,RESERVE,PREPAID,0,2026-06-01,5.1,2026-07-06,2026-08-10,5.1,5.1,21,0,2026-06-01:5.1,Closed won,won,2026-07-06,,Approved,me-west1 - Israel,35,0.0
2026-09-16,460713506027,502451235034,B300,gpu,,256,12.01,RESERVE,PREPAID,0,2026-06-03,5.5,2026-06-08,2026-08-10,5.5,5.5,20,0,2026-06-03:5.5,Commercial Proposal,open_at_freeze,,,Waiting For Approval,eu-south1 – Madrid,5,0.0
2026-09-16,462516511968,505743734989,B200,gpu,,368,0.99,RESERVE,POSTPAID,0,2026-06-15,2.45,2026-06-29,2026-08-10,2.45,2.45,17,0,2026-06-15:2.45,Closed won,won,2026-06-29,,Approved,me-west1 - Israel,14,0.0
2026-09-16,470596179171,510539747543,B300,gpu,,20,12.01,RESERVE,PREPAID,0,2026-07-20,6.0,2026-07-20,2026-08-10,5.56,5.56,7,1,2026-07-20:6>2026-07-27:5.56,Technical Validation,open_at_freeze,,,,eu-south1 – Madrid,0,-7.3
2026-09-16,471248563424,511205420229,B300,gpu,,128,24.05,RESERVE,PREPAID,0,2026-07-20,5.1,2026-07-22,2026-08-05,5.1,5.1,6,0,2026-07-20:5.1,Technical Validation,open_at_freeze,,,Waiting For Approval,uk-south2 – London East,2,0.0
2026-09-16,476018458861,514370904286,B300,gpu,,1024,11.97,RESERVE,PREPAID,0,2026-08-03,7.85,2026-08-03,2026-08-10,5.75,5.75,3,1,2026-08-03:7.85>2026-08-10:5.75,Prospect,open_at_freeze,,,Waiting For Approval,tf-eu1,0,-26.8
2026-09-16,476157177048,477915586769,H200,gpu,,16,0.66,TESTING,NO_PAYMENT,0,2026-08-05,4.5,2026-08-05,2026-08-10,4.5,4.5,2,0,2026-08-05:4.5,Technical Validation,open_at_freeze,,,Waiting For Approval,Nemax,0,0.0
2026-09-16,476750389441,515193212114,B300,gpu,,64,12.01,RESERVE,PREPAID,0,2026-08-10,6.0,2026-08-10,2026-08-10,6.0,6.0,1,0,2026-08-10:6,Commercial Proposal,open_at_freeze,,,Waiting For Approval,eu-west2 – Paris,0,0.0
2026-09-16,57707994360,71215316198,H100,gpu,,64,2.96,RESERVE,POSTPAID,0,2024-12-17,1.6,2024-12-17,2026-08-10,1.6,1.6,157,0,2024-12-17:1.6,Closed won,won,2024-12-17,,Waiting For Approval,Nemax,0,0.0
2026-09-16,63825693896,79225558214,H200,gpu,,8,11.97,PAYG,POSTPAID,0,2025-01-07,3.15,2025-01-27,2026-08-10,3.15,3.15,156,0,2025-01-07:3.15,Closed won,won,2025-01-27,,Approved,eu-west1 – Paris,20,0.0
2026-09-16,8310290912,10956030411,H100,gpu,,512,1.02,RESERVE,PREPAID,1,2024-10-15,4.85,2024-10-15,2026-08-10,4.85,4.85,166,0,2024-10-15:4.85,Closed lost,lost_other,,Insufficient Capabilities,Lost Deal,Finland,0,0.0
2026-09-16,8434299847,8488415975,H100,gpu,,128,12.01,RESERVE,POSTPAID,1,2024-10-15,4.85,2024-10-15,2026-08-10,4.85,4.85,166,0,2024-10-15:4.85,Closed won,won,2024-10-15,,Disqualified,Finland,0,0.0
2026-09-16,91739922624,103713675513,H200,gpu,,768,0.13,RESERVE,PREPAID,0,2025-02-03,2.3,2025-02-17,2026-08-10,2.3,2.3,152,0,2025-02-03:2.3,Closed won,won,2025-02-17,,Approved,eu-west1 – Paris,14,0.0
2026-09-16,91745588410,70678007029,H100,gpu,,512,2.57,RESERVE,PREPAID,0,2025-02-10,1.65,2025-02-10,2026-08-10,1.65,1.65,151,0,2025-02-10:1.65,Closed won,won,2025-02-10,,Approved,Nemax,0,0.0
2026-09-16,96704622790,115302927608,H200,gpu,,536,0.33,INTERNAL,NO_PAYMENT,0,2025-02-17,3.5,2025-02-17,2026-08-10,3.5,3.5,150,0,2025-02-17:3.5,Closed won,won,2025-02-17,,Approved,Nemax,0,0.0
2026-09-16,96931176671,126971485397,H100,gpu,,80,0.23,TESTING,NO_PAYMENT,0,2025-02-17,2.95,2025-03-17,2026-08-10,2.95,2.95,150,0,2025-02-17:2.95,Closed lost,lost_price_or_competitor,,Competitor Chosen,Lost Deal,Nemax,28,0.0
2026-09-16,9978086080,13779572676,H100,gpu,,16,2.99,TESTING,NO_PAYMENT,1,2024-10-15,4.85,2024-10-15,2026-08-10,4.85,4.85,166,0,2024-10-15:4.85,Closed lost,lost_other,,Customer Disengagement or Cancellation,Lost Deal,Finland,0,0.0
2026-09-16,110441946361,145342288080,H200,gpu,,808,3.75,RESERVE,POSTPAID,0,2025-03-03,2.3,2025-03-24,2026-08-10,2.13,2.13,148,1,2025-03-03:2.3>2025-03-10:2.13,Closed won,won,2025-03-24,,Approved,eu-west1 – Paris,21,-7.4
2026-09-16,111347433716,146472332531,H100,gpu,,128,5.99,RESERVE,POSTPAID,0,2025-03-10,2.85,2025-03-10,2025-03-27,2.85,2.85,4,0,2025-03-10:2.85,Closed won,won,2025-03-10,,Approved,Nemax,0,0.0
2026-09-16,11558828526,16184016081,H100,gpu,,2048,11.97,RESERVE,PREPAID,1,2024-10-15,2.2,2024-10-15,2026-08-10,2.2,2.2,166,0,2024-10-15:2.2,Closed lost,lost_other,,Customer Disengagement or Cancellation,Lost Deal,Finland,0,0.0
2026-09-16,122626273513,165183065288,B200,gpu,,256,1.38,RESERVE,PREPAID,0,2025-03-27,3.0,2025-06-23,2026-08-10,3.5,3.5,144,1,2025-03-27:3>2025-04-28:3.5,Closed lost,lost_capacity,2025-05-15,Cluster Performance;NO_CAPACITY,Lost Deal,us-central1 – Kansas,88,16.7
2026-09-16,12353587396,16725952230,H100,gpu,,8,0.43,RESERVE,PREPAID,1,2024-10-15,2.45,2024-10-15,2026-08-10,2.45,2.45,166,0,2024-10-15:2.45,Closed won,won,2024-10-15,,Approved,Finland,0,0.0
2026-09-16,124581118142,160739502287,H200,gpu,,1792,6.05,RESERVE,POSTPAID,0,2025-03-31,2.3,2025-04-28,2026-08-10,2.3,2.3,143,0,2025-03-31:2.3,Closed lost,lost_price_or_competitor,,Competitor Chosen,Lost Deal,us-central1 – Kansas,28,0.0
2026-09-16,145054892274,184858164451,B200,gpu,,96,11.97,RESERVE,POSTPAID,0,2025-05-01,3.6,2025-05-22,2026-08-10,3.6,3.6,134,0,2025-05-01:3.6,Closed lost,lost_price_or_competitor,,Pricing and Billing Issues,Lost Deal,us-central1 – Kansas,21,0.0
2026-09-16,162121448690,216340288706,H100,gpu,,500,11.97,RESERVE,PREPAID,0,2025-05-22,1.8,2025-07-31,2026-08-10,1.8,1.8,128,0,2025-05-22:1.8,Closed lost,lost_other,,Customer Disengagement or Cancellation,Lost Deal,Nemax,70,0.0
2026-09-16,163029549252,218089633985,H100,gpu,,255,3.22,PAYG,POSTPAID,0,2025-05-26,1.65,2025-06-02,2026-08-10,1.65,1.65,127,0,2025-05-26:1.65,Disqualified,disqualified,,Customer Disengagement or Cancellation,Disqualified,Nemax,7,0.0
2026-09-16,180428630220,234996230351,H200,gpu,,32,12.01,PAYG,PREPAID,0,2025-06-23,2.3,2025-07-31,2026-08-10,2.3,2.3,119,0,2025-06-23:2.3,Closed lost,lost_capacity,,NO_CAPACITY,Lost Deal,us-central1 – Kansas,38,0.0
2026-09-16,180456688831,242469198060,H100,gpu,,1024,12.01,RESERVE,PREPAID,0,2025-06-23,1.5,2025-09-04,2026-08-10,1.5,1.5,119,0,2025-06-23:1.5,Disqualified,disqualified,,Test Deals,Disqualified,Nemax,73,0.0
2026-09-16,18408811763,22883551982,H100,gpu,,60,11.97,RESERVE,PREPAID,1,2024-10-15,2.12,2024-10-29,2024-10-29,2.12,2.12,3,0,2024-10-15:2.12,Closed lost,lost_other,,Customer Disengagement or Cancellation,Lost Deal,Nemax,14,0.0
2026-09-16,184351380691,247036114152,H200,gpu,,16,0.46,TESTING,NO_PAYMENT,0,2025-06-30,3.5,2025-07-17,2026-08-10,3.5,3.5,117,0,2025-06-30:3.5,Closed won,won,2025-07-17,,Approved,us-central1 – Kansas,17,0.0
2026-09-16,186580605177,187153537241,H200,gpu,,32,24.05,RESERVE,PREPAID,0,2025-07-03,2.4,2025-09-04,2026-08-10,2.4,2.4,116,0,2025-07-03:2.4,Disqualified,disqualified,,Customer Disengagement or Cancellation,Disqualified,us-central1 – Kansas,63,0.0
2026-09-16,186968355028,251449332947,H100,gpu,,8,8.12,PAYG,PREPAID,0,2025-07-03,2.95,2025-10-06,2026-08-10,2.0,1.6,116,1,2025-07-03:2.95>2025-07-24:2,Closed lost,lost_price_or_competitor,,Pricing and Billing Issues,Lost Deal,Nemax,95,-45.8
2026-09-16,226771940551,292064534773,B200,gpu,,64,5.95,RESERVE,PREPAID,0,2025-08-21,3.2,2025-09-11,2026-08-10,3.2,3.2,102,0,2025-08-21:3.2,Disqualified,disqualified,,Customer Disengagement or Cancellation,Disqualified,us-central1 – Kansas,21,0.0
2026-09-16,236742076663,301756918995,H100,gpu,,16,12.04,RESERVE,PREPAID,0,2025-09-04,1.7,2025-09-04,2025-10-23,1.7,1.7,15,0,2025-09-04:1.7,Prospect,open_at_freeze,,,Waiting For Approval,Nemax,0,0.0
2026-09-16,241964779709,306937389280,H100,gpu,,48,7.47,RESERVE,PREPAID,0,2025-09-15,1.7,2025-10-02,2026-08-10,1.7,1.7,95,0,2025-09-15:1.7,Closed won,won,2025-10-02,,DECLINED,Nemax,17,0.0
2026-09-16,249190321398,314876207345,B200,gpu,,1024,14.28,RESERVE,PREPAID,0,2025-09-25,3.35,2025-09-25,2025-10-13,3.35,3.35,6,0,2025-09-25:3.35,Prospect,open_at_freeze,,,Waiting For Approval,us-central1 – Kansas,0,0.0
2026-09-16,249190557931,282636088559,B200,gpu,,32,2.01,RESERVE,PREPAID,0,2025-09-25,3.2,2025-10-16,2026-08-10,3.2,3.2,92,0,2025-09-25:3.2,Closed won,won,2025-10-16,,Approved,us-central1 – Kansas,21,0.0
2026-09-16,256059317474,322087868623,H100,gpu,,256,12.01,RESERVE,PREPAID,0,2025-10-02,1.5,2025-10-27,2026-08-10,1.5,1.5,90,0,2025-10-02:1.5,Closed lost,lost_capacity,,NO_CAPACITY,Lost Deal,Nemax,25,0.0
2026-09-16,262518211816,327564618961,H100,gpu,,256,12.01,RESERVE,POSTPAID,0,2025-10-09,1.4,2025-12-08,2026-08-10,1.4,1.4,88,0,2025-10-09:1.4,Closed won,won,2025-12-08,,Approved,Nemax,60,0.0
2026-09-16,285459308758,351215854806,GB300,gpu,72,12,11.97,RESERVE,PREPAID,0,2025-10-30,5.0,2026-02-11,2026-08-10,5.0,5.0,82,0,2025-10-30:5,Closed lost,lost_other,,Customer Disengagement or Cancellation,Lost Deal,Nemax,104,0.0
2026-09-16,305595894987,371720360141,H200,gpu,,16,13.52,RESERVE,POSTPAID,0,2025-11-13,2.15,2026-05-13,2026-08-10,2.15,2.15,78,0,2025-11-13:2.15,Technical Validation,open_at_freeze,,,Approved,us-central1 – Kansas,181,0.0
2026-09-16,306719507664,274774657251,H100,gpu,,16,11.97,RESERVE,PREPAID,0,2025-11-13,1.73,2025-11-26,2026-08-10,1.73,1.73,78,0,2025-11-13:1.73,Closed won,won,2025-11-26,,Approved,Nemax,13,0.0
2026-09-16,310092368088,368331955441,H200,gpu,,128,1.51,RESERVE,PREPAID,0,2025-11-17,1.9,2026-03-25,2026-08-10,1.9,1.9,77,0,2025-11-17:1.9,Closed lost,lost_other,,Duplicate deal,Lost Deal,Nemax,128,0.0
2026-09-16,32743536831,35974888696,H100,gpu,,24,11.97,PAYG,POSTPAID,0,2024-11-05,2.4,2024-11-14,2026-08-10,2.4,2.4,163,0,2024-11-05:2.4,Closed won,won,2024-11-14,,Approved,Nemax,9,0.0
2026-09-16,342462569710,406250960089,B200,gpu,,32,12.01,RESERVE,PREPAID,0,2025-12-15,2.9,2025-12-15,2025-12-22,2.9,2.9,3,0,2025-12-15:2.9,Commercial Proposal,open_at_freeze,,,Waiting For Approval,us-central1 – Kansas,0,0.0
2026-09-16,376219770042,437330354362,B200,gpu,,48,2.96,RESERVE,POSTPAID,0,2026-01-19,3.25,2026-02-23,2026-08-10,3.25,3.25,59,0,2026-01-19:3.25,Closed won,won,2026-02-23,,Approved,us-central1 – Kansas,35,0.0
2026-09-16,38176661696,40178543838,H200,gpu,,256,35.99,RESERVE,PREPAID,0,2024-11-14,2.1,2024-11-26,2026-08-10,2.1,2.1,162,0,2024-11-14:2.1,Closed lost,lost_price_or_competitor,,Pricing and Billing Issues,Lost Deal,Nemax,12,0.0
2026-09-16,40730623221,16520249832,H100,gpu,,1,0.13,PAYG,POSTPAID,0,2024-11-18,2.95,2024-11-18,2026-08-10,2.95,2.95,161,0,2024-11-18:2.95,Disqualified,disqualified,,Test Deals,Disqualified,Nemax,0,0.0
2026-09-16,409725977842,467645128932,H100,gpu,,200,6.05,RESERVE,POSTPAID,0,2026-02-16,1.8,2026-02-16,2026-08-10,1.8,1.8,51,0,2026-02-16:1.8,Closed lost,lost_capacity,,NO_CAPACITY,Lost Deal,Nemax,0,0.0
2026-09-16,410205963504,465861424361,H200,gpu,,2048,18.06,RESERVE,PREPAID,0,2026-02-11,1.9,2026-02-25,2026-08-10,1.9,1.9,52,0,2026-02-11:1.9,Closed lost,lost_capacity,,NO_CAPACITY,Lost Deal,Nemax,14,0.0
2026-09-16,412180804816,468617145564,B200,gpu,,48,2.17,RESERVE,PREPAID,0,2026-02-16,3.9,2026-02-25,2026-08-10,3.6,3.6,51,1,2026-02-16:3.9>2026-02-23:3.6,Closed lost,lost_capacity,,NO_CAPACITY,Lost Deal,me-west1 - Israel,9,-7.7
2026-09-16,425664846019,480473572598,H100,gpu,,100,2.66,RESERVE,PREPAID,0,2026-03-02,2.95,2026-06-03,2026-08-10,2.95,2.95,23,0,2026-03-02:2.95,Disqualified,disqualified,2026-03-02,Test Deals,Disqualified,eu-north2 – Iceland,93,0.0
2026-09-16,431713108200,486002687175,GB300,rack,72,5040,24.05,RESERVE,PREPAID,0,2026-03-04,4.5139,2026-05-11,2026-08-10,5.9,5.9,46,2,2026-03-04:4.5139>2026-04-22:5.3>2026-04-27:5.9,Closed won,won,2026-05-11,,Approved,us-south1 – Oklahoma,68,30.7
2026-09-16,436152796390,486626875636,B200,gpu,,48,2.99,RESERVE,POSTPAID,0,2026-03-09,2.5,2026-03-09,2026-03-25,2.5,2.5,6,0,2026-03-09:2.5,Technical Validation,open_at_freeze,,,Approved,me-west1 - Israel,0,0.0
2026-09-16,442217537767,338878403801,H100,gpu,,12,11.97,RESERVE,POSTPAID,0,2026-03-18,2.2,2026-06-01,2026-08-10,2.45,2.45,42,1,2026-03-18:2.2>2026-05-25:2.45,Closed won,won,2026-06-01,,Approved,Nemax,75,11.4
2026-09-16,443006521533,493472020682,H200,gpu,,16,0.2,TESTING,NO_PAYMENT,0,2026-03-23,3.5,2026-04-20,2026-08-10,3.5,3.5,41,0,2026-03-23:3.5,Closed lost,lost_price_or_competitor,,Competitor Chosen,Lost Deal,Nemax,28,0.0
2026-09-16,449150232797,497731487953,H100,gpu,,24,0.13,TESTING,NO_PAYMENT,0,2026-04-08,2.95,2026-06-01,2026-08-10,2.95,2.95,36,0,2026-04-08:2.95,Disqualified,disqualified,,Test Deals,Disqualified,Nemax,54,0.0
2026-09-16,449943508156,498503228607,B300,gpu,,80,11.97,RESERVE,PREPAID,0,2026-04-13,5.0,2026-05-06,2026-08-10,5.0,5.0,35,0,2026-04-13:5,Closed lost,lost_price_or_competitor,,Pricing and Billing Issues,Lost Deal,eu-west1 – Paris,23,0.0
2026-09-16,451800957135,499551957224,H200,gpu,,280,4.51,RESERVE,PREPAID,0,2026-04-22,2.26,2026-05-06,2026-08-10,2.26,2.26,32,0,2026-04-22:2.26,Closed won,won,2026-05-06,,Approved,us-central1 – Kansas,14,0.0
2026-09-16,456028326094,502036068567,B300,gpu,,112,12.01,RESERVE,PREPAID,0,2026-05-11,5.56,2026-05-11,2026-08-10,5.56,5.56,27,0,2026-05-11:5.56,Closed lost,lost_capacity,,NO_CAPACITY,Lost Deal,eu-south1 – Madrid,0,0.0
2026-09-16,458388488417,503577284803,B200,gpu,,128,11.97,RESERVE,PREPAID,0,2026-05-25,5.15,2026-07-20,2026-08-10,4.99,4.99,23,3,2026-05-25:5.15>2026-06-03:5.2>2026-06-29:5.1>2026-07-15:4.99,Closed won,won,2026-07-20,,Approved,me-west1 - Israel,56,-3.1
2026-09-16,460137358581,504434390204,B300,gpu,,920,12.01,RESERVE,,0,2026-06-01,5.46,2026-06-01,2026-08-10,5.46,5.46,21,0,2026-06-01:5.46,Technical Validation,open_at_freeze,,,Waiting For Approval,eu-west1 – Paris,0,0.0
2026-09-16,460713304291,502091035880,H100,gpu,,24,11.97,RESERVE,PREPAID,0,2026-06-03,2.55,2026-06-03,2026-06-24,2.55,2.55,7,0,2026-06-03:2.55,Agreement signing,open_at_freeze,,,Waiting For Approval,Nemax,0,0.0
2026-09-16,461587358927,505465908458,B300,gpu,,2000,24.05,RESERVE,POSTPAID,0,2026-06-08,5.0,2026-06-15,2026-08-10,5.0,5.0,19,0,2026-06-08:5,Disqualified,disqualified,,Duplicate deal,Disqualified,eu-south1 – Madrid,7,0.0
2026-09-16,462388313288,505813169339,B300,gpu,,32,0.69,TESTING,NO_PAYMENT,0,2026-06-15,7.1,2026-06-15,2026-08-10,7.1,7.1,17,0,2026-06-15:7.1,Prospect,open_at_freeze,,,Approved,uk-south1 – UK,0,0.0
2026-09-16,462534750405,505110214858,H200,gpu,,256,12.01,RESERVE,PREPAID,0,2026-06-15,3.0,2026-06-15,2026-08-10,3.0,3.0,17,0,2026-06-15:3,Prospect,open_at_freeze,,,Waiting For Approval,us-central1 – Kansas,0,0.0
2026-09-16,464514426084,506976085216,B300,gpu,,376,0.86,RESERVE,PREPAID,0,2026-06-22,5.56,2026-07-01,2026-08-10,5.56,5.56,15,0,2026-06-22:5.56,Closed lost,lost_capacity,,NO_CAPACITY,Lost Deal,eu-west2 – Paris,9,0.0
2026-09-16,465448798396,505315728610,H100,gpu,,64,12.01,RESERVE,PREPAID,0,2026-06-29,3.09,2026-06-29,2026-08-10,3.09,3.09,13,0,2026-06-29:3.09,Technical Validation,open_at_freeze,,,Waiting For Approval,Nemax,0,0.0
2026-09-16,466052858083,507747559673,B300,gpu,,16,11.97,RESERVE,PREPAID,0,2026-06-29,5.4,2026-06-29,2026-08-10,5.4,5.4,13,0,2026-06-29:5.4,Technical Validation,open_at_freeze,,,Waiting For Approval,eu-west1 – Paris,0,0.0
2026-09-16,466053558492,508123163887,H200,gpu,,64,11.97,RESERVE,PREPAID,0,2026-06-29,2.71,2026-06-29,2026-07-06,2.71,2.71,3,0,2026-06-29:2.71,Prospect,open_at_freeze,,,Waiting For Approval,uk-south2 – London East,0,0.0
2026-09-16,467796246730,509471559922,B200,gpu,,8,11.97,RESERVE,PREPAID,0,2026-07-08,7.15,2026-07-08,2026-08-10,7.15,7.15,10,0,2026-07-08:7.15,Commercial Proposal,open_at_freeze,,,Approved,me-west1 - Israel,0,0.0
2026-09-16,467900286142,503485419716,B200,gpu,,16,12.04,RESERVE,,0,2026-07-13,5.31,2026-07-13,2026-08-10,5.31,5.31,9,0,2026-07-13:5.31,Technical Validation,open_at_freeze,,,Waiting For Approval,us-central1 – Kansas,0,0.0
2026-09-16,469664447720,508294952176,B300,gpu,,256,11.97,RESERVE,PREPAID,0,2026-07-15,6.15,2026-07-15,2026-08-10,6.15,6.15,8,0,2026-07-15:6.15,Technical Validation,open_at_freeze,,Duplicate deal,Waiting For Approval,eu-west1 – Paris,0,0.0
2026-09-16,475938339030,514695170295,GB300,gpu,72,4032,11.97,RESERVE,PREPAID,0,2026-08-03,5.75,2026-08-03,2026-08-10,5.75,5.75,3,0,2026-08-03:5.75,Technical Validation,open_at_freeze,,,Waiting For Approval,me-west1 - Israel,0,0.0
2026-09-16,476018571471,514843208904,B300,gpu,,64,11.97,RESERVE,PREPAID,0,2026-08-05,7.85,2026-08-05,2026-08-10,7.85,5.57,2,0,2026-08-05:7.85,Commercial Proposal,open_at_freeze,,,Waiting For Approval,me-west1 - Israel,0,-29.0
2026-09-16,476672506093,515193108721,B200,gpu,,128,6.02,RESERVE,PREPAID,0,2026-08-10,4.65,2026-08-10,2026-08-10,4.65,4.65,1,0,2026-08-10:4.65,Technical Validation,open_at_freeze,,,Approved,us-central1 – Kansas,0,0.0
2026-09-16,49291949300,58262094064,H200,gpu,,8,0.43,TESTING,NO_PAYMENT,0,2024-12-03,4.85,2025-03-10,2026-08-10,4.85,4.85,159,0,2024-12-03:4.85,Closed won,won,2025-03-10,,Approved,eu-west1 – Paris,97,0.0
2026-09-16,49874162885,61279268026,H200,gpu,,50,2.93,RESERVE,PREPAID,0,2024-12-03,2.0,2025-02-03,2026-08-10,2.0,2.0,159,0,2024-12-03:2,Closed lost,lost_other,,Customer Disengagement or Cancellation,Lost Deal,eu-west1 – Paris,62,0.0
2026-09-16,78391351487,36737589445,H200,gpu,,2024,2.01,RESERVE,PREPAID,0,2025-01-13,2.3,2025-05-12,2026-08-10,2.3,2.3,155,0,2025-01-13:2.3,Closed lost,lost_price_or_competitor,,Pricing and Billing Issues,Lost Deal,eu-west1 – Paris,119,0.0
2026-09-16,86173041860,112503766227,H100,gpu,,16,12.04,RESERVE,POSTPAID,0,2025-01-27,2.95,2025-05-01,2026-08-10,2.65,2.65,153,1,2025-01-27:2.95>2025-04-17:2.65,Closed won,won,2025-05-01,,Approved,Nemax,94,-10.2
2026-09-16,89491817685,108998254819,H100,gpu,,16,0.1,TESTING,NO_PAYMENT,0,2025-02-03,2.95,2025-04-14,2026-08-10,2.95,2.95,152,0,2025-02-03:2.95,Closed lost,lost_other,,Customer Disengagement or Cancellation,Lost Deal,Nemax,70,0.0
2026-09-16,9580486111,12947506405,H100,gpu,,16,0.46,TESTING,NO_PAYMENT,1,2024-10-15,4.85,2024-10-15,2026-08-10,4.85,4.85,166,0,2024-10-15:4.85,Closed lost,lost_other,,Security and Compliance Gaps,Lost Deal,Finland,0,0.0
2026-09-16,9611846858,11232352207,H100,gpu,,24,3.03,TESTING,PREPAID,1,2024-10-15,4.85,2024-10-15,2026-08-10,4.85,4.85,166,0,2024-10-15:4.85,Closed won,won,2024-10-15,,Approved,Finland,0,0.0
2026-09-16,10127718591,13640890821,H100,gpu,,32,0.95,RESERVE,PREPAID,1,2024-10-15,3.2,2024-10-15,2026-08-10,3.2,3.2,166,0,2024-10-15:3.2,Closed won,won,2024-10-15,,Approved,Finland,0,0.0
2026-09-16,11095856853,15778132178,H100,gpu,,128,0.03,TESTING,NO_PAYMENT,1,2024-10-15,4.85,2024-10-15,2026-08-10,4.85,4.85,166,0,2024-10-15:4.85,Closed lost,lost_price_or_competitor,,Competitor Chosen;Insufficient Capabilities,Lost Deal,Finland,0,0.0
2026-09-16,11157037277,15753568234,H100,gpu,,128,2.96,RESERVE,POSTPAID,1,2024-10-15,2.8,2024-10-15,2026-08-10,2.8,2.8,166,0,2024-10-15:2.8,Disqualified,disqualified,,Customer Disengagement or Cancellation,Disqualified,Finland,0,0.0
2026-09-16,11162929900,15174870991,H100,gpu,,24,35.99,PAYG,POSTPAID,1,2024-10-15,4.85,2024-10-15,2026-08-10,4.85,2.8,166,0,2024-10-15:4.85,Closed won,won,2024-10-15,,Approved,Finland,0,-42.3
2026-09-16,116065021119,58368903408,H200,gpu,,16,0.46,TESTING,NO_PAYMENT,0,2025-03-17,3.5,2025-04-17,2026-08-10,3.5,3.5,146,0,2025-03-17:3.5,Closed lost,lost_other,,Customer Disengagement or Cancellation,Lost Deal,Nemax,31,0.0
2026-09-16,121904861381,163449269466,H100,gpu,,8,8.22,RESERVE,PREPAID,0,2025-03-27,1.9,2025-04-03,2026-08-10,1.9,1.9,144,0,2025-03-27:1.9,Closed won,won,2025-04-03,,Approved,Nemax,7,0.0
2026-09-16,137829961930,185563187393,H100,gpu,,88,0.46,RESERVE,PREPAID,0,2025-04-24,1.7,2025-05-22,2026-08-10,1.7,1.7,136,0,2025-04-24:1.7,Closed lost,lost_other,,Customer Disengagement or Cancellation,Lost Deal,Nemax,28,0.0
2026-09-16,144808725692,148679235780,B200,gpu,,2000,8.95,RESERVE,POSTPAID,0,2025-05-01,3.5,2025-07-10,2026-08-10,3.5,3.5,134,0,2025-05-01:3.5,Closed lost,lost_other,,Qualification Oversights,Lost Deal,us-central1 – Kansas,70,0.0
2026-09-16,155556138181,174845018316,H100,gpu,,64,6.25,PAYG,POSTPAID,0,2025-05-19,2.2,2025-08-25,2026-08-10,2.2,2.2,129,0,2025-05-19:2.2,Closed lost,lost_price_or_competitor,,Pricing and Billing Issues,Lost Deal,Nemax,98,0.0
2026-09-16,16057101805,20479371213,H100,gpu,,128,3.03,RESERVE,PREPAID,1,2024-10-15,2.5,2024-10-22,2026-08-10,2.5,2.5,166,0,2024-10-15:2.5,Closed lost,lost_price_or_competitor,,Competitor Chosen,Lost Deal,Nemax,7,0.0
2026-09-16,163792886982,206916641996,H100,gpu,,200,2.04,RESERVE,POSTPAID,0,2025-05-26,2.95,2025-09-11,2026-08-10,1.7,1.7,127,1,2025-05-26:2.95>2025-06-26:1.7,Closed lost,lost_price_or_competitor,,Pricing and Billing Issues,Lost Deal,Nemax,108,-42.4
2026-09-16,166424385782,208189717693,B200,gpu,,64,13.03,RESERVE,PREPAID,0,2025-06-02,3.35,2025-10-16,2026-08-10,3.35,3.35,125,0,2025-06-02:3.35,Closed lost,lost_other,,Customer Disengagement or Cancellation,Lost Deal,us-central1 – Kansas,136,0.0
2026-09-16,171389929708,230122684649,H200,gpu,,88,11.97,PAYG,POSTPAID,0,2025-06-05,3.5,2025-06-26,2026-08-10,3.5,3.5,124,0,2025-06-05:3.5,Closed won,won,2025-06-26,,Approved,Nemax,21,0.0
2026-09-16,179186505917,240357476593,B200,gpu,,512,0.03,TESTING,PREPAID,0,2025-06-19,3.5,2025-06-30,2026-08-10,3.5,3.5,120,0,2025-06-19:3.5,Closed won,won,2025-06-30,,Approved,us-central1 – Kansas,11,0.0
2026-09-16,18189769181,22135718595,H100,gpu,,32,11.97,PAYG,POSTPAID,1,2024-10-15,3.5,2024-11-14,2026-08-10,3.5,2.98,166,0,2024-10-15:3.5,Closed won,won,2024-11-14,,Waiting For Approval,Nemax,30,-14.9
2026-09-16,182381123833,242673692886,B200,gpu,,32,6.05,RESERVE,PREPAID,0,2025-06-23,5.5,2025-07-14,2026-08-10,5.5,3.3,119,0,2025-06-23:5.5,Closed lost,lost_other,,Qualification Oversights,Lost Deal,us-central1 – Kansas,21,-40.0
2026-09-16,202631717094,267642288343,H200,gpu,,128,0.26,PAYG,POSTPAID,0,2025-07-21,1.6,2025-07-28,2026-08-10,1.6,1.6,111,0,2025-07-21:1.6,Closed won,won,2025-07-28,,Approved,eu-west1 – Paris,7,0.0
2026-09-16,210674825425,275548186833,B200,gpu,,16,0.2,TESTING,NO_PAYMENT,0,2025-07-31,5.5,2026-07-13,2026-08-10,5.5,5.5,108,0,2025-07-31:5.5,Commercial Proposal,open_at_freeze,,,Approved,us-central1 – Kansas,347,0.0
2026-09-16,215128496324,279942579439,H100,gpu,,128,4.54,PAYG,PREPAID,0,2025-08-07,1.6,2025-08-07,2026-08-10,1.6,1.6,106,0,2025-08-07:1.6,Closed won,won,2025-08-07,,Approved,Nemax,0,0.0
2026-09-16,235476301030,300721358070,H200,gpu,,300,12.04,PAYG,PREPAID,0,2025-09-01,2.0,2025-09-01,2025-09-08,2.0,2.0,3,0,2025-09-01:2,Prospect,open_at_freeze,,,Waiting For Approval,us-central1 – Kansas,0,0.0
2026-09-16,236202286266,300721358070,H100,gpu,,64,12.01,PAYG,PREPAID,0,2025-09-04,2.1,2025-09-18,2026-08-10,2.1,2.1,98,0,2025-09-04:2.1,Closed won,won,2025-09-18,,Approved,Nemax,14,0.0
2026-09-16,236606308593,301840033997,H100,gpu,,40,5.95,RESERVE,PREPAID,0,2025-09-04,1.7,2025-09-11,2026-08-10,1.7,1.7,98,0,2025-09-04:1.7,Closed won,won,2025-09-11,,Approved,Nemax,7,0.0
2026-09-16,238120041692,295427001589,H100,gpu,,16,0.23,TESTING,,0,2025-09-08,2.95,2025-12-08,2026-08-10,2.95,2.95,97,0,2025-09-08:2.95,Closed won,won,2025-12-08,,Approved,Nemax,91,0.0
2026-09-16,269678741702,292091322594,B200,gpu,,64,0.59,TESTING,NO_PAYMENT,0,2025-10-16,5.5,2026-02-04,2026-08-10,5.5,5.5,86,0,2025-10-16:5.5,Closed lost,lost_price_or_competitor,,Pricing and Billing Issues;Competitor Chosen,Lost Deal,us-central1 – Kansas,111,0.0
2026-09-16,313021021392,304599876822,H200,gpu,,16,12.04,RESERVE,POSTPAID,0,2025-11-20,1.8,2025-12-08,2026-08-10,1.8,1.8,76,0,2025-11-20:1.8,Closed lost,lost_price_or_competitor,,Pricing and Billing Issues,Lost Deal,Nemax,18,0.0
2026-09-16,340231501044,403976772848,B200,gpu,,10000,12.01,RESERVE,PREPAID,0,2025-12-15,5.5,2026-01-28,2026-08-10,5.5,3.58,69,0,2025-12-15:5.5,Closed lost,lost_capacity,,NO_CAPACITY,Lost Deal,,44,-34.9
2026-09-16,346507258099,379992342754,H200,gpu,,24,1.32,RESERVE,PREPAID,0,2025-12-17,2.1,2025-12-17,2026-01-12,2.1,2.1,8,0,2025-12-17:2.1,Agreement signing,open_at_freeze,,,Approved,us-central1 – Kansas,0,0.0
2026-09-16,352015104240,413524737235,B200,gpu,,8,0.46,TESTING,NO_PAYMENT,0,2025-12-24,5.5,2026-05-04,2026-08-10,5.5,5.5,66,0,2025-12-24:5.5,Closed lost,lost_other,,Customer Disengagement or Cancellation;Insufficient Capabilities,Lost Deal,us-central1 – Kansas,131,0.0
2026-09-16,359686913260,420946155748,B200,gpu,,256,0.56,RESERVE,PREPAID,0,2026-01-05,5.5,2026-01-28,2026-08-10,5.5,3.24,63,0,2026-01-05:5.5,Closed won,won,2026-01-28,,Approved,me-west1 - Israel,23,-41.1
2026-09-16,360518169814,397390299326,H200,gpu,,64,11.97,RESERVE,POSTPAID,0,2026-01-07,3.5,2026-01-07,2026-04-06,3.5,3.5,26,0,2026-01-07:3.5,Commercial Proposal,open_at_freeze,,,Waiting For Approval,Nemax,0,0.0
2026-09-16,373059222715,338894851261,H200,gpu,,48,12.01,RESERVE,POSTPAID,0,2026-01-14,2.0,2026-06-15,2026-08-10,2.0,2.0,60,0,2026-01-14:2,Closed won,won,2026-06-15,,Approved,Nemax,152,0.0
2026-09-16,376251952365,436176816347,H200,gpu,,384,6.05,RESERVE,PREPAID,0,2026-01-19,1.9,2026-02-18,2026-08-10,1.75,1.75,59,1,2026-01-19:1.9>2026-02-09:1.75,Closed lost,lost_capacity,,NO_CAPACITY,Lost Deal,us-central1 – Kansas,30,-7.9
2026-09-16,395923676394,452564470984,H100,gpu,,32,1.15,TESTING,NO_PAYMENT,0,2026-02-02,2.95,2026-02-02,2026-05-04,2.95,2.95,27,0,2026-02-02:2.95,Technical Validation,open_at_freeze,,,Waiting For Approval,Nemax,0,0.0
2026-09-16,403340540152,338900281549,H200,gpu,,160,11.97,RESERVE,POSTPAID,0,2026-02-09,2.05,2026-02-09,2026-02-25,2.05,2.05,6,0,2026-02-09:2.05,Technical Validation,open_at_freeze,,,Waiting for Business Approval,Nemax,0,0.0
2026-09-16,408826170598,462065421546,B200,gpu,,128,2.17,RESERVE,POSTPAID,0,2026-02-11,3.55,2026-02-25,2026-08-10,3.55,3.55,52,0,2026-02-11:3.55,Closed lost,lost_capacity,,NO_CAPACITY,Lost Deal,me-west1 - Israel,14,0.0
2026-09-16,416923697365,472984593628,B200,gpu,,64,0.99,RESERVE,POSTPAID,0,2026-02-18,3.5,2026-03-23,2026-08-10,3.5,3.5,50,0,2026-02-18:3.5,Closed won,won,2026-03-23,,Approved,me-west1 - Israel,33,0.0
2026-09-16,423417778420,465990156523,B300,gpu,,8,6.05,RESERVE,POSTPAID,0,2026-02-25,4.0,2026-03-04,2026-08-10,4.0,4.0,48,0,2026-02-25:4,Closed lost,lost_capacity,,NO_CAPACITY,Lost Deal,uk-south1 – UK,7,0.0
2026-09-16,440672379071,493652902134,H200,gpu,,8,6.02,RESERVE,POSTPAID,0,2026-03-16,1.75,2026-03-16,2026-03-16,1.75,1.75,1,0,2026-03-16:1.75,Commercial Proposal,open_at_freeze,,,Waiting For Approval,eu-west1 – Paris,0,0.0
2026-09-16,443709712586,480182104270,H200,gpu,,1792,11.97,RESERVE,PREPAID,0,2026-03-23,3.5,2026-05-11,2026-08-10,3.5,3.5,41,0,2026-03-23:3.5,Closed lost,lost_price_or_competitor,,Pricing and Billing Issues;Competitor Chosen,Lost Deal,Nemax,49,0.0
2026-09-16,44934937818,37938264301,H100,gpu,,32,0.33,TESTING,NO_PAYMENT,0,2024-11-26,2.95,2025-03-17,2026-08-10,2.95,2.95,160,0,2024-11-26:2.95,Closed won,won,2025-03-17,,Approved,Nemax,111,0.0
2026-09-16,450617885922,498502523082,GB300,rack,72,2016,12.01,RESERVE,PREPAID,0,2026-04-15,5.0972,2026-04-22,2026-06-03,5.5,5.5,15,1,2026-04-15:5.0972>2026-05-04:5.5,Commercial Proposal,open_at_freeze,,,Waiting For Approval,eu-west3 – Bethune,7,7.9
2026-09-16,450764057816,498913845495,B300,gpu,,16,0.46,TESTING,NO_PAYMENT,0,2026-04-15,7.1,2026-06-24,2026-08-10,7.1,7.1,34,0,2026-04-15:7.1,Closed lost,lost_other,,Customer Disengagement or Cancellation,Lost Deal,uk-south1 – UK,70,0.0
2026-09-16,450807781563,498987400403,B300,gpu,,928,1.84,RESERVE,PREPAID,0,2026-04-20,4.5,2026-05-13,2026-08-10,5.47,5.47,33,2,2026-04-20:4.5>2026-04-27:4.55>2026-05-04:5.47,Closed won,won,2026-05-13,,Approved,us-north1 – Minnesota,23,21.6
2026-09-16,454653014256,501539471569,GB300,rack,72,504,12.01,RESERVE,PREPAID,0,2026-05-04,5.88,2026-06-24,2026-08-10,6.0,6.0,29,1,2026-05-04:5.88>2026-05-13:6,Closed lost,lost_price_or_competitor,,Competitor Chosen,Lost Deal,eu-west3 – Bethune,51,2.0
2026-09-16,463112598775,506128832722,H100,gpu,,16,3.03,RESERVE,NO_PAYMENT,0,2026-06-15,3.09,2026-06-15,2026-06-17,3.09,3.09,2,0,2026-06-15:3.09,Prospect,open_at_freeze,,,Disqualified,Nemax,0,0.0
2026-09-16,463208786169,506203741433,B300,gpu,,32,11.97,RESERVE,PREPAID,0,2026-06-17,6.1,2026-07-13,2026-08-10,6.1,6.1,16,0,2026-06-17:6.1,Commercial Proposal,open_at_freeze,,,Waiting For Approval,eu-south1 – Madrid,26,0.0
2026-09-16,465641158863,506118816982,B300,gpu,,256,24.05,RESERVE,PREPAID,0,2026-06-24,4.69,2026-06-29,2026-07-15,4.69,4.69,7,0,2026-06-24:4.69,Technical Validation,open_at_freeze,,,Waiting For Approval,,5,0.0
2026-09-16,475938421987,514841710805,H200,gpu,,344,12.01,RESERVE,POSTPAID,0,2026-08-03,3.25,2026-08-03,2026-08-10,3.25,3.25,3,0,2026-08-03:3.25,Commercial Proposal,open_at_freeze,,,Waiting for Business Approval,us-central1 – Kansas,0,0.0
2026-09-16,476750548213,515289700540,B200,gpu,,16,11.97,RESERVE,PREPAID,0,2026-08-10,5.3,2026-08-10,2026-08-10,5.3,5.3,1,0,2026-08-10:5.3,Prospect,open_at_freeze,,,Waiting For Approval,us-central1 – Kansas,0,0.0
2026-09-16,58023511242,71670023362,H200,gpu,,1,0.07,TESTING,NO_PAYMENT,0,2024-12-17,4.85,2025-05-12,2026-08-10,4.85,4.85,157,0,2024-12-17:4.85,Closed won,won,2025-05-12,,Approved,eu-west1 – Paris,146,0.0
2026-09-16,91745593584,120025256122,H100,gpu,,32,1.94,PROMO,POSTPAID,0,2025-02-10,2.95,2025-05-29,2026-08-10,2.95,2.95,151,0,2025-02-10:2.95,Disqualified,disqualified,,Customer Disengagement or Cancellation,Disqualified,Nemax,108,0.0
2026-09-16,92886006981,121620103377,H200,gpu,,400,11.97,RESERVE,POSTPAID,0,2025-02-10,3.5,2025-02-24,2025-02-24,2.03,2.03,3,1,2025-02-10:3.5>2025-02-24:2.03,Commercial Proposal,open_at_freeze,,,Waiting For Approval,us-central1 – Kansas,14,-42.0
2026-09-16,93652682985,76068565239,H100,gpu,,16,0.46,TESTING,NO_PAYMENT,0,2025-02-10,2.95,2025-04-10,2026-08-10,2.95,2.95,151,0,2025-02-10:2.95,Closed lost,lost_price_or_competitor,,Competitor Chosen,Lost Deal,Nemax,59,0.0
2026-09-16,93780418778,122627137729,H100,gpu,,24,11.97,RESERVE,POSTPAID,0,2025-02-10,1.95,2025-03-24,2026-08-10,1.95,1.95,151,0,2025-02-10:1.95,Closed lost,lost_price_or_competitor,,Competitor Chosen,Lost Deal,Nemax,42,0.0
2026-09-16,9474090708,11375324123,H100,gpu,,8,3.03,PAYG,POSTPAID,1,2024-10-15,4.85,2024-10-15,2026-08-10,4.85,4.85,166,0,2024-10-15:4.85,Closed lost,lost_price_or_competitor,,Competitor Chosen,Disqualified,Finland,0,0.0
2026-09-16,9937845483,13064905934,H100,gpu,,512,23.98,RESERVE,PREPAID,1,2024-10-15,2.45,2024-10-15,2026-08-10,2.45,2.45,166,0,2024-10-15:2.45,Disqualified,disqualified,,Customer Disengagement or Cancellation,Disqualified,Finland,0,0.0
2026-09-16,10064757752,13465824452,H100,gpu,,512,0.46,PAYG,NO_PAYMENT,1,2024-10-15,4.85,2024-10-15,2026-08-10,4.85,4.85,166,0,2024-10-15:4.85,Disqualified,disqualified,,Customer Disengagement or Cancellation,Disqualified,Finland,0,0.0
2026-09-16,102000221375,134442096835,H200,gpu,,240,2.93,RESERVE,PREPAID,0,2025-02-24,1.75,2025-03-03,2026-08-10,1.75,1.75,149,0,2025-02-24:1.75,Disqualified,disqualified,,Test Deals,Disqualified,Nemax,7,0.0
2026-09-16,113939966196,150754289912,H100,gpu,,16,3.52,RESERVE,POSTPAID,0,2025-03-10,18.0,2025-05-12,2026-08-10,1.8,1.8,147,1,2025-03-10:18>2025-03-17:1.8,Closed won,won,2025-05-12,,Waiting For Approval,Nemax,63,-90.0
2026-09-16,12213178869,16659176912,H100,gpu,,50,0.1,PROMO,NO_PAYMENT,1,2024-10-15,3.5,2024-10-15,2026-08-10,3.5,3.5,166,0,2024-10-15:3.5,Closed won,won,2024-10-15,,DECLINED,Finland,0,0.0
2026-09-16,126586032349,148679235780,B200,gpu,,1200,9.93,RESERVE,POSTPAID,0,2025-04-10,3.5,2025-07-10,2026-08-10,3.5,3.5,140,0,2025-04-10:3.5,Closed lost,lost_other,,Qualification Oversights,Lost Deal,us-central1 – Kansas,91,0.0
2026-09-16,12962563556,16553494520,H100,gpu,,32,2.99,PAYG,POSTPAID,1,2024-10-15,3.5,2024-10-15,2026-08-10,3.5,3.5,166,0,2024-10-15:3.5,Closed won,won,2024-10-15,,Approved,Finland,0,0.0
2026-09-16,14478419178,15471287266,H100,gpu,,32,9.24,PAYG,POSTPAID,1,2024-10-15,2.5,2024-10-15,2026-08-10,2.5,2.5,166,0,2024-10-15:2.5,Closed won,won,2024-10-15,,Approved,Nemax,0,0.0
2026-09-16,14508716006,16623843022,H100,gpu,,32,5.49,RESERVE,PREPAID,1,2024-10-15,2.98,2024-10-15,2026-08-10,2.98,2.98,166,0,2024-10-15:2.98,Closed won,won,2024-10-15,,Approved,Nemax,0,0.0
2026-09-16,148351986910,194423700709,H200,gpu,,64,12.01,RESERVE,PREPAID,0,2025-05-08,3.5,2025-06-02,2025-08-04,2.3,2.3,26,1,2025-05-08:3.5>2025-07-14:2.3,Technical Validation,open_at_freeze,,,Waiting For Approval,us-central1 – Kansas,25,-34.3
2026-09-16,183663878337,237460349164,H100,gpu,,16,3.03,RESERVE,POSTPAID,0,2025-06-26,2.45,2025-08-07,2026-08-10,2.45,2.45,118,0,2025-06-26:2.45,Closed lost,lost_capacity,,NO_CAPACITY,Lost Deal,Nemax,42,0.0
2026-09-16,191696103669,169336678593,H100,gpu,,16,11.97,PAYG,POSTPAID,0,2025-07-10,2.95,2025-09-04,2026-08-10,2.95,2.95,114,0,2025-07-10:2.95,Closed won,won,2025-09-04,,Approved,Nemax,56,0.0
2026-09-16,194667098309,168399216858,H100,gpu,,64,10.59,PAYG,POSTPAID,0,2025-07-10,2.95,2025-07-10,2026-08-10,1.8,1.26,114,1,2025-07-10:2.95>2025-08-07:1.8,Prospect,open_at_freeze,,,Waiting For Approval,Nemax,0,-57.3
2026-09-16,202477360358,266505573619,H200,gpu,,24,2.93,PAYG,POSTPAID,0,2025-07-21,3.5,2025-12-01,2026-08-10,3.5,3.5,111,0,2025-07-21:3.5,Closed lost,lost_capacity,,NO_CAPACITY,Lost Deal,Nemax,133,0.0
2026-09-16,202623794375,267812539581,H200,gpu,,64,3.98,RESERVE,PREPAID,0,2025-07-21,2.0,2025-07-21,2025-10-06,2.0,2.0,23,0,2025-07-21:2,Prospect,open_at_freeze,,,Waiting For Approval,Nemax,0,0.0
2026-09-16,220222574810,284936962279,H200,gpu,,128,6.05,RESERVE,POSTPAID,0,2025-08-14,2.5,2025-08-14,2026-08-10,2.5,2.5,104,0,2025-08-14:2.5,Closed lost,lost_other,,Test Deals,Lost Deal,us-central1 – Kansas,0,0.0
2026-09-16,225567612094,194423700709,H200,gpu,,312,5.99,RESERVE,PREPAID,0,2025-08-21,2.2,2026-04-27,2026-08-10,2.2,2.2,102,0,2025-08-21:2.2,Closed lost,lost_capacity,,NO_CAPACITY,Lost Deal,Nemax,249,0.0
2026-09-16,227679440120,292270704842,B200,gpu,,1280,24.01,RESERVE,POSTPAID,0,2025-08-25,4.0,2025-08-28,2025-09-08,3.2,3.2,5,1,2025-08-25:4>2025-09-04:3.2,Technical Validation,open_at_freeze,,,Waiting For Approval,us-central1 – Kansas,3,-20.0
2026-09-16,236013319409,153274318073,GB300,gpu,72,72,0.13,PAYG,PREPAID,0,2025-09-04,9.2,2025-09-04,2025-11-10,9.2,9.2,20,0,2025-09-04:9.2,Disqualified,disqualified,,Test Deals,Disqualified,Nemax,0,0.0
2026-09-16,24835331280,28490158293,H100,gpu,,384,5.92,RESERVE,PREPAID,0,2024-10-29,2.0,2024-11-05,2026-08-10,2.0,2.0,164,0,2024-10-29:2,Disqualified,disqualified,,Pricing and Billing Issues,Disqualified,Nemax,7,0.0
2026-09-16,261570654415,322792624333,H200,gpu,,96,5.92,RESERVE,PREPAID,0,2025-10-06,3.5,2025-10-13,2025-10-13,2.0,2.0,3,1,2025-10-06:3.5>2025-10-13:2,Technical Validation,open_at_freeze,,,Waiting For Approval,us-central1 – Kansas,7,-42.9
2026-09-16,261963939016,267812539581,GB300,rack,72,72,12.01,RESERVE,PREPAID,0,2025-10-09,6.0,2025-12-01,2026-08-10,6.0,6.0,88,0,2025-10-09:6,Closed lost,lost_other,,Customer Disengagement or Cancellation,Lost Deal,Nemax,53,0.0
2026-09-16,269678954731,174487436495,B300,gpu,,16,0.46,TESTING,NO_PAYMENT,0,2025-10-16,7.1,2025-10-16,2025-10-27,7.1,7.1,4,0,2025-10-16:7.1,Commercial Proposal,open_at_freeze,,,Pre-Approved,uk-south1 – UK,0,0.0
2026-09-16,320412446912,381158482121,H200,gpu,,32,6.02,RESERVE,PREPAID,0,2025-11-24,1.92,2025-11-26,2026-08-10,1.92,1.92,75,0,2025-11-24:1.92,Closed won,won,2025-11-26,,Approved,eu-west1 – Paris,2,0.0
2026-09-16,33449727211,15174870991,H100,gpu,,24,35.99,RESERVE,POSTPAID,0,2024-11-05,1.99,2024-11-05,2026-08-10,1.99,1.99,163,0,2024-11-05:1.99,Closed won,won,2024-11-05,,Waiting For Approval,Nemax,0,0.0
2026-09-16,347647483083,338900281549,H200,gpu,,160,11.97,RESERVE,POSTPAID,0,2025-12-22,1.7,2026-03-11,2026-08-10,2.05,2.05,67,1,2025-12-22:1.7>2026-02-09:2.05,Closed won,won,2026-03-11,,Approved,Nemax,79,20.6
2026-09-16,367225445563,427847744746,B200,gpu,,8,12.01,RESERVE,PREPAID,0,2026-01-12,5.5,2026-01-28,2026-08-10,3.4,3.4,61,1,2026-01-12:5.5>2026-01-14:3.4,Closed lost,lost_other,,Insufficient Capabilities,Lost Deal,me-west1 - Israel,16,-38.2
2026-09-16,368475696331,425067154660,H200,gpu,,8,0.23,RESERVE,NO_PAYMENT,0,2026-01-12,3.5,2026-03-09,2026-08-10,3.5,3.5,61,0,2026-01-12:3.5,Closed lost,lost_other,,Duplicate deal,Lost Deal,Nemax,56,0.0
2026-09-16,386721540345,443118566596,B200,gpu,,8,0.46,TESTING,NO_PAYMENT,0,2026-01-26,5.5,2026-01-26,2026-08-10,5.5,5.5,57,0,2026-01-26:5.5,Technical Validation,open_at_freeze,,,Approved,us-central1 – Kansas,0,0.0
2026-09-16,400243909879,451028311289,B200,gpu,,8,0.13,TESTING,NO_PAYMENT,0,2026-02-04,5.5,2026-06-03,2026-08-10,5.5,5.5,35,0,2026-02-04:5.5,Disqualified,disqualified,,Test Deals,Disqualified,eu-west1 – Paris,119,0.0
2026-09-16,414254015693,470949752040,H200,gpu,,128,0.46,RESERVE,POSTPAID,0,2026-02-16,2.5,2026-03-02,2026-08-10,2.5,2.5,51,0,2026-02-16:2.5,Closed won,won,2026-03-02,,Approved,eu-west1 – Paris,14,0.0
2026-09-16,415473948873,466108675292,H100,gpu,,32,2.99,RESERVE,PREPAID,0,2026-02-16,1.7,2026-03-04,2026-08-10,1.7,1.7,51,0,2026-02-16:1.7,Closed won,won,2026-03-04,,Approved,Nemax,16,0.0
2026-09-16,445972004075,455558745337,GB300,rack,72,0,11.97,RESERVE,PREPAID,0,2026-03-30,5.37,2026-03-30,2026-05-13,5.37,5.37,14,0,2026-03-30:5.37,Prospect,open_at_freeze,,,Waiting For Approval,eu-west2 – Paris,0,0.0
2026-09-16,449946725564,258773657801,B300,gpu,,16,0.23,TESTING,NO_PAYMENT,0,2026-04-13,7.1,2026-05-11,2026-08-10,7.1,7.1,35,0,2026-04-13:7.1,Closed lost,lost_price_or_competitor,,Competitor Chosen;Pricing and Billing Issues,Lost Deal,uk-south1 – UK,28,0.0
2026-09-16,451800122589,499005130948,B300,gpu,,5000,24.01,RESERVE,PREPAID,0,2026-04-22,5.5,2026-05-06,2026-08-10,4.55,4.55,32,2,2026-04-22:5.5>2026-04-27:5.29>2026-04-29:4.55,Closed lost,lost_price_or_competitor,,Pricing and Billing Issues,Lost Deal,eu-west2 – Paris,14,-17.3
2026-09-16,454308057315,374333613286,B300,gpu,,24,11.97,RESERVE,POSTPAID,0,2026-05-04,5.56,2026-05-04,2026-05-27,5.56,5.56,8,0,2026-05-04:5.56,Commercial Proposal,open_at_freeze,,,Waiting for Business Approval,eu-west1 – Paris,0,0.0
2026-09-16,454652735734,501540668604,B300,gpu,,480,12.01,RESERVE,PREPAID,0,2026-05-04,5.6,2026-06-01,2026-08-10,5.6,5.6,29,0,2026-05-04:5.6,Closed lost,lost_price_or_competitor,,Pricing and Billing Issues,Lost Deal,us-north1 – Minnesota,28,0.0
2026-09-16,456583599328,502091049158,GB300,rack,72,2160,36.02,RESERVE,PREPAID,0,2026-05-13,4.9,2026-06-22,2026-08-10,4.9,4.9,26,0,2026-05-13:4.9,Closed lost,lost_price_or_competitor,,Pricing and Billing Issues,Lost Deal,us-south1 – Oklahoma,40,0.0
2026-09-16,457719134424,501728034002,B200,gpu,,32,2.99,RESERVE,POSTPAID,0,2026-05-20,2.45,2026-06-15,2026-08-10,2.45,2.45,24,0,2026-05-20:2.45,Closed won,won,2026-06-15,,Approved,me-west1 - Israel,26,0.0
2026-09-16,459917086939,504551031007,H200,gpu,,32,12.01,RESERVE,PREPAID,0,2026-05-27,2.9,2026-05-27,2026-08-10,2.9,2.9,22,0,2026-05-27:2.9,Closed lost,lost_capacity,,NO_CAPACITY,Lost Deal,Nemax,0,0.0
2026-09-16,460096245962,504636554442,B300,gpu,,16,0.33,TESTING,NO_PAYMENT,0,2026-06-01,5.56,2026-06-17,2026-08-10,5.56,5.56,21,0,2026-06-01:5.56,Disqualified,disqualified,,Test Deals;Duplicate deal,Disqualified,uk-south1 – UK,16,0.0
2026-09-16,462358300919,505799418070,B300,gpu,,16,6.02,RESERVE,PREPAID,0,2026-06-10,5.75,2026-08-05,2026-08-10,5.75,5.75,18,0,2026-06-10:5.75,Closed lost,lost_other,,Customer Disengagement or Cancellation,Lost Deal,eu-west1 – Paris,56,0.0
2026-09-16,466424190190,455668665557,B200,gpu,,64,12.01,RESERVE,PREPAID,0,2026-06-29,4.99,2026-06-29,2026-08-10,4.99,4.99,13,0,2026-06-29:4.99,Prospect,open_at_freeze,,,Waiting For Approval,us-central1 – Kansas,0,0.0
2026-09-16,467090677990,508804896992,H100,gpu,,210,6.05,RESERVE,PREPAID,0,2026-07-01,2.77,2026-07-13,2026-07-27,2.77,2.77,8,0,2026-07-01:2.77,Commercial Proposal,open_at_freeze,,,Waiting For Approval,Nemax,12,0.0
2026-09-16,467472590026,509224243393,B300,gpu,,256,12.01,RESERVE,POSTPAID,0,2026-07-06,5.56,2026-07-13,2026-08-10,5.56,5.56,11,0,2026-07-06:5.56,Closed won,won,2026-07-13,,Approved,eu-west2 – Paris,7,0.0
2026-09-16,467900268773,509450403042,B300,gpu,,512,24.05,RESERVE,PREPAID,0,2026-07-13,5.1,2026-07-13,2026-08-10,5.1,5.1,9,0,2026-07-13:5.1,Commercial Proposal,open_at_freeze,,,Waiting For Approval,eu-south1 – Madrid,0,0.0
2026-09-16,470305117433,509472090331,B300,gpu,,32,0.53,RESERVE,PREPAID,0,2026-07-15,3.5,2026-07-15,2026-08-10,3.5,3.5,8,0,2026-07-15:3.5,Commercial Proposal,open_at_freeze,,,Approved,uk-south1 – UK,0,0.0
2026-09-16,471054086339,510150866111,B200,gpu,,512,5.99,RESERVE,PREPAID,0,2026-07-20,7.15,2026-07-27,2026-08-10,7.15,5.15,7,0,2026-07-20:7.15,Technical Validation,open_at_freeze,,,Waiting For Approval,us-central1 – Kansas,7,-28.0
2026-09-16,473358963955,511027293380,GB300,rack,72,4032,12.01,RESERVE,PREPAID,0,2026-07-27,5.88,2026-08-03,2026-08-10,5.99,5.99,5,1,2026-07-27:5.88>2026-08-03:5.99,Commercial Proposal,open_at_freeze,,,Waiting For Approval,me-west1 - Israel,7,1.9
2026-09-16,473751125228,513229958385,GB300,rack,72,1008,12.04,RESERVE,POSTPAID,0,2026-07-27,6.1389,2026-07-27,2026-08-10,6.1389,6.1389,5,0,2026-07-27:6.1389,Technical Validation,open_at_freeze,,,Waiting For Approval,eu-west3 – Bethune,0,0.0
2026-09-16,476750331075,515116000469,H200,gpu,,256,17.99,RESERVE,PREPAID,0,2026-08-10,3.0,2026-08-10,2026-08-10,3.0,3.0,1,0,2026-08-10:3,Commercial Proposal,open_at_freeze,,,Waiting For Approval,us-central1 – Kansas,0,0.0
2026-09-16,70514832595,88847727816,H100,gpu,,24,0.13,TESTING,NO_PAYMENT,0,2025-01-07,2.95,2025-01-27,2026-08-10,2.95,2.95,156,0,2025-01-07:2.95,Closed lost,lost_price_or_competitor,,Pricing and Billing Issues,Lost Deal,Nemax,20,0.0
2026-09-16,8456412347,11031010028,H100,gpu,,8,0.26,PAYG,POSTPAID,1,2024-10-15,4.85,2024-10-15,2026-08-10,4.85,2.9,166,0,2024-10-15:4.85,Closed won,won,2024-10-15,,Approved,Finland,0,-40.2
2026-09-16,10585622508,14716491753,H100,gpu,,128,0.99,PAYG,POSTPAID,1,2024-10-15,3.15,2024-10-15,2026-08-10,3.15,3.15,166,0,2024-10-15:3.15,Closed won,won,2024-10-15,,Disqualified,Finland,0,0.0
2026-09-16,10653667015,13774629851,H100,gpu,,256,11.97,RESERVE,POSTPAID,1,2024-10-15,2.2,2024-10-15,2026-08-10,2.2,2.2,166,0,2024-10-15:2.2,Disqualified,disqualified,,Insufficient Capabilities,Disqualified,Finland,0,0.0
2026-09-16,109160253673,145101245650,H100,gpu,,10,0.07,PAYG,PREPAID,0,2025-03-03,2.95,2025-03-03,2026-08-10,2.95,2.95,148,0,2025-03-03:2.95,Disqualified,disqualified,,Test Deals,Disqualified,Nemax,0,0.0
2026-09-16,110334343417,78735771850,H100,gpu,,50,2.99,PAYG,POSTPAID,0,2025-03-03,2.0,2025-03-17,2026-08-10,2.0,2.0,148,0,2025-03-03:2,Closed won,won,2025-03-17,,Approved,Nemax,14,0.0
2026-09-16,112284251378,147809170655,H100,gpu,,64,11.97,RESERVE,PREPAID,0,2025-03-10,1.9,2025-05-22,2026-08-10,1.9,1.9,147,0,2025-03-10:1.9,Closed lost,lost_price_or_competitor,,PoC Performance;Competitor Chosen;Pricing and Billing Issues;Insufficient Capabilities,Lost Deal,Nemax,73,0.0
2026-09-16,130846443717,174975604979,H100,gpu,,8,0.16,TESTING,NO_PAYMENT,0,2025-04-14,2.5,2025-07-31,2026-08-10,2.5,2.5,139,0,2025-04-14:2.5,Closed lost,lost_capacity,,NO_CAPACITY,Lost Deal,Nemax,108,0.0
2026-09-16,132705135805,178323039436,H200,gpu,,16,1.97,RESERVE,POSTPAID,0,2025-04-17,2.3,2025-05-15,2026-08-10,2.2,2.2,138,1,2025-04-17:2.3>2025-05-08:2.2,Closed won,won,2025-05-15,,Approved,Nemax,28,-4.3
2026-09-16,136379660517,180289359087,H200,gpu,,40,12.01,RESERVE,PREPAID,0,2025-04-24,2.5,2025-10-16,2026-08-10,2.3,2.3,136,1,2025-04-24:2.5>2025-05-22:2.3,Closed lost,lost_other,,Qualification Oversights,Lost Deal,us-central1 – Kansas,175,-8.0
2026-09-16,144192345279,193459406030,H200,gpu,,32,2.04,PAYG,POSTPAID,0,2025-05-01,2.3,2025-09-25,2026-08-10,2.0,2.0,134,1,2025-05-01:2.3>2025-06-30:2,Closed lost,lost_other,,Customer Disengagement or Cancellation,Lost Deal,us-central1 – Kansas,147,-13.0
2026-09-16,166359882985,193326437571,H200,gpu,,256,0.07,PAYG,POSTPAID,0,2025-05-29,2.2,2025-07-07,2026-08-10,3.25,3.25,126,2,2025-05-29:2.2>2025-06-16:3.5>2025-06-19:3.25,Closed won,won,2025-07-07,,Approved,us-central1 – Kansas,39,47.7
2026-09-16,17949456359,22069808606,H100,gpu,,128,0.56,RESERVE,POSTPAID,1,2024-10-15,2.5,2024-10-15,2026-08-10,2.5,2.5,166,0,2024-10-15:2.5,Closed won,won,2024-10-15,,Approved,Finland,0,0.0
2026-09-16,180413877444,235123366104,B200,gpu,,256,6.32,RESERVE,PREPAID,0,2025-06-26,3.5,2025-07-31,2026-08-10,3.5,3.5,118,0,2025-06-26:3.5,Closed lost,lost_price_or_competitor,,Competitor Chosen;Cluster Performance,Lost Deal,us-central1 – Kansas,35,0.0
2026-09-16,180725817568,242673173740,H200,gpu,,16,4.9,TESTING,NO_PAYMENT,0,2025-06-23,3.5,2025-09-25,2026-08-10,3.5,3.5,119,0,2025-06-23:3.5,Closed won,won,2025-09-25,,Approved,us-central1 – Kansas,94,0.0
2026-09-16,203521219770,247771672781,H100,gpu,,8,0.23,TESTING,NO_PAYMENT,0,2025-07-24,2.95,2025-07-24,2025-07-31,2.95,2.95,3,0,2025-07-24:2.95,Prospect,open_at_freeze,,,Waiting For Approval,eu-west1 – Paris,0,0.0
2026-09-16,216991237348,153274318073,H200,gpu,,10,0.03,PAYG,PREPAID,0,2025-08-11,3.5,2025-08-28,2025-09-01,3.5,3.5,7,0,2025-08-11:3.5,Disqualified,disqualified,,Test Deals,Disqualified,us-east1 – New Jersey,17,0.0
2026-09-16,230713483468,293493946591,B200,gpu,,32,2.99,PAYG,,0,2025-08-28,4.0,2025-09-04,2026-08-10,4.0,4.0,100,0,2025-08-28:4,Closed won,won,2025-09-04,,Approved,us-central1 – Kansas,7,0.0
2026-09-16,235529748701,300721459435,B200,gpu,,16,5.2,RESERVE,PREPAID,0,2025-09-04,2.9,2025-11-24,2026-08-10,2.9,2.9,98,0,2025-09-04:2.9,Closed lost,lost_other,,Customer Disengagement or Cancellation,Lost Deal,me-west1 - Israel,81,0.0
2026-09-16,243886124280,292064535749,H200,gpu,,256,0.46,TESTING,NO_PAYMENT,0,2025-09-15,3.5,2025-09-18,2025-09-22,3.5,3.5,3,0,2025-09-15:3.5,Technical Validation,open_at_freeze,,,Waiting For Approval,us-central1 – Kansas,3,0.0
2026-09-16,24532448503,28489842930,H100,gpu,,16,0.95,RESERVE,PREPAID,0,2024-10-29,3.5,2025-02-24,2026-08-10,3.5,3.5,164,0,2024-10-29:3.5,Closed lost,lost_other,,Customer Disengagement or Cancellation,Lost Deal,Nemax,118,0.0
2026-09-16,246116633810,309824542928,H200,gpu,,16,0.3,TESTING,NO_PAYMENT,0,2025-09-22,3.5,2025-11-17,2026-08-10,3.5,3.5,93,0,2025-09-22:3.5,Closed lost,lost_capacity,,NO_CAPACITY,Lost Deal,Nemax,56,0.0
2026-09-16,262153754828,327594805449,H200,gpu,,256,5.95,RESERVE,POSTPAID,0,2025-10-09,3.5,2025-10-30,2026-08-10,3.5,2.0,88,0,2025-10-09:3.5,Closed won,won,2025-10-30,,Approved,us-central1 – Kansas,21,-42.9
2026-09-16,265119439068,330495879382,B300,gpu,,256,12.01,RESERVE,PREPAID,0,2025-10-13,4.0,2025-10-13,2025-12-03,3.2,3.2,16,1,2025-10-13:4>2025-12-01:3.2,Prospect,open_at_freeze,,,Pre-Approved,uk-south1 – UK,0,-20.0
2026-09-16,307337364681,371121984715,B200,gpu,,4000,12.01,RESERVE,PREPAID,0,2025-11-13,3.5,2025-11-20,2026-08-10,3.5,3.5,78,0,2025-11-13:3.5,Closed lost,lost_capacity,,NO_CAPACITY,Lost Deal,uk-south1 – UK,7,0.0
2026-09-16,330754341112,395073705200,B200,gpu,,8,0.13,TESTING,NO_PAYMENT,0,2025-12-03,5.5,2025-12-22,2026-08-10,5.5,5.5,72,0,2025-12-03:5.5,Closed won,won,2025-12-22,,Approved,us-central1 – Kansas,19,0.0
2026-09-16,352511895763,410630152404,B200,gpu,,32,5.95,RESERVE,POSTPAID,0,2025-12-24,3.75,2026-01-28,2026-08-10,3.55,3.55,66,2,2025-12-24:3.75>2026-01-12:3.25>2026-01-19:3.55,Closed won,won,2026-01-28,,Approved,us-central1 – Kansas,35,-5.3
2026-09-16,357866085613,420935396579,H200,gpu,,128,11.97,RESERVE,PREPAID,0,2026-01-05,1.5,2026-03-02,2026-08-10,1.8,1.8,63,1,2026-01-05:1.5>2026-01-07:1.8,Closed lost,lost_price_or_competitor,,Competitor Chosen,Lost Deal,eu-west1 – Paris,56,20.0
2026-09-16,38134431944,40178126043,H100,gpu,,1024,11.97,RESERVE,PREPAID,0,2024-11-14,1.9,2024-11-26,2026-08-10,1.9,1.9,162,0,2024-11-14:1.9,Closed lost,lost_price_or_competitor,,Competitor Chosen,Lost Deal,Nemax,12,0.0
2026-09-16,39238230216,40326916312,H100,gpu,,256,2.01,RESERVE,POSTPAID,0,2024-11-14,1.35,2025-03-03,2026-08-10,1.35,1.35,162,0,2024-11-14:1.35,Closed won,won,2025-03-03,,Disqualified,Nemax,109,0.0
2026-09-16,392851639504,451397694691,H100,gpu,,50,0.95,RESERVE,NO_PAYMENT,0,2026-01-28,2.95,2026-06-03,2026-08-10,2.95,2.95,30,0,2026-01-28:2.95,Disqualified,disqualified,,Test Deals,Disqualified,Nemax,126,0.0
2026-09-16,423834196210,477975683260,B200,gpu,,32,12.01,RESERVE,POSTPAID,0,2026-02-25,3.75,2026-02-25,2026-03-02,3.75,3.75,2,0,2026-02-25:3.75,Prospect,open_at_freeze,,,Waiting For Approval,us-central1 – Kansas,0,0.0
2026-09-16,427001524415,481870342350,B300,gpu,,1024,36.05,RESERVE,PREPAID,0,2026-03-02,3.48,2026-03-30,2026-08-10,3.48,3.48,47,0,2026-03-02:3.48,Closed won,won,2026-03-30,,Approved,us-north1 – Minnesota,28,0.0
2026-09-16,451218633948,495225585863,B300,gpu,,1000,12.01,RESERVE,,0,2026-04-20,5.15,2026-05-11,2026-08-10,5.15,5.15,33,0,2026-04-20:5.15,Prospect,open_at_freeze,,,Waiting For Approval,us-north1 – Minnesota,21,0.0
2026-09-16,452438282448,496749325561,H100,gpu,,16,0.1,TESTING,NO_PAYMENT,0,2026-04-27,2.95,2026-05-27,2026-08-10,2.95,2.95,31,0,2026-04-27:2.95,Closed lost,lost_price_or_competitor,,Pricing and Billing Issues;Competitor Chosen,Lost Deal,Nemax,30,0.0
2026-09-16,452702966992,500078284002,B300,gpu,,200,12.01,RESERVE,POSTPAID,0,2026-05-11,5.56,2026-06-22,2026-08-10,5.57,5.57,27,1,2026-05-11:5.56>2026-06-17:5.57,Closed lost,lost_price_or_competitor,,Competitor Chosen,Lost Deal,eu-west2 – Paris,42,0.2
2026-09-16,454202673341,500197061828,GB300,gpu,72,4032,36.02,RESERVE,PREPAID,0,2026-05-04,4.9,2026-05-04,2026-08-10,4.9,4.9,29,0,2026-05-04:4.9,Commercial Proposal,open_at_freeze,,,Waiting For Approval,eu-west1 – Paris,0,0.0
2026-09-16,457939766470,499838716114,H100,gpu,,32,12.01,RESERVE,PREPAID,0,2026-05-20,2.45,2026-06-03,2026-08-10,2.45,2.45,24,0,2026-05-20:2.45,Closed lost,lost_price_or_competitor,,Customer Disengagement or Cancellation;Pricing and Billing Issues,Lost Deal,Nemax,14,0.0
2026-09-16,459769827516,503998648544,H200,gpu,,64,24.05,RESERVE,PREPAID,0,2026-05-27,2.53,2026-05-27,2026-07-13,2.53,2.53,14,0,2026-05-27:2.53,Technical Validation,open_at_freeze,,,Waiting For Approval,us-central1 – Kansas,0,0.0
2026-09-16,460679050487,504664877263,H100,gpu,,64,12.01,RESERVE,PREPAID,0,2026-06-01,2.5,2026-06-01,2026-06-01,2.5,2.5,1,0,2026-06-01:2.5,Prospect,open_at_freeze,,,Waiting For Approval,Nemax,0,0.0
2026-09-16,462145022143,505724688580,B200,gpu,,64,11.97,RESERVE,PREPAID,0,2026-06-10,4.65,2026-06-10,2026-06-17,4.65,4.65,3,0,2026-06-10:4.65,Technical Validation,open_at_freeze,,,Waiting For Approval,us-central1 – Kansas,0,0.0
2026-09-16,464772651199,507674323149,B300,gpu,,256,12.01,RESERVE,PREPAID,0,2026-06-24,5.4,2026-06-24,2026-08-10,5.4,5.4,14,0,2026-06-24:5.4,Prospect,open_at_freeze,,,Waiting For Approval,eu-south1 – Madrid,0,0.0
2026-09-16,465475686617,505531596991,B300,gpu,,1400,23.03,RESERVE,PREPAID,0,2026-06-24,4.7,2026-07-06,2026-08-10,4.95,4.95,14,1,2026-06-24:4.7>2026-07-06:4.95,Commercial Proposal,open_at_freeze,,,Waiting For Approval,eu-south1 – Madrid,12,5.3
2026-09-16,467821530346,508406743240,H100,gpu,,16,0.1,TESTING,NO_PAYMENT,0,2026-07-06,3.85,2026-07-22,2026-08-10,3.85,3.85,11,0,2026-07-06:3.85,Closed lost,lost_capacity,,NO_CAPACITY,Lost Deal,Nemax,16,0.0
2026-09-16,469948995820,503577284803,B200,gpu,,16,0.13,RESERVE,PREPAID,0,2026-07-15,7.15,2026-07-20,2026-08-10,7.15,7.15,8,0,2026-07-15:7.15,Closed won,won,2026-07-20,,Approved,me-west1 - Israel,5,0.0
2026-09-16,470596187339,509473294567,GB300,rack,72,576,11.97,RESERVE,PREPAID,0,2026-07-20,9.2,2026-07-20,2026-07-22,9.2,9.2,2,0,2026-07-20:9.2,Technical Validation,open_at_freeze,,,Waiting For Approval,me-west2 – Masmia Israel,0,0.0
2026-09-16,473358452984,511414002921,H100,gpu,,64,11.97,RESERVE,PREPAID,0,2026-07-27,2.4,2026-07-27,2026-08-10,2.4,2.4,5,0,2026-07-27:2.4,Prospect,open_at_freeze,,,Waiting For Approval,Nemax,0,0.0
2026-09-16,474432336085,373903843556,H200,gpu,,400,11.97,RESERVE,PREPAID,0,2026-07-29,2.95,2026-08-10,2026-08-10,2.95,2.95,4,0,2026-07-29:2.95,Commercial Proposal,open_at_freeze,,,Waiting For Approval,us-central1 – Kansas,12,0.0
2026-09-16,47555605732,57470403800,H200,gpu,,8,0.2,TESTING,NO_PAYMENT,0,2024-12-03,4.85,2025-02-24,2026-08-10,4.85,4.85,159,0,2024-12-03:4.85,Disqualified,disqualified,,Qualification Oversights,Disqualified,Nemax,83,0.0
2026-09-16,476018752758,509450403042,H100,gpu,,32,0.46,TESTING,NO_PAYMENT,0,2026-08-05,3.85,2026-08-05,2026-08-10,3.85,3.85,2,0,2026-08-05:3.85,Commercial Proposal,open_at_freeze,,,Approved,Nemax,0,0.0
2026-09-16,476751846602,505806343369,H200,gpu,,128,12.04,RESERVE,PREPAID,0,2026-08-10,3.3,2026-08-10,2026-08-10,3.3,3.3,1,0,2026-08-10:3.3,Commercial Proposal,open_at_freeze,,,Waiting For Approval,us-central1 – Kansas,0,0.0
2026-09-16,52937253112,45646178539,H100,gpu,,64,1.02,RESERVE,PREPAID,0,2024-12-10,1.6,2024-12-10,2026-08-10,1.6,1.6,158,0,2024-12-10:1.6,Closed won,won,2024-12-10,,Approved,Nemax,0,0.0
2026-09-16,6869416184,9498174433,H100,gpu,,32,,TESTING,NO_PAYMENT,1,2024-10-15,4.85,2024-10-15,2026-08-10,4.85,4.85,166,0,2024-10-15:4.85,Closed won,won,2024-10-15,,,Finland,0,0.0
2026-09-16,82135644389,105075108035,H100,gpu,,32,2.99,PROMO,POSTPAID,0,2025-01-20,2.95,2025-05-29,2026-08-10,2.95,2.95,154,0,2025-01-20:2.95,Disqualified,disqualified,,Customer Disengagement or Cancellation,Disqualified,Nemax,129,0.0
2026-09-16,8285310660,8455991280,H100,gpu,,80,17.99,RESERVE,POSTPAID,1,2024-10-15,4.85,2024-10-15,2026-08-10,4.85,2.0,166,0,2024-10-15:4.85,Closed won,won,2024-10-15,,Disqualified,Finland,0,-58.8
2026-09-16,8297174213,10186526657,H100,gpu,,12,0.92,TESTING,NO_PAYMENT,1,2024-10-15,4.85,2024-10-15,2026-08-10,4.85,4.85,166,0,2024-10-15:4.85,Closed won,won,2024-10-15,,Approved,Finland,0,0.0
2026-09-16,8428490489,9448980453,H100,gpu,,40,5.72,PAYG,PREPAID,1,2024-10-15,2.59,2024-10-15,2026-08-10,2.59,2.59,166,0,2024-10-15:2.59,Closed won,won,2024-10-15,,Approved,Finland,0,0.0
2026-09-16,86038500557,112384143571,H100,gpu,,512,11.97,RESERVE,PREPAID,0,2025-01-27,1.8,2025-02-10,2026-08-10,1.8,1.8,153,0,2025-01-27:1.8,Disqualified,disqualified,,Pricing and Billing Issues,Disqualified,Nemax,14,0.0
2026-09-16,87797466302,114503099615,H200,gpu,,2048,2.93,RESERVE,PREPAID,0,2025-02-03,1.75,2025-02-03,2026-08-10,1.75,1.75,152,0,2025-02-03:1.75,Closed won,won,2025-02-03,,Approved,Nemax,0,0.0
2026-09-16,9604352975,9746792387,H100,gpu,,1024,8.95,RESERVE,POSTPAID,1,2024-10-15,2.15,2024-10-15,2026-08-10,2.15,2.15,166,0,2024-10-15:2.15,Disqualified,disqualified,,Customer Disengagement or Cancellation;Competitor Chosen,Disqualified,Finland,0,0.0
2026-09-16,97579997407,127806292210,H100,gpu,,256,2.89,PAYG,POSTPAID,0,2025-02-17,1.5,2025-04-07,2026-08-10,1.5,1.5,150,0,2025-02-17:1.5,Disqualified,disqualified,,Customer Disengagement or Cancellation,Disqualified,Nemax,49,0.0
2026-09-16,10168660186,14224720371,H100,gpu,,24,0.69,TESTING,NO_PAYMENT,1,2024-10-15,4.85,2024-10-15,2026-08-10,4.85,4.85,166,0,2024-10-15:4.85,Closed lost,lost_other,,Customer Disengagement or Cancellation,Lost Deal,Finland,0,0.0
2026-09-16,10855727557,15433804004,H100,gpu,,1024,0.2,RESERVE,PREPAID,1,2024-10-15,2.6,2024-10-15,2026-08-10,2.6,2.6,166,0,2024-10-15:2.6,Closed lost,lost_price_or_competitor,,Competitor Chosen,Lost Deal,Finland,0,0.0
2026-09-16,123657480389,166158329078,H100,gpu,,64,3.03,RESERVE,PREPAID,0,2025-03-31,2.95,2025-04-17,2026-08-10,2.95,2.95,143,0,2025-03-31:2.95,Disqualified,disqualified,,Customer Disengagement or Cancellation,Disqualified,Nemax,17,0.0
2026-09-16,148351286459,180288833769,H200,gpu,,64,0.49,TESTING,NO_PAYMENT,0,2025-05-08,3.5,2025-06-23,2026-08-10,3.5,3.5,132,0,2025-05-08:3.5,Closed won,won,2025-06-23,,Approved,us-central1 – Kansas,46,0.0
2026-09-16,151474977983,204148992228,H200,gpu,,144,10.33,PAYG,PREPAID,0,2025-05-12,2.3,2025-05-22,2026-08-10,2.3,2.3,131,0,2025-05-12:2.3,Closed won,won,2025-05-22,,Waiting For Approval,us-central1 – Kansas,10,0.0
2026-09-16,152464456937,205629530329,H200,gpu,,40,0.69,RESERVE,PREPAID,0,2025-05-15,2.2,2025-05-22,2026-08-10,2.2,2.2,130,0,2025-05-15:2.2,Closed won,won,2025-05-22,,Approved,us-central1 – Kansas,7,0.0
2026-09-16,183747455211,245306967245,H100,gpu,,128,6.05,RESERVE,POSTPAID,0,2025-06-26,1.5,2025-07-21,2026-08-10,1.5,1.5,118,0,2025-06-26:1.5,Closed lost,lost_price_or_competitor,,Pricing and Billing Issues;Customer Disengagement or Cancellation,Lost Deal,Nemax,25,0.0
2026-09-16,184243522806,70796034237,B200,gpu,,64,3.03,RESERVE,POSTPAID,0,2025-06-26,5.5,2025-10-20,2026-08-10,5.5,5.5,118,0,2025-06-26:5.5,Closed lost,lost_other,,Customer Disengagement or Cancellation,Lost Deal,us-central1 – Kansas,116,0.0
2026-09-16,202621125870,267722992869,B200,gpu,,128,4.01,RESERVE,PREPAID,0,2025-07-21,3.0,2025-08-28,2026-08-10,3.0,3.0,111,0,2025-07-21:3,Closed lost,lost_other,,PoC Performance,Lost Deal,us-central1 – Kansas,38,0.0
2026-09-16,210674824392,275548186833,B200,gpu,,240,11.97,RESERVE,POSTPAID,0,2025-07-31,3.2,2025-07-31,2025-11-24,3.2,3.2,34,0,2025-07-31:3.2,Technical Validation,open_at_freeze,,,Waiting For Approval,me-west1 - Israel,0,0.0
2026-09-16,211306557645,50245582072,B200,gpu,,408,11.97,RESERVE,PREPAID,0,2025-07-31,2.75,2025-08-11,2026-08-10,2.75,2.75,108,0,2025-07-31:2.75,Closed lost,lost_other,,Customer Disengagement or Cancellation,Lost Deal,us-central1 – Kansas,11,0.0
2026-09-16,211561289963,247645749487,H200,gpu,,32,0.46,TESTING,NO_PAYMENT,0,2025-07-31,3.5,2025-09-04,2026-08-10,3.5,3.5,108,0,2025-07-31:3.5,Closed lost,lost_price_or_competitor,,Competitor Chosen,Lost Deal,us-central1 – Kansas,35,0.0
2026-09-16,215127817423,279208150216,H200,gpu,,80,4.11,RESERVE,POSTPAID,0,2025-08-07,2.05,2025-08-18,2026-08-10,2.02,2.02,106,1,2025-08-07:2.05>2025-08-18:2.02,Closed won,won,2025-08-18,,Approved,Nemax,11,-1.5
2026-09-16,216731965658,258986426562,H200,gpu,,8,12.4,PAYG,POSTPAID,0,2025-08-07,3.5,2025-08-11,2026-08-10,3.5,3.5,106,0,2025-08-07:3.5,Closed won,won,2025-08-11,,Approved,Nemax,4,0.0
2026-09-16,232679203005,301193589952,H100,gpu,,24,5.99,RESERVE,PREPAID,0,2025-09-04,2.0,2025-09-15,2026-08-10,2.0,2.0,98,0,2025-09-04:2,Closed lost,lost_capacity,,NO_CAPACITY,Lost Deal,Nemax,11,0.0
2026-09-16,236013319411,153274318073,H100,gpu,,30,1.18,TESTING,PREPAID,0,2025-09-04,2.95,2025-09-04,2026-08-10,2.95,2.95,98,0,2025-09-04:2.95,Disqualified,disqualified,,Test Deals,Disqualified,Nemax,0,0.0
2026-09-16,239227825366,303213913283,H200,gpu,,104,5.95,RESERVE,PREPAID,0,2025-09-08,1.9,2025-09-25,2026-08-10,1.9,1.9,97,0,2025-09-08:1.9,Closed lost,lost_capacity,,NO_CAPACITY,Lost Deal,Nemax,17,0.0
2026-09-16,239518933190,295401763025,B200,gpu,,16,0.23,RESERVE,,0,2025-09-08,5.5,2025-09-08,2025-12-17,5.5,5.5,30,0,2025-09-08:5.5,Technical Validation,open_at_freeze,,,Approved,us-central1 – Kansas,0,0.0
2026-09-16,241151474883,281867267319,H200,gpu,,64,0.95,TESTING,NO_PAYMENT,0,2025-09-11,3.5,2025-12-03,2026-08-10,3.5,3.5,96,0,2025-09-11:3.5,Closed lost,lost_other,,Customer Disengagement or Cancellation,Lost Deal,us-central1 – Kansas,83,0.0
2026-09-16,241157230813,247038795973,GB300,rack,72,5040,36.05,RESERVE,POSTPAID,0,2025-09-11,9.2,2026-06-22,2026-08-10,5.25,5.25,96,3,2025-09-11:9.2>2025-12-01:6.624>2026-02-11:6.8889>2026-05-04:5.25,Closed won,won,2026-06-22,,Approved,us-south1 – Oklahoma,284,-42.9
2026-09-16,244518153413,307977678045,H200,gpu,,64,6.97,RESERVE,PREPAID,0,2025-09-18,2.0,2025-12-31,2026-08-10,1.8,1.8,94,2,2025-09-18:2>2025-11-20:1.76>2025-12-08:1.8,Closed won,won,2025-12-31,,DECLINED,us-central1 – Kansas,104,-10.0
2026-09-16,261964844277,327365509364,H200,gpu,,8,5.99,RESERVE,POSTPAID,0,2025-10-09,1.75,2025-10-20,2026-08-10,1.75,1.75,88,0,2025-10-09:1.75,Closed won,won,2025-10-20,,Approved,Nemax,11,0.0
2026-09-16,269676119246,314876207345,H200,gpu,,768,13.22,RESERVE,POSTPAID,0,2025-10-16,2.0,2025-10-27,2026-08-10,2.0,2.0,86,0,2025-10-16:2,Closed lost,lost_other,,Customer Disengagement or Cancellation,Lost Deal,us-central1 – Kansas,11,0.0
2026-09-16,269678946505,333344586987,B200,gpu,,64,5.99,RESERVE,PREPAID,0,2025-10-16,3.5,2026-06-03,2026-08-10,3.5,3.5,54,0,2025-10-16:3.5,Disqualified,disqualified,,Customer Disengagement or Cancellation,Disqualified,us-central1 – Kansas,230,0.0
2026-09-16,274678369519,180288800957,B300,gpu,,72,0.53,RESERVE,PREPAID,0,2025-10-23,7.1,2025-10-23,2026-08-10,7.1,7.1,84,0,2025-10-23:7.1,Disqualified,disqualified,,Test Deals,Disqualified,eu-north2 – Iceland,0,0.0
2026-09-16,286821015781,321300947177,H100,gpu,,196,11.97,RESERVE,PREPAID,0,2025-11-03,1.65,2025-11-03,2025-11-10,1.65,1.65,3,0,2025-11-03:1.65,Commercial Proposal,open_at_freeze,,,Waiting For Approval,Nemax,0,0.0
2026-09-16,296114788559,358953651449,B200,gpu,,16,12.01,RESERVE,PREPAID,0,2025-11-06,3.4,2025-11-24,2026-08-10,3.4,3.4,80,0,2025-11-06:3.4,Closed won,won,2025-11-24,,Approved,us-central1 – Kansas,18,0.0
2026-09-16,299224511693,321055880397,B300,gpu,,8,0.46,TESTING,NO_PAYMENT,0,2025-11-06,7.1,2025-12-01,2026-08-10,7.1,7.1,80,0,2025-11-06:7.1,Closed lost,lost_capacity,,NO_CAPACITY,Lost Deal,uk-south1 – UK,25,0.0
2026-09-16,299447592170,364871246024,B300,gpu,,72,12.01,RESERVE,PREPAID,0,2025-11-06,3.75,2025-11-06,2025-11-06,3.75,3.75,1,0,2025-11-06:3.75,Technical Validation,open_at_freeze,,,Waiting For Approval,uk-south1 – UK,0,0.0
2026-09-16,305463685359,371121795299,H200,gpu,,64,8.45,RESERVE,POSTPAID,0,2025-11-13,2.15,2026-03-09,2026-08-10,2.15,2.15,78,0,2025-11-13:2.15,Closed won,won,2026-03-09,,Approved,us-central1 – Kansas,116,0.0
2026-09-16,305999400141,378158106856,B200,gpu,,500,1.02,RESERVE,PREPAID,0,2025-11-20,3.9,2025-11-20,2026-08-10,3.9,3.9,76,0,2025-11-20:3.9,Closed lost,lost_other,,Insufficient Capabilities,Lost Deal,us-central1 – Kansas,0,0.0
2026-09-16,312889890018,260531511517,B200,gpu,,32,3.98,RESERVE,POSTPAID,0,2025-11-20,5.5,2025-12-08,2026-08-10,5.5,5.5,76,0,2025-11-20:5.5,Closed won,won,2025-12-08,,Approved,me-west1 - Israel,18,0.0
2026-09-16,331425195205,371121868990,B200,gpu,,64,1.02,RESERVE,PREPAID,0,2025-12-03,2.95,2025-12-03,2025-12-03,2.95,2.95,1,0,2025-12-03:2.95,Commercial Proposal,open_at_freeze,,,Waiting For Approval,me-west1 - Israel,0,0.0
2026-09-16,342244112575,399854148807,H100,gpu,,32,6.02,RESERVE,PREPAID,0,2025-12-15,1.68,2026-01-07,2026-08-10,1.63,1.63,69,1,2025-12-15:1.68>2025-12-17:1.63,Closed lost,lost_capacity,,NO_CAPACITY,Lost Deal,Nemax,23,-3.0
2026-09-16,345685948651,409575884000,H100,gpu,,16,0.46,TESTING,PREPAID,0,2025-12-17,1.7,2026-05-11,2026-08-10,1.7,1.7,68,0,2025-12-17:1.7,Closed lost,lost_other,,Customer Disengagement or Cancellation,Lost Deal,Nemax,145,0.0
2026-09-16,396835065038,455036255443,H200,gpu,,256,5.95,RESERVE,PREPAID,0,2026-02-02,3.5,2026-02-11,2026-08-10,3.5,1.95,55,0,2026-02-02:3.5,Closed lost,lost_capacity,,NO_CAPACITY,Lost Deal,Nemax,9,-44.3
2026-09-16,401862883555,459888709831,H100,gpu,,640,5.99,RESERVE,PREPAID,0,2026-02-04,1.7,2026-06-03,2026-08-10,1.7,1.7,22,0,2026-02-04:1.7,Disqualified,disqualified,,Duplicate deal,Disqualified,Nemax,119,0.0
2026-09-16,425544493278,462742942959,B300,gpu,,128,24.05,RESERVE,PREPAID,0,2026-03-02,4.8,2026-05-25,2026-08-10,4.92,4.92,46,1,2026-03-02:4.8>2026-03-18:4.92,Closed won,won,2026-05-25,,Approved,eu-west2 – Paris,84,2.5
2026-09-16,430189788383,484488082679,B300,gpu,,16,6.02,,,0,2026-03-02,3.7,2026-04-27,2026-08-10,3.7,3.7,47,0,2026-03-02:3.7,Closed lost,lost_other,,Customer Disengagement or Cancellation,Lost Deal,uk-south1 – UK,56,0.0
2026-09-16,432105656566,486009433318,B300,gpu,,800,11.97,RESERVE,PREPAID,0,2026-03-04,3.82,2026-04-01,2026-08-10,3.82,3.82,46,0,2026-03-04:3.82,Closed lost,lost_capacity,,NO_CAPACITY,Lost Deal,us-north1 – Minnesota,28,0.0
2026-09-16,434324939988,487967781053,B200,gpu,,768,11.97,RESERVE,PREPAID,0,2026-03-09,3.5,2026-07-01,2026-08-10,3.5,3.5,45,0,2026-03-09:3.5,Closed won,won,2026-07-01,,Disqualified,me-west1 - Israel,114,0.0
2026-09-16,441458406616,487727838410,H200,gpu,,16,11.97,RESERVE,POSTPAID,0,2026-03-16,1.75,2026-03-30,2026-08-10,2.43,2.43,43,1,2026-03-16:1.75>2026-03-25:2.43,Closed won,won,2026-03-30,,Approved,Nemax,14,38.9
2026-09-16,445001644281,495221264594,H100,gpu,,256,12.01,RESERVE,PREPAID,0,2026-03-25,1.95,2026-03-30,2026-08-10,1.95,1.95,40,0,2026-03-25:1.95,Closed lost,lost_capacity,,NO_CAPACITY,Lost Deal,Nemax,5,0.0
2026-09-16,450618127561,498500202682,H200,gpu,,16,11.97,RESERVE,PREPAID,0,2026-04-15,2.26,2026-04-27,2026-08-10,2.26,2.26,34,0,2026-04-15:2.26,Closed lost,lost_other,,Customer Disengagement or Cancellation,Lost Deal,Nemax,12,0.0
2026-09-16,453516813544,500883169504,B200,gpu,,128,12.01,RESERVE,PREPAID,0,2026-04-29,5.1,2026-06-03,2026-08-10,4.93,4.93,30,3,2026-04-29:5.1>2026-05-04:5.16>2026-05-11:4.95>2026-05-13:4.93,Closed lost,lost_price_or_competitor,,Pricing and Billing Issues,Lost Deal,us-central1 – Kansas,35,-3.3
2026-09-16,454307024078,501228686541,B300,gpu,,64,12.04,RESERVE,PREPAID,0,2026-05-04,5.48,2026-05-04,2026-06-10,5.48,5.48,10,0,2026-05-04:5.48,Commercial Proposal,open_at_freeze,,,Waiting for Business Approval,eu-west2 – Paris,0,0.0
2026-09-16,455590192361,501501186251,H100,gpu,,8,6.02,RESERVE,PREPAID,0,2026-05-06,2.69,2026-05-11,2026-08-10,2.69,2.69,28,0,2026-05-06:2.69,Closed lost,lost_capacity,,NO_CAPACITY,Lost Deal,Nemax,5,0.0
2026-09-16,45740442873,53939568851,H100,gpu,,64,3.16,PAYG,POSTPAID,0,2024-11-26,2.95,2025-02-10,2026-08-10,2.95,2.95,160,0,2024-11-26:2.95,Closed won,won,2025-02-10,,Approved,Nemax,76,0.0
2026-09-16,458928418023,503999028422,H200,gpu,,16,12.04,,,0,2026-05-25,2.65,2026-07-15,2026-08-10,2.65,2.65,23,0,2026-05-25:2.65,Closed won,won,2026-07-15,,Approved,us-central1 – Kansas,51,0.0
2026-09-16,460228433090,502455398642,B300,gpu,,400,6.05,RESERVE,PREPAID,0,2026-06-01,5.7,2026-06-03,2026-08-10,5.7,5.7,21,0,2026-06-01:5.7,Closed lost,lost_capacity,,Pricing and Billing Issues;NO_CAPACITY,Lost Deal,,2,0.0
2026-09-16,460469630146,504801089740,H200,gpu,,216,12.01,RESERVE,POSTPAID,0,2026-06-01,3.12,2026-08-03,2026-08-10,3.15,3.15,21,1,2026-06-01:3.12>2026-07-13:3.15,Closed lost,lost_other,,Customer Disengagement or Cancellation,Lost Deal,us-central1 – Kansas,63,1.0
2026-09-16,460673190088,505003946188,B300,gpu,,16,12.01,,,0,2026-06-01,5.56,2026-07-20,2026-08-10,5.56,5.56,21,0,2026-06-01:5.56,Disqualified,disqualified,,NO_CAPACITY,Lost Deal,eu-west2 – Paris,49,0.0
2026-09-16,461962849495,498502523082,GB300,rack,72,144,24.05,RESERVE,PREPAID,0,2026-06-08,5.8333,2026-06-15,2026-08-10,5.3889,5.3889,19,2,2026-06-08:5.8333>2026-06-15:5.1944>2026-07-22:5.3889,Commercial Proposal,open_at_freeze,,,Approved,eu-west3 – Bethune,7,-7.6
2026-09-16,464158963901,506128832722,H100,gpu,,24,3.16,RESERVE,NO_PAYMENT,0,2026-06-22,3.09,2026-06-22,2026-08-10,3.09,3.09,15,0,2026-06-22:3.09,Technical Validation,open_at_freeze,,,Approved,Nemax,0,0.0
2026-09-16,464397103303,507073792243,B300,gpu,,1104,12.01,RESERVE,PREPAID,0,2026-06-22,5.29,2026-06-22,2026-08-10,5.29,5.29,15,0,2026-06-22:5.29,Closed lost,lost_capacity,,NO_CAPACITY,Lost Deal,eu-west2 – Paris,0,0.0
2026-09-16,465476279504,502451750105,B200,gpu,,8,6.09,RESERVE,,0,2026-06-24,5.4,2026-07-13,2026-08-10,5.4,5.4,14,0,2026-06-24:5.4,Closed won,won,2026-07-13,,Approved,us-central1 – Kansas,19,0.0
2026-09-16,466051426530,508098619578,H200,gpu,,80,0.56,TESTING,NO_PAYMENT,0,2026-06-29,3.73,2026-07-06,2026-08-10,3.73,3.73,13,0,2026-06-29:3.73,Closed won,won,2026-07-06,,Approved,eu-west1 – Paris,7,0.0
2026-09-16,472309023990,511205420229,B300,gpu,,16,0.16,TESTING,NO_PAYMENT,0,2026-07-22,7.85,2026-07-22,2026-08-10,7.85,7.85,6,0,2026-07-22:7.85,Technical Validation,open_at_freeze,,,Approved,uk-south1 – UK,0,0.0
2026-09-16,474229000436,512058254534,B300,gpu,,16,11.97,RESERVE,PREPAID,0,2026-07-29,5.7,2026-07-29,2026-08-10,5.7,5.7,4,0,2026-07-29:5.7,Technical Validation,open_at_freeze,,,Waiting For Approval,eu-west2 – Paris,0,0.0
2026-09-16,474235336902,513407684847,B300,gpu,,32,0.49,TESTING,NO_PAYMENT,0,2026-07-29,7.85,2026-07-29,2026-08-10,7.85,7.85,4,0,2026-07-29:7.85,Technical Validation,open_at_freeze,,,Approved,uk-south1 – UK,0,0.0
2026-09-16,475384289490,514261671102,GB300,rack,72,72,12.01,RESERVE,PREPAID,0,2026-08-03,7.5,2026-08-03,2026-08-10,7.5,7.5,3,0,2026-08-03:7.5,Prospect,open_at_freeze,,,Waiting For Approval,,0,0.0
2026-09-16,476019170498,514370913478,B200,gpu,,64,12.01,RESERVE,PREPAID,0,2026-08-05,5.3,2026-08-05,2026-08-10,5.3,5.3,2,0,2026-08-05:5.3,Prospect,open_at_freeze,,,Waiting For Approval,me-west1 - Israel,0,0.0
2026-09-16,476670156011,515109550276,B300,gpu,,24,11.97,RESERVE,PREPAID,0,2026-08-10,6.1,2026-08-10,2026-08-10,6.1,6.1,1,0,2026-08-10:6.1,Prospect,open_at_freeze,,,Waiting For Approval,eu-west1 – Paris,0,0.0
2026-09-16,82219174126,105780690161,H200,gpu,,96,0.92,PAYG,POSTPAID,0,2025-01-20,3.5,2025-01-27,2026-08-10,3.5,3.5,154,0,2025-01-20:3.5,Closed won,won,2025-01-27,,Approved,eu-west1 – Paris,7,0.0
2026-09-16,84444331220,109784528083,H200,gpu,,16,2.96,PROMO,POSTPAID,0,2025-01-27,3.5,2025-05-29,2026-08-10,3.5,3.5,153,0,2025-01-27:3.5,Disqualified,disqualified,,Customer Disengagement or Cancellation,Disqualified,eu-west1 – Paris,122,0.0
2026-09-16,8471294176,9772985039,H100,gpu,,40,11.97,PAYG,POSTPAID,1,2024-10-15,4.85,2024-10-15,2026-08-10,4.85,4.85,166,0,2024-10-15:4.85,Closed won,won,2024-10-15,,Disqualified,Finland,0,0.0
2026-09-16,87193162978,112802363582,H200,gpu,,40,11.88,PAYG,PREPAID,0,2025-02-03,2.4,2025-02-10,2026-08-10,2.4,2.4,152,0,2025-02-03:2.4,Closed won,won,2025-02-10,,Approved,eu-west1 – Paris,7,0.0
2026-09-16,91159375070,117048983749,H100,gpu,,64,0.89,RESERVE,PREPAID,0,2025-02-03,1.9,2025-03-17,2026-08-10,1.8,1.8,152,1,2025-02-03:1.9>2025-02-17:1.8,Closed won,won,2025-03-17,,Approved,Nemax,42,-5.3
2026-09-16,92780782778,121403107535,H200,gpu,,56,10.39,RESERVE,POSTPAID,0,2025-02-10,2.2,2025-02-17,2026-08-10,2.2,2.2,151,0,2025-02-10:2.2,Closed won,won,2025-02-17,,Approved,eu-west1 – Paris,7,0.0
2026-09-16,93928085701,122662968521,H200,gpu,,1024,0.89,RESERVE,PREPAID,0,2025-02-10,2.0,2025-02-10,2026-08-10,2.0,2.0,151,0,2025-02-10:2,Disqualified,disqualified,,Competitor Chosen,Disqualified,Nemax,0,0.0
2026-09-16,96704571621,126689316034,H200,gpu,,4096,11.97,RESERVE,PREPAID,0,2025-02-17,2.1,2025-04-03,2026-08-10,2.0,2.0,150,1,2025-02-17:2.1>2025-02-24:2,Closed won,won,2025-04-03,,Disqualified,eu-north2 – Iceland,45,-4.8
2026-09-16,98291594446,16310655177,H200,gpu,,24,9.21,PAYG,POSTPAID,0,2025-02-17,3.5,2025-02-17,2026-08-10,3.5,3.5,150,0,2025-02-17:3.5,Closed won,won,2025-02-17,,Approved,eu-west1 – Paris,0,0.0
2026-09-16,9831495646,13465273573,H100,gpu,,16,19.31,RESERVE,POSTPAID,1,2024-10-15,4.85,2024-10-15,2026-08-10,4.85,2.0,166,0,2024-10-15:4.85,Closed won,won,2024-10-15,,Waiting For Approval,Finland,0,-58.8
2026-09-16,10851609561,14967077582,H100,gpu,,192,0.23,TESTING,NO_PAYMENT,1,2024-10-15,4.85,2024-10-15,2026-08-10,4.85,4.85,166,0,2024-10-15:4.85,Disqualified,disqualified,,Test Deals,Disqualified,Finland,0,0.0
2026-09-16,10907626439,13463643129,H100,gpu,,40,17.7,INTERNAL,NO_PAYMENT,1,2024-10-15,4.85,2024-10-15,2026-08-10,4.85,4.85,166,0,2024-10-15:4.85,Closed won,won,2024-10-15,,Waiting For Approval,Finland,0,0.0
2026-09-16,112284011734,145101286590,H100,gpu,,176,0.66,RESERVE,PREPAID,0,2025-03-10,2.2,2025-04-03,2026-08-10,2.2,2.2,147,0,2025-03-10:2.2,Closed lost,lost_other,,Customer Disengagement or Cancellation,Lost Deal,Nemax,24,0.0
2026-09-16,11324372697,16008835287,H100,gpu,,16,0.99,TESTING,NO_PAYMENT,1,2024-10-15,4.85,2025-01-07,2026-08-10,4.85,4.85,166,0,2024-10-15:4.85,Closed lost,lost_price_or_competitor,,Security and Compliance Gaps;Competitor Chosen,Lost Deal,Finland,84,0.0
2026-09-16,120352237765,160587820231,H200,gpu,,16,9.01,RESERVE,POSTPAID,0,2025-03-24,3.0,2025-04-17,2026-08-10,3.0,3.0,145,0,2025-03-24:3,Disqualified,disqualified,,Customer Disengagement or Cancellation,Disqualified,Nemax,24,0.0
2026-09-16,123236693191,165815774454,H200,gpu,,128,0.99,RESERVE,PREPAID,0,2025-03-27,2.3,2025-04-10,2025-05-29,2.0,2.0,19,1,2025-03-27:2.3>2025-04-07:2,Commercial Proposal,open_at_freeze,,,Waiting For Approval,Nemax,14,-13.0
2026-09-16,123305191619,165815792871,H200,gpu,,832,10.86,RESERVE,PREPAID,0,2025-03-27,2.3,2025-05-12,2026-08-10,2.3,2.3,144,0,2025-03-27:2.3,Closed won,won,2025-05-12,,Disqualified,eu-north2 – Iceland,46,0.0
2026-09-16,126586424511,169332532450,H200,gpu,,2048,23.98,RESERVE,PREPAID,0,2025-04-07,1.9,2025-05-05,2026-08-10,1.9,1.9,141,0,2025-04-07:1.9,Closed lost,lost_other,,Customer Disengagement or Cancellation,Lost Deal,Nemax,28,0.0
2026-09-16,143490434296,192532660449,H100,gpu,,64,3.03,PAYG,POSTPAID,0,2025-05-01,2.5,2025-06-02,2026-08-10,2.5,2.5,134,0,2025-05-01:2.5,Closed lost,lost_other,,Customer Disengagement or Cancellation;Qualification Oversights,Lost Deal,Nemax,32,0.0
2026-09-16,144126274792,169332392169,H200,gpu,,32,0.26,TESTING,NO_PAYMENT,0,2025-05-01,3.5,2025-09-08,2026-08-10,3.5,3.5,134,0,2025-05-01:3.5,Closed lost,lost_price_or_competitor,,Pricing and Billing Issues,Lost Deal,eu-north2 – Iceland,130,0.0
2026-09-16,145237714146,193432245496,H200,gpu,,40,2.01,RESERVE,PREPAID,0,2025-05-01,2.5,2025-05-01,2025-05-12,2.5,2.5,4,0,2025-05-01:2.5,Commercial Proposal,open_at_freeze,,,Approved,us-central1 – Kansas,0,0.0
2026-09-16,155393031364,213718955208,B200,gpu,,64,10.53,RESERVE,POSTPAID,0,2025-05-19,3.7,2025-07-14,2026-08-10,3.7,3.7,129,0,2025-05-19:3.7,Closed lost,lost_other,,Customer Disengagement or Cancellation,Lost Deal,us-central1 – Kansas,56,0.0
2026-09-16,165475501291,220926981348,H200,gpu,,128,0.36,RESERVE,POSTPAID,0,2025-05-29,2.3,2025-05-29,2026-08-10,2.3,2.3,126,0,2025-05-29:2.3,Closed won,won,2025-05-29,,Approved,us-central1 – Kansas,0,0.0
2026-09-16,16625115340,20745719027,H100,gpu,,56,14.31,RESERVE,PREPAID,1,2024-10-15,2.0,2024-10-15,2026-08-10,2.0,2.0,166,0,2024-10-15:2,Closed won,won,2024-10-15,,Approved,Nemax,0,0.0
2026-09-16,16772055535,15897206261,H100,gpu,,16,2.73,PAYG,POSTPAID,1,2024-10-15,2.98,2024-10-15,2026-08-10,2.98,2.98,166,0,2024-10-15:2.98,Closed won,won,2024-10-15,,Approved,Nemax,0,0.0
2026-09-16,17798594776,21736710371,H100,gpu,,256,2.63,RESERVE,POSTPAID,1,2024-10-15,2.25,2024-10-22,2026-08-10,2.25,2.25,166,0,2024-10-15:2.25,Closed lost,lost_price_or_competitor,,Competitor Chosen,Lost Deal,Nemax,7,0.0
2026-09-16,184243522805,70796034237,H200,gpu,,256,3.03,RESERVE,POSTPAID,0,2025-06-26,3.5,2025-10-20,2026-08-10,3.5,3.5,118,0,2025-06-26:3.5,Closed lost,lost_other,,Customer Disengagement or Cancellation,Lost Deal,us-central1 – Kansas,116,0.0
2026-09-16,235529748718,300721459435,B200,gpu,,24,3.16,RESERVE,PREPAID,0,2025-09-04,2.9,2025-11-24,2026-08-10,2.9,2.9,98,0,2025-09-04:2.9,Closed lost,lost_other,,Customer Disengagement or Cancellation,Lost Deal,me-west1 - Israel,81,0.0
2026-09-16,249865992412,314876351677,B300,gpu,,32,0.46,TESTING,NO_PAYMENT,0,2025-09-25,7.1,2025-10-16,2025-10-30,7.1,7.1,11,0,2025-09-25:7.1,Commercial Proposal,open_at_freeze,,,Waiting For Approval,uk-south1 – UK,21,0.0
2026-09-16,255532552414,321055880397,B300,gpu,,72,6.05,RESERVE,PREPAID,0,2025-10-06,4.0,2025-12-01,2026-08-10,4.0,4.0,89,0,2025-10-06:4,Closed lost,lost_capacity,,NO_CAPACITY,Lost Deal,uk-south1 – UK,56,0.0
2026-09-16,261963922624,321446152409,H200,gpu,,8,12.04,RESERVE,PREPAID,0,2025-10-09,2.0,2025-10-30,2026-08-10,2.0,2.0,88,0,2025-10-09:2,Closed lost,lost_other,,Customer Disengagement or Cancellation;Insufficient Capabilities,Lost Deal,eu-west1 – Paris,21,0.0
2026-09-16,311029188802,292091322594,B200,gpu,,16,0.46,TESTING,NO_PAYMENT,0,2025-11-17,5.5,2026-02-04,2026-08-10,5.5,5.5,77,0,2025-11-17:5.5,Closed lost,lost_price_or_competitor,,Pricing and Billing Issues;Competitor Chosen,Lost Deal,us-central1 – Kansas,79,0.0
2026-09-16,322254143704,386581632187,B300,gpu,,80,0.26,RESERVE,NO_PAYMENT,0,2025-11-26,5.5,2026-01-28,2026-08-10,5.5,5.5,74,0,2025-11-26:5.5,Closed won,won,2026-01-28,,Approved,uk-south1 – UK,63,0.0
2026-09-16,335687064778,330495879382,H100,gpu,,64,12.01,RESERVE,PREPAID,0,2025-12-08,1.8,2026-03-25,2026-08-10,2.5,2.5,71,1,2025-12-08:1.8>2026-06-24:2.5,Commercial Proposal,open_at_freeze,,,Waiting For Approval,Nemax,107,38.9
2026-09-16,342461279443,386706549982,B200,gpu,,128,5.95,RESERVE,PREPAID,0,2025-12-15,2.8,2026-06-03,2026-08-10,2.8,2.8,28,0,2025-12-15:2.8,Disqualified,disqualified,,Customer Disengagement or Cancellation,Disqualified,us-central1 – Kansas,170,0.0
2026-09-16,34751901889,38435779795,H100,gpu,,9,2.96,TESTING,NO_PAYMENT,0,2024-11-14,2.95,2025-08-14,2026-08-10,2.95,2.95,162,0,2024-11-14:2.95,Closed lost,lost_other,,Customer Disengagement or Cancellation,Lost Deal,Nemax,273,0.0
2026-09-16,379766237415,437880862928,H200,gpu,,1024,12.43,RESERVE,PREPAID,0,2026-01-19,3.5,2026-01-19,2026-01-26,3.5,1.75,3,0,2026-01-19:3.5,Commercial Proposal,open_at_freeze,,,Waiting for Business Approval,us-central1 – Kansas,0,-50.0
2026-09-16,379903944896,438072619255,B200,gpu,,664,5.99,RESERVE,PREPAID,0,2026-01-19,3.4,2026-02-04,2026-08-10,3.4,3.4,59,0,2026-01-19:3.4,Closed lost,lost_capacity,,NO_CAPACITY,Lost Deal,me-west1 - Israel,16,0.0
2026-09-16,400232193233,455558187244,B200,gpu,,160,11.97,RESERVE,PREPAID,0,2026-02-02,3.4,2026-07-13,2026-08-10,3.4,3.4,55,0,2026-02-02:3.4,Commercial Proposal,open_at_freeze,,,Waiting For Approval,me-west1 - Israel,161,0.0
2026-09-16,41167552723,40005547202,H100,gpu,,32,11.91,PAYG,POSTPAID,0,2024-11-18,2.3,2024-12-17,2026-08-10,2.3,2.3,161,0,2024-11-18:2.3,Closed won,won,2024-12-17,,Waiting For Approval,Nemax,29,0.0
2026-09-16,413894587591,470335855865,B300,gpu,,64,6.09,RESERVE,PREPAID,0,2026-02-16,3.7,2026-02-16,2026-08-10,3.7,3.7,51,0,2026-02-16:3.7,Technical Validation,open_at_freeze,,,Waiting For Approval,eu-west2 – Paris,0,0.0
2026-09-16,425984302277,454717895881,H100,gpu,,8,12.01,RESERVE,PREPAID,0,2026-03-02,1.7,2026-03-02,2026-08-10,1.7,1.7,47,0,2026-03-02:1.7,Closed won,won,2026-03-02,,Approved,Nemax,0,0.0
2026-09-16,426511284442,481523170510,B300,gpu,,16,0.16,TESTING,NO_PAYMENT,0,2026-03-02,7.1,2026-05-11,2026-08-10,7.1,7.1,47,0,2026-03-02:7.1,Closed lost,lost_capacity,,NO_CAPACITY,Lost Deal,uk-south1 – UK,70,0.0
2026-09-16,439947648209,493050787008,B300,gpu,,8,0.43,TESTING,NO_PAYMENT,0,2026-03-11,7.1,2026-03-18,2026-08-10,7.1,7.1,44,0,2026-03-11:7.1,Closed won,won,2026-03-18,,Approved,uk-south1 – UK,7,0.0
2026-09-16,443710400739,494815258811,H200,gpu,,8,0.23,PAYG,PREPAID,0,2026-03-23,3.5,2026-08-05,2026-08-10,3.5,3.5,41,0,2026-03-23:3.5,Closed lost,lost_other,,Customer Disengagement or Cancellation,Lost Deal,Nemax,135,0.0
2026-09-16,445539205323,495573498087,H100,gpu,,32,12.04,RESERVE,PREPAID,0,2026-03-30,1.94,2026-04-01,2026-08-10,1.94,1.94,39,0,2026-03-30:1.94,Closed won,won,2026-04-01,,Approved,Nemax,2,0.0
2026-09-16,447642934519,496749325561,H100,gpu,,16,0.46,TESTING,NO_PAYMENT,0,2026-04-01,2.95,2026-05-27,2026-08-10,2.95,2.95,38,0,2026-04-01:2.95,Closed lost,lost_price_or_competitor,,Pricing and Billing Issues;Competitor Chosen,Lost Deal,Nemax,56,0.0
2026-09-16,448373967038,497261409469,GB300,rack,72,3024,12.01,RESERVE,PREPAID,0,2026-04-06,3.7,2026-04-08,2026-08-10,5.62,5.62,37,3,2026-04-06:3.7>2026-04-22:5.3>2026-05-04:5.1>2026-05-13:5.62,Commercial Proposal,open_at_freeze,,,Waiting for Business Approval,eu-west3 – Bethune,2,51.9
2026-09-16,448570779854,497521964243,B200,gpu,,16,6.02,TESTING,NO_PAYMENT,0,2026-04-08,5.5,2026-04-08,2026-08-10,5.5,5.5,36,0,2026-04-08:5.5,Technical Validation,open_at_freeze,,,DECLINED,me-west1 - Israel,0,0.0
2026-09-16,44935098576,52629673197,H100,gpu,,128,0.69,RESERVE,PREPAID,0,2024-11-26,1.95,2024-12-10,2026-08-10,1.9,1.9,160,1,2024-11-26:1.95>2024-12-03:1.9,Closed won,won,2024-12-10,,Waiting For Approval,Nemax,14,-2.6
2026-09-16,450812803314,498986690761,GB300,rack,72,1152,24.05,RESERVE,POSTPAID,0,2026-04-22,5.7917,2026-07-06,2026-08-10,5.7917,5.7917,32,0,2026-04-22:5.7917,Closed lost,lost_capacity,,NO_CAPACITY;Customer Disengagement or Cancellation,Lost Deal,us-south1 – Oklahoma,75,0.0
2026-09-16,450812806391,498985259232,GB300,rack,72,144,12.01,,,0,2026-04-20,9.2,2026-06-08,2026-08-10,9.2,9.2,33,0,2026-04-20:9.2,Disqualified,disqualified,,Duplicate deal,Disqualified,uk-south2 – London East,49,0.0
2026-09-16,451763794142,499546317048,B200,gpu,,432,0.95,RESERVE,POSTPAID,0,2026-04-22,4.7,2026-05-25,2026-08-10,4.7,4.7,32,0,2026-04-22:4.7,Closed lost,lost_capacity,,NO_CAPACITY,Lost Deal,me-west1 - Israel,33,0.0
2026-09-16,454626568415,501541017815,GB300,rack,72,576,12.01,RESERVE,PREPAID,0,2026-05-06,7.0,2026-06-03,2026-08-10,7.0,7.0,21,0,2026-05-06:7,Disqualified,disqualified,,Duplicate deal,Disqualified,eu-west3 – Bethune,28,0.0
2026-09-16,455937068256,501539876045,B300,gpu,,400,12.01,RESERVE,PREPAID,0,2026-05-11,5.1,2026-05-11,2026-07-15,5.1,5.1,20,0,2026-05-11:5.1,Prospect,open_at_freeze,,,Waiting For Approval,eu-west2 – Paris,0,0.0
2026-09-16,456582069437,502453974262,B300,gpu,,16,0.36,TESTING,NO_PAYMENT,0,2026-05-13,7.1,2026-06-22,2026-08-10,7.1,7.1,26,0,2026-05-13:7.1,Disqualified,disqualified,,Test Deals,Lost Deal,uk-south1 – UK,40,0.0
2026-09-16,458925651177,497261604032,VR,gpu,72,1000,19.01,RESERVE,PREPAID,0,2026-05-25,6.0,2026-07-06,2026-08-10,6.0,6.0,23,0,2026-05-25:6,Closed lost,lost_other,,Insufficient Capabilities,Lost Deal,us-north1 – Minnesota,42,0.0
2026-09-16,459857717490,501541159127,H200,gpu,,788,11.97,RESERVE,PREPAID,0,2026-05-27,2.51,2026-08-03,2026-08-10,2.51,2.51,22,0,2026-05-27:2.51,Closed lost,lost_capacity,,NO_CAPACITY,Lost Deal,,68,0.0
2026-09-16,459917261042,374333613286,H100,gpu,,128,12.01,RESERVE,PREPAID,0,2026-05-27,2.5,2026-05-27,2026-05-27,2.5,2.5,1,0,2026-05-27:2.5,Commercial Proposal,open_at_freeze,,,Waiting for Business Approval,Nemax,0,0.0
2026-09-16,460776952036,505109792968,B200,gpu,,128,12.01,RESERVE,PREPAID,0,2026-06-03,5.2,2026-06-15,2026-08-10,5.2,5.2,20,0,2026-06-03:5.2,Closed lost,lost_capacity,,NO_CAPACITY,Lost Deal,,12,0.0
2026-09-16,462671287535,505744386237,B300,gpu,,64,12.01,RESERVE,POSTPAID,0,2026-06-15,5.5,2026-06-15,2026-08-10,5.75,5.75,17,1,2026-06-15:5.5>2026-07-27:5.75,Commercial Proposal,open_at_freeze,,,Waiting For Approval,eu-west2 – Paris,0,4.5
2026-09-16,466757551341,508516083915,B300,gpu,,100,12.01,,PREPAID,0,2026-07-01,5.0,2026-07-01,2026-08-10,5.0,5.0,12,0,2026-07-01:5,Prospect,open_at_freeze,,,Waiting For Approval,me-west2 – Masmia Israel,0,0.0
2026-09-16,467900296392,509450390727,B300,gpu,,3000,12.01,RESERVE,PREPAID,0,2026-07-13,5.6,2026-07-13,2026-08-10,5.67,5.67,9,1,2026-07-13:5.6>2026-07-20:5.67,Technical Validation,open_at_freeze,,,Waiting for Business Approval,eu-south1 – Madrid,0,1.3
2026-09-16,470596262134,510454032600,B300,gpu,,1000,12.01,RESERVE,PREPAID,0,2026-07-20,5.46,2026-07-20,2026-08-10,5.46,5.46,7,0,2026-07-20:5.46,Technical Validation,open_at_freeze,,,Waiting For Approval,me-west2 – Masmia Israel,0,0.0
2026-09-16,473931523291,511944373485,GB300,rack,72,144,0.33,TESTING,NO_PAYMENT,0,2026-07-27,9.2,2026-07-27,2026-08-10,9.2,9.2,5,0,2026-07-27:9.2,Prospect,open_at_freeze,,,Waiting For Approval,Nemax,0,0.0
2026-09-16,47561584889,57476449509,H200,gpu,,32,7.89,RESERVE,PREPAID,0,2024-12-03,3.0,2025-01-07,2026-08-10,2.15,2.15,159,1,2024-12-03:3>2024-12-10:2.15,Closed won,won,2025-01-07,,Approved,eu-west1 – Paris,35,-28.3
2026-09-16,476018057416,514749701306,VR,gpu,72,2048,12.01,RESERVE,PREPAID,0,2026-08-05,6.2,2026-08-05,2026-08-10,6.2,6.2,2,0,2026-08-05:6.2,Prospect,open_at_freeze,,,Waiting For Approval,,0,0.0
2026-09-16,51306420444,63039649985,H100,gpu,,80,6.58,RESERVE,PREPAID,0,2024-12-10,1.95,2026-05-11,2026-08-10,1.95,1.95,158,0,2024-12-10:1.95,Closed lost,lost_capacity,2025-01-27,NO_CAPACITY,Lost Deal,Nemax,517,0.0
2026-09-16,83970877660,108620185818,H200,gpu,,72,3.03,RESERVE,POSTPAID,0,2025-01-27,3.5,2025-04-03,2026-08-10,3.5,2.2,153,0,2025-01-27:3.5,Closed lost,lost_price_or_competitor,,Pricing and Billing Issues,Lost Deal,Nemax,66,-37.1
2026-09-16,8476114132,9294884552,H100,gpu,,1,0.03,PAYG,NO_PAYMENT,1,2024-10-15,4.85,2024-10-15,2026-08-10,4.85,4.85,166,0,2024-10-15:4.85,Disqualified,disqualified,,Qualification Oversights,Disqualified,Finland,0,0.0
2026-09-16,8650898121,10624796900,H100,gpu,,128,8.36,RESERVE,PREPAID,1,2024-10-15,2.95,2024-10-15,2026-08-10,2.95,2.95,166,0,2024-10-15:2.95,Closed won,won,2024-10-15,,Disqualified,Finland,0,0.0
2026-09-16,8794806001,11247920078,H100,gpu,,128,3.03,RESERVE,POSTPAID,1,2024-10-15,2.91,2024-10-15,2026-08-10,2.91,2.91,166,0,2024-10-15:2.91,Closed lost,lost_other,,Security and Compliance Gaps,Disqualified,Finland,0,0.0
2026-09-16,93121908971,121762803947,H200,gpu,,32,11.97,PAYG,POSTPAID,0,2025-02-10,2.8,2025-05-26,2026-08-10,2.8,2.8,151,0,2025-02-10:2.8,Closed won,won,2025-05-26,,Approved,Nemax,105,0.0
2026-09-16,9865382893,12819425777,H100,gpu,,1,3.55,PAYG,POSTPAID,1,2024-10-15,4.85,2024-10-15,2026-08-10,4.85,4.85,166,0,2024-10-15:4.85,Closed won,won,2024-10-15,,Disqualified,Finland,0,0.0
2026-09-16,101424691446,122492576971,H100,gpu,,48,2.89,PAYG,POSTPAID,0,2025-02-24,2.95,2025-03-03,2026-08-10,2.95,2.95,149,0,2025-02-24:2.95,Closed won,won,2025-03-03,,Approved,Nemax,7,0.0
2026-09-16,10541410766,14936761806,H100,gpu,,32,0.99,RESERVE,PREPAID,1,2024-10-15,3.2,2024-10-15,2026-08-10,3.2,3.2,166,0,2024-10-15:3.2,Closed won,won,2024-10-15,,Disqualified,Finland,0,0.0
2026-09-16,10940663254,15554929365,H100,gpu,,256,2.01,RESERVE,PREPAID,1,2024-10-15,2.3,2024-10-15,2026-08-10,2.3,2.3,166,0,2024-10-15:2.3,Closed won,won,2024-10-15,,DECLINED,Finland,0,0.0
2026-09-16,11036631230,15554929365,H100,gpu,,256,3.85,RESERVE,PREPAID,1,2024-10-15,2.3,2024-10-15,2026-08-10,2.3,2.3,166,0,2024-10-15:2.3,Closed won,won,2024-10-15,,Approved,Finland,0,0.0
2026-09-16,111118841050,146255188215,H100,gpu,,8,36.02,RESERVE,PREPAID,0,2025-03-10,1.65,2025-03-24,2026-08-10,1.65,1.65,147,0,2025-03-10:1.65,Closed won,won,2025-03-24,,Waiting For Approval,Nemax,14,0.0
2026-09-16,115137199320,143158633680,H200,gpu,,4000,11.97,RESERVE,PREPAID,0,2025-03-17,1.8,2025-04-03,2026-08-10,1.8,1.8,146,0,2025-03-17:1.8,Closed lost,lost_other,,Insufficient Capabilities,Lost Deal,eu-north2 – Iceland,17,0.0
2026-09-16,115255064799,126689316034,H200,gpu,,96,11.55,RESERVE,PREPAID,0,2025-03-17,2.0,2025-04-03,2026-08-10,2.0,2.0,146,0,2025-03-17:2,Closed won,won,2025-04-03,,Approved,eu-north2 – Iceland,17,0.0
2026-09-16,123745816814,166158338253,H200,gpu,,64,12.01,RESERVE,PREPAID,0,2025-03-31,3.5,2025-08-28,2026-08-10,3.5,3.5,143,0,2025-03-31:3.5,Closed lost,lost_other,,Customer Disengagement or Cancellation,Lost Deal,Nemax,150,0.0
2026-09-16,128840622274,23052521708,H200,gpu,,2048,9.97,RESERVE,PREPAID,0,2025-04-07,2.0,2025-05-12,2025-05-29,1.85,1.85,16,1,2025-04-07:2>2025-05-12:1.85,Commercial Proposal,open_at_freeze,,,Pre-Approved,Nemax,35,-7.5
2026-09-16,138288450769,186141733057,H100,gpu,,8,11.97,PAYG,POSTPAID,0,2025-04-24,2.95,2025-05-19,2026-08-10,2.95,2.95,136,0,2025-04-24:2.95,Closed won,won,2025-05-19,,Approved,Nemax,25,0.0
2026-09-16,143261114588,189722219768,H200,gpu,,512,12.01,RESERVE,POSTPAID,0,2025-04-28,3.5,2025-07-07,2026-08-10,3.5,1.9,135,0,2025-04-28:3.5,Closed lost,lost_price_or_competitor,,Competitor Chosen,Lost Deal,us-central1 – Kansas,70,-45.7
2026-09-16,161577999595,216327209147,H200,gpu,,96,2.01,RESERVE,PREPAID,0,2025-05-22,2.0,2025-05-22,2025-05-26,2.0,2.0,2,0,2025-05-22:2,Prospect,open_at_freeze,,,Approved,us-central1 – Kansas,0,0.0
2026-09-16,180611801316,54389728458,B200,gpu,,16,2.93,PAYG,POSTPAID,0,2025-07-17,4.5,2025-07-17,2025-10-30,4.5,4.5,31,0,2025-07-17:4.5,Prospect,open_at_freeze,,,Waiting For Approval,Nemax,0,0.0
2026-09-16,183174880489,232779768032,H200,gpu,,80,0.46,PAYG,POSTPAID,0,2025-06-26,2.2,2025-07-03,2026-08-10,2.2,2.2,118,0,2025-06-26:2.2,Closed won,won,2025-07-03,,Approved,us-central1 – Kansas,7,0.0
2026-09-16,183663859905,239529805000,H100,gpu,,16,2.99,PAYG,POSTPAID,0,2025-06-26,2.95,2025-08-18,2026-08-10,2.95,2.95,118,0,2025-06-26:2.95,Closed lost,lost_capacity,,NO_CAPACITY,Lost Deal,Nemax,53,0.0
2026-09-16,183914702022,241312138444,B200,gpu,,8,12.01,RESERVE,PREPAID,0,2025-06-26,4.25,2025-07-17,2026-08-10,4.25,4.25,118,0,2025-06-26:4.25,Closed lost,lost_other,,Customer Disengagement or Cancellation,Lost Deal,us-central1 – Kansas,21,0.0
2026-09-16,184351389915,247883816153,H200,gpu,,2000,23.98,RESERVE,POSTPAID,0,2025-06-30,1.8,2025-06-30,2025-07-03,1.8,1.8,2,0,2025-06-30:1.8,Technical Validation,open_at_freeze,,,Waiting For Approval,us-central1 – Kansas,0,0.0
2026-09-16,191611191498,247884215521,B200,gpu,,48,12.01,RESERVE,POSTPAID,0,2025-07-07,5.5,2025-10-16,2026-08-10,5.5,3.85,115,0,2025-07-07:5.5,Closed lost,lost_other,,Qualification Oversights,Lost Deal,us-central1 – Kansas,101,-30.0
2026-09-16,194881317059,257123697872,B200,gpu,,2048,12.01,RESERVE,PREPAID,0,2025-07-14,3.5,2025-07-14,2026-08-10,3.5,3.5,113,0,2025-07-14:3.5,Closed lost,lost_other,,Insufficient Capabilities,Lost Deal,us-central1 – Kansas,0,0.0
2026-09-16,197808269544,262949310675,B200,gpu,,32,3.03,PAYG,PREPAID,0,2025-07-17,3.75,2025-09-04,2026-08-10,3.75,3.75,112,0,2025-07-17:3.75,Disqualified,disqualified,,NO_CAPACITY,Disqualified,us-central1 – Kansas,49,0.0
2026-09-16,209756087491,271616975044,B200,gpu,,8,2.01,PAYG,POSTPAID,0,2025-07-31,5.0,2025-08-11,2025-10-30,5.0,5.0,27,0,2025-07-31:5,Technical Validation,open_at_freeze,,,Waiting For Approval,us-central1 – Kansas,11,0.0
2026-09-16,21378165971,23052568550,H100,gpu,,64,0.2,TESTING,NO_PAYMENT,0,2024-10-29,3.5,2024-11-14,2026-08-10,3.5,3.5,164,0,2024-10-29:3.5,Closed won,won,2024-11-14,,Approved,Nemax,16,0.0
2026-09-16,227679445179,293034348782,B200,gpu,,16,0.23,RESERVE,POSTPAID,0,2025-08-25,3.3,2025-10-02,2026-08-10,3.3,3.3,101,0,2025-08-25:3.3,Closed won,won,2025-10-02,,Approved,us-central1 – Kansas,38,0.0
2026-09-16,227679445184,293034348782,B200,gpu,,80,11.97,RESERVE,POSTPAID,0,2025-08-25,3.3,2025-08-28,2025-09-22,3.3,3.3,9,0,2025-08-25:3.3,Commercial Proposal,open_at_freeze,,,Approved,us-central1 – Kansas,3,0.0
2026-09-16,230376442081,292091454710,B200,gpu,,64,9.01,,,0,2025-08-28,3.2,2025-10-13,2026-08-10,3.2,3.2,100,0,2025-08-28:3.2,Closed lost,lost_other,,Customer Disengagement or Cancellation,Lost Deal,us-central1 – Kansas,46,0.0
2026-09-16,241236832494,292064535749,GB300,gpu,72,144,4.47,RESERVE,PREPAID,0,2025-09-15,3.5,2025-09-15,2025-10-13,3.55,3.55,9,1,2025-09-15:3.5>2025-09-29:3.55,Commercial Proposal,open_at_freeze,,,Pre-Approved,Nemax,0,1.4
2026-09-16,246275476727,311727127795,H200,gpu,,64,1.05,RESERVE,PREPAID,0,2025-09-22,1.85,2025-11-17,2026-08-10,1.85,1.85,93,0,2025-09-22:1.85,Closed lost,lost_other,,Customer Disengagement or Cancellation,Lost Deal,eu-west1 – Paris,56,0.0
2026-09-16,257329433795,322792624333,H100,gpu,,256,2.99,RESERVE,PREPAID,0,2025-10-06,2.95,2025-10-27,2025-10-30,2.95,2.95,8,0,2025-10-06:2.95,Commercial Proposal,open_at_freeze,,,Waiting For Approval,Nemax,21,0.0
2026-09-16,272940141804,338154019008,H200,gpu,,256,3.03,RESERVE,POSTPAID,0,2025-10-23,2.5,2025-10-27,2025-11-20,2.2,2.2,9,2,2025-10-23:2.5>2025-10-27:2.3>2025-10-30:2.2,Commercial Proposal,open_at_freeze,,,Waiting For Approval,Nemax,4,-12.0
2026-09-16,274427043045,347229681893,H100,gpu,,32,6.02,RESERVE,PREPAID,0,2025-10-30,1.6,2025-11-13,2026-08-10,1.65,1.65,82,1,2025-10-30:1.6>2025-11-06:1.65,Closed won,won,2025-11-13,,Waiting For Approval,Nemax,14,3.1
2026-09-16,278272414921,346650640630,H100,gpu,,1500,12.01,RESERVE,PREPAID,0,2025-10-30,1.8,2025-11-03,2026-08-10,1.8,1.8,82,0,2025-10-30:1.8,Closed lost,lost_capacity,,NO_CAPACITY,Lost Deal,Nemax,4,0.0
2026-09-16,298777570529,364314938562,H100,gpu,,8,0.26,TESTING,NO_PAYMENT,0,2025-11-06,2.95,2025-11-06,2026-01-07,2.95,2.95,19,0,2025-11-06:2.95,Technical Validation,open_at_freeze,,,Waiting For Approval,Nemax,0,0.0
2026-09-16,322061466816,364314938562,H200,gpu,,32,0.46,TESTING,NO_PAYMENT,0,2025-11-26,3.5,2025-11-26,2026-01-07,3.5,3.5,13,0,2025-11-26:3.5,Technical Validation,open_at_freeze,,,Waiting For Approval,,0,0.0
2026-09-16,329355325677,338935582916,H200,gpu,,32,12.01,RESERVE,PREPAID,0,2025-12-01,2.0,2026-07-01,2026-08-10,2.95,2.65,73,2,2025-12-01:2>2026-06-08:2.9>2026-06-17:2.95,Closed won,won,2026-07-01,,Approved,Nemax,212,32.5
2026-09-16,352015104238,413524737235,H100,gpu,,16,0.46,TESTING,NO_PAYMENT,0,2025-12-24,2.95,2026-05-04,2026-08-10,2.95,2.95,66,0,2025-12-24:2.95,Closed lost,lost_other,,Customer Disengagement or Cancellation;Insufficient Capabilities,Lost Deal,Nemax,131,0.0
2026-09-16,378431014076,433455617253,H200,gpu,,2000,12.01,RESERVE,PREPAID,0,2026-01-19,1.5,2026-02-23,2026-08-10,1.6,1.6,59,4,2026-01-19:1.5>2026-01-26:1.6>2026-02-02:1.65>2026-02-09:1.7>2026-02-16:1.6,Closed won,won,2026-02-23,,Approved,Nemax,35,6.7
2026-09-16,383180302543,420838659261,B200,gpu,,256,9.11,RESERVE,POSTPAID,0,2026-01-21,2.8,2026-02-02,2026-02-09,2.8,2.8,6,0,2026-01-21:2.8,Agreement signing,open_at_freeze,,,Pre-Approved,me-west1 - Israel,12,0.0
2026-09-16,400244048120,454717895881,B300,gpu,,32,12.01,RESERVE,PREPAID,0,2026-02-04,3.4,2026-02-04,2026-02-18,3.4,3.4,5,0,2026-02-04:3.4,Technical Validation,open_at_freeze,,,Waiting For Approval,uk-south1 – UK,0,0.0
2026-09-16,40217252086,45645510852,H100,gpu,,16,0.23,TESTING,NO_PAYMENT,0,2024-11-14,2.95,2024-12-17,2026-08-10,2.95,2.95,162,0,2024-11-14:2.95,Disqualified,disqualified,,Test Deals,Disqualified,Nemax,33,0.0
2026-09-16,44100267222,16659176912,H100,gpu,,3,0.72,PROMO,NO_PAYMENT,0,2024-11-26,2.95,2024-11-26,2026-08-10,2.95,2.95,160,0,2024-11-26:2.95,Closed won,won,2024-11-26,,Approved,Nemax,0,0.0
2026-09-16,445004783806,495225054446,H200,gpu,,16,0.23,RESERVE,POSTPAID,0,2026-03-25,3.5,2026-03-30,2026-08-10,3.5,3.5,40,0,2026-03-25:3.5,Closed won,won,2026-03-30,,Approved,Nemax,5,0.0
2026-09-16,446475119830,496068737228,H200,gpu,,24,2.96,RESERVE,PREPAID,0,2026-03-30,3.5,2026-08-05,2026-08-10,3.5,3.5,39,0,2026-03-30:3.5,Closed lost,lost_other,,Qualification Oversights,Lost Deal,Nemax,128,0.0
2026-09-16,447170262215,452555124958,B300,gpu,,32,0.3,TESTING,NO_PAYMENT,0,2026-04-01,7.1,2026-04-29,2026-08-10,7.1,7.1,38,0,2026-04-01:7.1,Closed lost,lost_capacity,,NO_CAPACITY,Lost Deal,uk-south1 – UK,28,0.0
2026-09-16,448373245140,497524531397,GB300,rack,72,10440,36.02,RESERVE,PREPAID,0,2026-04-06,4.41,2026-04-06,2026-04-29,5.57,5.57,8,2,2026-04-06:4.41>2026-04-15:4.54>2026-04-29:5.57,Commercial Proposal,open_at_freeze,,,Waiting For Approval,us-north1 – Minnesota,0,26.3
2026-09-16,452438059242,486002687175,GB300,rack,72,5040,24.05,RESERVE,PREPAID,0,2026-04-27,5.9,2026-04-27,2026-04-29,5.9,5.9,2,0,2026-04-27:5.9,Commercial Proposal,open_at_freeze,,,Waiting for Business Approval,us-south1 – Oklahoma,0,0.0
2026-09-16,457012842738,502633753842,B300,gpu,,128,11.97,RESERVE,POSTPAID,0,2026-05-18,5.78,2026-06-03,2026-08-10,5.78,5.78,22,0,2026-05-18:5.78,Disqualified,disqualified,,Test Deals,Disqualified,eu-west2 – Paris,16,0.0
2026-09-16,457718700254,455558745337,GB300,rack,72,1080,12.01,RESERVE,PREPAID,0,2026-05-20,6.05,2026-06-17,2026-08-10,6.05,6.05,24,0,2026-05-20:6.05,Closed won,won,2026-06-17,,Approved,eu-west3 – Bethune,28,0.0
2026-09-16,459769844930,503790204105,H100,gpu,,512,12.01,RESERVE,PREPAID,0,2026-05-27,2.4,2026-06-29,2026-08-10,2.4,2.4,22,0,2026-05-27:2.4,Closed lost,lost_capacity,,NO_CAPACITY,Lost Deal,Nemax,33,0.0
2026-09-16,464161111259,506118816982,B200,gpu,,256,24.05,RESERVE,PREPAID,0,2026-06-22,4.5,2026-06-29,2026-07-15,4.5,4.5,8,0,2026-06-22:4.5,Technical Validation,open_at_freeze,,,Waiting For Approval,us-central1 – Kansas,7,0.0
2026-09-16,464772799714,507428292817,B200,gpu,,512,12.01,RESERVE,POSTPAID,0,2026-06-24,5.75,2026-07-13,2026-08-10,5.75,5.75,14,0,2026-06-24:5.75,Technical Validation,open_at_freeze,,,Waiting For Approval,us-central1 – Kansas,19,0.0
2026-09-16,465640573114,507758919910,B300,gpu,,40,12.01,RESERVE,PREPAID,0,2026-06-24,5.2,2026-08-03,2026-08-10,5.2,5.2,14,0,2026-06-24:5.2,Technical Validation,open_at_freeze,,,Waiting For Approval,eu-west1 – Paris,40,0.0
2026-09-16,467797040374,508879700217,B300,gpu,,400,36.05,RESERVE,PREPAID,0,2026-07-08,4.8,2026-07-08,2026-07-15,4.8,4.8,3,0,2026-07-08:4.8,Technical Validation,open_at_freeze,,,Waiting for Business Approval,eu-west2 – Paris,0,0.0
2026-09-16,470593335525,512055393525,B200,gpu,,32,6.05,RESERVE,PREPAID,0,2026-07-22,4.99,2026-07-22,2026-08-10,4.99,4.99,6,0,2026-07-22:4.99,Technical Validation,open_at_freeze,,,Waiting For Approval,tf-us1,0,0.0
2026-09-16,472639876343,505110360293,B300,gpu,,8,12.99,RESERVE,PREPAID,0,2026-07-27,5.75,2026-07-27,2026-08-10,5.75,5.75,5,0,2026-07-27:5.75,Commercial Proposal,open_at_freeze,,,Waiting For Approval,eu-west1 – Paris,0,0.0
2026-09-16,475405190368,514043308231,B300,gpu,,80,11.97,RESERVE,PREPAID,0,2026-08-03,5.56,2026-08-03,2026-08-10,5.56,5.56,3,0,2026-08-03:5.56,Commercial Proposal,open_at_freeze,,,Waiting For Approval,eu-west1 – Paris,0,0.0
2026-09-16,476674648290,514841702621,B200,gpu,,128,11.97,RESERVE,PREPAID,0,2026-08-10,3.0,2026-08-10,2026-08-10,3.0,3.0,1,0,2026-08-10:3,Commercial Proposal,open_at_freeze,,,Approved,us-central1 – Kansas,0,0.0
2026-09-16,49877648619,20696160459,H100,gpu,,16,0.07,TESTING,NO_PAYMENT,0,2024-12-03,2.95,2024-12-10,2026-08-10,2.95,2.95,159,0,2024-12-03:2.95,Disqualified,disqualified,,Test Deals,Disqualified,Nemax,7,0.0
2026-09-16,57708000478,68827426039,H100,gpu,,1024,2.93,RESERVE,PREPAID,0,2024-12-17,1.55,2025-03-10,2026-08-10,1.55,1.55,157,0,2024-12-17:1.55,Disqualified,disqualified,,Customer Disengagement or Cancellation,Disqualified,Nemax,83,0.0
2026-09-16,84022854850,108791864522,H100,gpu,,512,23.98,RESERVE,PREPAID,0,2025-01-27,1.54,2025-02-10,2026-08-10,1.67,1.67,153,1,2025-01-27:1.54>2025-02-03:1.67,Closed lost,lost_price_or_competitor,,Competitor Chosen,Lost Deal,Nemax,14,8.4
2026-09-16,8968704992,11709366499,H100,gpu,,16,6.05,PAYG,NO_PAYMENT,1,2024-10-15,2.85,2024-10-15,2026-08-10,2.85,2.85,166,0,2024-10-15:2.85,Closed lost,lost_other,,Customer Disengagement or Cancellation,Lost Deal,Finland,0,0.0
2026-09-16,94406754496,50032001252,H200,gpu,,1024,4.01,RESERVE,PREPAID,0,2025-02-10,1.65,2025-03-03,2026-08-10,1.65,1.65,151,0,2025-02-10:1.65,Closed lost,lost_price_or_competitor,,Competitor Chosen,Lost Deal,us-central1 – Kansas,21,0.0
2026-09-16,9946562540,11247920078,H100,gpu,,256,4.28,RESERVE,POSTPAID,1,2024-10-15,2.7,2024-10-15,2026-08-10,2.7,2.7,166,0,2024-10-15:2.7,Closed lost,lost_other,,Security and Compliance Gaps,Lost Deal,Finland,0,0.0
2026-09-16,103066610886,121620103377,H200,gpu,,16,0.07,TESTING,NO_PAYMENT,0,2025-02-24,3.5,2025-02-24,2025-02-24,3.5,3.5,1,0,2025-02-24:3.5,Commercial Proposal,open_at_freeze,,,Approved,Nemax,0,0.0
2026-09-16,107114544331,140678874329,H100,gpu,,32,2.89,RESERVE,PREPAID,0,2025-03-03,1.8,2025-03-24,2026-08-10,1.8,1.8,148,0,2025-03-03:1.8,Closed won,won,2025-03-24,,Approved,Nemax,21,0.0
2026-09-16,10940663253,15554929365,H100,gpu,,256,2.01,RESERVE,PREPAID,1,2024-10-15,2.3,2024-10-15,2026-08-10,2.3,2.3,166,0,2024-10-15:2.3,Closed won,won,2024-10-15,,DECLINED,Finland,0,0.0
2026-09-16,11001617398,14113827519,H100,gpu,,256,0.99,RESERVE,POSTPAID,1,2024-10-15,1.5,2024-10-15,2026-08-10,1.5,1.5,166,0,2024-10-15:1.5,Closed won,won,2024-10-15,,Disqualified,Finland,0,0.0
2026-09-16,138448018657,186342954232,H100,gpu,,3000,2.99,RESERVE,PREPAID,0,2025-04-24,1.9,2025-05-08,2026-08-10,1.9,1.9,136,0,2025-04-24:1.9,Closed won,won,2025-05-08,,Approved,Nemax,14,0.0
2026-09-16,143329875138,16659176912,H100,gpu,,80,0.2,PROMO,NO_PAYMENT,0,2025-04-28,2.95,2025-04-28,2026-08-10,2.95,2.95,135,0,2025-04-28:2.95,Closed won,won,2025-04-28,,Approved,Nemax,0,0.0
2026-09-16,144244033784,147809170655,H200,gpu,,64,0.33,TESTING,NO_PAYMENT,0,2025-05-01,3.5,2025-05-22,2026-08-10,3.5,3.5,134,0,2025-05-01:3.5,Closed lost,lost_price_or_competitor,,PoC Performance;Competitor Chosen;Pricing and Billing Issues;Insufficient Capabilities,Lost Deal,us-central1 – Kansas,21,0.0
2026-09-16,144905882825,163523948785,H100,gpu,,16,0.23,TESTING,NO_PAYMENT,0,2025-05-01,2.95,2025-05-08,2026-08-10,2.95,2.95,134,0,2025-05-01:2.95,Closed lost,lost_other,,Test Deals,Lost Deal,Nemax,7,0.0
2026-09-16,148335212793,199481861331,H200,gpu,,128,3.03,PAYG,POSTPAID,0,2025-05-08,2.2,2025-05-15,2026-08-10,2.2,2.2,132,0,2025-05-08:2.2,Closed won,won,2025-05-15,,Approved,us-central1 – Kansas,7,0.0
2026-09-16,149860645055,201565289694,H100,gpu,,32,12.01,RESERVE,POSTPAID,0,2025-05-12,1.9,2025-05-19,2026-08-10,1.9,1.9,131,0,2025-05-12:1.9,Closed lost,lost_other,,Insufficient Capabilities,Lost Deal,Nemax,7,0.0
2026-09-16,168617933037,226414842045,H200,gpu,,16,1.48,TESTING,NO_PAYMENT,0,2025-06-02,3.5,2025-09-04,2026-08-10,3.5,3.5,125,0,2025-06-02:3.5,Disqualified,disqualified,,Customer Disengagement or Cancellation,Disqualified,us-central1 – Kansas,94,0.0
2026-09-16,192859161806,258180622529,H200,gpu,,8,3.09,PAYG,POSTPAID,0,2025-07-10,2.6,2025-07-24,2026-08-10,2.6,2.6,114,0,2025-07-10:2.6,Closed won,won,2025-07-24,,Approved,Nemax,14,0.0
2026-09-16,219790048479,347229681893,H200,gpu,,128,12.04,RESERVE,PREPAID,0,2025-10-30,1.8,2025-11-13,2026-08-10,1.8,1.8,82,0,2025-10-30:1.8,Closed won,won,2025-11-13,,Approved,eu-west1 – Paris,14,0.0
2026-09-16,221752242424,286718311650,H200,gpu,,128,1.45,RESERVE,POSTPAID,0,2025-08-14,2.05,2025-08-25,2026-08-10,2.05,2.05,104,0,2025-08-14:2.05,Closed won,won,2025-08-25,,Approved,eu-west1 – Paris,11,0.0
2026-09-16,226775550194,292270704860,H200,gpu,,128,2.99,RESERVE,POSTPAID,0,2025-08-21,2.1,2025-09-08,2026-08-10,2.1,2.1,102,0,2025-08-21:2.1,Closed lost,lost_capacity,,Customer Disengagement or Cancellation;NO_CAPACITY,Lost Deal,Nemax,18,0.0
2026-09-16,249190793447,316400025834,B200,gpu,,64,6.71,RESERVE,PREPAID,0,2025-09-25,3.4,2025-09-25,2025-10-09,3.4,3.4,5,0,2025-09-25:3.4,Prospect,open_at_freeze,,,Approved,us-central1 – Kansas,0,0.0
2026-09-16,272940146931,338160458966,B200,gpu,,8,10.03,RESERVE,POSTPAID,0,2025-10-23,3.4,2026-01-26,2026-08-10,3.4,3.4,84,0,2025-10-23:3.4,Closed lost,lost_capacity,,NO_CAPACITY,Lost Deal,us-central1 – Kansas,95,0.0
2026-09-16,284436963546,350071085275,H200,gpu,,20,6.97,PAYG,POSTPAID,0,2025-10-30,2.4,2025-10-30,2025-11-20,2.4,2.4,7,0,2025-10-30:2.4,Prospect,open_at_freeze,,,Waiting For Approval,us-central1 – Kansas,0,0.0
2026-09-16,286711855325,224286184639,H200,gpu,,8,0.33,TESTING,NO_PAYMENT,0,2025-10-30,3.5,2025-11-20,2026-08-10,3.5,3.5,82,0,2025-10-30:3.5,Commercial Proposal,open_at_freeze,,,Waiting For Approval,Nemax,21,0.0
2026-09-16,323821194475,388158154950,H200,gpu,,2048,3.95,RESERVE,PREPAID,0,2025-11-26,3.5,2025-11-26,2026-01-19,3.5,1.75,16,0,2025-11-26:3.5,Technical Validation,open_at_freeze,,,Waiting For Approval,Nemax,0,-50.0
2026-09-16,323821283553,388183410903,B200,gpu,,1000,24.01,RESERVE,PREPAID,0,2025-12-01,3.2,2026-01-07,2026-08-10,3.2,3.2,73,0,2025-12-01:3.2,Closed lost,lost_other,,Customer Disengagement or Cancellation,Lost Deal,us-central1 – Kansas,37,0.0
2026-09-16,329355331789,389303753944,H100,gpu,,16,12.01,RESERVE,PREPAID,0,2025-12-01,1.7,2025-12-29,2026-08-10,1.7,1.7,73,0,2025-12-01:1.7,Closed won,won,2025-12-29,,Approved,Nemax,28,0.0
2026-09-16,346605960418,410335164656,H200,gpu,,64,12.01,RESERVE,PREPAID,0,2025-12-17,1.7,2026-06-03,2026-08-10,1.7,1.7,55,0,2025-12-17:1.7,Disqualified,disqualified,,Duplicate deal,Disqualified,eu-west1 – Paris,168,0.0
2026-09-16,39947658465,42703551705,H100,gpu,,8,3.03,TESTING,POSTPAID,0,2024-11-14,2.95,2025-04-07,2026-08-10,2.95,2.95,162,0,2024-11-14:2.95,Disqualified,disqualified,,Insufficient Capabilities;Competitor Chosen,Disqualified,Nemax,144,0.0
2026-09-16,409115534523,466420511967,H100,gpu,,2560,11.97,RESERVE,POSTPAID,0,2026-02-11,1.5,2026-03-02,2026-08-10,1.5,1.5,52,0,2026-02-11:1.5,Closed lost,lost_capacity,,NO_CAPACITY,Lost Deal,Nemax,19,0.0
2026-09-16,426863345872,169184456927,H200,gpu,,10,0.03,PAYG,PREPAID,0,2026-03-02,3.67,2026-06-01,2026-08-10,3.67,3.67,47,0,2026-03-02:3.67,Disqualified,disqualified,,Test Deals,Disqualified,us-east1 – New Jersey,91,0.0
2026-09-16,433426523345,487499507916,GB300,rack,72,7992,24.05,RESERVE,PREPAID,0,2026-03-09,3.2917,2026-03-09,2026-08-10,3.2917,3.2917,45,0,2026-03-09:3.2917,Prospect,open_at_freeze,,,Waiting For Approval,eu-west2 – Paris,0,0.0
2026-09-16,449773621482,498499003619,GB300,rack,72,144,24.01,RESERVE,PREPAID,0,2026-04-13,9.2,2026-05-20,2026-08-10,5.83,5.83,35,1,2026-04-13:9.2>2026-05-13:5.83,Closed lost,lost_price_or_competitor,,Competitor Chosen;Pricing and Billing Issues,Lost Deal,eu-west3 – Bethune,37,-36.6
2026-09-16,449944271083,498498940153,B200,gpu,,0,11.97,RESERVE,PREPAID,0,2026-04-13,5.5,2026-04-13,2026-05-06,3.93,3.93,8,1,2026-04-13:5.5>2026-04-15:3.93,Technical Validation,open_at_freeze,,,Waiting For Approval,us-east1 – New Jersey,0,-28.5
2026-09-16,449945765059,498501128393,B300,gpu,,256,12.01,RESERVE,PREPAID,0,2026-04-13,6.0,2026-06-08,2026-08-10,6.0,6.0,35,0,2026-04-13:6,Closed lost,lost_other,,Insufficient Capabilities,Lost Deal,eu-west1 – Paris,56,0.0
2026-09-16,454655494365,501501043911,H200,gpu,,88,4.61,RESERVE,PREPAID,0,2026-05-06,3.19,2026-06-22,2026-08-10,3.19,3.19,28,0,2026-05-06:3.19,Closed lost,lost_other,,Contract Restructuring,Lost Deal,Nemax,47,0.0
2026-09-16,457347094732,472136709325,B300,gpu,,1500,36.05,RESERVE,PREPAID,0,2026-05-18,4.2,2026-05-27,2026-08-10,4.25,4.25,25,1,2026-05-18:4.2>2026-05-20:4.25,Closed lost,lost_price_or_competitor,,Pricing and Billing Issues;Competitor Chosen,Lost Deal,eu-west2 – Paris,9,1.2
2026-09-16,458928106744,503206928604,B300,gpu,,2000,12.01,RESERVE,PREPAID,0,2026-05-25,5.29,2026-07-08,2026-08-10,5.29,5.29,23,0,2026-05-25:5.29,Closed won,won,2026-07-08,,Approved,eu-south1 – Madrid,44,0.0
2026-09-16,470595552467,510539103458,B200,gpu,,64,11.97,RESERVE,PREPAID,0,2026-07-20,5.2,2026-07-20,2026-08-10,5.5,5.5,7,1,2026-07-20:5.2>2026-07-22:5.5,Commercial Proposal,open_at_freeze,,,Waiting For Approval,us-central1 – Kansas,0,5.8
2026-09-16,471323044070,510155908319,B200,gpu,,8,0.13,TESTING,NO_PAYMENT,0,2026-07-20,5.5,2026-08-10,2026-08-10,5.5,5.5,7,0,2026-07-20:5.5,Closed won,won,2026-08-10,,Disqualified,us-central1 – Kansas,21,0.0
2026-09-16,474467816662,513629795577,B300,gpu,,80,24.05,RESERVE,PREPAID,0,2026-07-29,5.84,2026-07-29,2026-08-10,5.46,5.46,4,1,2026-07-29:5.84>2026-08-03:5.46,Commercial Proposal,open_at_freeze,,,Waiting For Approval,eu-west2 – Paris,0,-6.5
2026-09-16,475938415807,514841703645,GB300,rack,72,2016,36.05,RESERVE,PREPAID,0,2026-08-03,5.0,2026-08-03,2026-08-10,5.0,5.0,3,0,2026-08-03:5,Commercial Proposal,open_at_freeze,,,Waiting For Approval,me-west1 - Israel,0,0.0
2026-09-16,476019949816,514749540561,B300,gpu,,200,11.97,RESERVE,POSTPAID,0,2026-08-05,7.85,2026-08-05,2026-08-10,7.85,7.85,2,0,2026-08-05:7.85,Technical Validation,open_at_freeze,,,Waiting For Approval,eu-south1 – Madrid,0,0.0
2026-09-16,77405343961,97454351605,H200,gpu,,4,6.02,RESERVE,POSTPAID,0,2025-01-13,2.0,2025-03-10,2026-08-10,3.15,3.15,155,1,2025-01-13:2>2025-03-03:3.15,Closed won,won,2025-03-10,,Waiting For Approval,eu-west1 – Paris,56,57.5
2026-09-16,81834739925,105060749550,H100,gpu,,10,2.99,PAYG,POSTPAID,0,2025-01-20,2.95,2025-09-29,2026-01-14,2.95,2.95,95,0,2025-01-20:2.95,Commercial Proposal,open_at_freeze,,Test Deals,Disqualified,Nemax,252,0.0
2026-09-16,84009630966,108620185818,H100,gpu,,24,2.93,PAYG,POSTPAID,0,2025-01-27,2.95,2025-02-17,2025-02-24,2.95,2.0,5,0,2025-01-27:2.95,Agreement signing,open_at_freeze,,,Approved,Nemax,21,-32.2
2026-09-16,89346899143,116621462748,H100,gpu,,16,2.93,PAYG,POSTPAID,0,2025-02-03,2.95,2025-06-26,2026-08-10,2.95,2.95,152,0,2025-02-03:2.95,Disqualified,disqualified,,Customer Disengagement or Cancellation,Disqualified,Nemax,143,0.0
2026-09-16,94487902423,50032001252,H100,gpu,,592,4.54,RESERVE,PREPAID,0,2025-02-10,1.65,2025-03-03,2026-08-10,1.65,1.65,151,0,2025-02-10:1.65,Closed lost,lost_price_or_competitor,,Competitor Chosen,Lost Deal,Nemax,21,0.0
2026-09-16,96837897463,16310655177,H200,gpu,,304,0.13,TESTING,NO_PAYMENT,0,2025-02-17,3.5,2025-02-17,2026-08-10,3.5,3.5,150,0,2025-02-17:3.5,Closed won,won,2025-02-17,,Approved,eu-west1 – Paris,0,0.0
2026-09-16,9831849156,13465824452,H100,gpu,,512,3.03,RESERVE,POSTPAID,1,2024-10-15,2.7,2024-10-15,2026-08-10,2.7,2.7,166,0,2024-10-15:2.7,Disqualified,disqualified,,Customer Disengagement or Cancellation,Disqualified,Finland,0,0.0
2026-09-16,9946592961,13823384814,H100,gpu,,32,0.2,RESERVE,PREPAID,1,2024-10-15,2.9,2024-10-15,2026-08-10,2.9,2.9,166,0,2024-10-15:2.9,Closed lost,lost_price_or_competitor,,Pricing and Billing Issues,Lost Deal,Finland,0,0.0
2026-09-16,10062415088,14115742198,H100,gpu,,32,0.3,RESERVE,PREPAID,1,2024-10-15,2.45,2024-10-15,2026-08-10,2.45,2.45,166,0,2024-10-15:2.45,Closed won,won,2024-10-15,,Disqualified,Finland,0,0.0
2026-09-16,10064620747,13954325460,H100,gpu,,80,0.95,RESERVE,PREPAID,1,2024-10-15,3.35,2024-10-15,2026-08-10,3.35,3.35,166,0,2024-10-15:3.35,Closed won,won,2024-10-15,,Disqualified,Finland,0,0.0
2026-09-16,10425597935,13954325460,H100,gpu,,80,1.97,RESERVE,PREPAID,1,2024-10-15,3.35,2024-10-15,2026-08-10,3.35,3.35,166,0,2024-10-15:3.35,Closed won,won,2024-10-15,,Approved,Finland,0,0.0
2026-09-16,112139635954,129299497169,H100,gpu,,152,1.41,RESERVE,PREPAID,0,2025-03-10,1.9,2025-05-05,2026-08-10,1.9,1.9,147,0,2025-03-10:1.9,Closed won,won,2025-05-05,,Disqualified,Nemax,56,0.0
2026-09-16,115255064798,126689316034,H200,gpu,,2976,11.74,RESERVE,PREPAID,0,2025-03-17,2.0,2025-04-03,2026-08-10,2.0,2.0,146,0,2025-03-17:2,Closed won,won,2025-04-03,,Approved,eu-north2 – Iceland,17,0.0
2026-09-16,11886811852,16459659212,H100,gpu,,16,5.95,RESERVE,POSTPAID,1,2024-10-15,2.5,2024-10-15,2026-08-10,2.5,2.5,166,0,2024-10-15:2.5,Closed lost,lost_price_or_competitor,,Pricing and Billing Issues,Lost Deal,Finland,0,0.0
2026-09-16,120115773634,160652947696,H100,gpu,,128,2.99,RESERVE,POSTPAID,0,2025-03-24,2.95,2025-05-01,2026-08-10,2.95,1.86,145,0,2025-03-24:2.95,Closed lost,lost_other,,Customer Disengagement or Cancellation,Lost Deal,Nemax,38,-36.9
2026-09-16,120483612884,161259883723,H200,gpu,,3248,11.97,RESERVE,PREPAID,0,2025-03-24,2.1,2025-04-17,2026-08-10,1.9,1.9,145,2,2025-03-24:2.1>2025-03-27:2>2025-04-03:1.9,Closed lost,lost_price_or_competitor,,Pricing and Billing Issues,Lost Deal,us-central1 – Kansas,24,-9.5
2026-09-16,12119097063,16592042959,H100,gpu,,88,1.84,RESERVE,PREPAID,1,2024-10-15,3.2,2024-10-15,2026-08-10,3.2,3.2,166,0,2024-10-15:3.2,Closed won,won,2024-10-15,,Approved,Finland,0,0.0
2026-09-16,122613774531,164946499808,H200,gpu,,20,8.06,PAYG,POSTPAID,0,2025-03-27,3.5,2025-04-28,2026-08-10,2.7,2.7,144,1,2025-03-27:3.5>2025-03-31:2.7,Closed won,won,2025-04-28,,Approved,Nemax,32,-22.9
2026-09-16,123287656686,165900788942,H100,gpu,,16,9.05,PAYG,POSTPAID,0,2025-03-27,2.5,2025-04-03,2026-08-10,2.5,2.5,144,0,2025-03-27:2.5,Closed won,won,2025-04-03,,Approved,Nemax,7,0.0
2026-09-16,123376981220,151677615334,H200,gpu,,64,0.46,TESTING,NO_PAYMENT,0,2025-03-31,3.5,2025-05-01,2026-08-10,3.5,3.5,143,0,2025-03-31:3.5,Closed lost,lost_capacity,,NO_CAPACITY,Lost Deal,eu-north2 – Iceland,31,0.0
2026-09-16,126524555489,169184456927,H100,gpu,,8,0.13,PAYG,POSTPAID,0,2025-04-03,2.95,2025-04-14,2026-02-18,2.95,2.95,93,0,2025-04-03:2.95,Disqualified,disqualified,,Test Deals,Disqualified,Nemax,11,0.0
2026-09-16,16612387258,15781407945,H100,gpu,,160,23.98,RESERVE,PREPAID,1,2024-10-15,2.5,2025-05-12,2026-08-10,2.5,2.5,166,0,2024-10-15:2.5,Closed lost,lost_other,,Customer Disengagement or Cancellation,Lost Deal,Nemax,209,0.0
2026-09-16,172113021136,166509809878,H200,gpu,,48,0.69,TESTING,NO_PAYMENT,0,2025-06-09,3.5,2025-06-26,2026-08-10,3.5,3.5,123,0,2025-06-09:3.5,Closed won,won,2025-06-26,,Approved,eu-west1 – Paris,17,0.0
2026-09-16,183801448677,247090327774,H200,gpu,,512,0.33,RESERVE,POSTPAID,0,2025-06-26,3.5,2025-07-14,2026-08-10,3.5,2.3,118,0,2025-06-26:3.5,Closed won,won,2025-07-14,,Approved,us-central1 – Kansas,18,-34.3
2026-09-16,188857160911,253734560955,H200,gpu,,32,0.39,TESTING,NO_PAYMENT,0,2025-07-07,3.5,2025-08-11,2026-08-10,3.5,3.5,115,0,2025-07-07:3.5,Closed won,won,2025-08-11,,Approved,us-central1 – Kansas,35,0.0
2026-09-16,19017750492,23052554693,H200,gpu,,8,0.23,TESTING,NO_PAYMENT,0,2024-10-22,4.85,2024-10-29,2026-08-10,4.85,4.85,165,0,2024-10-22:4.85,Closed won,won,2024-10-29,,DECLINED,Nemax,7,0.0
2026-09-16,203516605644,268877062343,H100,gpu,,24,12.01,RESERVE,POSTPAID,0,2025-07-24,2.8,2025-08-04,2025-09-18,1.8,1.8,17,2,2025-07-24:2.8>2025-07-31:18>2025-08-04:1.8,Commercial Proposal,open_at_freeze,,,Waiting For Approval,Nemax,11,-35.7
2026-09-16,225707749602,288810313914,H100,gpu,,64,0.46,RESERVE,POSTPAID,0,2025-08-21,1.5,2025-08-21,2026-08-10,1.5,1.5,102,0,2025-08-21:1.5,Closed lost,lost_capacity,,NO_CAPACITY,Lost Deal,Nemax,0,0.0
2026-09-16,226861777093,292065975507,GB200,gpu,72,1152,36.05,RESERVE,PREPAID,0,2025-08-21,3.15,2025-09-08,2026-08-10,3.15,3.15,102,0,2025-08-21:3.15,Closed lost,lost_capacity,,NO_CAPACITY,Lost Deal,us-east1 – New Jersey,18,0.0
2026-09-16,238770930935,303274064088,B200,gpu,,48,11.97,RESERVE,POSTPAID,0,2025-09-08,3.7,2025-11-06,2026-08-10,3.7,3.7,97,0,2025-09-08:3.7,Closed lost,lost_other,,Customer Disengagement or Cancellation,Lost Deal,us-central1 – Kansas,59,0.0
2026-09-16,241743137004,347664986315,B300,gpu,,256,12.04,RESERVE,PREPAID,0,2025-10-30,4.7,2025-12-22,2026-08-10,3.45,3.45,82,4,2025-10-30:4.7>2025-11-13:4.2>2025-11-17:3.8>2025-11-20:3.7>2025-12-15:3.45,Closed won,won,2025-12-22,,Waiting For Approval,uk-south1 – UK,53,-26.6
2026-09-16,255442845882,321302437053,H100,gpu,,32,12.01,RESERVE,PREPAID,0,2025-10-02,1.15,2025-10-02,2025-10-13,1.15,1.15,4,0,2025-10-02:1.15,Technical Validation,open_at_freeze,,,Waiting For Approval,Nemax,0,0.0
2026-09-16,271144912098,314866798809,GB300,gpu,72,18432,61.05,RESERVE,PREPAID,0,2025-10-20,3.03,2025-10-20,2026-08-10,3.03,3.02,85,0,2025-10-20:3.03,Closed won,won,2025-10-20,,Waiting For Approval,us-east1 – New Jersey,0,-0.3
2026-09-16,272753405135,314876351677,B200,gpu,,512,2.27,RESERVE,PREPAID,0,2025-10-20,2.9,2025-11-03,2026-08-10,2.9,2.9,85,0,2025-10-20:2.9,Closed won,won,2025-11-03,,Approved,me-west1 - Israel,14,0.0
2026-09-16,276068072687,338239415542,B200,gpu,,2048,12.01,RESERVE,PREPAID,0,2025-10-23,5.5,2025-11-26,2025-12-08,5.5,3.02,14,0,2025-10-23:5.5,Commercial Proposal,open_at_freeze,,,Pre-Approved,me-west1 - Israel,34,-45.1
2026-09-16,276073304300,334958500044,H200,gpu,,8,0.46,RESERVE,NO_PAYMENT,0,2025-10-27,3.5,2025-11-17,2026-08-10,3.5,3.5,83,0,2025-10-27:3.5,Closed lost,lost_other,,Customer Disengagement or Cancellation,Lost Deal,Nemax,21,0.0
2026-09-16,277845463267,309824542928,H200,gpu,,32,12.01,PAYG,POSTPAID,0,2025-10-27,2.3,2025-11-17,2026-08-10,2.3,2.3,83,0,2025-10-27:2.3,Closed lost,lost_capacity,,NO_CAPACITY,Lost Deal,Nemax,21,0.0
2026-09-16,312890043590,379580046566,H200,gpu,,56,11.58,RESERVE,PREPAID,0,2025-11-20,1.85,2025-12-31,2026-08-10,1.8,1.8,74,1,2025-11-20:1.85>2025-12-22:1.8,Closed won,won,2025-12-31,,Approved,Nemax,41,-2.7
2026-09-16,330085925059,388158154950,B300,gpu,,2048,24.05,RESERVE,PREPAID,0,2025-12-01,7.1,2026-02-11,2026-08-10,7.1,4.1,73,0,2025-12-01:7.1,Closed lost,lost_capacity,,NO_CAPACITY;Competitor Chosen,Lost Deal,eu-west1 – Paris,72,-42.3
2026-09-16,349091310812,399854148807,H200,gpu,,16,6.02,RESERVE,PREPAID,0,2025-12-22,2.52,2026-01-07,2026-08-10,2.52,2.52,67,0,2025-12-22:2.52,Closed lost,lost_capacity,,NO_CAPACITY,Lost Deal,eu-north2 – Iceland,16,0.0
2026-09-16,371673140435,431622787279,H200,gpu,,128,6.09,RESERVE,,0,2026-01-12,1.8,2026-01-26,2026-02-02,1.8,1.8,7,0,2026-01-12:1.8,Agreement signing,open_at_freeze,,,Approved,Nemax,14,0.0
2026-09-16,40731037908,45646178539,H100,gpu,,128,0.07,PAYG,POSTPAID,0,2024-11-18,2.2,2024-12-10,2026-08-10,2.2,2.2,161,0,2024-11-18:2.2,Closed won,won,2024-12-10,,Approved,Nemax,22,0.0
2026-09-16,43209496777,36612373719,H100,gpu,,16,0.2,TESTING,NO_PAYMENT,0,2024-11-26,2.95,2024-11-26,2025-11-10,2.95,2.95,82,0,2024-11-26:2.95,Prospect,open_at_freeze,,,Disqualified,Nemax,0,0.0
2026-09-16,434052396271,487967781053,B300,gpu,,512,24.01,RESERVE,PREPAID,0,2026-03-09,4.0,2026-07-01,2026-08-10,4.2,4.2,45,4,2026-03-09:4>2026-03-25:4.91>2026-04-27:4.4>2026-06-08:3.8>2026-06-10:4.2,Closed won,won,2026-07-01,,Approved,eu-west2 – Paris,114,5.0
2026-09-16,439441931494,481366706393,H100,gpu,,100,2.66,RESERVE,PREPAID,0,2026-06-03,3.1,2026-06-03,2026-08-10,3.1,3.1,20,0,2026-06-03:3.1,Disqualified,disqualified,,Test Deals,Disqualified,eu-north2 – Iceland,0,0.0
2026-09-16,444674446542,495075229942,H100,gpu,,16,6.05,RESERVE,PREPAID,0,2026-03-25,2.05,2026-06-03,2026-08-10,2.05,2.05,23,0,2026-03-25:2.05,Disqualified,disqualified,,NO_CAPACITY,Disqualified,Nemax,70,0.0
2026-09-16,445966968052,495182571765,H100,gpu,,16,12.04,RESERVE,PREPAID,0,2026-03-30,2.12,2026-04-22,2026-08-10,2.13,2.13,39,1,2026-03-30:2.12>2026-04-01:2.13,Closed won,won,2026-04-22,,Approved,Nemax,23,0.5
2026-09-16,449173514466,458063839465,B200,gpu,,304,5.92,RESERVE,POSTPAID,0,2026-04-08,0.7,2026-04-08,2026-08-10,0.7,0.7,36,0,2026-04-08:0.7,Closed won,won,2026-04-08,,Approved,me-west1 - Israel,0,0.0
2026-09-16,449440072908,496001704164,B200,gpu,,32,0.95,RESERVE,POSTPAID,0,2026-04-08,3.5,2026-04-15,2026-08-10,3.5,3.5,36,0,2026-04-08:3.5,Closed won,won,2026-04-15,,Approved,me-west1 - Israel,7,0.0
2026-09-16,449944042700,498503649484,H200,gpu,,200,11.97,RESERVE,PREPAID,0,2026-04-15,2.11,2026-04-15,2026-04-15,2.11,2.11,1,0,2026-04-15:2.11,Technical Validation,open_at_freeze,,,Waiting For Approval,us-central1 – Kansas,0,0.0
2026-09-16,451799756994,499552114919,B300,gpu,,128,11.97,RESERVE,PREPAID,0,2026-04-22,5.2,2026-08-05,2026-08-10,5.2,5.2,32,0,2026-04-22:5.2,Closed lost,lost_other,,Customer Disengagement or Cancellation,Lost Deal,eu-south1 – Madrid,105,0.0
2026-09-16,451800954078,374333613286,B300,gpu,,32,0.23,TESTING,NO_PAYMENT,0,2026-04-22,7.1,2026-06-17,2026-08-10,7.1,7.1,32,0,2026-04-22:7.1,Closed won,won,2026-06-17,,Approved,uk-south1 – UK,56,0.0
2026-09-16,454150249716,501312350434,B300,gpu,,32,0.43,TESTING,NO_PAYMENT,0,2026-05-04,7.1,2026-05-11,2026-08-10,7.1,7.1,29,0,2026-05-04:7.1,Closed lost,lost_capacity,,NO_CAPACITY,Lost Deal,uk-south1 – UK,7,0.0
2026-09-16,455631467749,494190648559,B200,gpu,,16,0.79,RESERVE,POSTPAID,0,2026-05-06,2.5,2026-06-01,2026-08-10,2.45,2.45,28,1,2026-05-06:2.5>2026-05-18:2.45,Closed won,won,2026-06-01,,Approved,me-west1 - Israel,26,-2.0
2026-09-16,455914404089,502019705039,H100,gpu,,48,12.04,RESERVE,POSTPAID,0,2026-05-11,2.65,2026-06-01,2026-08-10,2.65,2.65,27,0,2026-05-11:2.65,Closed lost,lost_capacity,,NO_CAPACITY,Lost Deal,Nemax,21,0.0
2026-09-16,457347294394,495714526457,B200,gpu,,512,12.01,RESERVE,PREPAID,0,2026-05-18,5.5,2026-06-29,2026-08-10,5.5,5.5,25,0,2026-05-18:5.5,Prospect,open_at_freeze,,,Waiting For Approval,,42,0.0
2026-09-16,457691265269,503015149812,B300,gpu,,32,0.49,RESERVE,POSTPAID,0,2026-05-18,3.25,2026-06-10,2026-06-10,3.25,3.25,8,0,2026-05-18:3.25,Technical Validation,open_at_freeze,2026-06-29,,Approved,uk-south1 – UK,23,0.0
2026-09-16,457993239779,503206928604,H200,gpu,,16,0.46,TESTING,NO_PAYMENT,0,2026-05-20,3.73,2026-05-20,2026-06-24,3.73,3.73,11,0,2026-05-20:3.73,Commercial Proposal,open_at_freeze,,,Waiting for Business Approval,Nemax,0,0.0
2026-09-16,45864492271,39868425462,H100,gpu,,16,0.46,TESTING,NO_PAYMENT,0,2024-11-26,2.95,2024-12-03,2026-08-10,2.95,2.95,160,0,2024-11-26:2.95,Closed won,won,2024-12-03,,Approved,Nemax,7,0.0
2026-09-16,458750298311,338878403801,H200,gpu,,24,11.97,RESERVE,POSTPAID,0,2026-05-27,2.95,2026-06-01,2026-08-10,2.95,2.95,22,0,2026-05-27:2.95,Closed won,won,2026-06-01,,Approved,Nemax,5,0.0
2026-09-16,464132067561,506098502874,H200,gpu,,16,11.97,RESERVE,PREPAID,0,2026-06-22,3.0,2026-06-22,2026-08-10,3.0,3.0,15,0,2026-06-22:3,Commercial Proposal,open_at_freeze,,,Waiting For Approval,eu-west1 – Paris,0,0.0
2026-09-16,465641168084,506976085216,B300,gpu,,88,12.01,RESERVE,PREPAID,0,2026-06-24,5.56,2026-06-24,2026-06-24,5.56,5.56,1,0,2026-06-24:5.56,Commercial Proposal,open_at_freeze,,,Waiting For Approval,eu-west2 – Paris,0,0.0
2026-09-16,467800834279,509451364539,B300,gpu,,5000,12.01,RESERVE,PREPAID,0,2026-07-13,5.5,2026-07-22,2026-08-10,5.5,5.5,9,0,2026-07-13:5.5,Closed lost,lost_other,,Qualification Oversights,Lost Deal,eu-west2 – Paris,9,0.0
2026-09-16,467821530347,508406743240,B300,gpu,,16,0.1,TESTING,NO_PAYMENT,0,2026-07-06,7.85,2026-07-22,2026-08-10,7.85,7.85,11,0,2026-07-06:7.85,Closed lost,lost_capacity,,NO_CAPACITY,Lost Deal,uk-south1 – UK,16,0.0
2026-09-16,470369386739,505729536232,H200,gpu,,16,1.84,,PREPAID,0,2026-07-15,3.5,2026-07-20,2026-08-10,3.5,3.5,8,0,2026-07-15:3.5,Closed lost,lost_capacity,,NO_CAPACITY,Lost Deal,eu-west1 – Paris,5,0.0
2026-09-16,473577204929,512893203648,B300,gpu,,640,12.01,RESERVE,POSTPAID,0,2026-07-27,6.0,2026-07-27,2026-08-03,6.0,6.0,3,0,2026-07-27:6,Commercial Proposal,open_at_freeze,,,Waiting For Approval,us-central1 – Kansas,0,0.0
2026-09-16,476754745530,515289708786,B200,gpu,,24,5.95,TESTING,NO_PAYMENT,0,2026-08-10,7.15,2026-08-10,2026-08-10,7.15,7.15,1,0,2026-08-10:7.15,Technical Validation,open_at_freeze,,,Waiting For Approval,us-central1 – Kansas,0,0.0
2026-09-16,54337711319,64967450867,H200,gpu,,16,1.02,PAYG,PREPAID,0,2024-12-10,3.0,2024-12-17,2026-08-10,3.0,3.0,158,0,2024-12-10:3,Closed won,won,2024-12-17,,Approved,eu-west1 – Paris,7,0.0
2026-09-16,57737220312,15433802709,H200,gpu,,64,36.02,RESERVE,PREPAID,0,2024-12-17,2.4,2025-02-17,2026-08-10,2.4,2.4,157,0,2024-12-17:2.4,Closed lost,lost_other,,Customer Disengagement or Cancellation,Lost Deal,eu-west1 – Paris,62,0.0
2026-09-16,77873327316,97813833951,H100,gpu,,1024,7.01,RESERVE,PREPAID,0,2025-01-13,2.95,2025-03-03,2026-08-10,1.55,1.55,155,1,2025-01-13:2.95>2025-01-20:1.55,Closed won,won,2025-03-03,,Disqualified,us-central1 – Kansas,49,-47.5
2026-09-16,83919968469,108620079298,H100,gpu,,16,0.23,TESTING,NO_PAYMENT,0,2025-01-27,2.95,2025-05-29,2026-08-10,2.95,2.95,153,0,2025-01-27:2.95,Disqualified,disqualified,,Test Deals,Disqualified,Nemax,122,0.0
2026-09-16,9147721945,12069202385,H100,gpu,,128,1.02,RESERVE,PREPAID,1,2024-10-15,3.3,2024-10-15,2026-08-10,3.3,3.3,166,0,2024-10-15:3.3,Closed won,won,2024-10-15,,Approved,Finland,0,0.0
2026-09-16,9367784131,10007254985,H100,gpu,,8,7.76,PAYG,PREPAID,1,2024-10-15,4.85,2024-10-15,2026-08-10,4.85,4.85,166,0,2024-10-15:4.85,Closed won,won,2024-10-15,,Approved,Finland,0,0.0
2026-09-16,9389400550,12562573540,H100,gpu,,2,2.99,RESERVE,PREPAID,1,2024-10-15,4.12,2024-10-15,2026-08-10,4.12,4.12,166,0,2024-10-15:4.12,Closed lost,lost_other,,Security and Compliance Gaps,Disqualified,Finland,0,0.0
2026-09-16,9538794731,11247920078,H100,gpu,,32,3.03,RESERVE,POSTPAID,1,2024-10-15,2.7,2024-10-15,2026-08-10,2.7,2.7,166,0,2024-10-15:2.7,Closed lost,lost_other,,Security and Compliance Gaps,Disqualified,Finland,0,0.0
2026-09-16,9745178820,11414521328,H100,gpu,,2,0.59,TESTING,NO_PAYMENT,1,2024-10-15,4.85,2024-10-15,2026-08-10,4.85,4.85,166,0,2024-10-15:4.85,Disqualified,disqualified,,Customer Disengagement or Cancellation,Disqualified,Finland,0,0.0
2026-09-16,10687333069,14962158575,H100,gpu,,2000,3.03,RESERVE,PREPAID,1,2024-10-15,2.2,2024-10-15,2026-08-10,2.2,2.2,166,0,2024-10-15:2.2,Closed won,won,2024-10-15,,Approved,Finland,0,0.0
2026-09-16,110167071972,143435608306,H200,gpu,,32,0.13,PAYG,PREPAID,0,2025-03-03,2.5,2025-03-31,2026-08-10,2.5,2.5,148,0,2025-03-03:2.5,Closed lost,lost_other,,Customer Disengagement or Cancellation,Lost Deal,eu-west1 – Paris,28,0.0
2026-09-16,123236728037,165815792871,H200,gpu,,1888,11.58,RESERVE,PREPAID,0,2025-03-27,2.3,2025-05-12,2026-08-10,2.3,2.3,144,0,2025-03-27:2.3,Closed won,won,2025-05-12,,Disqualified,eu-north2 – Iceland,46,0.0
2026-09-16,123376985285,166264340671,B200,gpu,,5000,12.01,RESERVE,POSTPAID,0,2025-04-07,3.4,2025-05-01,2026-08-10,3.4,2.55,141,0,2025-04-07:3.4,Closed lost,lost_price_or_competitor,,Competitor Chosen,Lost Deal,us-central1 – Kansas,24,-25.0
2026-09-16,133435249911,179449590983,H200,gpu,,576,0.39,INTERNAL,NO_PAYMENT,0,2025-04-17,3.5,2025-04-17,2025-09-22,3.5,3.5,46,0,2025-04-17:3.5,Prospect,open_at_freeze,,,Approved,eu-north2 – Iceland,0,0.0
2026-09-16,152126877932,205110766790,H200,gpu,,256,4.51,PAYG,POSTPAID,0,2025-05-15,2.0,2025-08-07,2026-08-10,2.4,2.4,130,1,2025-05-15:2>2025-06-19:2.4,Closed won,won,2025-08-07,,Approved,Nemax,84,20.0
2026-09-16,153456104685,179418477766,H100,gpu,,1024,12.01,RESERVE,POSTPAID,0,2025-05-15,1.7,2025-09-25,2026-08-10,1.7,1.7,130,0,2025-05-15:1.7,Closed lost,lost_other,,Security and Compliance Gaps,Lost Deal,Nemax,133,0.0
2026-09-16,18189769180,22135718595,H100,gpu,,24,0.69,TESTING,NO_PAYMENT,1,2024-10-15,3.5,2024-11-14,2026-08-10,3.5,3.5,166,0,2024-10-15:3.5,Closed won,won,2024-11-14,,Approved,Nemax,30,0.0
2026-09-16,182990976204,232779768032,H200,gpu,,96,0.46,PAYG,POSTPAID,0,2025-06-26,2.2,2025-07-03,2026-08-10,2.2,2.2,118,0,2025-06-26:2.2,Closed won,won,2025-07-03,,Approved,eu-west1 – Paris,7,0.0
2026-09-16,184351389911,247883816153,H200,gpu,,800,0.3,RESERVE,POSTPAID,0,2025-06-30,1.8,2025-07-21,2026-08-10,1.8,1.8,117,0,2025-06-30:1.8,Closed lost,lost_other,,Security and Compliance Gaps,Lost Deal,us-central1 – Kansas,21,0.0
2026-09-16,186968338626,251467200711,H100,gpu,,24,6.02,RESERVE,POSTPAID,0,2025-07-03,1.7,2025-07-07,2026-08-10,1.7,1.7,116,0,2025-07-03:1.7,Closed won,won,2025-07-07,,Approved,Nemax,4,0.0
2026-09-16,192417554626,169337010392,H200,gpu,,128,0.16,RESERVE,POSTPAID,0,2025-07-10,2.0,2025-07-10,2026-08-10,2.0,2.0,114,0,2025-07-10:2,Closed won,won,2025-07-10,,Approved,us-central1 – Kansas,0,0.0
2026-09-16,197756184804,258253736139,H200,gpu,,32,0.13,TESTING,NO_PAYMENT,0,2025-07-17,3.5,2025-08-21,2026-08-10,3.5,3.5,112,0,2025-07-17:3.5,Closed lost,lost_capacity,,NO_CAPACITY,Lost Deal,us-central1 – Kansas,35,0.0
2026-09-16,216556350673,281165096167,B200,gpu,,8,1.02,TESTING,NO_PAYMENT,0,2025-08-07,5.5,2025-09-18,2026-08-10,5.5,5.5,106,0,2025-08-07:5.5,Closed lost,lost_price_or_competitor,,Pricing and Billing Issues,Lost Deal,us-central1 – Kansas,42,0.0
2026-09-16,221754351811,286783422696,H200,gpu,,64,1.97,RESERVE,POSTPAID,0,2025-08-14,2.1,2025-08-14,2026-08-10,2.1,2.1,104,0,2025-08-14:2.1,Closed lost,lost_capacity,,NO_CAPACITY,Lost Deal,Nemax,0,0.0
2026-09-16,222864682190,287957983457,B200,gpu,,256,6.05,RESERVE,POSTPAID,0,2025-08-18,3.5,2025-09-04,2026-08-10,3.5,3.5,103,0,2025-08-18:3.5,Closed lost,lost_capacity,,NO_CAPACITY,Lost Deal,us-central1 – Kansas,17,0.0
2026-09-16,231575983325,274545165551,B200,gpu,,64,10.49,RESERVE,POSTPAID,0,2025-08-28,5.5,2025-09-04,2026-08-10,5.5,3.0,100,0,2025-08-28:5.5,Closed lost,lost_capacity,,NO_CAPACITY,Lost Deal,us-central1 – Kansas,7,-45.5
2026-09-16,235530227900,275446923508,B200,gpu,,512,5.95,RESERVE,POSTPAID,0,2025-09-01,3.2,2025-09-15,2025-09-18,3.2,3.2,6,0,2025-09-01:3.2,Commercial Proposal,open_at_freeze,,,Waiting For Approval,us-central1 – Kansas,14,0.0
2026-09-16,264223244498,250563299526,B200,gpu,,16,0.43,TESTING,NO_PAYMENT,0,2025-10-13,5.5,2025-11-06,2026-08-10,5.5,5.5,87,0,2025-10-13:5.5,Closed won,won,2025-11-06,,Approved,us-central1 – Kansas,24,0.0
2026-09-16,26466083021,30365254843,H100,gpu,,24,0.46,TESTING,NO_PAYMENT,0,2024-10-29,3.5,2025-01-07,2026-08-10,3.5,3.5,164,0,2024-10-29:3.5,Closed won,won,2025-01-07,,Approved,Nemax,70,0.0
2026-09-16,266307321050,178343790828,H100,gpu,,8,2.57,TESTING,NO_PAYMENT,0,2025-10-13,2.95,2026-06-10,2026-08-10,2.95,2.95,87,0,2025-10-13:2.95,Closed lost,lost_other,,Customer Disengagement or Cancellation,Lost Deal,Nemax,240,0.0
2026-09-16,268461709526,322792624333,H200,gpu,,96,5.95,RESERVE,PREPAID,0,2025-10-16,1.9,2025-11-06,2026-08-10,2.0,2.0,86,2,2025-10-16:1.9>2025-10-20:1.94>2025-10-27:2,Closed won,won,2025-11-06,,Approved,us-central1 – Kansas,21,5.3
2026-09-16,269112058064,319583635697,B200,gpu,,300,5.95,RESERVE,,0,2025-10-16,3.5,2025-11-20,2026-08-10,3.5,3.5,86,0,2025-10-16:3.5,Closed lost,lost_capacity,,NO_CAPACITY,Lost Deal,us-central1 – Kansas,35,0.0
2026-09-16,270940967128,273657681139,B300,gpu,,96,4.97,RESERVE,PREPAID,0,2025-10-23,4.0,2025-10-23,2026-03-18,4.0,4.0,43,0,2025-10-23:4,Prospect,open_at_freeze,,,Waiting For Approval,uk-south1 – UK,0,0.0
2026-09-16,272940049616,309173329115,B200,gpu,,256,12.01,RESERVE,PREPAID,0,2025-10-20,3.2,2025-10-30,2026-08-10,2.9,2.9,85,2,2025-10-20:3.2>2025-10-23:3>2025-10-30:2.9,Closed lost,lost_price_or_competitor,,Competitor Chosen;Insufficient Capabilities,Lost Deal,me-west1 - Israel,10,-9.4
2026-09-16,28029573320,22096723183,H100,gpu,,7,11.58,PAYG,POSTPAID,0,2024-11-05,2.65,2024-11-14,2026-08-10,2.65,2.65,163,0,2024-11-05:2.65,Closed won,won,2024-11-14,,Approved,Nemax,9,0.0
2026-09-16,28101329136,31873502418,H100,gpu,,128,1.09,PAYG,POSTPAID,0,2024-11-05,2.95,2024-11-05,2026-08-10,2.95,2.95,163,0,2024-11-05:2.95,Closed won,won,2024-11-05,,Approved,Nemax,0,0.0
2026-09-16,290148931822,16659176912,H100,gpu,,10,0.16,PROMO,NO_PAYMENT,0,2025-11-06,2.95,2025-11-06,2026-08-10,2.95,2.95,80,0,2025-11-06:2.95,Closed won,won,2025-11-06,,Approved,Nemax,0,0.0
2026-09-16,338457264325,399824152821,H200,gpu,,24,5.99,RESERVE,PREPAID,0,2025-12-08,1.8,2025-12-08,2026-08-10,1.8,1.8,71,0,2025-12-08:1.8,Prospect,open_at_freeze,,,Waiting For Approval,Nemax,0,0.0
2026-09-16,342297350374,406069935314,B200,gpu,,256,12.01,RESERVE,POSTPAID,0,2025-12-15,2.85,2025-12-24,2026-08-10,2.85,2.85,69,0,2025-12-15:2.85,Closed lost,lost_price_or_competitor,,Pricing and Billing Issues,Lost Deal,us-central1 – Kansas,9,0.0
2026-09-16,348852208881,399854041301,H100,gpu,,48,0.59,TESTING,NO_PAYMENT,0,2025-12-22,2.95,2026-02-09,2026-08-10,2.95,2.95,67,0,2025-12-22:2.95,Closed won,won,2026-02-09,,Approved,Nemax,49,0.0
2026-09-16,392473460970,450457694403,H200,gpu,,16,5.99,RESERVE,,0,2026-01-26,1.8,2026-02-04,2026-08-10,1.8,1.8,57,0,2026-01-26:1.8,Closed won,won,2026-02-04,,Approved,Nemax,9,0.0
2026-09-16,397461325016,455558187244,B200,gpu,,16,0.66,TESTING,NO_PAYMENT,0,2026-02-02,5.5,2026-07-13,2026-08-10,5.5,5.5,55,0,2026-02-02:5.5,Commercial Proposal,open_at_freeze,,,Approved,me-west1 - Israel,161,0.0
2026-09-16,407981056199,462742942959,B300,gpu,,128,11.02,RESERVE,,0,2026-02-09,3.2,2026-02-09,2026-02-25,3.2,3.2,6,0,2026-02-09:3.2,Prospect,open_at_freeze,,,DECLINED,eu-west2 – Paris,0,0.0
2026-09-16,410267961590,467767934147,H100,gpu,,48,5.99,RESERVE,PREPAID,0,2026-02-16,1.76,2026-02-16,2026-03-09,1.76,1.76,7,0,2026-02-16:1.76,Prospect,open_at_freeze,,,Waiting For Approval,Nemax,0,0.0
2026-09-16,420056535280,475463275733,B200,gpu,,32,0.95,RESERVE,POSTPAID,0,2026-02-23,3.6,2026-02-25,2026-08-10,3.6,3.6,49,0,2026-02-23:3.6,Closed lost,lost_capacity,,NO_CAPACITY,Lost Deal,me-west1 - Israel,2,0.0
2026-09-16,447642256631,496773699791,B300,gpu,,100,11.97,RESERVE,PREPAID,0,2026-04-01,6.05,2026-04-06,2026-08-10,6.05,6.05,38,0,2026-04-01:6.05,Technical Validation,open_at_freeze,,,Waiting For Approval,uk-south1 – UK,5,0.0
2026-09-16,449753457851,496651661551,B300,gpu,,128,6.02,RESERVE,PREPAID,0,2026-04-13,5.0,2026-04-27,2026-08-10,5.0,5.0,35,0,2026-04-13:5,Closed lost,lost_price_or_competitor,,Competitor Chosen;Pricing and Billing Issues,Lost Deal,uk-south1 – UK,14,0.0
2026-09-16,457719000267,503029496034,H200,gpu,,32,18.06,RESERVE,PREPAID,0,2026-05-20,2.65,2026-05-25,2026-08-10,2.65,2.65,24,0,2026-05-20:2.65,Closed won,won,2026-05-25,,Approved,eu-west1 – Paris,5,0.0
2026-09-16,460136932559,374333613286,B300,gpu,,16,12.24,RESERVE,POSTPAID,0,2026-06-01,5.56,2026-06-17,2026-08-10,5.56,5.56,21,0,2026-06-01:5.56,Closed won,won,2026-06-17,,Approved,uk-south1 – UK,16,0.0
2026-09-16,460713834711,505034819814,B300,gpu,,80,12.01,,PREPAID,0,2026-06-03,5.1,2026-06-03,2026-08-10,5.1,5.1,20,0,2026-06-03:5.1,Closed lost,lost_price_or_competitor,,Pricing and Billing Issues,Lost Deal,eu-west2 – Paris,0,0.0
2026-09-16,461962603743,500644482264,GB300,rack,72,144,0.03,TESTING,NO_PAYMENT,0,2026-06-08,9.2,2026-06-08,2026-08-10,9.2,9.2,19,0,2026-06-08:9.2,Commercial Proposal,open_at_freeze,,,Disqualified,eu-west3 – Bethune,0,0.0
2026-09-16,463112598776,506128832722,H200,gpu,,16,3.03,RESERVE,POSTPAID,0,2026-06-17,3.73,2026-06-22,2026-08-10,3.73,3.73,16,0,2026-06-17:3.73,Technical Validation,open_at_freeze,,,Disqualified,Nemax,5,0.0
2026-09-16,466051426511,508099339493,B200,gpu,,512,12.01,RESERVE,PREPAID,0,2026-06-29,5.3,2026-08-10,2026-08-10,5.3,5.3,13,0,2026-06-29:5.3,Closed won,won,2026-08-10,,Approved,us-central1 – Kansas,42,0.0
2026-09-16,467469048044,509153350851,B200,gpu,,128,12.01,RESERVE,,0,2026-07-01,5.16,2026-07-01,2026-08-10,5.16,5.16,12,0,2026-07-01:5.16,Prospect,open_at_freeze,,,Waiting For Approval,us-central1 – Kansas,0,0.0
2026-09-16,467472649416,498869521657,B300,gpu,,1000,24.05,RESERVE,PREPAID,0,2026-07-06,5.0,2026-07-06,2026-08-10,5.0,5.0,11,0,2026-07-06:5,Technical Validation,open_at_freeze,,,Waiting For Approval,uk-south2 – London East,0,0.0
2026-09-16,467801536720,510085716178,B200,gpu,,512,6.94,RESERVE,POSTPAID,0,2026-07-15,5.5,2026-07-15,2026-08-10,5.5,5.5,8,0,2026-07-15:5.5,Prospect,open_at_freeze,,,Waiting For Approval,us-central1 – Kansas,0,0.0
2026-09-16,470689820878,510546236660,GB300,rack,72,72,0.69,TESTING,NO_PAYMENT,0,2026-07-20,9.2,2026-07-20,2026-08-10,9.2,9.2,7,0,2026-07-20:9.2,Technical Validation,open_at_freeze,,,Waiting For Approval,,0,0.0
2026-09-16,471950146756,511459495100,H100,gpu,,40,11.97,PAYG,POSTPAID,0,2026-07-22,2.5,2026-08-05,2026-08-10,2.77,2.77,6,3,2026-07-22:2.5>2026-07-27:2.77>2026-07-29:2.5>2026-08-03:2.77,Closed lost,lost_price_or_competitor,,Pricing and Billing Issues,Lost Deal,Nemax,14,10.8
2026-09-16,474466926806,507758318815,B300,gpu,,3000,36.05,RESERVE,PREPAID,0,2026-07-29,4.6,2026-07-29,2026-08-10,4.6,4.6,4,0,2026-07-29:4.6,Prospect,open_at_freeze,,,Waiting For Approval,uk-south1 – UK,0,0.0
2026-09-16,476669557996,515109550268,B200,gpu,,8,12.01,RESERVE,PREPAID,0,2026-08-05,5.0,2026-08-05,2026-08-10,5.0,5.0,2,0,2026-08-05:5,Prospect,open_at_freeze,,,Waiting For Approval,us-central1 – Kansas,0,0.0
2026-09-16,73359362265,93035874494,H200,gpu,,8,2.99,PROMO,NO_PAYMENT,0,2025-01-07,4.85,2025-03-27,2026-08-10,4.85,4.85,156,0,2025-01-07:4.85,Closed lost,lost_other,,Test Deals,Lost Deal,eu-west1 – Paris,79,0.0
2026-09-16,8301095381,9498174433,H100,gpu,,8,12.04,PAYG,NO_PAYMENT,1,2024-10-15,4.85,2024-10-15,2026-08-10,4.85,4.85,166,0,2024-10-15:4.85,Closed won,won,2024-10-15,,Disqualified,Finland,0,0.0
2026-09-16,8461432564,10186892522,H100,gpu,,1,0.2,TESTING,NO_PAYMENT,1,2024-10-15,4.85,2024-10-15,2026-08-10,4.85,4.85,166,0,2024-10-15:4.85,Disqualified,disqualified,,Test Deals,Disqualified,Finland,0,0.0
2026-09-16,84739366120,16659176912,H100,gpu,,50,0.07,PROMO,NO_PAYMENT,0,2025-01-27,2.95,2025-01-27,2026-08-10,2.95,2.95,153,0,2025-01-27:2.95,Closed won,won,2025-01-27,,Approved,Nemax,0,0.0
2026-09-16,9111578856,12001655521,H100,gpu,,1,0.95,TESTING,NO_PAYMENT,1,2024-10-15,4.85,2024-10-15,2026-08-10,4.85,4.85,166,0,2024-10-15:4.85,Closed won,won,2024-10-15,,Approved,Finland,0,0.0
2026-09-16,93232253169,121929686243,H200,gpu,,64,5.92,RESERVE,PREPAID,0,2025-02-10,2.05,2025-02-17,2026-08-10,2.05,2.05,151,0,2025-02-10:2.05,Closed won,won,2025-02-17,,Approved,eu-west1 – Paris,7,0.0
2026-09-16,93780418805,122627137729,H100,gpu,,32,11.97,PAYG,POSTPAID,0,2025-02-10,2.33,2025-03-24,2026-08-10,2.33,2.33,151,0,2025-02-10:2.33,Closed lost,lost_price_or_competitor,,Competitor Chosen,Lost Deal,Nemax,42,0.0
2026-09-16,10062934256,14116421358,H100,gpu,,16,8.55,RESERVE,POSTPAID,1,2024-10-15,2.5,2024-10-15,2026-08-10,2.5,2.5,166,0,2024-10-15:2.5,Disqualified,disqualified,,Test Deals,Disqualified,Finland,0,0.0
2026-09-16,10475742943,14811907260,H100,gpu,,8,18.32,RESERVE,POSTPAID,1,2024-10-15,2.0,2024-10-15,2026-08-10,2.0,2.0,166,0,2024-10-15:2,Closed won,won,2024-10-15,,Waiting For Approval,Finland,0,0.0
2026-09-16,10484801526,14832889033,H100,gpu,,32,1.02,RESERVE,POSTPAID,1,2024-10-15,2.6,2024-10-15,2026-08-10,2.6,2.6,166,0,2024-10-15:2.6,Closed lost,lost_other,,Customer Disengagement or Cancellation,Lost Deal,Finland,0,0.0
2026-09-16,11582665152,15121435857,H100,gpu,,4,1.38,TESTING,NO_PAYMENT,1,2024-10-15,4.85,2024-10-15,2026-08-10,4.85,4.85,166,0,2024-10-15:4.85,Closed won,won,2024-10-15,,Approved,Finland,0,0.0
2026-09-16,132278012123,129537315058,H100,gpu,,16,0.46,TESTING,NO_PAYMENT,0,2025-04-14,2.95,2025-05-22,2026-08-10,2.95,2.95,139,0,2025-04-14:2.95,Closed lost,lost_other,,Customer Disengagement or Cancellation,Lost Deal,Nemax,38,0.0
2026-09-16,15380885189,19725098950,H100,gpu,,8,4.01,PROMO,NO_PAYMENT,1,2024-10-15,3.5,2024-12-17,2026-08-10,3.5,3.5,166,0,2024-10-15:3.5,Closed won,won,2024-12-17,,Approved,Nemax,63,0.0
2026-09-16,161577999596,216327209147,H200,gpu,,80,12.01,PAYG,PREPAID,0,2025-05-22,2.3,2025-05-22,2025-05-26,2.3,2.3,2,0,2025-05-22:2.3,Prospect,open_at_freeze,,,Approved,us-central1 – Kansas,0,0.0
2026-09-16,163297813721,213971293376,H100,gpu,,16,5.62,PAYG,POSTPAID,0,2025-05-26,2.95,2025-06-23,2026-08-10,2.95,2.95,127,0,2025-05-26:2.95,Disqualified,disqualified,,Customer Disengagement or Cancellation,Disqualified,Nemax,28,0.0
2026-09-16,175364334794,220926784760,H200,gpu,,1320,1.05,RESERVE,POSTPAID,0,2025-06-12,3.5,2025-07-03,2025-07-21,2.13,2.13,12,1,2025-06-12:3.5>2025-06-19:2.13,Closed won,won,2025-07-03,,Approved,eu-west1 – Paris,21,-39.1
2026-09-16,17636006107,15121435857,H100,gpu,,8,5.76,RESERVE,POSTPAID,1,2024-10-15,2.28,2024-10-15,2026-08-10,2.28,2.28,166,0,2024-10-15:2.28,Closed won,won,2024-10-15,,Approved,Nemax,0,0.0
2026-09-16,192345471198,61425979596,H200,gpu,,128,0.16,RESERVE,PREPAID,0,2025-07-10,2.0,2025-07-10,2026-08-10,2.0,2.0,114,0,2025-07-10:2,Closed won,won,2025-07-10,,Approved,us-central1 – Kansas,0,0.0
2026-09-16,209582917837,220926784760,H200,gpu,,1320,0.03,RESERVE,POSTPAID,0,2025-07-31,2.13,2025-09-25,2026-08-10,2.13,2.13,108,0,2025-07-31:2.13,Closed won,won,2025-09-25,,Approved,eu-west1 – Paris,56,0.0
2026-09-16,238023651571,288809851118,H200,gpu,,48,3.75,PAYG,POSTPAID,0,2025-09-08,3.5,2026-06-03,2026-08-10,3.5,3.5,86,0,2025-09-08:3.5,Disqualified,disqualified,,Contract Restructuring,Disqualified,us-central1 – Kansas,268,0.0
2026-09-16,239776812239,263278640374,B200,gpu,,128,15.0,RESERVE,PREPAID,0,2025-09-08,3.0,2026-05-04,2026-08-10,2.8,2.8,97,2,2025-09-08:3>2025-09-18:2>2025-09-22:2.8,Closed lost,lost_other,,Customer Disengagement or Cancellation,Lost Deal,me-west1 - Israel,238,-6.7
2026-09-16,245672756465,311146392809,H100,gpu,,32,5.92,RESERVE,POSTPAID,0,2025-09-18,1.65,2025-11-06,2026-08-10,1.65,1.65,94,0,2025-09-18:1.65,Closed lost,lost_price_or_competitor,,Pricing and Billing Issues,Lost Deal,Nemax,49,0.0
2026-09-16,245755888863,264776625358,H100,gpu,,328,5.92,RESERVE,PREPAID,0,2025-09-18,1.5,2025-11-20,2026-08-10,1.48,1.48,94,3,2025-09-18:1.5>2025-09-25:1.35>2025-10-20:1.55>2025-11-10:1.48,Closed won,won,2025-11-20,,Approved,Nemax,63,-1.3
2026-09-16,253923857598,319413375215,H200,gpu,,128,4.93,RESERVE,POSTPAID,0,2025-09-29,1.7,2025-09-29,2025-09-29,1.7,1.7,1,0,2025-09-29:1.7,Prospect,open_at_freeze,,,Disqualified,Nemax,0,0.0
2026-09-16,261387545812,321056096499,H100,gpu,,512,3.03,RESERVE,PREPAID,0,2025-10-06,2.95,2025-10-23,2026-08-10,2.95,2.95,89,0,2025-10-06:2.95,Closed lost,lost_capacity,,NO_CAPACITY,Lost Deal,Nemax,17,0.0
2026-09-16,262797683908,320947875044,B200,gpu,,8,0.46,TESTING,NO_PAYMENT,0,2025-10-09,3.1,2026-06-24,2026-08-10,3.1,3.1,88,0,2025-10-09:3.1,Closed lost,lost_other,,Customer Disengagement or Cancellation,Lost Deal,me-west1 - Israel,258,0.0
2026-09-16,272939434200,338239415542,B300,gpu,,2048,12.01,RESERVE,PREPAID,0,2025-10-23,7.1,2025-11-26,2025-12-08,7.1,3.1,14,0,2025-10-23:7.1,Commercial Proposal,open_at_freeze,,,Pre-Approved,uk-south1 – UK,34,-56.3
2026-09-16,278272183490,343762307299,H200,gpu,,8,0.23,TESTING,NO_PAYMENT,0,2025-10-27,2.3,2026-01-26,2026-08-10,2.3,2.3,83,0,2025-10-27:2.3,Closed lost,lost_capacity,,NO_CAPACITY,Lost Deal,us-central1 – Kansas,91,0.0
2026-09-16,30719194355,23052568550,H100,gpu,,512,0.07,TESTING,NO_PAYMENT,0,2024-11-05,3.5,2024-11-14,2026-08-10,3.5,3.5,163,0,2024-11-05:3.5,Closed won,won,2024-11-14,,Approved,Nemax,9,0.0
2026-09-16,326432892095,389301101757,H100,gpu,,8,11.97,RESERVE,PREPAID,0,2025-12-01,2.95,2026-05-04,2026-08-10,2.95,2.95,73,0,2025-12-01:2.95,Closed lost,lost_other,,PoC Performance,Lost Deal,Nemax,154,0.0
2026-09-16,331299939528,349791353054,H200,gpu,,16,12.01,PAYG,POSTPAID,0,2025-12-03,3.5,2026-01-28,2026-08-10,3.5,3.5,72,0,2025-12-03:3.5,Closed lost,lost_other,,Customer Disengagement or Cancellation,Lost Deal,us-central1 – Kansas,56,0.0
2026-09-16,363038312697,421685839041,B200,gpu,,128,0.2,RESERVE,POSTPAID,0,2026-01-05,3.9,2026-02-04,2026-08-10,3.9,3.9,63,0,2026-01-05:3.9,Closed won,won,2026-02-04,,Approved,us-central1 – Kansas,30,0.0
2026-09-16,383177913536,342183157958,B200,gpu,,8,1.28,PAYG,NO_PAYMENT,0,2026-01-21,5.5,2026-01-21,2026-07-15,5.5,5.5,51,0,2026-01-21:5.5,Commercial Proposal,open_at_freeze,,,Waiting For Approval,me-west1 - Israel,0,0.0
2026-09-16,392666152166,452299419887,B300,gpu,,32,0.23,TESTING,NO_PAYMENT,0,2026-01-28,7.1,2026-01-28,2026-08-10,7.1,7.1,56,0,2026-01-28:7.1,Technical Validation,open_at_freeze,,,Approved,uk-south1 – UK,0,0.0
2026-09-16,405462004965,458063839465,B200,gpu,,296,6.02,RESERVE,POSTPAID,0,2026-02-09,3.5,2026-03-30,2026-08-10,0.7,0.7,53,1,2026-02-09:3.5>2026-03-18:0.7,Closed won,won,2026-03-30,,Waiting For Approval,me-west1 - Israel,49,-80.0
2026-09-16,410267836635,467109908681,GB300,rack,72,288,24.01,RESERVE,POSTPAID,0,2026-02-11,5.0,2026-02-11,2026-08-10,5.0,5.0,52,0,2026-02-11:5,Closed lost,lost_capacity,,NO_CAPACITY,Lost Deal,Nemax,0,0.0
2026-09-16,411289319637,467110103231,B300,gpu,,520,12.01,RESERVE,PREPAID,0,2026-02-16,3.75,2026-07-01,2026-08-10,5.5,5.5,51,3,2026-02-16:3.75>2026-05-13:5.1>2026-05-18:5.6>2026-06-08:5.5,Closed won,won,2026-07-01,,Approved,eu-west2 – Paris,135,46.7
2026-09-16,423919020230,470704437464,VR,gpu,72,504,36.02,RESERVE,POSTPAID,0,2026-02-25,5.65,2026-02-25,2026-08-10,5.65,5.65,48,0,2026-02-25:5.65,Prospect,open_at_freeze,,,Waiting For Approval,us-central3 – Oklahoma,0,0.0
2026-09-16,440672379070,493652902134,H100,gpu,,8,11.97,RESERVE,POSTPAID,0,2026-03-16,1.48,2026-04-27,2026-08-10,1.48,1.48,43,2,2026-03-16:1.48>2026-03-18:1.88>2026-04-13:1.48,Closed won,won,2026-04-27,,Approved,Nemax,42,0.0
2026-09-16,442216880346,462867034334,B200,gpu,,384,11.97,RESERVE,POSTPAID,0,2026-03-18,3.0,2026-03-18,2026-08-10,3.0,3.0,42,0,2026-03-18:3,Technical Validation,open_at_freeze,,,Waiting For Approval,me-west1 - Israel,0,0.0
2026-09-16,443708407029,494812546262,H200,gpu,,100,12.01,RESERVE,PREPAID,0,2026-03-23,3.5,2026-03-25,2026-08-10,3.5,3.5,41,0,2026-03-23:3.5,Closed lost,lost_capacity,,NO_CAPACITY,Lost Deal,Nemax,2,0.0
2026-09-16,443711299783,273657681139,H100,gpu,,128,6.02,RESERVE,PREPAID,0,2026-03-23,2.0,2026-03-25,2026-08-10,2.0,2.0,41,0,2026-03-23:2,Closed lost,lost_capacity,,NO_CAPACITY,Lost Deal,Nemax,2,0.0
2026-09-16,445970755770,495713197243,H100,gpu,,16,11.97,RESERVE,POSTPAID,0,2026-03-30,2.25,2026-03-30,2026-08-10,2.45,2.45,39,1,2026-03-30:2.25>2026-05-25:2.45,Commercial Proposal,open_at_freeze,,,DECLINED,Nemax,0,8.9
2026-09-16,446478125247,508100510955,H100,gpu,,16,0.95,TESTING,NO_PAYMENT,0,2026-06-29,2.95,2026-06-29,2026-08-10,2.95,2.95,13,0,2026-06-29:2.95,Technical Validation,open_at_freeze,,,Approved,Nemax,0,0.0
2026-09-16,447436031169,496652482762,H200,gpu,,24,11.97,RESERVE,POSTPAID,0,2026-04-01,2.2,2026-06-24,2026-08-10,2.2,2.2,38,0,2026-04-01:2.2,Closed lost,lost_capacity,,NO_CAPACITY,Lost Deal,Nemax,84,0.0
2026-09-16,448374668509,497521197300,B200,gpu,,80,2.99,RESERVE,POSTPAID,0,2026-04-06,2.5,2026-04-06,2026-08-10,2.5,2.5,37,0,2026-04-06:2.5,Technical Validation,open_at_freeze,,,Waiting For Approval,me-west1 - Israel,0,0.0
2026-09-16,452138629338,499840727271,H200,gpu,,8,6.02,RESERVE,POSTPAID,0,2026-04-27,2.5,2026-05-04,2026-08-10,3.3,3.3,31,1,2026-04-27:2.5>2026-04-29:3.3,Closed won,won,2026-05-04,,Approved,Nemax,7,32.0
2026-09-16,453073962194,499551556798,B300,gpu,,16,0.33,TESTING,NO_PAYMENT,0,2026-04-27,7.1,2026-08-05,2026-08-10,7.1,7.1,31,0,2026-04-27:7.1,Closed won,won,2026-08-05,,Approved,uk-south1 – UK,100,0.0
2026-09-16,453515382984,500923500782,GB300,gpu,72,288,12.01,RESERVE,PREPAID,0,2026-04-29,6.1,2026-05-06,2026-08-10,6.1,6.1,30,0,2026-04-29:6.1,Closed lost,lost_capacity,,NO_CAPACITY,Lost Deal,eu-west1 – Paris,7,0.0
2026-09-16,459903277283,504565972176,H200,gpu,,2000,29.11,RESERVE,PREPAID,0,2026-05-27,1.9,2026-05-27,2026-05-27,1.9,1.9,1,0,2026-05-27:1.9,Prospect,open_at_freeze,,,Waiting For Approval,Nemax,0,0.0
2026-09-16,460713392321,505021479100,H200,gpu,,512,11.88,RESERVE,PREPAID,0,2026-06-03,3.0,2026-06-03,2026-08-10,3.0,3.0,20,0,2026-06-03:3,Prospect,open_at_freeze,,,Waiting For Approval,,0,0.0
2026-09-16,467822014707,509447514343,B200,gpu,,16,11.97,RESERVE,PREPAID,0,2026-07-08,5.3,2026-07-08,2026-08-10,5.8,5.8,10,1,2026-07-08:5.3>2026-07-13:5.8,Commercial Proposal,open_at_freeze,,,Approved,us-central1 – Kansas,0,9.4
2026-09-16,470365857985,510242959548,H100,gpu,,16,11.97,RESERVE,PREPAID,0,2026-07-20,2.6,2026-07-20,2026-08-10,2.6,2.6,7,0,2026-07-20:2.6,Prospect,open_at_freeze,,,Waiting For Approval,Nemax,0,0.0
2026-09-16,470594893002,510545610980,B300,gpu,,32,0.39,TESTING,NO_PAYMENT,0,2026-07-20,7.85,2026-07-20,2026-08-10,7.85,7.85,7,0,2026-07-20:7.85,Technical Validation,open_at_freeze,,,Approved,uk-south1 – UK,0,0.0
2026-09-16,471950829791,511456626923,B200,gpu,,32,11.97,RESERVE,PREPAID,0,2026-07-22,5.7,2026-08-05,2026-08-10,5.7,5.7,6,0,2026-07-22:5.7,Closed won,won,2026-08-05,,Approved,us-central1 – Kansas,14,0.0
2026-09-16,476751895749,508545691892,B300,gpu,,1152,36.05,RESERVE,PREPAID,0,2026-08-10,4.5,2026-08-10,2026-08-10,4.5,4.5,1,0,2026-08-10:4.5,Commercial Proposal,open_at_freeze,,,Waiting For Approval,me-west1 - Israel,0,0.0
2026-09-16,49877650681,20696160459,H100,gpu,,64,2.93,RESERVE,PREPAID,0,2024-12-03,1.95,2024-12-10,2026-08-10,1.95,1.95,159,0,2024-12-03:1.95,Disqualified,disqualified,,Test Deals,Disqualified,Nemax,7,0.0
2026-09-16,57708000479,68827426039,H100,gpu,,1024,2.93,RESERVE,PREPAID,0,2024-12-17,1.55,2025-03-10,2026-08-10,1.55,1.55,157,0,2024-12-17:1.55,Disqualified,disqualified,,Customer Disengagement or Cancellation,Disqualified,Nemax,83,0.0
2026-09-16,60541432014,16310655177,H200,gpu,,304,8.82,RESERVE,POSTPAID,0,2024-12-17,4.85,2025-02-17,2026-08-10,2.2,2.2,157,1,2024-12-17:4.85>2025-02-03:2.2,Closed won,won,2025-02-17,,Approved,eu-west1 – Paris,62,-54.6
2026-09-16,60790035667,75335862480,H100,gpu,,768,12.01,RESERVE,PREPAID,0,2024-12-17,2.1,2024-12-17,2025-01-20,2.1,2.1,4,0,2024-12-17:2.1,Prospect,open_at_freeze,,,,Nemax,0,0.0
2026-09-16,62106343672,76780433600,H200,gpu,,256,11.97,RESERVE,PREPAID,0,2025-01-07,2.0,2025-01-07,2026-08-10,2.0,2.0,156,0,2025-01-07:2,Closed lost,lost_price_or_competitor,,Competitor Chosen,Lost Deal,Nemax,0,0.0
2026-09-16,8115749825,8539110101,H100,gpu,,16,0.36,TESTING,TESTING,1,2024-10-15,4.85,2024-10-15,2026-08-10,4.85,4.85,166,0,2024-10-15:4.85,Closed won,won,2024-10-15,,,Finland,0,0.0
2026-09-16,8364477376,9883526853,H100,gpu,,16,5.95,RESERVE,PREPAID,1,2024-10-15,4.85,2024-10-15,2026-08-10,4.85,2.25,166,0,2024-10-15:4.85,Closed won,won,2024-10-15,,Approved,Finland,0,-53.6
2026-09-16,86316239060,108998344903,H200,gpu,,128,11.97,RESERVE,PREPAID,0,2025-02-03,3.0,2025-06-16,2026-08-10,2.2,2.2,152,1,2025-02-03:3>2025-03-27:2.2,Closed lost,lost_other,,Customer Disengagement or Cancellation,Waiting For Approval,eu-west1 – Paris,133,-26.7
2026-09-16,8969805503,11709716961,H100,gpu,,304,7.01,PAYG,POSTPAID,1,2024-10-15,2.25,2024-10-15,2026-08-10,2.25,2.25,166,0,2024-10-15:2.25,Closed lost,lost_other,,Customer Disengagement or Cancellation,Lost Deal,Finland,0,0.0
2026-09-16,92780786914,121403109589,H200,gpu,,16,0.46,PAYG,POSTPAID,0,2025-02-10,2.2,2025-02-17,2026-08-10,2.2,2.2,151,0,2025-02-10:2.2,Disqualified,disqualified,,Test Deals,Disqualified,eu-west1 – Paris,7,0.0
2026-09-16,10143501795,13978536155,H100,gpu,,64,12.01,RESERVE,PREPAID,1,2024-10-15,2.3,2024-10-15,2026-08-10,2.3,2.3,166,0,2024-10-15:2.3,Closed lost,lost_price_or_competitor,,Competitor Chosen,Disqualified,Finland,0,0.0
2026-09-16,10654781133,15120051431,H100,gpu,,256,0.43,RESERVE,PREPAID,1,2024-10-15,2.7,2024-10-15,2026-08-10,2.7,2.7,166,0,2024-10-15:2.7,Disqualified,disqualified,,Competitor Chosen,Disqualified,Finland,0,0.0
2026-09-16,10680996845,13463643129,H100,gpu,,40,18.22,INTERNAL,NO_PAYMENT,1,2024-10-15,4.85,2024-10-15,2026-08-10,4.85,4.85,166,0,2024-10-15:4.85,Closed won,won,2024-10-15,,Waiting For Approval,Finland,0,0.0
2026-09-16,108637845718,121620103377,H200,gpu,,352,11.97,RESERVE,POSTPAID,0,2025-03-03,2.03,2025-06-26,2026-08-10,2.03,2.03,148,0,2025-03-03:2.03,Closed lost,lost_price_or_competitor,,Competitor Chosen,Lost Deal,us-central1 – Kansas,115,0.0
2026-09-16,11095856854,15778132178,H100,gpu,,128,0.46,RESERVE,PREPAID,1,2024-10-15,2.5,2024-10-15,2026-08-10,2.5,2.5,166,0,2024-10-15:2.5,Closed lost,lost_price_or_competitor,,Competitor Chosen;Insufficient Capabilities,Lost Deal,Finland,0,0.0
2026-09-16,111944007880,147308439749,H200,gpu,,4000,11.97,RESERVE,PREPAID,0,2025-03-10,2.1,2025-07-17,2026-08-10,2.1,2.1,147,0,2025-03-10:2.1,Disqualified,disqualified,,Customer Disengagement or Cancellation,Disqualified,Nemax,129,0.0
2026-09-16,11245263810,15924275908,H100,gpu,,16,0.66,PROMO,NO_PAYMENT,1,2024-10-15,4.85,2024-10-15,2026-08-10,4.85,4.85,166,0,2024-10-15:4.85,Closed won,won,2024-10-15,,Approved,Nemax,0,0.0
2026-09-16,115697468621,153274296563,H100,gpu,,8,9.64,PAYG,POSTPAID,0,2025-03-17,2.2,2025-04-07,2026-08-10,2.2,2.2,146,0,2025-03-17:2.2,Disqualified,disqualified,,Test Deals,Disqualified,Nemax,21,0.0
2026-09-16,11718552813,16359932391,H100,gpu,,8,1.61,PAYG,POSTPAID,1,2024-10-15,2.6,2024-10-15,2026-08-10,2.6,2.6,166,0,2024-10-15:2.6,Closed won,won,2024-10-15,,Disqualified,Finland,0,0.0
2026-09-16,121759749332,163264558277,H200,gpu,,128,6.02,RESERVE,POSTPAID,0,2025-03-24,2.25,2025-06-02,2026-08-10,2.25,2.25,145,0,2025-03-24:2.25,Closed won,won,2025-06-02,,Approved,Nemax,70,0.0
2026-09-16,127110462680,169332752586,H200,gpu,,104,0.95,RESERVE,PREPAID,0,2025-04-07,2.13,2025-05-22,2026-08-10,2.13,2.13,141,0,2025-04-07:2.13,Closed won,won,2025-05-22,,Approved,eu-west1 – Paris,45,0.0
2026-09-16,138324014298,186141782221,H200,gpu,,760,0.23,PAYG,POSTPAID,0,2025-04-24,2.1,2025-05-08,2026-08-10,2.1,2.1,136,0,2025-04-24:2.1,Closed won,won,2025-05-08,,Approved,eu-west1 – Paris,14,0.0
2026-09-16,161648042181,169332392169,H200,gpu,,16,0.03,TESTING,POSTPAID,0,2025-05-22,3.5,2025-09-08,2026-08-10,3.5,3.5,128,0,2025-05-22:3.5,Closed lost,lost_price_or_competitor,,Pricing and Billing Issues,Lost Deal,us-central1 – Kansas,109,0.0
2026-09-16,163235056888,218427942117,H200,gpu,,512,0.95,RESERVE,POSTPAID,0,2025-05-26,2.05,2026-06-01,2026-08-10,2.05,2.05,87,0,2025-05-26:2.05,Disqualified,disqualified,,Customer Disengagement or Cancellation;Test Deals,Disqualified,eu-west1 – Paris,371,0.0
2026-09-16,17636007117,14810817248,H100,gpu,,32,8.52,PAYG,POSTPAID,1,2024-10-15,3.5,2024-10-15,2026-08-10,3.5,2.98,166,0,2024-10-15:3.5,Closed won,won,2024-10-15,,Approved,Nemax,0,-14.9
2026-09-16,182674383058,245899965687,H200,gpu,,96,0.99,PAYG,POSTPAID,0,2025-06-26,3.5,2025-06-26,2026-08-10,3.5,3.5,118,0,2025-06-26:3.5,Closed lost,lost_price_or_competitor,,Competitor Chosen;Pricing and Billing Issues,Lost Deal,Nemax,0,0.0
2026-09-16,182990333146,246062728379,H100,gpu,,64,12.01,PAYG,PREPAID,0,2025-06-26,2.3,2025-08-04,2026-08-10,2.3,2.3,118,0,2025-06-26:2.3,Closed lost,lost_price_or_competitor,,Competitor Chosen,Lost Deal,Nemax,39,0.0
2026-09-16,21377887467,16592042959,H100,gpu,,96,4.54,RESERVE,PREPAID,0,2024-10-29,3.1,2024-10-29,2026-08-10,3.1,3.1,164,0,2024-10-29:3.1,Closed won,won,2024-10-29,,DECLINED,Nemax,0,0.0
2026-09-16,216101043397,194423700709,B200,gpu,,32,0.46,TESTING,NO_PAYMENT,0,2025-08-07,5.5,2026-04-27,2026-08-10,5.5,5.5,106,0,2025-08-07:5.5,Closed lost,lost_capacity,,NO_CAPACITY,Lost Deal,us-central1 – Kansas,263,0.0
2026-09-16,21808065750,20745719027,H100,gpu,,64,0.2,RESERVE,POSTPAID,0,2024-10-29,2.0,2024-10-29,2026-08-10,2.0,2.0,164,0,2024-10-29:2,Closed won,won,2024-10-29,,Approved,Nemax,0,0.0
2026-09-16,220109348033,278892001518,H100,gpu,,1024,12.01,RESERVE,PREPAID,0,2025-08-14,2.0,2025-09-11,2025-10-16,1.6,1.6,19,1,2025-08-14:2>2025-09-11:1.6,Commercial Proposal,open_at_freeze,,,Waiting For Approval,Nemax,28,-20.0
2026-09-16,220222572747,284936962279,H200,gpu,,64,0.1,TESTING,NO_PAYMENT,0,2025-08-14,3.5,2025-08-14,2026-08-10,3.5,3.5,104,0,2025-08-14:3.5,Closed lost,lost_other,,Test Deals,Lost Deal,us-central1 – Kansas,0,0.0
2026-09-16,222865584370,287958791367,H200,gpu,,64,12.01,RESERVE,PREPAID,0,2025-08-18,1.9,2025-09-22,2026-08-10,1.8,1.8,103,1,2025-08-18:1.9>2025-09-18:1.8,Closed won,won,2025-09-22,,Approved,us-central1 – Kansas,35,-5.3
2026-09-16,230027812028,295375838448,H100,gpu,,176,6.15,RESERVE,PREPAID,0,2025-08-28,1.6,2025-09-11,2026-08-10,1.6,1.6,100,0,2025-08-28:1.6,Closed won,won,2025-09-11,NO_CAPACITY,Approved,Nemax,14,0.0
2026-09-16,230058215641,293493974256,B200,gpu,,192,17.99,RESERVE,PREPAID,0,2025-08-28,2.89,2025-09-11,2026-08-10,2.89,2.89,100,0,2025-08-28:2.89,Closed lost,lost_price_or_competitor,,Pricing and Billing Issues,Lost Deal,us-central1 – Kansas,14,0.0
2026-09-16,239779063018,305583718600,H200,gpu,,128,5.95,RESERVE,PREPAID,0,2025-09-11,2.0,2025-09-11,2026-08-10,2.0,2.0,96,0,2025-09-11:2,Closed lost,lost_capacity,,NO_CAPACITY,Lost Deal,us-central1 – Kansas,0,0.0
2026-09-16,249465511129,315169758450,H200,gpu,,80,7.07,RESERVE,PREPAID,0,2025-09-25,2.05,2026-05-20,2026-08-10,3.21,3.21,92,1,2025-09-25:2.05>2026-04-08:3.21,Closed lost,lost_other,,Customer Disengagement or Cancellation,Lost Deal,Nemax,237,56.6
2026-09-16,257335378149,322792777938,H200,gpu,,32,12.01,PAYG,PREPAID,0,2025-10-06,3.5,2025-10-09,2026-08-10,3.5,3.5,89,0,2025-10-06:3.5,Closed won,won,2025-10-09,,Approved,us-central1 – Kansas,3,0.0
2026-09-16,268859352256,247771668714,H200,gpu,,16,12.01,PAYG,POSTPAID,0,2025-10-16,3.5,2025-10-16,2026-08-10,3.5,3.5,86,0,2025-10-16:3.5,Closed won,won,2025-10-16,,Approved,Nemax,0,0.0
2026-09-16,296622891246,361751613662,H100,gpu,,21,12.01,RESERVE,PREPAID,0,2025-11-06,2.95,2026-06-03,2026-08-10,2.95,2.95,38,0,2025-11-06:2.95,Disqualified,disqualified,,Qualification Oversights,Disqualified,Nemax,209,0.0
2026-09-16,300949837039,366703410404,H100,gpu,,1000,4.97,RESERVE,PREPAID,0,2025-11-10,2.95,2025-11-20,2026-08-10,2.95,1.98,79,0,2025-11-10:2.95,Closed lost,lost_price_or_competitor,,Competitor Chosen,Lost Deal,Nemax,10,-32.9
2026-09-16,304383788235,370017139947,B300,gpu,,128,0.03,TESTING,NO_PAYMENT,0,2025-11-10,7.1,2026-06-03,2026-08-10,7.1,7.1,52,0,2025-11-10:7.1,Disqualified,disqualified,,Test Deals,Disqualified,uk-south1 – UK,205,0.0
2026-09-16,334488849647,397125739732,H100,gpu,,140,0.66,TESTING,NO_PAYMENT,0,2025-12-08,2.95,2026-05-18,2026-08-10,2.95,2.95,71,0,2025-12-08:2.95,Closed lost,lost_other,,Contract Restructuring,Lost Deal,Nemax,161,0.0
2026-09-16,335686511865,402388933865,H100,gpu,,512,11.97,RESERVE,POSTPAID,0,2025-12-10,1.5,2025-12-17,2026-08-10,1.5,1.5,70,0,2025-12-10:1.5,Closed lost,lost_other,,Qualification Oversights,Lost Deal,Nemax,7,0.0
2026-09-16,33978442992,28490127598,H200,gpu,,2048,4.93,RESERVE,PREPAID,0,2024-11-05,2.3,2025-02-24,2026-08-10,2.3,2.3,163,0,2024-11-05:2.3,Closed lost,lost_other,,Customer Disengagement or Cancellation,Lost Deal,Nemax,111,0.0
2026-09-16,365148151999,425067130093,H200,gpu,,8,5.03,RESERVE,PREPAID,0,2026-01-07,1.8,2026-01-12,2026-08-10,1.8,1.8,62,0,2026-01-07:1.8,Closed won,won,2026-01-12,,Approved,Nemax,5,0.0
2026-09-16,373387676909,433811026122,H100,gpu,,2000,1.97,RESERVE,PREPAID,0,2026-01-14,1.87,2026-01-19,2026-08-10,1.87,1.87,60,0,2026-01-14:1.87,Closed lost,lost_capacity,,NO_CAPACITY,Lost Deal,Nemax,5,0.0
2026-09-16,373905674451,377035601145,H200,gpu,,24,5.95,RESERVE,PREPAID,0,2026-01-14,2.0,2026-01-26,2026-08-10,2.0,2.0,60,0,2026-01-14:2,Closed won,won,2026-01-26,,Approved,eu-west1 – Paris,12,0.0
2026-09-16,40231244019,46298787051,H200,gpu,,8,2.96,RESERVE,POSTPAID,0,2024-11-18,4.85,2025-03-17,2026-08-10,4.85,4.85,161,0,2024-11-18:4.85,Disqualified,disqualified,,NO_LONGER_RESPONDS,Disqualified,Nemax,119,0.0
2026-09-16,404677413095,462065421546,B200,gpu,,1,7.04,PAYG,POSTPAID,0,2026-02-09,5.5,2026-02-09,2026-02-09,5.5,5.5,1,0,2026-02-09:5.5,Prospect,open_at_freeze,,,Waiting for Business Approval,me-west1 - Israel,0,0.0
2026-09-16,420541845733,465860705479,B200,gpu,,400,0.95,RESERVE,PREPAID,0,2026-02-23,3.02,2026-03-11,2026-08-10,3.02,3.02,49,0,2026-02-23:3.02,Closed won,won,2026-03-11,,Approved,me-west1 - Israel,16,0.0
2026-09-16,426863345874,169184456927,H100,gpu,,30,1.18,TESTING,PREPAID,0,2026-03-02,3.1,2026-06-01,2026-08-10,3.1,3.1,47,0,2026-03-02:3.1,Disqualified,disqualified,,Test Deals,Disqualified,Nemax,91,0.0
2026-09-16,441460544706,493807260917,B200,gpu,,16,0.03,RESERVE,POSTPAID,0,2026-03-16,2.5,2026-03-25,2026-04-15,2.5,2.5,10,0,2026-03-16:2.5,Commercial Proposal,open_at_freeze,,,DECLINED,me-west1 - Israel,9,0.0
2026-09-16,449772199102,480627557582,B200,gpu,,8,0.07,TESTING,NO_PAYMENT,0,2026-04-13,5.5,2026-04-13,2026-08-10,5.5,5.5,35,0,2026-04-13:5.5,Technical Validation,open_at_freeze,,,Approved,us-central1 – Kansas,0,0.0
2026-09-16,457347106033,472136709325,H200,gpu,,2000,29.11,RESERVE,PREPAID,0,2026-05-18,1.6,2026-05-27,2026-08-10,1.9,1.9,25,1,2026-05-18:1.6>2026-05-20:1.9,Closed lost,lost_price_or_competitor,,Pricing and Billing Issues;Competitor Chosen,Lost Deal,Nemax,9,18.7
2026-09-16,45864838340,15712144574,H100,gpu,,8,2.24,RESERVE,POSTPAID,0,2024-11-26,2.0,2024-11-26,2026-08-10,2.0,2.0,160,0,2024-11-26:2,Closed won,won,2024-11-26,,DECLINED,Nemax,0,0.0
2026-09-16,458926481614,504049779933,H200,gpu,,160,6.12,RESERVE,PREPAID,0,2026-05-27,2.3,2026-06-24,2026-08-10,2.7,2.7,22,2,2026-05-27:2.3>2026-06-01:2.5>2026-06-15:2.7,Closed won,won,2026-06-24,,Approved,eu-west1 – Paris,28,17.4
2026-09-16,460714075356,505109767415,H200,gpu,,128,12.01,RESERVE,PREPAID,0,2026-06-03,3.41,2026-06-08,2026-08-10,3.41,3.41,20,0,2026-06-03:3.41,Disqualified,disqualified,,Test Deals,Disqualified,Nemax,5,0.0
2026-09-16,461587334352,505465900261,H100,gpu,,1000,24.01,RESERVE,POSTPAID,0,2026-06-08,2.35,2026-07-01,2026-08-10,2.11,2.11,19,2,2026-06-08:2.35>2026-06-15:2.15>2026-06-24:2.11,Closed won,won,2026-07-01,,Approved,Nemax,23,-10.2
2026-09-16,463404252375,506244090078,B200,gpu,,512,36.02,RESERVE,PREPAID,0,2026-06-17,5.2,2026-07-27,2026-08-10,5.35,5.35,16,1,2026-06-17:5.2>2026-06-29:5.35,Commercial Proposal,open_at_freeze,,,Waiting For Approval,us-central1 – Kansas,40,2.9
2026-09-16,476750926041,515192407235,H200,gpu,,16,12.04,RESERVE,PREPAID,0,2026-08-10,3.2,2026-08-10,2026-08-10,3.2,3.2,1,0,2026-08-10:3.2,Commercial Proposal,open_at_freeze,,,Waiting for Business Approval,us-central1 – Kansas,0,0.0
2026-09-16,49291949299,58262094064,H200,gpu,,160,6.02,RESERVE,PREPAID,0,2024-12-03,2.3,2025-03-10,2026-08-10,2.08,2.08,159,1,2024-12-03:2.3>2025-02-17:2.08,Closed won,won,2025-03-10,,Approved,Nemax,97,-9.6
2026-09-16,50511011034,57476449509,H100,gpu,,32,2.93,RESERVE,PREPAID,0,2024-12-10,19.0,2025-01-07,2026-08-10,19.0,19.0,158,0,2024-12-10:19,Closed won,won,2025-01-07,,Disqualified,Nemax,28,0.0
2026-09-16,50630972609,23377049804,H200,gpu,,32,0.76,TESTING,NO_PAYMENT,0,2024-12-10,4.85,2025-03-10,2026-08-10,4.85,4.85,158,0,2024-12-10:4.85,Closed lost,lost_other,,Qualification Oversights,Lost Deal,Nemax,90,0.0
2026-09-16,70611159258,45275621622,H100,gpu,,24,2.83,PAYG,POSTPAID,0,2025-01-07,2.3,2025-04-07,2026-08-10,2.3,2.3,156,0,2025-01-07:2.3,Closed won,won,2025-04-07,,Approved,Nemax,90,0.0
2026-09-16,80235717841,92960783609,H200,gpu,,1600,0.1,TESTING,NO_PAYMENT,0,2025-01-13,4.85,2025-02-03,2026-08-10,4.85,4.85,155,0,2025-01-13:4.85,Disqualified,disqualified,,Pricing and Billing Issues,Disqualified,Nemax,21,0.0
2026-09-16,8273727439,10321069034,H100,gpu,,8,0.99,TESTING,NO_PAYMENT,1,2024-10-15,4.85,2024-12-17,2026-08-10,4.85,4.85,166,0,2024-10-15:4.85,Closed lost,lost_other,2024-10-15,Customer Disengagement or Cancellation,Lost Deal,Finland,63,0.0
2026-09-16,8992577262,9322988255,H100,gpu,,2,2.96,RESERVE,PREPAID,1,2024-10-15,3.5,2024-10-15,2026-08-10,3.5,3.5,166,0,2024-10-15:3.5,Closed won,won,2024-10-15,,Approved,Finland,0,0.0
2026-09-16,9719628749,13231382983,H100,gpu,,32,0.23,RESERVE,PREPAID,1,2024-10-15,2.9,2024-10-15,2026-08-10,2.9,2.9,166,0,2024-10-15:2.9,Closed won,won,2024-10-15,,Approved,Finland,0,0.0
2026-09-16,10298429652,13240040948,H100,gpu,,2,2.04,RESERVE,POSTPAID,1,2024-10-15,2.9,2024-10-15,2026-08-10,2.9,2.9,166,0,2024-10-15:2.9,Closed won,won,2024-10-15,,Disqualified,Finland,0,0.0
2026-09-16,103192235220,134767580391,H200,gpu,,144,0.16,RESERVE,PREPAID,0,2025-02-24,2.3,2025-03-24,2026-08-10,2.3,2.3,149,0,2025-02-24:2.3,Closed won,won,2025-03-24,,Approved,eu-west1 – Paris,28,0.0
2026-09-16,10953590719,9881557746,H100,gpu,,1,5.59,PAYG,POSTPAID,1,2024-10-15,4.85,2024-10-15,2026-08-10,4.85,4.85,166,0,2024-10-15:4.85,Closed won,won,2024-10-15,,Disqualified,Finland,0,0.0
2026-09-16,114325099714,151047285965,GB200,gpu,72,8000,12.01,RESERVE,POSTPAID,0,2025-03-17,3.0,2025-07-17,2026-08-10,3.0,3.0,146,0,2025-03-17:3,Closed lost,lost_other,,Customer Disengagement or Cancellation,Lost Deal,us-central1 – Kansas,122,0.0
2026-09-16,115706025171,153274293444,H200,gpu,,8,1.02,TESTING,POSTPAID,0,2025-03-17,3.5,2025-06-02,2026-08-10,3.5,3.5,146,0,2025-03-17:3.5,Closed lost,lost_other,,Customer Disengagement or Cancellation,Lost Deal,Nemax,77,0.0
2026-09-16,116150936767,121620103377,H200,gpu,,16,0.56,TESTING,NO_PAYMENT,0,2025-03-17,3.5,2025-06-26,2026-08-10,3.5,3.5,146,0,2025-03-17:3.5,Closed lost,lost_price_or_competitor,,Competitor Chosen,Lost Deal,Nemax,101,0.0
2026-09-16,116588158149,16520249832,H200,gpu,,2,0.03,RESERVE,PREPAID,0,2025-03-17,3.5,2025-03-17,2026-08-10,3.5,3.5,146,0,2025-03-17:3.5,Disqualified,disqualified,,Test Deals,Disqualified,Nemax,0,0.0
2026-09-16,122506294478,143435615421,H200,gpu,,48,5.33,PAYG,PREPAID,0,2025-03-27,2.7,2025-03-31,2026-08-10,2.7,2.7,144,0,2025-03-27:2.7,Closed won,won,2025-03-31,,Waiting For Approval,eu-west1 – Paris,4,0.0
2026-09-16,126022762718,168908460271,H200,gpu,,128,3.03,PAYG,POSTPAID,0,2025-04-03,2.2,2025-05-29,2026-08-10,2.4,2.4,142,1,2025-04-03:2.2>2025-04-28:2.4,Closed won,won,2025-05-29,,Waiting For Approval,us-central1 – Kansas,56,9.1
2026-09-16,126524553405,169184456927,H100,gpu,,10,0.2,PAYG,POSTPAID,0,2025-04-03,2.95,2025-04-14,2026-02-18,2.95,2.95,93,0,2025-04-03:2.95,Disqualified,disqualified,,Test Deals,Disqualified,Nemax,11,0.0
2026-09-16,130040763592,142257424585,H200,gpu,,64,5.95,RESERVE,POSTPAID,0,2025-04-10,3.5,2025-08-28,2026-08-10,3.5,1.95,140,0,2025-04-10:3.5,Closed lost,lost_capacity,,NO_CAPACITY,Lost Deal,us-central1 – Kansas,140,-44.3
2026-09-16,138448131320,174487436495,H200,gpu,,96,10.07,PAYG,PREPAID,0,2025-04-24,2.5,2025-04-24,2025-05-15,2.5,2.5,7,0,2025-04-24:2.5,Commercial Proposal,open_at_freeze,,,Disqualified,eu-west1 – Paris,0,0.0
2026-09-16,148194294975,199229931768,H200,gpu,,500,11.97,RESERVE,POSTPAID,0,2025-05-08,1.95,2025-08-28,2026-08-10,1.95,1.95,132,0,2025-05-08:1.95,Closed lost,lost_other,,Security and Compliance Gaps,Lost Deal,Nemax,112,0.0
2026-09-16,15291081949,16803993075,H100,gpu,,8,0.46,PAYG,POSTPAID,1,2024-10-15,2.6,2024-10-15,2026-08-10,2.6,2.6,166,0,2024-10-15:2.6,Closed won,won,2024-10-15,,Approved,Finland,0,0.0
2026-09-16,18366794706,15554929365,H200,gpu,,768,1.97,RESERVE,POSTPAID,1,2024-10-15,2.5,2024-10-15,2026-08-10,2.5,2.5,166,0,2024-10-15:2.5,Closed won,won,2024-10-15,,Approved,eu-west1 – Paris,0,0.0
2026-09-16,183747456230,224380850370,H100,gpu,,64,11.97,RESERVE,POSTPAID,0,2025-06-26,2.95,2025-08-28,2026-08-10,2.95,2.95,118,0,2025-06-26:2.95,Disqualified,disqualified,,Customer Disengagement or Cancellation,Disqualified,Nemax,63,0.0
2026-09-16,187002281187,239593936090,B200,gpu,,8,2.99,RESERVE,PREPAID,0,2025-07-03,3.4,2025-09-29,2026-08-10,3.4,3.4,116,0,2025-07-03:3.4,Closed lost,lost_other,,Customer Disengagement or Cancellation,Lost Deal,us-central1 – Kansas,88,0.0
2026-09-16,191635211459,240357638342,GB200,gpu,72,6144,6.94,RESERVE,POSTPAID,0,2025-07-10,3.1,2025-09-08,2025-10-06,3.15,3.15,26,1,2025-07-10:3.1>2025-08-21:3.15,Closed won,won,2025-09-08,,Waiting For Approval,us-east1 – New Jersey,60,1.6
2026-09-16,202778972364,267812537532,H100,gpu,,32,0.99,RESERVE,PREPAID,0,2025-07-21,1.8,2025-08-11,2026-08-10,1.78,1.78,111,1,2025-07-21:1.8>2025-08-07:1.78,Closed won,won,2025-08-11,,Approved,Nemax,21,-1.1
2026-09-16,214017169644,278924050641,H200,gpu,,228,6.15,RESERVE,POSTPAID,0,2025-08-07,1.7,2025-08-18,2026-08-10,1.7,1.7,106,0,2025-08-07:1.7,Closed won,won,2025-08-18,,Approved,eu-west1 – Paris,11,0.0
2026-09-16,227679445235,292270704842,B200,gpu,,1280,20.82,RESERVE,POSTPAID,0,2025-08-25,4.0,2025-08-28,2025-09-08,3.2,3.2,5,1,2025-08-25:4>2025-09-04:3.2,Technical Validation,open_at_freeze,,,Waiting For Approval,us-central1 – Kansas,3,-20.0
2026-09-16,230564229369,295858319596,H100,gpu,,500,5.92,RESERVE,POSTPAID,0,2025-08-28,1.35,2025-09-01,2026-08-10,1.35,1.35,100,0,2025-08-28:1.35,Closed lost,lost_capacity,,NO_CAPACITY,Lost Deal,Nemax,4,0.0
2026-09-16,24291998952,23052554693,H100,gpu,,80,3.75,PAYG,POSTPAID,0,2024-10-29,2.95,2024-10-29,2026-08-10,2.2,2.2,164,1,2024-10-29:2.95>2024-11-18:2.2,Closed won,won,2024-10-29,,Approved,Nemax,0,-25.4
2026-09-16,246042414315,292064535749,H200,gpu,,128,0.46,TESTING,NO_PAYMENT,0,2025-09-22,3.5,2025-09-22,2025-09-22,3.5,3.5,1,0,2025-09-22:3.5,Technical Validation,open_at_freeze,,,Waiting For Approval,us-central1 – Kansas,0,0.0
2026-09-16,270914312403,278892001518,B300,gpu,,384,12.01,RESERVE,POSTPAID,0,2025-10-20,4.0,2025-12-01,2026-08-10,4.0,4.0,85,0,2025-10-20:4,Closed lost,lost_capacity,,NO_CAPACITY,Lost Deal,uk-south1 – UK,42,0.0
2026-09-16,270917130430,295427001589,H100,gpu,,16,12.04,PAYG,POSTPAID,0,2025-10-20,2.95,2025-12-08,2026-08-10,2.95,2.95,85,0,2025-10-20:2.95,Closed won,won,2025-12-08,,Approved,Nemax,49,0.0
2026-09-16,28012768456,31873390805,H100,gpu,,16,11.97,RESERVE,PREPAID,0,2024-11-05,2.5,2024-12-10,2026-08-10,2.5,2.5,163,0,2024-11-05:2.5,Closed lost,lost_other,,Customer Disengagement or Cancellation,Lost Deal,Nemax,35,0.0
2026-09-16,288657222881,354243023080,H200,gpu,,16,9.18,RESERVE,PREPAID,0,2025-11-03,1.8,2025-11-03,2025-12-15,1.8,1.8,13,0,2025-11-03:1.8,Technical Validation,open_at_freeze,,,Waiting For Approval,eu-west1 – Paris,0,0.0
2026-09-16,30719194356,23052568550,H100,gpu,,512,0.07,TESTING,NO_PAYMENT,0,2024-11-05,3.5,2024-11-14,2026-08-10,3.5,3.5,163,0,2024-11-05:3.5,Closed won,won,2024-11-14,,Disqualified,Nemax,9,0.0
2026-09-16,330100898004,388156470508,B200,gpu,,1248,0.69,RESERVE,NO_PAYMENT,0,2025-12-03,5.5,2026-06-22,2026-08-10,5.5,5.5,72,0,2025-12-03:5.5,Disqualified,disqualified,,Contract Restructuring,Lost Deal,me-west1 - Israel,201,0.0
2026-09-16,335687021794,399854094551,H100,gpu,,8,12.01,RESERVE,PREPAID,0,2025-12-08,1.85,2026-01-05,2026-08-10,1.85,1.85,71,0,2025-12-08:1.85,Closed lost,lost_capacity,,NO_CAPACITY,Lost Deal,Nemax,28,0.0
2026-09-16,338464831715,292091322594,B200,gpu,,1024,27.2,RESERVE,PREPAID,0,2025-12-10,3.15,2025-12-10,2026-01-07,3.15,3.15,9,0,2025-12-10:3.15,Commercial Proposal,open_at_freeze,,,Waiting For Approval,us-central1 – Kansas,0,0.0
2026-09-16,33978483926,37163774166,H100,gpu,,64,0.82,TESTING,NO_PAYMENT,0,2024-11-14,3.5,2025-01-27,2026-08-10,3.5,3.5,162,0,2024-11-14:3.5,Closed lost,lost_price_or_competitor,,Competitor Chosen,Lost Deal,Nemax,74,0.0
2026-09-16,342299656428,406326407388,B200,gpu,,900,12.01,RESERVE,POSTPAID,0,2025-12-15,2.9,2025-12-17,2026-08-10,2.9,2.9,69,0,2025-12-15:2.9,Closed lost,lost_capacity,,Customer Disengagement or Cancellation;NO_CAPACITY,Lost Deal,us-central1 – Kansas,2,0.0
2026-09-16,342560363769,406331411642,H100,gpu,,32,17.99,RESERVE,POSTPAID,0,2025-12-15,2.95,2026-01-28,2026-02-23,1.75,1.75,21,1,2025-12-15:2.95>2026-01-28:1.75,Commercial Proposal,open_at_freeze,,,Waiting For Approval,Nemax,44,-40.7
2026-09-16,349310615801,309824683226,H100,gpu,,32,12.04,RESERVE,PREPAID,0,2025-12-22,1.66,2025-12-29,2026-08-10,1.66,1.66,67,0,2025-12-22:1.66,Closed won,won,2025-12-29,,Approved,Nemax,7,0.0
2026-09-16,352858242286,406250960089,H200,gpu,,64,12.01,RESERVE,PREPAID,0,2025-12-24,1.9,2026-01-05,2026-08-10,1.9,1.9,66,0,2025-12-24:1.9,Closed lost,lost_capacity,,NO_CAPACITY,Lost Deal,us-central1 – Kansas,12,0.0
2026-09-16,366344406213,409579466959,B200,gpu,,8,0.36,TESTING,NO_PAYMENT,0,2026-01-12,5.5,2026-01-12,2026-02-16,5.5,5.5,11,0,2026-01-12:5.5,Prospect,open_at_freeze,,,Waiting For Approval,us-central1 – Kansas,0,0.0
2026-09-16,366631892206,409579466959,B200,gpu,,40,11.97,RESERVE,POSTPAID,0,2026-01-12,3.2,2026-01-12,2026-02-16,3.2,3.2,11,0,2026-01-12:3.2,Prospect,open_at_freeze,,,Waiting For Approval,us-central1 – Kansas,0,0.0
2026-09-16,372156148955,432029560042,H100,gpu,,328,5.99,RESERVE,PREPAID,0,2026-01-14,1.6,2026-01-28,2026-08-10,1.6,1.6,60,0,2026-01-14:1.6,Closed lost,lost_capacity,,NO_CAPACITY,Lost Deal,Nemax,14,0.0
2026-09-16,376421567727,436966451413,H100,gpu,,8,12.01,RESERVE,PREPAID,0,2026-01-19,1.8,2026-06-03,2026-08-10,1.8,1.8,22,0,2026-01-19:1.8,Disqualified,disqualified,,Security and Compliance Gaps;Qualification Oversights,Disqualified,Nemax,135,0.0
2026-09-16,395081854189,453127136462,H100,gpu,,32,6.02,RESERVE,POSTPAID,0,2026-02-02,2.95,2026-04-13,2026-08-10,1.8,1.8,55,1,2026-02-02:2.95>2026-02-04:1.8,Closed lost,lost_other,,Customer Disengagement or Cancellation,Lost Deal,Nemax,70,-39.0
2026-09-16,402275925241,451126010096,B200,gpu,,8,0.46,RESERVE,NO_PAYMENT,0,2026-02-09,5.5,2026-06-03,2026-08-10,5.5,5.5,35,0,2026-02-09:5.5,Disqualified,disqualified,,Customer Disengagement or Cancellation,Disqualified,us-central1 – Kansas,114,0.0
2026-09-16,409142615283,466108675292,H100,gpu,,256,9.08,RESERVE,PREPAID,0,2026-02-11,1.7,2026-02-11,2026-02-11,1.7,1.7,1,0,2026-02-11:1.7,Commercial Proposal,open_at_freeze,,,Waiting for Business Approval,Nemax,0,0.0
2026-09-16,417686185157,473243071723,B300,gpu,,16,0.46,TESTING,NO_PAYMENT,0,2026-02-18,7.1,2026-03-09,2026-08-10,7.1,7.1,50,0,2026-02-18:7.1,Closed won,won,2026-03-09,,Approved,uk-south1 – UK,19,0.0
2026-09-16,423216540886,338948630744,B300,gpu,,4096,11.97,RESERVE,PREPAID,0,2026-02-25,3.8,2026-05-04,2026-08-10,3.8,3.8,48,0,2026-02-25:3.8,Closed lost,lost_price_or_competitor,,Pricing and Billing Issues;Competitor Chosen,Lost Deal,us-north1 – Minnesota,68,0.0
2026-09-16,426512145643,480627561658,H200,gpu,,1888,10.0,RESERVE,POSTPAID,0,2026-03-02,1.9,2026-06-15,2026-08-10,1.9,1.9,47,0,2026-03-02:1.9,Closed won,won,2026-06-15,,Approved,eu-west1 – Paris,105,0.0
2026-09-16,443006012635,494470807768,H100,gpu,,160,5.99,RESERVE,PREPAID,0,2026-03-23,1.91,2026-04-13,2026-08-10,2.07,2.07,41,1,2026-03-23:1.91>2026-03-30:2.07,Closed lost,lost_capacity,,NO_CAPACITY,Lost Deal,Nemax,21,8.4
2026-09-16,443701777627,477915586769,B300,gpu,,32,1.35,RESERVE,NO_PAYMENT,0,2026-03-23,7.1,2026-03-25,2026-08-10,7.1,7.1,41,0,2026-03-23:7.1,Technical Validation,open_at_freeze,,,Approved,uk-south1 – UK,2,0.0
2026-09-16,445966969020,397390299326,B300,gpu,,4000,24.01,RESERVE,POSTPAID,0,2026-03-30,4.37,2026-03-30,2026-04-06,4.37,4.37,3,0,2026-03-30:4.37,Commercial Proposal,open_at_freeze,,,Waiting For Approval,us-north1 – Minnesota,0,0.0
2026-09-16,449768409317,413524737235,H200,gpu,,16,12.01,RESERVE,POSTPAID,0,2026-04-13,3.5,2026-05-04,2026-08-10,3.5,3.5,35,0,2026-04-13:3.5,Closed lost,lost_other,,Customer Disengagement or Cancellation;Insufficient Capabilities,Lost Deal,us-central1 – Kansas,21,0.0
2026-09-16,450813781223,498987292875,GB300,rack,72,288,36.02,RESERVE,PREPAID,0,2026-04-20,5.56,2026-07-06,2026-08-10,5.15,5.15,33,2,2026-04-20:5.56>2026-05-27:5.2>2026-06-03:5.15,Closed won,won,2026-07-06,,Approved,eu-west3 – Bethune,77,-7.4
2026-09-16,451223691482,499220249788,GB300,rack,72,1440,12.01,RESERVE,PREPAID,0,2026-04-20,9.2,2026-04-20,2026-08-10,9.2,9.2,33,0,2026-04-20:9.2,Prospect,open_at_freeze,,,Waiting For Approval,uk-south2 – London East,0,0.0
2026-09-16,455935718630,496749251809,H200,gpu,,64,12.01,RESERVE,PREPAID,0,2026-05-11,2.95,2026-05-11,2026-08-10,2.95,2.95,27,0,2026-05-11:2.95,Closed lost,lost_capacity,,NO_CAPACITY,Waiting For Approval,eu-west1 – Paris,0,0.0
2026-09-16,457719008462,503029641451,B300,gpu,,16,0.16,TESTING,NO_PAYMENT,0,2026-05-18,7.1,2026-06-03,2026-08-10,7.1,7.1,25,0,2026-05-18:7.1,Technical Validation,open_at_freeze,,,Approved,uk-south1 – UK,16,0.0
2026-09-16,464699075788,505802395872,B300,gpu,,1000,36.02,RESERVE,PREPAID,0,2026-06-22,4.86,2026-06-22,2026-06-24,4.86,4.86,2,0,2026-06-22:4.86,Commercial Proposal,open_at_freeze,,,Waiting For Approval,eu-south1 – Madrid,0,0.0
2026-09-16,472639832270,512059699388,H100,gpu,,40,11.97,RESERVE,POSTPAID,0,2026-07-27,2.77,2026-08-05,2026-08-10,2.5,2.5,5,1,2026-07-27:2.77>2026-08-03:2.5,Closed lost,lost_capacity,,NO_CAPACITY,Lost Deal,Nemax,9,-9.7
2026-09-16,474432793799,513630033127,GB300,rack,72,5040,3.95,RESERVE,PREPAID,0,2026-08-03,13.0,2026-08-03,2026-08-10,13.0,13.0,3,0,2026-08-03:13,Commercial Proposal,open_at_freeze,,,Approved,eu-west3 – Bethune,0,0.0
2026-09-16,476673153213,512893203648,B200,gpu,,640,12.01,RESERVE,POSTPAID,0,2026-08-05,6.1,2026-08-05,2026-08-10,6.1,6.1,2,0,2026-08-05:6.1,Commercial Proposal,open_at_freeze,,,Approved,us-central1 – Kansas,0,0.0
2026-09-16,50039594170,61556706523,H200,gpu,,8,11.97,PAYG,PREPAID,0,2024-12-10,4.85,2025-02-24,2026-08-10,4.85,4.85,158,0,2024-12-10:4.85,Closed lost,lost_other,,Qualification Oversights,Lost Deal,eu-west1 – Paris,76,0.0
2026-09-16,51916207295,63398480091,H100,gpu,,32,3.22,PAYG,POSTPAID,0,2024-12-10,2.5,2025-06-19,2026-08-10,2.5,2.5,158,0,2024-12-10:2.5,Closed lost,lost_other,,Customer Disengagement or Cancellation,Lost Deal,Nemax,191,0.0
2026-09-16,93928143059,108244643051,H200,gpu,,16,0.23,TESTING,NO_PAYMENT,0,2025-02-10,3.5,2025-05-29,2026-08-10,3.5,3.5,151,0,2025-02-10:3.5,Disqualified,disqualified,,Test Deals,Disqualified,Nemax,108,0.0
2026-09-16,10143500775,14239598799,H100,gpu,,8,0.95,RESERVE,POSTPAID,1,2024-10-15,3.0,2024-10-15,2026-08-10,3.0,3.0,166,0,2024-10-15:3,Disqualified,disqualified,,Customer Disengagement or Cancellation,Disqualified,Finland,0,0.0
2026-09-16,10435330527,14406328049,H100,gpu,,512,2.11,RESERVE,PREPAID,1,2024-10-15,2.5,2024-10-15,2026-08-10,2.5,2.5,166,0,2024-10-15:2.5,Closed won,won,2024-10-15,,Disqualified,Finland,0,0.0
2026-09-16,115137090796,142257424585,H200,gpu,,64,0.46,TESTING,NO_PAYMENT,0,2025-03-17,3.5,2025-08-28,2026-08-10,3.5,3.5,146,0,2025-03-17:3.5,Closed lost,lost_capacity,,NO_CAPACITY,Lost Deal,eu-west1 – Paris,164,0.0
2026-09-16,123745817826,166158338246,H200,gpu,,24,6.22,RESERVE,PREPAID,0,2025-03-31,3.5,2025-04-03,2025-04-07,2.3,2.3,3,1,2025-03-31:3.5>2025-04-03:2.3,Commercial Proposal,open_at_freeze,,,Waiting For Approval,Nemax,3,-34.3
2026-09-16,125248057559,168398919925,H200,gpu,,64,0.56,TESTING,NO_PAYMENT,0,2025-04-03,3.5,2025-08-11,2026-08-10,3.5,3.5,142,0,2025-04-03:3.5,Closed lost,lost_price_or_competitor,,Competitor Chosen;Pricing and Billing Issues,Lost Deal,us-central1 – Kansas,130,0.0
2026-09-16,125417516277,168155407549,H200,gpu,,16,8.95,PAYG,POSTPAID,0,2025-04-03,3.5,2025-04-10,2026-08-10,3.5,3.5,142,0,2025-04-03:3.5,Disqualified,disqualified,,Test Deals,Disqualified,eu-west1 – Paris,7,0.0
2026-09-16,126585536748,164972977379,H200,gpu,,47,0.2,RESERVE,PREPAID,0,2025-04-07,3.5,2025-04-28,2026-08-10,2.05,2.05,141,1,2025-04-07:3.5>2025-04-17:2.05,Closed won,won,2025-04-28,,Approved,eu-north2 – Iceland,21,-41.4
2026-09-16,12916862184,11061536187,H100,gpu,,128,17.04,INTERNAL,NO_PAYMENT,1,2024-10-15,3.5,2024-10-15,2026-08-10,3.5,3.5,166,0,2024-10-15:3.5,Closed won,won,2024-10-15,,Waiting For Approval,Nemax,0,0.0
2026-09-16,132340870340,177753971925,H100,gpu,,32,3.03,PAYG,POSTPAID,0,2025-04-14,2.4,2025-11-13,2026-08-10,2.4,2.4,139,0,2025-04-14:2.4,Closed won,won,2025-11-13,Customer Disengagement or Cancellation,Lost Deal,Nemax,213,0.0
2026-09-16,132874347732,148674477278,H100,gpu,,128,2.37,RESERVE,PREPAID,0,2025-04-17,2.1,2025-04-28,2026-08-10,2.1,2.1,138,0,2025-04-17:2.1,Closed won,won,2025-04-28,,Waiting For Approval,Nemax,11,0.0
2026-09-16,137886297309,185330608335,H200,gpu,,48,11.09,PAYG,POSTPAID,0,2025-04-24,2.7,2025-05-29,2026-08-10,2.7,2.7,136,0,2025-04-24:2.7,Closed won,won,2025-05-29,,Approved,us-central1 – Kansas,35,0.0
2026-09-16,144168963293,193325718735,H100,gpu,,64,8.88,RESERVE,PREPAID,0,2025-05-01,1.8,2025-05-08,2026-08-10,1.8,1.8,134,0,2025-05-01:1.8,Closed won,won,2025-05-08,,Approved,Nemax,7,0.0
2026-09-16,15291054796,19655190997,H100,gpu,,40,11.38,PAYG,POSTPAID,1,2024-10-15,3.5,2025-04-10,2026-08-10,3.5,3.5,166,0,2024-10-15:3.5,Disqualified,disqualified,,Customer Disengagement or Cancellation,Disqualified,Nemax,177,0.0
2026-09-16,17607390445,21705968366,H100,gpu,,1,0.03,PAYG,POSTPAID,1,2024-10-15,3.5,2024-10-15,2026-08-10,3.5,3.5,166,0,2024-10-15:3.5,Closed won,won,2024-10-15,,Approved,Finland,0,0.0
2026-09-16,191537873089,233037923516,H200,gpu,,512,11.97,RESERVE,PREPAID,0,2025-07-07,3.5,2025-08-07,2026-08-10,3.5,3.5,115,0,2025-07-07:3.5,Closed lost,lost_capacity,,NO_CAPACITY,Lost Deal,us-central1 – Kansas,31,0.0
2026-09-16,195658932424,260938095854,H200,gpu,,8,5.03,TESTING,NO_PAYMENT,0,2025-07-14,3.5,2025-07-14,2026-08-10,3.5,3.5,113,0,2025-07-14:3.5,Prospect,open_at_freeze,,,Waiting For Approval,Nemax,0,0.0
2026-09-16,195673351407,247884102887,H100,gpu,,8,0.23,TESTING,NO_PAYMENT,0,2025-07-14,2.95,2025-07-14,2025-07-28,2.95,2.95,5,0,2025-07-14:2.95,Prospect,open_at_freeze,,,Approved,Nemax,0,0.0
2026-09-16,215128539361,278940421325,B200,gpu,,256,4.47,RESERVE,POSTPAID,0,2025-08-07,3.3,2025-08-18,2026-08-10,3.3,3.3,106,0,2025-08-07:3.3,Closed lost,lost_other,,Cluster Performance,Lost Deal,Nemax,11,0.0
2026-09-16,226725735623,292091322594,B200,gpu,,256,5.95,RESERVE,PREPAID,0,2025-08-21,3.1,2026-02-04,2026-08-10,3.3,3.3,102,5,2025-08-21:3.1>2025-10-27:3.3>2025-11-10:2.97>2025-11-20:2.74>2025-12-10:3.15>2026-01-12:3.3,Closed lost,lost_price_or_competitor,,Pricing and Billing Issues;Competitor Chosen,Lost Deal,us-central1 – Kansas,167,6.5
2026-09-16,240224815294,305550499035,B200,gpu,,40,2.01,RESERVE,POSTPAID,0,2025-09-11,4.0,2025-10-20,2026-08-10,4.0,4.0,96,0,2025-09-11:4,Closed lost,lost_other,,Customer Disengagement or Cancellation,Lost Deal,uk-south1 – UK,39,0.0
2026-09-16,245755867340,311083529437,H100,gpu,,256,5.99,RESERVE,,0,2025-09-18,2.95,2025-10-02,2026-08-10,2.95,2.95,94,0,2025-09-18:2.95,Closed lost,lost_capacity,,NO_CAPACITY,Lost Deal,Nemax,14,0.0
2026-09-16,246266304702,309173329115,H200,gpu,,16,6.25,RESERVE,POSTPAID,0,2025-09-22,2.2,2025-09-22,2025-09-25,2.2,2.2,2,0,2025-09-22:2.2,Technical Validation,open_at_freeze,,,Waiting For Approval,Nemax,0,0.0
2026-09-16,250980047069,314866946274,B200,gpu,,128,12.01,RESERVE,PREPAID,0,2025-09-29,3.4,2025-09-29,2025-10-13,3.4,3.4,5,0,2025-09-29:3.4,Technical Validation,open_at_freeze,,,Waiting For Approval,me-west1 - Israel,0,0.0
2026-09-16,25270030532,29151931603,H100,gpu,,80,11.97,RESERVE,PREPAID,0,2024-10-29,2.3,2024-11-05,2026-08-10,2.3,2.3,164,0,2024-10-29:2.3,Disqualified,disqualified,,Customer Disengagement or Cancellation,Disqualified,Nemax,7,0.0
2026-09-16,261490668792,326794720477,B200,gpu,,64,5.99,RESERVE,PREPAID,0,2025-10-06,3.8,2025-10-06,2025-10-13,3.8,3.8,3,0,2025-10-06:3.8,Prospect,open_at_freeze,,,Waiting For Approval,us-central1 – Kansas,0,0.0
2026-09-16,289071723722,352206884026,B300,gpu,,128,0.3,RESERVE,PREPAID,0,2025-11-03,4.1,2025-11-10,2026-08-10,4.1,4.1,81,0,2025-11-03:4.1,Closed won,won,2025-11-10,,Approved,uk-south1 – UK,7,0.0
2026-09-16,290142676191,354243023080,B200,gpu,,8,9.18,RESERVE,PREPAID,0,2025-11-03,3.5,2025-11-03,2025-12-15,3.5,3.5,13,0,2025-11-03:3.5,Technical Validation,open_at_freeze,,,Waiting For Approval,me-west1 - Israel,0,0.0
2026-09-16,293894044859,355716497619,H200,gpu,,64,3.03,RESERVE,PREPAID,0,2025-11-06,3.5,2025-11-17,2026-08-10,3.5,1.65,80,0,2025-11-06:3.5,Closed lost,lost_capacity,,NO_CAPACITY;Competitor Chosen,Lost Deal,Nemax,11,-52.9
2026-09-16,298778989772,364314938562,B200,gpu,,8,0.26,TESTING,NO_PAYMENT,0,2025-11-06,5.5,2025-11-06,2026-01-07,5.5,5.5,19,0,2025-11-06:5.5,Technical Validation,open_at_freeze,,,Waiting For Approval,us-central1 – Kansas,0,0.0
2026-09-16,305594591472,274774657251,H200,gpu,,336,11.97,PAYG,POSTPAID,0,2025-11-13,2.4,2025-11-13,2025-11-24,2.4,2.4,4,0,2025-11-13:2.4,Commercial Proposal,open_at_freeze,,,Waiting For Approval,Nemax,0,0.0
2026-09-16,31415098613,25390761181,H100,gpu,,8,2.96,PAYG,POSTPAID,0,2024-11-05,2.5,2024-11-14,2026-08-10,2.5,2.5,163,0,2024-11-05:2.5,Closed lost,lost_other,,Customer Disengagement or Cancellation,Waiting For Approval,Nemax,9,0.0
2026-09-16,323821229243,386581632187,B300,gpu,,16,0.72,RESERVE,NO_PAYMENT,0,2025-11-26,5.5,2026-01-28,2026-08-10,5.5,5.5,74,0,2025-11-26:5.5,Closed won,won,2026-01-28,,Approved,uk-south1 – UK,63,0.0
2026-09-16,333172389085,398467846356,H100,gpu,,128,1.35,PAYG,POSTPAID,0,2025-12-08,2.95,2026-06-03,2026-08-10,2.95,2.95,43,0,2025-12-08:2.95,Disqualified,disqualified,,Customer Disengagement or Cancellation,Disqualified,Nemax,177,0.0
2026-09-16,334362894563,398466410742,H100,gpu,,16,0.23,TESTING,NO_PAYMENT,0,2025-12-08,2.95,2025-12-08,2026-08-10,2.95,2.95,71,0,2025-12-08:2.95,Prospect,open_at_freeze,,,Waiting For Approval,Nemax,0,0.0
2026-09-16,347646543066,411384239349,B300,gpu,,224,12.01,RESERVE,PREPAID,0,2025-12-22,3.4,2026-06-03,2026-08-10,3.4,3.4,25,0,2025-12-22:3.4,Disqualified,disqualified,,Test Deals,Disqualified,me-west1 - Israel,163,0.0
2026-09-16,360518187216,425067154660,B200,gpu,,16,0.46,RESERVE,NO_PAYMENT,0,2026-01-07,5.5,2026-03-09,2026-08-10,5.5,5.5,62,0,2026-01-07:5.5,Closed lost,lost_other,,Duplicate deal,Lost Deal,me-west1 - Israel,61,0.0
2026-09-16,382447596763,366351252701,H200,gpu,,64,11.97,RESERVE,POSTPAID,0,2026-01-19,1.85,2026-01-19,2026-01-19,1.85,1.85,1,0,2026-01-19:1.85,Agreement signing,open_at_freeze,,,Waiting for Business Approval,eu-west1 – Paris,0,0.0
2026-09-16,395082572006,453127127285,H100,gpu,,32,12.04,RESERVE,POSTPAID,0,2026-02-02,1.7,2026-02-25,2026-08-10,1.8,1.8,55,1,2026-02-02:1.7>2026-02-16:1.8,Closed won,won,2026-02-25,,Approved,Nemax,23,5.9
2026-09-16,396787492046,454717947106,B300,gpu,,512,6.02,RESERVE,PREPAID,0,2026-02-02,7.1,2026-05-04,2026-08-10,7.1,3.55,55,0,2026-02-02:7.1,Closed lost,lost_capacity,,NO_CAPACITY;Pricing and Billing Issues,Lost Deal,uk-south1 – UK,91,-50.0
2026-09-16,410931915972,468793081052,B200,gpu,,56,0.13,TESTING,NO_PAYMENT,0,2026-02-16,5.5,2026-06-03,2026-08-10,5.5,5.5,23,0,2026-02-16:5.5,Disqualified,disqualified,,Cluster Performance,Disqualified,us-central1 – Kansas,107,0.0
2026-09-16,430363763931,413524737235,H200,gpu,,24,1.25,TESTING,NO_PAYMENT,0,2026-03-02,3.5,2026-03-02,2026-03-25,3.5,3.5,8,0,2026-03-02:3.5,Technical Validation,open_at_freeze,,,DECLINED,us-central1 – Kansas,0,0.0
2026-09-16,439946283247,493052259527,H200,gpu,,8,0.23,TESTING,NO_PAYMENT,0,2026-03-11,3.5,2026-03-11,2026-03-11,3.5,3.5,1,0,2026-03-11:3.5,Technical Validation,open_at_freeze,,,Waiting For Approval,eu-west1 – Paris,0,0.0
2026-09-16,443003632876,421685823687,GB300,rack,72,288,24.05,RESERVE,PREPAID,0,2026-03-18,9.2,2026-03-18,2026-08-10,9.2,9.2,42,0,2026-03-18:9.2,Technical Validation,open_at_freeze,,,Waiting For Approval,uk-south1 – UK,0,0.0
2026-09-16,447087842499,481719219415,H100,gpu,,8,6.05,RESERVE,PREPAID,0,2026-03-30,2.75,2026-04-20,2026-08-10,2.75,2.75,39,0,2026-03-30:2.75,Closed won,won,2026-04-20,,Approved,Nemax,21,0.0
2026-09-16,449171829978,497782489274,H100,gpu,,96,12.04,RESERVE,POSTPAID,0,2026-04-08,2.15,2026-04-13,2026-08-10,2.15,2.15,36,0,2026-04-08:2.15,Closed won,won,2026-04-13,,Approved,Nemax,5,0.0
2026-09-16,450815470802,258773657801,GB300,gpu,72,4032,36.02,RESERVE,PREPAID,0,2026-04-20,4.0,2026-04-20,2026-04-22,4.0,4.0,2,0,2026-04-20:4,Technical Validation,open_at_freeze,,,Waiting For Approval,eu-west1 – Paris,0,0.0
2026-09-16,450815652036,498987372774,H200,gpu,,128,10.79,RESERVE,POSTPAID,0,2026-04-20,2.0,2026-05-04,2026-08-10,2.0,2.0,33,0,2026-04-20:2,Closed lost,lost_capacity,,NO_CAPACITY,Lost Deal,eu-north2 – Iceland,14,0.0
2026-09-16,451801643245,387295682772,H200,gpu,,32,6.05,RESERVE,PREPAID,0,2026-04-20,2.33,2026-05-11,2026-08-10,3.24,3.24,33,2,2026-04-20:2.33>2026-05-04:2.56>2026-05-11:3.24,Closed lost,lost_price_or_competitor,,Pricing and Billing Issues,Lost Deal,eu-west1 – Paris,21,39.1
2026-09-16,456028807412,502185563332,GB300,rack,72,2880,24.05,RESERVE,PREPAID,0,2026-05-11,5.85,2026-05-13,2026-08-10,5.85,5.85,27,0,2026-05-11:5.85,Closed lost,lost_price_or_competitor,,Pricing and Billing Issues,Lost Deal,eu-west3 – Bethune,2,0.0
2026-09-16,456583045314,502499755238,B300,gpu,,4096,36.05,RESERVE,PREPAID,0,2026-05-13,5.5,2026-07-13,2026-08-10,5.5,5.5,26,0,2026-05-13:5.5,Disqualified,disqualified,,Qualification Oversights,Lost Deal,eu-south1 – Madrid,61,0.0
2026-09-16,457134856441,502667281637,B300,gpu,,32,0.46,TESTING,NO_PAYMENT,0,2026-05-18,7.1,2026-07-13,2026-08-10,7.1,7.1,25,0,2026-05-18:7.1,Disqualified,disqualified,,Customer Disengagement or Cancellation,Lost Deal,uk-south1 – UK,56,0.0
2026-09-16,457347106031,472136709325,B300,gpu,,1500,31.68,RESERVE,PREPAID,0,2026-05-18,4.2,2026-05-27,2026-08-10,4.25,4.25,25,1,2026-05-18:4.2>2026-05-20:4.25,Closed lost,lost_price_or_competitor,,Pricing and Billing Issues;Competitor Chosen,Lost Deal,eu-south1 – Madrid,9,1.2
2026-09-16,460469002484,153274318073,H100,gpu,,105,1.22,PAYG,PREPAID,0,2026-06-01,3.09,2026-06-03,2026-08-10,3.09,3.09,21,0,2026-06-01:3.09,Disqualified,disqualified,,Test Deals,Disqualified,tf-us1,2,0.0
2026-09-16,460983289061,505109990595,B300,gpu,,256,11.97,RESERVE,PREPAID,0,2026-06-03,5.56,2026-07-01,2026-08-10,5.56,5.56,20,0,2026-06-03:5.56,Closed won,won,2026-07-01,,Approved,eu-west2 – Paris,28,0.0
2026-09-16,461587336403,505465797868,H100,gpu,,64,11.97,RESERVE,PREPAID,0,2026-06-08,2.85,2026-06-24,2026-08-10,2.69,2.69,19,1,2026-06-08:2.85>2026-06-17:2.69,Closed lost,lost_capacity,,NO_CAPACITY,Lost Deal,Nemax,16,-5.6
2026-09-16,462680198347,505744551130,H200,gpu,,16,12.01,RESERVE,PREPAID,0,2026-06-15,2.85,2026-07-01,2026-08-10,2.85,2.85,17,0,2026-06-15:2.85,Closed lost,lost_capacity,,NO_CAPACITY,Lost Deal,us-central1 – Kansas,16,0.0
2026-09-16,465846211773,507938173171,B300,gpu,,128,12.01,RESERVE,PREPAID,0,2026-06-29,5.67,2026-06-29,2026-08-10,5.67,5.67,13,0,2026-06-29:5.67,Prospect,open_at_freeze,,,Waiting for Business Approval,eu-west2 – Paris,0,0.0
2026-09-16,467560511737,509154898112,H200,gpu,,8,11.97,RESERVE,PREPAID,0,2026-07-06,2.9,2026-08-05,2026-08-10,2.9,2.9,11,0,2026-07-06:2.9,Closed lost,lost_other,,Customer Disengagement or Cancellation,Lost Deal,us-central1 – Kansas,30,0.0
2026-09-16,472310486237,511764051190,B300,gpu,,32,0.3,TESTING,NO_PAYMENT,0,2026-07-22,7.85,2026-07-22,2026-08-10,7.85,7.85,6,0,2026-07-22:7.85,Commercial Proposal,open_at_freeze,,,Approved,uk-south1 – UK,0,0.0
2026-09-16,476157177049,477915586769,H200,gpu,,16,0.23,TESTING,NO_PAYMENT,0,2026-08-05,4.5,2026-08-05,2026-08-10,4.5,4.5,2,0,2026-08-05:4.5,Technical Validation,open_at_freeze,,,Approved,Nemax,0,0.0
2026-09-16,476752058568,514749540561,B300,gpu,,16,0.95,TESTING,NO_PAYMENT,0,2026-08-10,7.85,2026-08-10,2026-08-10,7.85,7.85,1,0,2026-08-10:7.85,Technical Validation,open_at_freeze,,,Waiting For Approval,uk-south2 – London East,0,0.0
2026-09-16,48045046008,57476449509,H200,gpu,,16,0.03,TESTING,NO_PAYMENT,0,2024-12-03,4.85,2025-01-07,2026-08-10,4.85,4.85,159,0,2024-12-03:4.85,Closed won,won,2025-01-07,,Approved,eu-west1 – Paris,35,0.0
2026-09-16,77729288395,98407740603,H200,gpu,,192,0.13,TESTING,NO_PAYMENT,0,2025-01-13,2.3,2025-01-27,2026-08-10,2.3,2.3,155,0,2025-01-13:2.3,Closed won,won,2025-01-27,,Approved,eu-west1 – Paris,14,0.0
2026-09-16,8170334436,10783220678,H100,gpu,,8,0.69,TESTING,TESTING,1,2024-10-15,4.85,2024-10-15,2026-08-10,4.85,4.85,166,0,2024-10-15:4.85,Closed won,won,2024-10-15,,,Finland,0,0.0
2026-09-16,8290046917,9498174433,H100,gpu,,160,6.05,RESERVE,POSTPAID,1,2024-10-15,4.85,2024-10-15,2026-08-10,4.85,4.85,166,0,2024-10-15:4.85,Closed won,won,2024-10-15,,Disqualified,Finland,0,0.0
2026-09-16,84009621696,75335862480,H100,gpu,,256,4.93,PAYG,POSTPAID,0,2025-01-27,2.8,2025-02-10,2026-08-10,2.8,2.7,153,0,2025-01-27:2.8,Closed lost,lost_other,,Customer Disengagement or Cancellation,Lost Deal,Nemax,14,-3.6
2026-09-16,8776068802,9881557746,H100,gpu,,8,9.67,PAYG,POSTPAID,1,2024-10-15,4.85,2024-10-15,2026-08-10,4.85,4.85,166,0,2024-10-15:4.85,Closed won,won,2024-10-15,,Approved,Finland,0,0.0
2026-09-16,8968838851,11709366487,H100,gpu,,16,7.04,PAYG,POSTPAID,1,2024-10-15,2.7,2024-10-15,2026-08-10,2.7,2.7,166,0,2024-10-15:2.7,Disqualified,disqualified,,Qualification Oversights,Disqualified,Finland,0,0.0
2026-09-16,91285643496,117049374964,H200,gpu,,8,1.02,PAYG,POSTPAID,0,2025-02-03,3.5,2025-03-27,2026-08-10,3.5,3.5,152,0,2025-02-03:3.5,Disqualified,disqualified,,Test Deals,Disqualified,eu-west1 – Paris,52,0.0
2026-09-16,9434085092,12669560817,H100,gpu,,16,0.23,TESTING,NO_PAYMENT,1,2024-10-15,4.85,2024-10-15,2026-08-10,4.85,4.85,166,0,2024-10-15:4.85,Closed lost,lost_other,,Security and Compliance Gaps,Lost Deal,Finland,0,0.0
2026-09-16,94823685333,123576068329,H200,gpu,,1,23.98,RESERVE,POSTPAID,0,2025-02-10,1.9,2025-02-17,2026-08-10,1.9,1.9,151,0,2025-02-10:1.9,Closed lost,lost_other,,Insufficient Capabilities,Lost Deal,Nemax,7,0.0
2026-09-16,9538794726,11247920078,H100,gpu,,32,2.99,RESERVE,POSTPAID,1,2024-10-15,2.7,2024-10-15,2026-08-10,2.7,2.7,166,0,2024-10-15:2.7,Closed lost,lost_other,,Security and Compliance Gaps,Lost Deal,Finland,0,0.0
2026-09-16,9833941491,13307271138,H100,gpu,,2,0.36,TESTING,NO_PAYMENT,1,2024-10-15,4.85,2024-10-15,2026-08-10,4.85,4.85,166,0,2024-10-15:4.85,Closed won,won,2024-10-15,,Approved,Finland,0,0.0
2026-09-16,9879531978,13587176950,H100,gpu,,32,5.99,RESERVE,PREPAID,1,2024-10-15,4.85,2024-10-15,2026-08-10,4.85,4.85,166,0,2024-10-15:4.85,Closed lost,lost_price_or_competitor,,Competitor Chosen;Insufficient Capabilities;Qualification Oversights,Disqualified,Finland,0,0.0
2026-09-16,9899352262,13463607998,H100,gpu,,64,0.95,INTERNAL,NO_PAYMENT,1,2024-10-15,4.85,2024-10-15,2026-08-10,4.85,4.85,166,0,2024-10-15:4.85,Closed won,won,2024-10-15,,Approved,Finland,0,0.0
2026-09-16,10443307765,14406015213,H100,gpu,,64,12.01,RESERVE,POSTPAID,1,2024-10-15,3.0,2024-10-15,2026-08-10,3.0,3.0,166,0,2024-10-15:3,Closed won,won,2024-10-15,,Disqualified,Finland,0,0.0
2026-09-16,106388142319,139606076658,H200,gpu,,96,6.05,RESERVE,POSTPAID,0,2025-03-03,2.3,2025-03-03,2026-08-10,2.3,2.3,148,0,2025-03-03:2.3,Disqualified,disqualified,,Customer Disengagement or Cancellation,Disqualified,Nemax,0,0.0
2026-09-16,107966750954,142257424585,H100,gpu,,64,0.46,TESTING,NO_PAYMENT,0,2025-03-03,2.95,2025-08-28,2026-08-10,2.95,2.95,148,0,2025-03-03:2.95,Closed lost,lost_capacity,,NO_CAPACITY,Lost Deal,Nemax,178,0.0
2026-09-16,10867635903,15447733981,H100,gpu,,8,0.2,PROMO,NO_PAYMENT,1,2024-10-15,4.85,2024-10-15,2026-08-10,4.85,4.85,166,0,2024-10-15:4.85,Disqualified,disqualified,,Test Deals,Disqualified,Finland,0,0.0
2026-09-16,112995046613,148952887524,H200,gpu,,1024,3.03,RESERVE,PREPAID,0,2025-03-10,2.1,2025-03-10,2026-08-10,2.1,2.1,147,0,2025-03-10:2.1,Closed lost,lost_capacity,,NO_CAPACITY,Lost Deal,Nemax,0,0.0
2026-09-16,11374983927,14406015213,H100,gpu,,128,1.25,PAYG,PREPAID,1,2024-10-15,3.9,2024-10-15,2026-08-10,3.9,3.9,166,0,2024-10-15:3.9,Closed won,won,2024-10-15,,Approved,Finland,0,0.0
2026-09-16,123456019652,16659176912,H100,gpu,,10,0.1,PROMO,NO_PAYMENT,0,2025-03-31,2.95,2025-03-31,2026-08-10,2.95,2.95,143,0,2025-03-31:2.95,Closed won,won,2025-03-31,,Approved,Nemax,0,0.0
2026-09-16,123657457859,166509507796,H100,gpu,,24,2.99,RESERVE,PREPAID,0,2025-03-31,2.95,2025-06-26,2026-08-10,2.95,2.95,143,0,2025-03-31:2.95,Disqualified,disqualified,,Security and Compliance Gaps,Disqualified,Nemax,87,0.0
2026-09-16,137242339520,180580955357,H200,gpu,,192,1.84,PAYG,POSTPAID,0,2025-04-24,3.2,2025-05-26,2026-08-10,3.5,3.5,136,1,2025-04-24:3.2>2025-05-26:3.5,Closed won,won,2025-05-26,,Approved,Nemax,32,9.4
2026-09-16,140197799150,188467626224,H100,gpu,,128,3.03,PAYG,POSTPAID,0,2025-04-28,1.8,2025-05-15,2026-08-10,1.8,1.8,135,0,2025-04-28:1.8,Closed won,won,2025-05-15,,Approved,Nemax,17,0.0
2026-09-16,144843262157,194259688685,H100,gpu,,80,11.97,RESERVE,PREPAID,0,2025-05-01,2.0,2025-05-08,2026-08-10,2.0,2.0,134,0,2025-05-01:2,Closed won,won,2025-05-08,,Waiting For Approval,Nemax,7,0.0
2026-09-16,145054892275,184858164451,B200,gpu,,192,11.97,RESERVE,POSTPAID,0,2025-05-01,3.25,2025-05-22,2026-08-10,3.25,3.25,134,0,2025-05-01:3.25,Closed lost,lost_price_or_competitor,,Pricing and Billing Issues,Lost Deal,us-central1 – Kansas,21,0.0
2026-09-16,148282874066,199316306138,H200,gpu,,40,11.97,RESERVE,POSTPAID,0,2025-05-08,2.2,2025-06-16,2026-08-10,1.95,1.95,132,1,2025-05-08:2.2>2025-06-02:1.95,Closed won,won,2025-06-16,,Waiting For Approval,eu-west1 – Paris,39,-11.4
2026-09-16,15349341668,16803993075,H100,gpu,,144,0.82,PAYG,POSTPAID,1,2024-10-15,2.6,2024-10-15,2026-08-10,2.6,2.6,166,0,2024-10-15:2.6,Closed won,won,2024-10-15,,Approved,Finland,0,0.0
2026-09-16,163581006053,218827595993,H200,gpu,,32,24.01,RESERVE,POSTPAID,0,2025-05-26,2.95,2025-10-30,2026-08-10,1.9,1.9,127,4,2025-05-26:2.95>2025-07-17:2>2025-07-31:1.9>2025-08-07:1.8>2025-08-21:1.9,Closed lost,lost_price_or_competitor,,Pricing and Billing Issues;Competitor Chosen;Customer Disengagement or Cancellation,Lost Deal,eu-west1 – Paris,157,-35.6
2026-09-16,166460689622,194464581842,H200,gpu,,8,0.2,TESTING,NO_PAYMENT,0,2025-06-02,3.5,2025-07-21,2026-08-10,3.5,3.5,125,0,2025-06-02:3.5,Closed won,won,2025-07-21,,Approved,Nemax,49,0.0
2026-09-16,169810841848,228240123099,H100,gpu,,8,2.99,RESERVE,POSTPAID,0,2025-06-05,2.0,2025-06-26,2026-08-10,2.0,2.0,124,0,2025-06-05:2,Closed lost,lost_other,,Customer Disengagement or Cancellation,Lost Deal,Nemax,21,0.0
2026-09-16,177330510043,237460349164,H100,gpu,,8,3.03,TESTING,NO_PAYMENT,0,2025-06-16,2.3,2025-08-07,2026-08-10,2.3,2.3,121,0,2025-06-16:2.3,Closed lost,lost_capacity,,NO_CAPACITY,Lost Deal,Nemax,52,0.0
2026-09-16,178582033606,239529805000,H200,gpu,,32,0.23,TESTING,POSTPAID,0,2025-06-16,3.5,2025-06-16,2025-06-23,3.5,3.5,3,0,2025-06-16:3.5,Technical Validation,open_at_freeze,,,Waiting For Approval,us-central1 – Kansas,0,0.0
2026-09-16,183004509381,194464581842,H200,gpu,,32,23.98,PAYG,POSTPAID,0,2025-06-26,3.5,2025-07-21,2026-08-10,3.5,3.5,118,0,2025-06-26:3.5,Closed won,won,2025-07-21,,Approved,Nemax,25,0.0
2026-09-16,184243529941,234250270957,H200,gpu,,16,3.98,RESERVE,PREPAID,0,2025-06-26,3.5,2025-09-04,2026-08-10,3.5,3.5,118,0,2025-06-26:3.5,Closed lost,lost_other,,Customer Disengagement or Cancellation,Lost Deal,us-central1 – Kansas,70,0.0
2026-09-16,188691789046,253660405953,H200,gpu,,8,3.03,RESERVE,PREPAID,0,2025-07-03,2.2,2025-07-28,2026-08-10,2.7,2.7,116,1,2025-07-03:2.2>2025-07-24:2.7,Closed won,won,2025-07-28,,Approved,us-central1 – Kansas,25,22.7
2026-09-16,205199102173,270276554953,H200,gpu,,32,0.76,PAYG,POSTPAID,0,2025-07-24,2.7,2025-08-04,2026-08-10,2.7,2.7,110,0,2025-07-24:2.7,Closed won,won,2025-08-04,,Approved,Nemax,11,0.0
2026-09-16,209351562438,168399216858,B200,gpu,,8,0.23,TESTING,NO_PAYMENT,0,2025-07-31,5.5,2025-09-04,2026-08-10,5.5,5.5,108,0,2025-07-31:5.5,Prospect,open_at_freeze,,,Approved,us-central1 – Kansas,35,0.0
2026-09-16,24291995874,23052554693,H100,gpu,,160,2.3,RESERVE,PREPAID,0,2024-10-29,1.9,2024-10-29,2026-08-10,1.9,1.9,164,0,2024-10-29:1.9,Closed won,won,2024-10-29,,Approved,Nemax,0,0.0
2026-09-16,269257981157,334958500044,H200,gpu,,64,5.92,RESERVE,POSTPAID,0,2025-10-16,2.1,2025-10-23,2025-11-13,2.15,2.15,9,1,2025-10-16:2.1>2025-10-23:2.15,Technical Validation,open_at_freeze,,,Approved,Nemax,7,2.4
2026-09-16,313020509410,307977678045,H100,gpu,,64,1.74,RESERVE,PREPAID,0,2025-11-20,1.6,2025-11-20,2025-12-03,1.6,1.6,5,0,2025-11-20:1.6,Commercial Proposal,open_at_freeze,,,Waiting For Approval,Nemax,0,0.0
2026-09-16,348670163177,410630152404,H100,gpu,,16,0.23,TESTING,NO_PAYMENT,0,2025-12-22,2.95,2025-12-22,2025-12-22,2.95,2.95,1,0,2025-12-22:2.95,Prospect,open_at_freeze,,,Approved,Nemax,0,0.0
2026-09-16,349840993499,413130712310,H200,gpu,,1024,11.97,RESERVE,POSTPAID,0,2025-12-22,1.8,2026-01-14,2026-02-25,1.8,1.8,20,0,2025-12-22:1.8,Technical Validation,open_at_freeze,,,Waiting For Approval,Nemax,23,0.0
2026-09-16,352457030889,410630152404,B200,gpu,,24,0.56,TESTING,NO_PAYMENT,0,2025-12-24,5.5,2026-01-28,2026-08-10,5.5,5.5,66,0,2025-12-24:5.5,Closed won,won,2026-01-28,,Approved,us-central1 – Kansas,35,0.0
2026-09-16,38176660727,42886870230,H200,gpu,,2048,23.98,RESERVE,PREPAID,0,2024-11-14,2.1,2025-01-20,2026-08-10,2.1,2.1,162,0,2024-11-14:2.1,Disqualified,disqualified,,Customer Disengagement or Cancellation,Disqualified,Nemax,67,0.0
2026-09-16,416338179315,472272443580,H200,gpu,,8,0.99,INTERNAL,NO_PAYMENT,0,2026-02-18,3.5,2026-02-18,2026-08-10,3.5,3.5,50,0,2026-02-18:3.5,Technical Validation,open_at_freeze,,,Approved,us-central1 – Kansas,0,0.0
2026-09-16,450813224183,498927942855,B300,gpu,,512,24.01,RESERVE,POSTPAID,0,2026-04-20,5.15,2026-04-20,2026-08-10,5.1,5.1,33,1,2026-04-20:5.15>2026-05-04:5.1,Prospect,open_at_freeze,,,Waiting For Approval,eu-west1 – Paris,0,-1.0
2026-09-16,450815029450,498928176317,B300,gpu,,32,0.43,TESTING,NO_PAYMENT,0,2026-04-20,7.1,2026-04-20,2026-08-10,7.1,7.1,33,0,2026-04-20:7.1,Technical Validation,open_at_freeze,,,Approved,uk-south1 – UK,0,0.0
2026-09-16,450815853779,16659176912,B200,gpu,,30,0.07,PROMO,NO_PAYMENT,0,2026-04-20,5.5,2026-04-20,2026-08-10,5.5,5.5,33,0,2026-04-20:5.5,Closed won,won,2026-04-20,,Waiting For Approval,Nemax,0,0.0
2026-09-16,450815931578,499005130948,GB300,rack,72,7200,12.01,RESERVE,,0,2026-04-20,9.2,2026-04-20,2026-04-20,9.2,9.2,1,0,2026-04-20:9.2,Prospect,open_at_freeze,,,Waiting For Approval,,0,0.0
2026-09-16,453515351270,500922775791,H200,gpu,,80,24.05,RESERVE,POSTPAID,0,2026-04-29,2.76,2026-06-22,2026-08-10,2.53,2.53,30,2,2026-04-29:2.76>2026-05-11:2.95>2026-05-25:2.53,Closed lost,lost_price_or_competitor,,Pricing and Billing Issues,Lost Deal,us-central1 – Kansas,54,-8.3
2026-09-16,457719134425,501728034002,B200,gpu,,32,0.99,RESERVE,POSTPAID,0,2026-05-20,2.45,2026-06-15,2026-08-10,2.45,2.45,24,0,2026-05-20:2.45,Closed won,won,2026-06-15,,Approved,me-west1 - Israel,26,0.0
2026-09-16,460529124594,374333613286,B300,gpu,,24,12.01,RESERVE,POSTPAID,0,2026-06-01,5.56,2026-06-17,2026-08-10,5.56,5.56,21,0,2026-06-01:5.56,Closed won,won,2026-06-17,,Approved,uk-south1 – UK,16,0.0
2026-09-16,460714036413,505034233030,H100,gpu,,2000,11.97,RESERVE,PREPAID,0,2026-06-03,2.3,2026-07-01,2026-08-10,2.3,2.3,20,0,2026-06-03:2.3,Closed lost,lost_capacity,,NO_CAPACITY,Lost Deal,Nemax,28,0.0
2026-09-16,467559056597,508294952176,GB300,rack,72,72,0.13,TESTING,NO_PAYMENT,0,2026-07-06,9.2,2026-07-13,2026-07-13,9.2,9.2,3,0,2026-07-06:9.2,Prospect,open_at_freeze,,Duplicate deal,Lost Deal,eu-west3 – Bethune,7,0.0
2026-09-16,470304996538,510184286441,H100,gpu,,64,6.02,RESERVE,PREPAID,0,2026-07-15,2.5,2026-07-29,2026-08-10,2.77,2.77,8,2,2026-07-15:2.5>2026-07-29:2.72>2026-08-03:2.77,Commercial Proposal,open_at_freeze,,,Waiting For Approval,Nemax,14,10.8
2026-09-16,470369412302,510284668148,B300,gpu,,32,0.46,TESTING,NO_PAYMENT,0,2026-07-20,7.85,2026-07-20,2026-08-10,7.85,7.85,7,0,2026-07-20:7.85,Technical Validation,open_at_freeze,,,Waiting For Approval,uk-south1 – UK,0,0.0
2026-09-16,471321780431,511204000954,H200,gpu,,8,11.81,RESERVE,PREPAID,0,2026-07-20,2.5,2026-08-05,2026-08-10,2.5,2.5,7,0,2026-07-20:2.5,Closed won,won,2026-08-05,,Approved,eu-west1 – Paris,16,0.0
2026-09-16,472060084443,509472973046,B200,gpu,,8,0.07,TESTING,NO_PAYMENT,0,2026-07-22,7.15,2026-08-03,2026-08-10,7.15,7.15,6,0,2026-07-22:7.15,Closed won,won,2026-08-03,,Approved,tf-ca1,12,0.0
2026-09-16,474433174729,511947422954,H100,gpu,,80,11.97,RESERVE,PREPAID,0,2026-07-29,2.85,2026-07-29,2026-08-10,2.85,2.85,4,0,2026-07-29:2.85,Technical Validation,open_at_freeze,,,Waiting For Approval,Nemax,0,0.0
2026-09-16,476020150460,508949264627,B300,gpu,,24,0.92,TESTING,NO_PAYMENT,0,2026-08-05,7.85,2026-08-05,2026-08-10,7.85,7.85,2,0,2026-08-05:7.85,Prospect,open_at_freeze,,,Waiting For Approval,uk-south2 – London East,0,0.0
2026-09-16,6998379994,8539110101,H100,gpu,,24,6.05,RESERVE,PREPAID_3M,1,2024-10-15,3.4,2024-10-15,2026-08-10,3.4,3.4,166,0,2024-10-15:3.4,Closed won,won,2024-10-15,,,Finland,0,0.0
2026-09-16,8287812827,9697038558,H100,gpu,,8,0.43,TESTING,NO_PAYMENT,1,2024-10-15,4.85,2024-10-15,2026-08-10,4.85,4.85,166,0,2024-10-15:4.85,Disqualified,disqualified,,Customer Disengagement or Cancellation,Disqualified,Finland,0,0.0
2026-09-16,8297177048,10783220678,H100,gpu,,40,11.97,RESERVE,POSTPAID,1,2024-10-15,3.27,2024-10-15,2026-08-10,3.27,3.27,166,0,2024-10-15:3.27,Closed won,won,2024-10-15,,Disqualified,Finland,0,0.0
2026-09-16,83480076483,103713583306,H100,gpu,,128,4.24,RESERVE,POSTPAID,0,2025-01-27,1.35,2025-01-27,2026-08-10,1.35,1.35,153,0,2025-01-27:1.35,Closed won,won,2025-01-27,,Waiting For Approval,Nemax,0,0.0
2026-09-16,83490085099,99142437060,H100,gpu,,16,2.96,PROMO,POSTPAID,0,2025-01-27,2.95,2025-01-27,2026-08-10,2.95,2.95,153,0,2025-01-27:2.95,Prospect,open_at_freeze,,,Approved,Nemax,0,0.0
2026-09-16,8364477377,9883526853,H100,gpu,,16,6.05,RESERVE,POSTPAID,1,2024-10-15,4.85,2024-10-15,2026-08-10,4.85,2.25,166,0,2024-10-15:4.85,Closed won,won,2024-10-15,,Approved,Finland,0,-53.6
2026-09-16,8437945577,9322988255,H100,gpu,,1,0.46,TESTING,NO_PAYMENT,1,2024-10-15,4.85,2024-10-15,2026-08-10,4.85,4.85,166,0,2024-10-15:4.85,Closed won,won,2024-10-15,,Approved,Finland,0,0.0
2026-09-16,8456560374,11031010028,H100,gpu,,1,0.26,PAYG,POSTPAID,1,2024-10-15,4.85,2024-10-15,2026-08-10,4.85,4.85,166,0,2024-10-15:4.85,Closed won,won,2024-10-15,,Disqualified,Finland,0,0.0
2026-09-16,9434195915,12669560817,H100,gpu,,56,2.99,RESERVE,POSTPAID,1,2024-10-15,3.7,2024-10-15,2026-08-10,3.7,3.7,166,0,2024-10-15:3.7,Closed lost,lost_other,,Security and Compliance Gaps,Lost Deal,Finland,0,0.0
2026-09-16,95749713135,16205414610,H100,gpu,,128,4.54,RESERVE,PREPAID,0,2025-02-10,2.0,2025-05-19,2026-08-10,2.0,2.0,151,0,2025-02-10:2,Closed lost,lost_other,,Customer Disengagement or Cancellation,Lost Deal,Nemax,98,0.0
2026-09-16,9604935907,9746792387,H100,gpu,,1024,2.99,RESERVE,PREPAID,1,2024-10-15,2.15,2024-10-15,2026-08-10,2.15,2.15,166,0,2024-10-15:2.15,Disqualified,disqualified,,Customer Disengagement or Cancellation;Competitor Chosen,Disqualified,Finland,0,0.0
2026-09-16,10420537829,13586459088,H100,gpu,,128,0.46,PAYG,POSTPAID,1,2024-10-15,4.0,2024-10-15,2026-08-10,4.0,4.0,166,0,2024-10-15:4,Closed won,won,2024-10-15,,Approved,Finland,0,0.0
2026-09-16,105946894573,135651890418,H100,gpu,,16,2.99,PROMO,POSTPAID,0,2025-02-24,2.95,2026-05-11,2026-08-10,2.95,2.95,149,0,2025-02-24:2.95,Closed lost,lost_other,,Customer Disengagement or Cancellation,Lost Deal,Nemax,441,0.0
2026-09-16,115255064797,126689316034,H200,gpu,,992,11.97,RESERVE,PREPAID,0,2025-03-17,2.0,2025-04-03,2026-08-10,2.0,2.0,146,0,2025-03-17:2,Closed won,won,2025-04-03,,Approved,eu-north2 – Iceland,17,0.0
2026-09-16,12349491446,14406015213,H100,gpu,,128,2.01,PAYG,PREPAID,1,2024-10-15,3.5,2024-10-15,2026-08-10,3.5,3.5,166,0,2024-10-15:3.5,Closed won,won,2024-10-15,,Approved,Nemax,0,0.0
2026-09-16,123657069796,16659176912,H100,gpu,,10,0.1,PROMO,NO_PAYMENT,0,2025-05-08,2.95,2025-05-08,2026-08-10,2.95,2.95,132,0,2025-05-08:2.95,Closed won,won,2025-05-08,,Approved,Nemax,0,0.0
2026-09-16,127192348877,169337208048,H100,gpu,,64,0.26,PAYG,POSTPAID,0,2025-04-07,2.0,2025-05-01,2026-08-10,2.0,2.0,141,0,2025-04-07:2,Disqualified,disqualified,,Test Deals,Disqualified,Nemax,24,0.0
2026-09-16,132340870339,177753971925,H100,gpu,,256,2.99,RESERVE,PREPAID,0,2025-04-14,1.8,2025-04-14,2025-05-22,1.8,1.8,12,0,2025-04-14:1.8,Technical Validation,open_at_freeze,2025-11-13,,Waiting For Approval,Nemax,0,0.0
2026-09-16,165048817880,219200330963,B200,gpu,,24,24.05,RESERVE,PREPAID,0,2025-05-26,3.2,2025-08-07,2026-08-10,3.2,3.2,127,0,2025-05-26:3.2,Closed won,won,2025-08-07,,Approved,us-central1 – Kansas,73,0.0
2026-09-16,166327859390,222341726412,B200,gpu,,48,1.15,TESTING,PREPAID,0,2025-05-29,2.5,2025-06-05,2026-08-10,2.49,2.49,126,1,2025-05-29:2.5>2025-06-02:2.49,Closed lost,lost_price_or_competitor,,Pricing and Billing Issues;Competitor Chosen;Qualification Oversights,Lost Deal,us-central1 – Kansas,7,-0.4
2026-09-16,167168116976,214236167389,H100,gpu,,8,7.01,PAYG,PREPAID,0,2025-06-02,2.95,2025-06-16,2026-08-10,2.95,2.95,125,0,2025-06-02:2.95,Disqualified,disqualified,,Pricing and Billing Issues,Disqualified,Nemax,14,0.0
2026-09-16,169253840111,224286123234,H200,gpu,,128,3.03,RESERVE,POSTPAID,0,2025-06-02,3.5,2025-06-09,2026-08-10,3.5,2.15,125,0,2025-06-02:3.5,Closed won,won,2025-06-09,,Waiting For Approval,eu-west1 – Paris,7,-38.6
2026-09-16,171144474854,230086710490,H200,gpu,,120,2.99,PAYG,POSTPAID,0,2025-06-05,2.2,2025-09-25,2026-08-10,2.2,2.2,124,0,2025-06-05:2.2,Closed lost,lost_capacity,,NO_CAPACITY,Lost Deal,us-central1 – Kansas,112,0.0
2026-09-16,186461633740,250563220722,H200,gpu,,8,0.43,TESTING,NO_PAYMENT,0,2025-07-03,3.5,2025-09-01,2026-08-10,3.5,3.5,116,0,2025-07-03:3.5,Closed lost,lost_other,,Customer Disengagement or Cancellation,Lost Deal,us-central1 – Kansas,60,0.0
2026-09-16,188853563607,254396858589,H100,gpu,,8,0.23,PAYG,POSTPAID,0,2025-07-07,2.95,2025-07-07,2026-08-10,2.95,2.95,115,0,2025-07-07:2.95,Prospect,open_at_freeze,,,Waiting For Approval,Nemax,0,0.0
2026-09-16,203864444131,268901927150,H100,gpu,,320,3.22,RESERVE,PREPAID,0,2025-07-24,1.8,2025-08-04,2026-08-10,1.8,1.8,110,0,2025-07-24:1.8,Closed lost,lost_capacity,,NO_CAPACITY,Lost Deal,Nemax,11,0.0
2026-09-16,220964463809,286017140961,B200,gpu,,8,5.95,RESERVE,PREPAID,0,2025-08-14,3.3,2025-09-11,2025-09-15,3.3,3.3,10,0,2025-08-14:3.3,Prospect,open_at_freeze,,,Waiting For Approval,us-central1 – Kansas,28,0.0
2026-09-16,222058305775,287024445669,H200,gpu,,160,5.95,RESERVE,PREPAID,0,2025-08-14,2.1,2025-09-04,2026-08-10,2.1,2.1,104,0,2025-08-14:2.1,Closed won,won,2025-09-04,,Approved,eu-west1 – Paris,21,0.0
2026-09-16,230108646612,295401763025,B200,gpu,,215,0.07,RESERVE,,0,2025-08-28,5.5,2025-09-08,2025-12-17,5.5,5.5,33,0,2025-08-28:5.5,Technical Validation,open_at_freeze,,,Approved,us-central1 – Kansas,11,0.0
2026-09-16,245221675202,309216994553,B200,gpu,,32,0.46,RESERVE,NO_PAYMENT,0,2025-09-18,5.5,2026-02-25,2026-08-10,5.5,5.5,94,0,2025-09-18:5.5,Closed won,won,2026-02-25,,Approved,us-central1 – Kansas,160,0.0
2026-09-16,255443644637,322791728327,H200,gpu,,32,1.97,PAYG,POSTPAID,0,2025-10-02,3.5,2025-10-06,2026-08-10,3.5,3.5,90,0,2025-10-02:3.5,Closed won,won,2025-10-06,,Approved,Nemax,4,0.0
2026-09-16,274716518594,338902982847,B200,gpu,,128,0.23,TESTING,NO_PAYMENT,0,2025-10-23,5.5,2025-11-06,2025-11-13,5.5,5.5,7,0,2025-10-23:5.5,Technical Validation,open_at_freeze,,,Approved,me-west1 - Israel,14,0.0
2026-09-16,298782686445,321446101213,B300,gpu,,64,0.43,TESTING,,0,2025-11-06,7.1,2025-11-06,2025-12-03,7.1,7.1,9,0,2025-11-06:7.1,Prospect,open_at_freeze,,,Approved,uk-south1 – UK,0,0.0
2026-09-16,334362945779,397390299326,H100,gpu,,8,0.82,TESTING,NO_PAYMENT,0,2025-12-08,2.95,2026-05-18,2026-08-10,2.95,2.95,71,0,2025-12-08:2.95,Closed lost,lost_price_or_competitor,,Pricing and Billing Issues,Lost Deal,Nemax,161,0.0
2026-09-16,334486782163,394790101234,GB300,rack,72,9200,60.07,RESERVE,POSTPAID,0,2025-12-08,3.5,2026-01-12,2026-08-10,3.5,3.5,71,0,2025-12-08:3.5,Closed won,won,2026-01-12,,Approved,Nemax,35,0.0
2026-09-16,338043720936,402090819799,H200,gpu,,232,3.06,RESERVE,PREPAID,0,2025-12-08,1.9,2025-12-08,2025-12-17,1.85,1.85,4,1,2025-12-08:1.9>2025-12-15:1.85,Commercial Proposal,open_at_freeze,,,Pre-Approved,Nemax,0,-2.6
2026-09-16,34103603436,37714424017,H200,gpu,,8,11.97,RESERVE,PREPAID,0,2024-11-14,2.2,2024-11-18,2026-08-10,2.2,2.2,162,0,2024-11-14:2.2,Closed lost,lost_other,,Security and Compliance Gaps,Lost Deal,Nemax,4,0.0
2026-09-16,416129543395,472271702249,B200,gpu,,8,12.01,RESERVE,PREPAID,0,2026-02-18,3.2,2026-02-18,2026-02-18,3.2,3.2,1,0,2026-02-18:3.2,Commercial Proposal,open_at_freeze,,,Waiting For Approval,me-west1 - Israel,0,0.0
2026-09-16,425983577302,480473572598,B200,gpu,,50,2.73,PAYG,POSTPAID,0,2026-03-02,5.5,2026-06-03,2026-08-10,5.5,5.5,23,0,2026-03-02:5.5,Disqualified,disqualified,2026-03-02,Test Deals,Disqualified,eu-west1 – Paris,93,0.0
2026-09-16,447636716734,405224958139,GB300,rack,72,144,12.01,RESERVE,PREPAID,0,2026-04-06,4.5,2026-06-24,2026-08-10,5.0972,5.0972,37,1,2026-04-06:4.5>2026-04-08:5.0972,Disqualified,disqualified,,Contract Restructuring,Lost Deal,Nemax,79,13.3
2026-09-16,449945765060,498501128393,H200,gpu,,56,12.01,RESERVE,PREPAID,0,2026-04-13,3.0,2026-06-08,2026-08-10,3.0,3.0,35,0,2026-04-13:3,Closed lost,lost_other,,Insufficient Capabilities,Lost Deal,eu-west1 – Paris,56,0.0
2026-09-16,455936336087,502091165943,H100,gpu,,128,12.04,RESERVE,PREPAID,0,2026-05-11,2.65,2026-06-03,2026-08-10,2.65,2.65,27,0,2026-05-11:2.65,Closed lost,lost_price_or_competitor,,Pricing and Billing Issues,Lost Deal,Nemax,23,0.0
2026-09-16,459709312224,504433961176,B300,gpu,,128,24.01,RESERVE,PREPAID,0,2026-05-27,5.2,2026-05-27,2026-08-10,5.2,5.2,22,0,2026-05-27:5.2,Prospect,open_at_freeze,,,Waiting For Approval,eu-south1 – Madrid,0,0.0
2026-09-16,461962760419,505643496677,B300,gpu,,467,11.97,RESERVE,PREPAID,0,2026-06-08,5.5,2026-06-15,2026-08-10,5.5,5.5,19,0,2026-06-08:5.5,Commercial Proposal,open_at_freeze,,,Waiting For Approval,eu-west2 – Paris,7,0.0
2026-09-16,464130659532,506907434207,H100,gpu,,96,12.01,RESERVE,PREPAID,0,2026-06-22,2.4,2026-07-06,2026-08-10,2.4,2.4,15,0,2026-06-22:2.4,Closed lost,lost_capacity,,NO_CAPACITY,Lost Deal,Nemax,14,0.0
2026-09-16,48038379759,58368903408,H100,gpu,,32,11.97,PAYG,POSTPAID,0,2024-12-03,2.95,2025-04-17,2026-08-10,2.95,2.95,159,0,2024-12-03:2.95,Closed lost,lost_other,,Customer Disengagement or Cancellation,Lost Deal,Nemax,135,0.0
2026-09-16,58023515363,19725098950,H200,gpu,,8,0.99,PROMO,NO_PAYMENT,0,2024-12-17,4.85,2024-12-17,2026-08-10,4.85,4.85,157,0,2024-12-17:4.85,Closed won,won,2024-12-17,,Approved,eu-west1 – Paris,0,0.0
2026-09-16,77918636219,99080753370,H100,gpu,,16,0.23,TESTING,NO_PAYMENT,0,2025-01-13,2.95,2025-01-13,2025-01-20,2.95,2.95,2,0,2025-01-13:2.95,Technical Validation,open_at_freeze,,,Approved,Nemax,0,0.0
2026-09-16,8287675374,9697038558,H100,gpu,,8,0.43,TESTING,NO_PAYMENT,1,2024-10-15,4.85,2024-10-15,2026-08-10,4.85,4.85,166,0,2024-10-15:4.85,Disqualified,disqualified,,Customer Disengagement or Cancellation,Disqualified,Finland,0,0.0
2026-09-16,8363914478,10956030411,H100,gpu,,256,0.59,RESERVE,PREPAID,1,2024-10-15,4.85,2024-10-15,2026-08-10,4.85,4.85,166,0,2024-10-15:4.85,Closed lost,lost_other,,Insufficient Capabilities,Disqualified,Finland,0,0.0
2026-09-16,8790706387,11253189596,H100,gpu,,64,5.62,RESERVE,PREPAID,1,2024-10-15,2.6,2024-10-15,2026-08-10,2.6,2.6,166,0,2024-10-15:2.6,Closed won,won,2024-10-15,,Approved,Finland,0,0.0
2026-09-16,94488053973,98407885026,H100,gpu,,8,2.93,PROMO,POSTPAID,0,2025-02-10,2.95,2025-04-07,2026-08-10,2.95,2.95,151,0,2025-02-10:2.95,Closed won,won,2025-04-07,,Approved,Nemax,56,0.0
2026-09-16,9540465341,12869817027,H100,gpu,,1024,7.04,RESERVE,POSTPAID,1,2024-10-15,2.6,2024-10-15,2026-08-10,2.6,2.6,166,0,2024-10-15:2.6,Closed lost,lost_other,,Insufficient Capabilities,Lost Deal,Finland,0,0.0
2026-09-16,9937619907,13774629851,H100,gpu,,256,0.13,TESTING,POSTPAID,1,2024-10-15,2.5,2024-10-15,2026-08-10,2.5,2.5,166,0,2024-10-15:2.5,Disqualified,disqualified,,Insufficient Capabilities,Disqualified,Finland,0,0.0
2026-09-16,10953590487,10624796900,H100,gpu,,32,3.59,PAYG,POSTPAID,1,2024-10-15,4.85,2024-10-15,2026-08-10,4.85,4.85,166,0,2024-10-15:4.85,Closed won,won,2024-10-15,,Approved,Finland,0,0.0
2026-09-16,10955771881,13586459088,H100,gpu,,64,2.5,PAYG,POSTPAID,1,2024-10-15,4.85,2024-10-15,2026-08-10,4.85,4.85,166,0,2024-10-15:4.85,Closed won,won,2024-10-15,,Approved,Finland,0,0.0
2026-09-16,110450568433,97454351605,H100,gpu,,1,6.02,RESERVE,POSTPAID,0,2025-03-03,2.65,2025-03-10,2026-08-10,2.65,2.65,148,0,2025-03-03:2.65,Closed won,won,2025-03-10,,Approved,Nemax,7,0.0
2026-09-16,116216753374,154040657126,H200,gpu,,32,3.03,PAYG,POSTPAID,0,2025-03-17,3.5,2025-06-12,2026-08-10,3.5,3.5,146,0,2025-03-17:3.5,Disqualified,disqualified,,Customer Disengagement or Cancellation,Disqualified,Nemax,87,0.0
2026-09-16,121904576756,163523928275,B200,gpu,,64,24.01,RESERVE,POSTPAID,0,2025-03-27,3.0,2025-06-02,2026-08-10,3.8,3.8,144,1,2025-03-27:3>2025-04-03:3.8,Closed lost,lost_other,,Customer Disengagement or Cancellation,Lost Deal,us-central1 – Kansas,67,26.7
2026-09-16,12349483237,15924275908,H100,gpu,,16,0.99,RESERVE,POSTPAID,1,2024-10-15,1.13,2024-10-15,2026-08-10,1.13,1.13,166,0,2024-10-15:1.13,Closed won,won,2024-10-15,,Approved,Nemax,0,0.0
2026-09-16,129178203374,169336955110,H200,gpu,,64,5.1,PAYG,PREPAID,0,2025-04-10,3.5,2025-05-12,2026-08-10,3.5,3.5,140,0,2025-04-10:3.5,Closed won,won,2025-05-12,,Approved,Nemax,32,0.0
2026-09-16,132365869284,165815792871,H200,gpu,,3160,10.82,RESERVE,PREPAID,0,2025-04-14,2.15,2025-05-12,2026-08-10,2.15,2.15,139,0,2025-04-14:2.15,Closed won,won,2025-05-12,,Approved,eu-north2 – Iceland,28,0.0
2026-09-16,149173111005,169332392169,H200,gpu,,128,12.01,PAYG,POSTPAID,0,2025-05-08,2.2,2025-09-08,2026-08-10,2.2,2.2,132,0,2025-05-08:2.2,Closed lost,lost_price_or_competitor,,Pricing and Billing Issues,Lost Deal,us-central1 – Kansas,123,0.0
2026-09-16,161577980119,16659176912,H100,gpu,,40,0.16,PROMO,NO_PAYMENT,0,2025-05-22,2.95,2025-05-22,2026-08-10,2.95,2.95,128,0,2025-05-22:2.95,Closed won,won,2025-05-22,,Approved,Nemax,0,0.0
2026-09-16,166460700888,222341726412,B200,gpu,,4096,60.07,RESERVE,PREPAID,0,2025-06-02,2.49,2025-06-05,2026-08-10,2.49,2.49,125,0,2025-06-02:2.49,Closed lost,lost_price_or_competitor,,Pricing and Billing Issues;Competitor Chosen;Qualification Oversights,Lost Deal,us-central1 – Kansas,3,0.0
2026-09-16,183914703040,247090335991,H200,gpu,,40,2.04,RESERVE,PREPAID,0,2025-06-26,2.3,2025-09-04,2026-08-10,2.3,2.3,118,0,2025-06-26:2.3,Closed won,won,2025-09-04,,Approved,us-central1 – Kansas,70,0.0
2026-09-16,19080654015,23190146024,H100,gpu,,24,0.46,RESERVE,POSTPAID,0,2024-10-22,2.0,2024-11-05,2026-08-10,2.0,2.0,165,0,2024-10-22:2,Closed won,won,2024-11-05,,Approved,Finland,14,0.0
2026-09-16,199920774361,265017830638,B200,gpu,,8,0.1,TESTING,NO_PAYMENT,0,2025-07-21,5.5,2025-08-04,2026-08-10,5.5,5.5,111,0,2025-07-21:5.5,Closed won,won,2025-08-04,,Approved,us-central1 – Kansas,14,0.0
2026-09-16,226144222450,281867267319,H100,gpu,,128,11.97,RESERVE,PREPAID,0,2025-08-21,2.0,2025-08-21,2025-08-25,2.0,2.0,2,0,2025-08-21:2,Technical Validation,open_at_freeze,,,Waiting For Approval,us-central1 – Kansas,0,0.0
2026-09-16,247719584956,287026033875,H200,gpu,,16,19.05,RESERVE,PREPAID,0,2025-09-22,2.0,2025-10-16,2026-08-10,1.7,1.7,93,1,2025-09-22:2>2025-09-29:1.7,Closed won,won,2025-10-16,,Approved,eu-west1 – Paris,24,-15.0
2026-09-16,259977894108,321055968505,H100,gpu,,8,5.95,RESERVE,POSTPAID,0,2025-10-06,2.1,2025-10-30,2026-08-10,2.1,2.1,89,0,2025-10-06:2.1,Closed won,won,2025-10-30,,Approved,Nemax,24,0.0
2026-09-16,282096356598,349269976259,H200,gpu,,64,11.97,RESERVE,POSTPAID,0,2025-10-30,1.85,2026-03-09,2026-08-10,1.8,1.8,82,1,2025-10-30:1.85>2026-01-19:1.8,Closed won,won,2026-03-09,,Approved,Nemax,130,-2.7
2026-09-16,298081603826,363463147736,B200,gpu,,16,11.97,RESERVE,POSTPAID,0,2025-11-06,3.4,2025-11-17,2026-08-10,3.4,3.4,80,0,2025-11-06:3.4,Closed lost,lost_capacity,,NO_CAPACITY,Lost Deal,us-central1 – Kansas,11,0.0
2026-09-16,304383788236,370017139947,B300,gpu,,128,0.03,TESTING,NO_PAYMENT,0,2025-11-10,4.1,2026-06-03,2026-08-10,4.1,4.1,52,0,2025-11-10:4.1,Disqualified,disqualified,,Test Deals,Disqualified,uk-south1 – UK,205,0.0
2026-09-16,309078205686,374644289744,GB300,gpu,72,72,24.01,RESERVE,PREPAID,0,2025-11-17,7.0,2025-11-20,2026-08-10,7.0,7.0,77,0,2025-11-17:7,Closed lost,lost_capacity,,NO_CAPACITY,Lost Deal,Nemax,3,0.0
2026-09-16,320023708917,368986827982,H200,gpu,,128,5.95,RESERVE,POSTPAID,0,2025-11-24,1.8,2025-11-24,2025-12-10,1.8,1.8,6,0,2025-11-24:1.8,Prospect,open_at_freeze,,,Waiting For Approval,Nemax,0,0.0
2026-09-16,331799193789,354245263605,H200,gpu,,32,12.01,PAYG,POSTPAID,0,2025-12-03,3.5,2025-12-03,2026-02-04,3.5,3.5,19,0,2025-12-03:3.5,Commercial Proposal,open_at_freeze,,,Waiting For Approval,us-central1 – Kansas,0,0.0
2026-09-16,342562160877,409575884000,H100,gpu,,16,5.99,RESERVE,PREPAID,0,2025-12-17,1.7,2026-05-11,2026-08-10,1.75,1.75,68,1,2025-12-17:1.7>2026-01-26:1.75,Closed lost,lost_other,,Customer Disengagement or Cancellation,Lost Deal,Nemax,145,2.9
2026-09-16,355328972024,418554320080,GB300,rack,72,576,11.97,RESERVE,PREPAID,0,2025-12-29,5.0,2026-01-14,2026-01-28,5.0,5.0,10,0,2025-12-29:5,Technical Validation,open_at_freeze,,,Waiting For Approval,eu-west1 – Paris,16,0.0
2026-09-16,373759002867,418554320080,B300,gpu,,24,0.43,TESTING,NO_PAYMENT,0,2026-01-14,7.1,2026-01-14,2026-03-16,7.1,7.1,18,0,2026-01-14:7.1,Technical Validation,open_at_freeze,,,Approved,uk-south1 – UK,0,0.0
2026-09-16,38236622071,16659176912,H100,gpu,,60,0.07,PROMO,NO_PAYMENT,0,2024-11-14,2.95,2024-11-14,2026-08-10,2.95,2.95,162,0,2024-11-14:2.95,Closed won,won,2024-11-14,,Approved,Nemax,0,0.0
2026-09-16,384567832800,444628110578,H200,gpu,,128,5.99,RESERVE,PREPAID,0,2026-01-26,2.0,2026-02-16,2026-08-10,1.95,1.95,55,1,2026-01-26:2>2026-02-02:1.95,Closed lost,lost_capacity,,NO_CAPACITY,Lost Deal,eu-west1 – Paris,21,-2.5
2026-09-16,39947678936,31510589672,H200,gpu,,4000,23.98,RESERVE,PREPAID,0,2024-11-14,2.1,2024-11-18,2026-08-10,2.1,2.1,162,0,2024-11-14:2.1,Closed lost,lost_price_or_competitor,,Competitor Chosen,Lost Deal,Nemax,4,0.0
2026-09-16,402150239452,459888709831,H200,gpu,,512,5.99,RESERVE,PREPAID,0,2026-02-04,1.95,2026-06-03,2026-08-10,1.95,1.95,22,0,2026-02-04:1.95,Disqualified,disqualified,,Duplicate deal,Disqualified,Nemax,119,0.0
2026-09-16,410267836655,420838659261,B300,gpu,,16,0.46,TESTING,NO_PAYMENT,0,2026-02-11,7.1,2026-02-16,2026-08-10,7.1,7.1,52,0,2026-02-11:7.1,Closed lost,lost_capacity,,NO_CAPACITY,Lost Deal,uk-south1 – UK,5,0.0
2026-09-16,414252715219,471560770771,H200,gpu,,848,11.97,RESERVE,PREPAID,0,2026-02-16,2.0,2026-05-11,2026-08-10,2.1,2.1,51,1,2026-02-16:2>2026-03-02:2.1,Closed lost,lost_capacity,,NO_CAPACITY,Lost Deal,us-central1 – Kansas,84,5.0
2026-09-16,423915231431,416716466393,H100,gpu,,16,0.39,TESTING,NO_PAYMENT,0,2026-02-25,2.95,2026-06-03,2026-08-10,2.95,2.95,40,0,2026-02-25:2.95,Disqualified,disqualified,,NO_CAPACITY,Disqualified,Nemax,98,0.0
2026-09-16,434046663896,487727791317,H100,gpu,,16,11.97,PAYG,PREPAID,0,2026-03-09,1.43,2026-04-01,2026-08-10,1.43,1.43,45,0,2026-03-09:1.43,Closed won,won,2026-04-01,,Waiting For Approval,Nemax,23,0.0
2026-09-16,443004377279,494493724889,B200,gpu,,32,0.36,RESERVE,PREPAID,0,2026-03-18,4.0,2026-05-04,2026-08-10,4.0,4.0,42,0,2026-03-18:4,Closed won,won,2026-05-04,,Approved,me-west1 - Israel,47,0.0
2026-09-16,443077373154,494498179262,H100,gpu,,32,1.02,RESERVE,PREPAID,0,2026-03-23,2.95,2026-03-23,2026-08-10,2.95,2.95,41,0,2026-03-23:2.95,Prospect,open_at_freeze,,,Waiting For Approval,Nemax,0,0.0
2026-09-16,443710058697,494818413757,B300,gpu,,360,11.97,RESERVE,PREPAID,0,2026-03-23,4.7,2026-04-01,2026-08-10,4.7,4.7,41,0,2026-03-23:4.7,Closed lost,lost_capacity,,NO_CAPACITY,Lost Deal,eu-west1 – Paris,9,0.0
2026-09-16,448571502790,497521997001,H200,gpu,,128,11.81,RESERVE,PREPAID,0,2026-04-08,2.18,2026-04-13,2026-08-10,2.18,2.18,36,0,2026-04-08:2.18,Closed won,won,2026-04-13,,Approved,Nemax,5,0.0
2026-09-16,450812424430,494058108108,B300,gpu,,1024,11.97,RESERVE,PREPAID,0,2026-04-15,5.25,2026-04-15,2026-05-27,5.46,5.46,13,1,2026-04-15:5.25>2026-05-11:5.46,Commercial Proposal,open_at_freeze,,,Waiting For Approval,eu-west2 – Paris,0,4.0
2026-09-16,452703489258,500199154913,B300,gpu,,920,4.44,RESERVE,POSTPAID,0,2026-04-27,5.1,2026-06-01,2026-08-10,4.7,4.7,31,1,2026-04-27:5.1>2026-06-01:4.7,Closed lost,lost_other,,Contract Restructuring,Lost Deal,eu-west1 – Paris,35,-7.8
2026-09-16,45321670846,53211665644,H200,gpu,,8,1.02,TESTING,NO_PAYMENT,0,2024-11-26,4.85,2025-04-07,2026-08-10,4.85,4.85,160,0,2024-11-26:4.85,Closed lost,lost_other,,Customer Disengagement or Cancellation,Lost Deal,Nemax,132,0.0
2026-09-16,453515427054,500922835157,B200,gpu,,48,12.01,RESERVE,PREPAID,0,2026-04-29,5.0,2026-05-11,2026-08-10,5.0,5.0,30,0,2026-04-29:5,Closed won,won,2026-05-11,,Approved,us-central1 – Kansas,12,0.0
2026-09-16,454308091079,501313202396,B300,gpu,,224,12.01,RESERVE,PREPAID,0,2026-05-04,5.05,2026-07-22,2026-08-10,5.08,5.08,29,3,2026-05-04:5.05>2026-05-06:5.1>2026-05-11:5.2>2026-06-01:5.08,Closed won,won,2026-07-22,,Approved,eu-west2 – Paris,79,0.6
2026-09-16,454627162298,501500893387,H200,gpu,,128,16.02,RESERVE,PREPAID,0,2026-05-06,2.8,2026-05-06,2026-05-13,3.38,3.38,3,1,2026-05-06:2.8>2026-05-13:3.38,Technical Validation,open_at_freeze,,,Waiting For Approval,Nemax,0,20.7
2026-09-16,454653731051,501727936735,GB300,rack,72,5040,24.05,RESERVE,PREPAID,0,2026-05-04,5.9,2026-05-18,2026-08-10,5.9,5.9,29,0,2026-05-04:5.9,Commercial Proposal,open_at_freeze,,,Waiting For Approval,us-south1 – Oklahoma,14,0.0
2026-09-16,454654303465,501540825284,H100,gpu,,16,1.38,TESTING,NO_PAYMENT,0,2026-05-04,2.95,2026-05-04,2026-08-10,2.95,2.95,29,0,2026-05-04:2.95,Prospect,open_at_freeze,,,Waiting For Approval,Nemax,0,0.0
2026-09-16,456649973978,502452049133,B300,gpu,,500,11.97,RESERVE,PREPAID,0,2026-05-13,5.2,2026-07-06,2026-08-10,5.2,5.2,26,0,2026-05-13:5.2,Disqualified,disqualified,,Pricing and Billing Issues,Lost Deal,eu-west1 – Paris,54,0.0
2026-09-16,456651540711,508100510955,H200,gpu,,32,9.05,RESERVE,PREPAID,0,2026-06-29,3.2,2026-06-29,2026-08-10,3.2,3.2,13,0,2026-06-29:3.2,Technical Validation,open_at_freeze,,,Waiting for Business Approval,Nemax,0,0.0
2026-09-16,459917297870,504551092465,B300,gpu,,1500,12.04,RESERVE,PREPAID,0,2026-06-01,5.6,2026-07-13,2026-08-10,5.6,5.6,21,0,2026-06-01:5.6,Closed lost,lost_other,,Qualification Oversights,Lost Deal,eu-south1 – Madrid,42,0.0
2026-09-16,460711693541,505109618917,B300,gpu,,16,12.04,RESERVE,PREPAID,0,2026-06-03,5.4,2026-06-03,2026-08-10,5.4,5.4,20,0,2026-06-03:5.4,Prospect,open_at_freeze,,,Waiting For Approval,eu-south1 – Madrid,0,0.0
2026-09-16,462516634856,505743734989,B200,gpu,,672,0.95,RESERVE,POSTPAID,0,2026-06-15,2.45,2026-06-29,2026-08-10,2.45,2.45,17,0,2026-06-15:2.45,Closed won,won,2026-06-29,,Approved,me-west1 - Israel,14,0.0
2026-09-16,464973124839,505035003128,H200,gpu,,256,12.01,RESERVE,PREPAID,0,2026-06-22,3.05,2026-07-15,2026-08-10,3.05,3.05,15,0,2026-06-22:3.05,Closed won,won,2026-07-15,,Approved,us-central1 – Kansas,23,0.0
2026-09-16,464973151427,461225965782,B300,gpu,,64,12.01,RESERVE,PREPAID,0,2026-06-24,5.4,2026-07-20,2026-08-10,5.4,5.4,14,0,2026-06-24:5.4,Closed lost,lost_other,,Customer Disengagement or Cancellation,Lost Deal,eu-south1 – Madrid,26,0.0
2026-09-16,472531337409,512059699388,B300,gpu,,100,11.97,RESERVE,PREPAID,0,2026-07-22,5.7,2026-07-22,2026-07-22,5.7,5.7,1,0,2026-07-22:5.7,Prospect,open_at_freeze,,,Waiting For Approval,eu-south1 – Madrid,0,0.0
2026-09-16,473931433162,500641528014,H200,gpu,,40,0.46,TESTING,NO_PAYMENT,0,2026-07-27,4.5,2026-07-27,2026-08-10,4.5,4.5,5,0,2026-07-27:4.5,Commercial Proposal,open_at_freeze,,,Approved,eu-north2 – Iceland,0,0.0
2026-09-16,476018522315,513408487640,B300,gpu,,96,11.97,RESERVE,POSTPAID,0,2026-08-05,7.85,2026-08-05,2026-08-10,7.85,7.85,2,0,2026-08-05:7.85,Technical Validation,open_at_freeze,,,Waiting For Approval,eu-south1 – Madrid,0,0.0
2026-09-16,80330383597,92960783609,H200,gpu,,1300,0.26,TESTING,NO_PAYMENT,0,2025-01-20,3.5,2025-02-03,2026-08-10,3.5,3.5,154,0,2025-01-20:3.5,Disqualified,disqualified,,Pricing and Billing Issues,Disqualified,Nemax,14,0.0
2026-09-16,82218920155,105780581572,H100,gpu,,8,2.99,PROMO,POSTPAID,0,2025-01-20,2.95,2025-05-29,2026-08-10,2.95,2.95,154,0,2025-01-20:2.95,Disqualified,disqualified,,Customer Disengagement or Cancellation,Disqualified,Nemax,129,0.0
2026-09-16,83609176279,79226112194,H200,gpu,,16,2.93,RESERVE,POSTPAID,0,2025-01-27,2.4,2025-04-07,2026-08-10,2.4,2.4,153,0,2025-01-27:2.4,Disqualified,disqualified,,Customer Disengagement or Cancellation,Disqualified,eu-west1 – Paris,70,0.0
2026-09-16,9879615201,13587176950,H100,gpu,,224,0.43,RESERVE,PREPAID,1,2024-10-15,4.85,2024-10-15,2026-08-10,4.85,4.85,166,0,2024-10-15:4.85,Closed lost,lost_price_or_competitor,,Competitor Chosen;Insufficient Capabilities;Qualification Oversights,Disqualified,Finland,0,0.0
2026-09-16,115697127643,153274112247,H200,gpu,,24,4.61,PAYG,POSTPAID,0,2025-03-17,2.2,2025-04-07,2026-08-10,2.2,2.2,146,0,2025-03-17:2.2,Disqualified,disqualified,,Test Deals,Disqualified,Nemax,21,0.0
2026-09-16,116150948087,154439611612,H200,gpu,,80,11.97,RESERVE,PREPAID,0,2025-03-17,18.0,2025-04-03,2026-08-10,1.75,1.75,145,1,2025-03-17:18>2025-04-03:1.75,Closed lost,lost_price_or_competitor,,Cluster Performance;Competitor Chosen,Lost Deal,eu-west1 – Paris,17,-90.3
2026-09-16,121687187644,160739502287,H200,gpu,,256,0.23,TESTING,NO_PAYMENT,0,2025-03-24,3.5,2025-04-28,2026-08-10,3.5,3.5,145,0,2025-03-24:3.5,Closed lost,lost_price_or_competitor,,Competitor Chosen,Lost Deal,eu-north2 – Iceland,35,0.0
2026-09-16,123458115794,166157888720,H200,gpu,,64,6.12,RESERVE,PREPAID,0,2025-03-31,2.5,2025-07-17,2026-08-10,2.5,2.5,143,0,2025-03-31:2.5,Closed lost,lost_other,,Customer Disengagement or Cancellation,Lost Deal,Nemax,108,0.0
2026-09-16,126586491084,69428747485,H200,gpu,,32,5.0,RESERVE,PREPAID,0,2025-04-07,3.5,2025-06-05,2026-08-10,3.5,2.1,141,0,2025-04-07:3.5,Closed lost,lost_other,,Customer Disengagement or Cancellation,Lost Deal,us-central1 – Kansas,59,-40.0
2026-09-16,12916865476,15121435857,H100,gpu,,4,0.66,TESTING,NO_PAYMENT,1,2024-10-15,3.5,2024-10-15,2026-08-10,3.5,3.5,166,0,2024-10-15:3.5,Closed won,won,2024-10-15,,Approved,Finland,0,0.0
2026-09-16,130124028115,174427504842,H100,gpu,,512,6.02,RESERVE,POSTPAID,0,2025-04-10,1.6,2025-04-24,2026-08-10,1.6,1.6,140,0,2025-04-10:1.6,Closed lost,lost_price_or_competitor,,Competitor Chosen,Lost Deal,Nemax,14,0.0
2026-09-16,132744507624,177798616304,H200,gpu,,16,0.46,TESTING,NO_PAYMENT,0,2025-04-17,3.5,2025-04-17,2025-06-30,3.5,3.5,22,0,2025-04-17:3.5,Prospect,open_at_freeze,,,Waiting For Approval,us-central1 – Kansas,0,0.0
2026-09-16,132874393843,164972977379,H200,gpu,,16,0.1,TESTING,NO_PAYMENT,0,2025-04-17,3.5,2025-04-28,2026-08-10,3.5,3.5,138,0,2025-04-17:3.5,Closed won,won,2025-04-28,,Approved,us-central1 – Kansas,11,0.0
2026-09-16,14285171414,18661530088,H100,gpu,,256,5.95,RESERVE,PREPAID,1,2024-10-15,2.1,2024-11-18,2026-08-10,2.1,2.1,166,0,2024-10-15:2.1,Closed lost,lost_price_or_competitor,,Competitor Chosen;Customer Disengagement or Cancellation,Lost Deal,Nemax,34,0.0
2026-09-16,144808725691,148679235780,B200,gpu,,800,9.93,RESERVE,POSTPAID,0,2025-05-01,3.5,2025-07-10,2026-08-10,3.5,3.5,134,0,2025-05-01:3.5,Closed lost,lost_other,,Qualification Oversights,Lost Deal,us-central1 – Kansas,70,0.0
2026-09-16,148351305977,192532660449,H200,gpu,,128,5.95,TESTING,POSTPAID,0,2025-05-08,2.5,2025-06-02,2026-08-10,2.1,2.1,132,1,2025-05-08:2.5>2025-05-12:2.1,Closed lost,lost_other,,Customer Disengagement or Cancellation;Qualification Oversights,Lost Deal,Nemax,25,-16.0
2026-09-16,15190153711,9772985039,H100,gpu,,24,1.25,PAYG,POSTPAID,1,2024-10-15,3.15,2024-10-15,2026-08-10,3.15,3.15,166,0,2024-10-15:3.15,Closed won,won,2024-10-15,,Approved,Finland,0,0.0
2026-09-16,168935809242,23052521708,H200,gpu,,256,11.97,RESERVE,POSTPAID,0,2025-06-02,1.8,2025-08-11,2026-08-10,1.8,1.8,125,0,2025-06-02:1.8,Closed lost,lost_other,,Customer Disengagement or Cancellation,Lost Deal,Nemax,70,0.0
2026-09-16,171144948954,230533608643,H200,gpu,,64,6.97,RESERVE,POSTPAID,0,2025-06-05,2.15,2025-09-01,2026-08-10,2.15,2.15,124,0,2025-06-05:2.15,Closed lost,lost_price_or_competitor,,Competitor Chosen,Lost Deal,Nemax,88,0.0
2026-09-16,184146756827,247594966243,H100,gpu,,32,1.15,RESERVE,PREPAID,0,2025-06-26,2.95,2025-06-26,2025-06-30,2.95,2.07,2,0,2025-06-26:2.95,Prospect,open_at_freeze,,,Waiting For Approval,Nemax,0,-29.8
2026-09-16,186461319394,234824555715,H100,gpu,,8,0.99,PAYG,PREPAID,0,2025-06-30,2.95,2025-07-03,2026-08-10,2.95,2.95,117,0,2025-06-30:2.95,Disqualified,disqualified,,Test Deals,Disqualified,Nemax,3,0.0
2026-09-16,187817871583,178343790828,H100,gpu,,56,11.97,RESERVE,PREPAID,0,2025-07-03,2.0,2026-06-10,2026-08-10,2.0,2.0,116,0,2025-07-03:2,Closed lost,lost_other,,Customer Disengagement or Cancellation,Lost Deal,Nemax,342,0.0
2026-09-16,188677155004,252591574263,B200,gpu,,16,0.46,TESTING,NO_PAYMENT,0,2025-07-03,5.5,2025-08-18,2026-08-10,5.5,5.5,116,0,2025-07-03:5.5,Closed won,won,2025-08-18,,Approved,us-central1 – Kansas,46,0.0
2026-09-16,191537873086,233037923516,H200,gpu,,128,0.23,TESTING,NO_PAYMENT,0,2025-07-07,3.5,2025-08-07,2026-08-10,3.5,3.5,115,0,2025-07-07:3.5,Closed lost,lost_capacity,,NO_CAPACITY,Lost Deal,eu-west1 – Paris,31,0.0
2026-09-16,196312716485,260944214206,B200,gpu,,976,11.97,RESERVE,POSTPAID,0,2025-07-14,3.1,2025-09-29,2025-09-29,3.1,3.1,23,0,2025-07-14:3.1,Closed lost,lost_other,,Test Deals,Lost Deal,us-central1 – Kansas,77,0.0
2026-09-16,206581737671,273657681139,H200,gpu,,204,9.67,RESERVE,,0,2025-07-28,1.9,2025-07-28,2025-10-20,1.9,1.9,25,0,2025-07-28:1.9,Prospect,open_at_freeze,,,Waiting For Approval,Nemax,0,0.0
2026-09-16,213969610962,105021569224,H200,gpu,,128,12.01,RESERVE,PREPAID,0,2025-08-04,2.1,2025-08-04,2025-09-08,2.1,2.1,11,0,2025-08-04:2.1,Commercial Proposal,open_at_freeze,,,,Nemax,0,0.0
2026-09-16,222857481434,287916970190,H100,gpu,,16,3.06,RESERVE,POSTPAID,0,2025-08-18,2.5,2025-08-18,2025-09-15,2.5,2.5,9,0,2025-08-18:2.5,Technical Validation,open_at_freeze,,,Waiting For Approval,Nemax,0,0.0
2026-09-16,234848914629,298306634985,B200,gpu,,8,,TESTING,NO_PAYMENT,0,2025-09-01,5.5,2025-09-11,2026-08-10,5.5,5.5,99,0,2025-09-01:5.5,Closed lost,lost_price_or_competitor,,Pricing and Billing Issues;Insufficient Capabilities,Lost Deal,us-central1 – Kansas,10,0.0
2026-09-16,25498732736,29394650359,H200,gpu,,8,12.01,RESERVE,PREPAID,0,2024-10-29,2.7,2024-11-18,2026-08-10,2.7,2.7,164,0,2024-10-29:2.7,Closed lost,lost_price_or_competitor,,Competitor Chosen,Lost Deal,Nemax,20,0.0
2026-09-16,262773754072,328137348302,H200,gpu,,8,0.46,TESTING,NO_PAYMENT,0,2025-10-09,3.5,2025-10-09,2026-08-10,3.5,3.5,88,0,2025-10-09:3.5,Technical Validation,open_at_freeze,,,Approved,us-central1 – Kansas,0,0.0
2026-09-16,270855992519,330241162469,GB300,gpu,72,9216,11.97,RESERVE,PREPAID,0,2025-10-23,4.0,2025-11-17,2026-08-10,4.0,4.0,84,0,2025-10-23:4,Closed lost,lost_capacity,,NO_CAPACITY,Lost Deal,Nemax,25,0.0
2026-09-16,271144912101,314866798809,GB300,gpu,72,18432,56.64,RESERVE,PREPAID,0,2025-10-20,3.03,2025-10-20,2026-08-10,3.03,3.03,85,0,2025-10-20:3.03,Closed won,won,2025-10-20,,Waiting For Approval,us-east1 – New Jersey,0,0.0
2026-09-16,27963392231,9772985039,H100,gpu,,48,11.97,PAYG,POSTPAID,0,2024-10-29,2.3,2024-10-29,2026-08-10,2.3,2.3,164,0,2024-10-29:2.3,Closed won,won,2024-10-29,,Approved,Nemax,0,0.0
2026-09-16,322412115132,386707262667,H100,gpu,,100,9.05,RESERVE,PREPAID,0,2025-11-26,1.85,2026-01-05,2026-08-10,1.85,1.85,74,0,2025-11-26:1.85,Closed lost,lost_other,,Customer Disengagement or Cancellation,Lost Deal,Nemax,40,0.0
2026-09-16,32755381476,36737589445,H100,gpu,,1024,1.91,RESERVE,PREPAID,0,2024-11-05,1.8,2025-05-12,2026-08-10,1.8,1.8,163,0,2024-11-05:1.8,Closed lost,lost_price_or_competitor,,Pricing and Billing Issues,Lost Deal,Nemax,188,0.0
2026-09-16,332936516855,397125035245,H200,gpu,,80,5.95,RESERVE,POSTPAID,0,2025-12-08,1.8,2025-12-22,2026-08-10,1.8,1.8,71,0,2025-12-08:1.8,Closed lost,lost_capacity,,NO_CAPACITY,Lost Deal,eu-west1 – Paris,14,0.0
2026-09-16,349310478568,412699232505,B200,gpu,,128,0.53,RESERVE,POSTPAID,0,2025-12-22,4.0,2025-12-24,2026-08-10,4.0,4.0,67,0,2025-12-22:4,Closed won,won,2025-12-24,,Approved,us-central1 – Kansas,2,0.0
2026-09-16,402898263245,459497526480,H100,gpu,,16,1.97,RESERVE,PREPAID,0,2026-02-09,2.5,2026-02-09,2026-08-10,2.5,2.5,53,0,2026-02-09:2.5,Closed won,won,2026-02-09,,Approved,Nemax,0,0.0
2026-09-16,408332110036,465363629290,H200,gpu,,16,5.99,RESERVE,PREPAID,0,2026-02-11,2.25,2026-02-23,2026-08-10,2.25,2.25,52,0,2026-02-11:2.25,Closed won,won,2026-02-23,,Approved,eu-west1 – Paris,12,0.0
2026-09-16,412344904912,455037693154,B200,gpu,,16,0.69,TESTING,NO_PAYMENT,0,2026-02-16,5.5,2026-04-01,2026-08-10,5.5,5.5,51,0,2026-02-16:5.5,Closed lost,lost_other,,Customer Disengagement or Cancellation,Lost Deal,us-central1 – Kansas,44,0.0
2026-09-16,424744110306,378594071773,B200,gpu,,8,0.99,TESTING,NO_PAYMENT,0,2026-03-02,5.5,2026-03-02,2026-08-10,5.5,5.5,47,0,2026-03-02:5.5,Prospect,open_at_freeze,,,Approved,me-west1 - Israel,0,0.0
2026-09-16,447635933385,495227058424,GB300,rack,72,5184,11.97,RESERVE,PREPAID,0,2026-04-06,5.37,2026-05-11,2026-05-11,5.37,5.37,11,0,2026-04-06:5.37,Prospect,open_at_freeze,,,Waiting For Approval,us-east1 – New Jersey,35,0.0
2026-09-16,448568570084,497521188069,B300,gpu,,8000,36.02,RESERVE,PREPAID,0,2026-04-06,4.35,2026-06-29,2026-08-10,4.35,4.35,37,0,2026-04-06:4.35,Disqualified,disqualified,,Pricing and Billing Issues;Customer Disengagement or Cancellation,Lost Deal,eu-west1 – Paris,84,0.0
2026-09-16,456583127261,502226011373,H200,gpu,,128,12.01,,,0,2026-05-13,2.67,2026-05-13,2026-05-20,2.67,2.67,3,0,2026-05-13:2.67,Prospect,open_at_freeze,,,Waiting for Business Approval,us-central1 – Kansas,0,0.0
2026-09-16,456651047132,501727045848,H100,gpu,,435,0.46,PAYG,PREPAID,0,2026-05-13,2.65,2026-06-15,2026-08-10,2.51,2.51,26,1,2026-05-13:2.65>2026-06-03:2.51,Closed won,won,2026-06-15,,Waiting For Approval,Nemax,33,-5.3
2026-09-16,459708529875,338878403801,H100,gpu,,16,11.97,RESERVE,POSTPAID,0,2026-05-27,2.45,2026-05-27,2026-05-27,2.45,2.45,1,0,2026-05-27:2.45,Commercial Proposal,open_at_freeze,,,Approved,Nemax,0,0.0
2026-09-16,463358967999,505241374908,B300,gpu,,16,0.39,TESTING,NO_PAYMENT,0,2026-06-17,7.1,2026-07-01,2026-08-10,7.1,7.1,16,0,2026-06-17:7.1,Commercial Proposal,open_at_freeze,,,Approved,uk-south1 – UK,14,0.0
2026-09-16,464161131764,505861296330,B300,gpu,,256,11.97,RESERVE,PREPAID,0,2026-06-22,5.56,2026-06-22,2026-08-10,5.56,5.56,15,0,2026-06-22:5.56,Commercial Proposal,open_at_freeze,,,DECLINED,eu-west2 – Paris,0,0.0
2026-09-16,466053558495,508123163887,B300,gpu,,32,11.97,RESERVE,PREPAID,0,2026-06-29,5.36,2026-06-29,2026-07-06,5.36,5.36,3,0,2026-06-29:5.36,Prospect,open_at_freeze,,,Waiting For Approval,uk-south2 – London East,0,0.0
2026-09-16,466053802221,508294952176,B300,gpu,,256,11.97,RESERVE,PREPAID,0,2026-06-29,6.17,2026-06-29,2026-07-01,6.17,6.17,2,0,2026-06-29:6.17,Prospect,open_at_freeze,,,Waiting For Approval,eu-south1 – Madrid,0,0.0
2026-09-16,466057543911,503206928604,B200,gpu,,1250,5.03,RESERVE,PREPAID,0,2026-06-29,4.89,2026-06-29,2026-06-29,4.89,4.89,1,0,2026-06-29:4.89,Commercial Proposal,open_at_freeze,,,Waiting for Business Approval,us-central1 – Kansas,0,0.0
2026-09-16,466060034239,508123163887,H200,gpu,,32,11.97,RESERVE,PREPAID,0,2026-06-29,2.71,2026-06-29,2026-08-10,2.71,2.71,13,0,2026-06-29:2.71,Prospect,open_at_freeze,,,Waiting For Approval,uk-south2 – London East,0,0.0
2026-09-16,467820010683,505562176701,B300,gpu,,2000,12.01,RESERVE,POSTPAID,0,2026-07-06,5.46,2026-08-03,2026-08-10,5.46,5.46,11,0,2026-07-06:5.46,Prospect,open_at_freeze,,,Waiting For Approval,eu-south1 – Madrid,28,0.0
2026-09-16,470591176950,510450385127,H100,gpu,,184,2.99,RESERVE,PREPAID,0,2026-07-20,2.67,2026-07-29,2026-08-10,2.67,2.67,7,0,2026-07-20:2.67,Closed lost,lost_price_or_competitor,,Competitor Chosen,Lost Deal,Nemax,9,0.0
2026-09-16,473931523305,511414002921,H200,gpu,,64,11.97,RESERVE,PREPAID,0,2026-07-27,2.9,2026-07-27,2026-08-10,2.9,2.9,5,0,2026-07-27:2.9,Prospect,open_at_freeze,,,Waiting For Approval,Nemax,0,0.0
2026-09-16,47555137749,39868425462,H100,gpu,,48,0.56,PAYG,PREPAID,0,2024-12-03,2.0,2024-12-03,2026-08-10,2.0,2.0,159,0,2024-12-03:2,Closed won,won,2024-12-03,,Approved,Nemax,0,0.0
2026-09-16,476020142292,514749495483,B300,gpu,,32,0.62,TESTING,NO_PAYMENT,0,2026-08-05,7.85,2026-08-05,2026-08-10,7.85,7.85,2,0,2026-08-05:7.85,Prospect,open_at_freeze,,,Approved,uk-south1 – UK,0,0.0
2026-09-16,476751633625,511947459785,B300,gpu,,756,12.01,RESERVE,POSTPAID,0,2026-08-10,5.0,2026-08-10,2026-08-10,5.0,5.0,1,0,2026-08-10:5,Commercial Proposal,open_at_freeze,,,Approved,tf-us-north1-a,0,0.0
2026-09-16,476753295567,515114684654,H200,gpu,,256,2.99,RESERVE,PREPAID,0,2026-08-10,6.15,2026-08-10,2026-08-10,6.15,6.15,1,0,2026-08-10:6.15,Commercial Proposal,open_at_freeze,,,Approved,us-central1 – Kansas,0,0.0
2026-09-16,48123382994,46299023598,H100,gpu,,8,0.59,RESERVE,PREPAID,0,2024-12-03,2.7,2025-04-14,2026-08-10,2.7,2.7,159,0,2024-12-03:2.7,Closed lost,lost_price_or_competitor,,Competitor Chosen,Lost Deal,Nemax,132,0.0
2026-09-16,57345562855,70678007029,H100,gpu,,512,0.2,TESTING,NO_PAYMENT,0,2024-12-17,2.95,2025-02-10,2026-08-10,2.95,2.95,157,0,2024-12-17:2.95,Closed won,won,2025-02-10,,Approved,Nemax,55,0.0
2026-09-16,81452319938,103818431700,H200,gpu,,120,0.03,TESTING,NO_PAYMENT,0,2025-01-20,3.5,2025-01-27,2026-08-10,3.5,3.5,154,0,2025-01-20:3.5,Closed won,won,2025-01-27,,Approved,eu-west1 – Paris,7,0.0
2026-09-16,81452319939,103818431700,H200,gpu,,120,0.2,RESERVE,PREPAID,0,2025-01-20,2.3,2025-01-27,2026-08-10,2.3,2.3,154,0,2025-01-20:2.3,Closed won,won,2025-01-27,,Approved,eu-west1 – Paris,7,0.0
2026-09-16,8273723330,10894848227,H100,gpu,,1,0.46,TESTING,NO_PAYMENT,1,2024-10-15,4.85,2024-10-15,2026-08-10,4.85,4.85,166,0,2024-10-15:4.85,Closed won,won,2024-10-15,,Disqualified,Finland,0,0.0
2026-09-16,8301096923,10751400422,H100,gpu,,4,5.95,RESERVE,PREPAID,1,2024-10-15,4.85,2024-10-15,2026-08-10,4.85,4.85,166,0,2024-10-15:4.85,Closed won,won,2024-10-15,,Disqualified,Finland,0,0.0
2026-09-16,83150021879,79203802309,H200,gpu,,128,2.96,RESERVE,POSTPAID,0,2025-01-27,1.75,2025-02-03,2026-08-10,1.75,1.75,153,0,2025-01-27:1.75,Closed won,won,2025-02-03,,Approved,eu-west1 – Paris,7,0.0
2026-09-16,8363914477,10956030411,H100,gpu,,256,1.38,RESERVE,PREPAID,1,2024-10-15,4.85,2024-10-15,2026-08-10,4.85,4.85,166,0,2024-10-15:4.85,Closed lost,lost_other,,Insufficient Capabilities,Disqualified,Finland,0,0.0
2026-09-16,8444315847,9697039578,H100,gpu,,1,0.69,TESTING,NO_PAYMENT,1,2024-10-15,4.85,2024-10-15,2026-08-10,4.85,4.85,166,0,2024-10-15:4.85,Closed lost,lost_other,,Customer Disengagement or Cancellation,Lost Deal,Finland,0,0.0
2026-09-16,84693584102,79203802309,H200,gpu,,128,2.89,RESERVE,POSTPAID,0,2025-01-27,1.75,2025-01-27,2025-01-27,1.75,1.75,1,0,2025-01-27:1.75,Commercial Proposal,open_at_freeze,,,Waiting For Approval,eu-west1 – Paris,0,0.0
2026-09-16,8546531567,11118102218,H100,gpu,,32,2.01,PAYG,PREPAID,1,2024-10-15,4.85,2024-10-15,2026-08-10,4.85,2.91,166,0,2024-10-15:4.85,Closed won,won,2024-10-15,,Approved,Finland,0,-40.0
2026-09-16,87013663972,108791864522,H200,gpu,,100,0.99,PAYG,POSTPAID,0,2025-02-03,2.0,2025-02-10,2026-08-10,2.0,2.0,152,0,2025-02-03:2,Closed lost,lost_price_or_competitor,,Competitor Chosen,Lost Deal,Nemax,7,0.0
2026-09-16,8952575731,11669037007,H100,gpu,,16,0.46,TESTING,POSTPAID,1,2024-10-15,4.85,2024-10-15,2026-08-10,4.85,4.85,166,0,2024-10-15:4.85,Closed lost,lost_other,,Customer Disengagement or Cancellation,Lost Deal,Finland,0,0.0
2026-09-16,93305526512,121620103377,H200,gpu,,256,11.97,RESERVE,POSTPAID,0,2025-02-10,3.5,2025-02-24,2025-02-24,2.03,2.03,3,1,2025-02-10:3.5>2025-02-24:2.03,Commercial Proposal,open_at_freeze,,,Waiting For Approval,us-central1 – Kansas,14,-42.0
2026-09-16,101153135851,115302927608,H200,gpu,,536,0.13,INTERNAL,NO_PAYMENT,0,2025-02-24,3.5,2025-02-24,2026-08-10,3.5,3.5,149,0,2025-02-24:3.5,Closed won,won,2025-02-24,,Approved,Nemax,0,0.0
2026-09-16,101423601863,133567427826,H200,gpu,,32,0.46,TESTING,NO_PAYMENT,0,2025-02-24,3.5,2025-04-03,2025-05-19,3.5,3.5,21,0,2025-02-24:3.5,Technical Validation,open_at_freeze,,,Approved,eu-west1 – Paris,38,0.0
2026-09-16,10687333068,14962158575,H100,gpu,,32,0.16,TESTING,NO_PAYMENT,1,2024-10-15,4.85,2024-10-15,2026-08-10,4.85,4.85,166,0,2024-10-15:4.85,Closed won,won,2024-10-15,,Approved,Finland,0,0.0
2026-09-16,10855796671,15433804004,H100,gpu,,128,0.46,RESERVE,PREPAID,1,2024-10-15,2.6,2024-10-15,2026-08-10,2.6,2.6,166,0,2024-10-15:2.6,Closed lost,lost_price_or_competitor,,Competitor Chosen,Lost Deal,Finland,0,0.0
2026-09-16,10882679276,15469231309,H100,gpu,,1024,2.53,RESERVE,PREPAID,1,2024-10-15,2.2,2024-10-15,2026-08-10,2.2,2.2,166,0,2024-10-15:2.2,Closed lost,lost_price_or_competitor,,Competitor Chosen,Lost Deal,Finland,0,0.0
2026-09-16,11052283343,13240040948,H100,gpu,,2,1.09,TESTING,NO_PAYMENT,1,2024-10-15,4.85,2024-10-15,2026-08-10,4.85,4.85,166,0,2024-10-15:4.85,Closed won,won,2024-10-15,,Disqualified,Finland,0,0.0
2026-09-16,112284251377,147809170655,H100,gpu,,64,0.33,TESTING,NO_PAYMENT,0,2025-03-10,2.95,2025-05-22,2026-08-10,2.95,2.95,147,0,2025-03-10:2.95,Closed lost,lost_price_or_competitor,,PoC Performance;Competitor Chosen;Pricing and Billing Issues;Insufficient Capabilities,Lost Deal,Nemax,73,0.0
2026-09-16,115697092852,142257371381,H200,gpu,,512,2.99,RESERVE,PREPAID,0,2025-03-17,1.8,2025-03-31,2026-08-10,1.8,1.8,146,0,2025-03-17:1.8,Closed lost,lost_other,,Customer Disengagement or Cancellation,Lost Deal,us-central1 – Kansas,14,0.0
2026-09-16,119506388200,159753147608,H200,gpu,,8,3.91,RESERVE,PREPAID,0,2025-03-24,3.0,2025-04-07,2026-08-10,3.0,3.0,145,0,2025-03-24:3,Closed won,won,2025-04-07,Customer Disengagement or Cancellation,Disqualified,Nemax,14,0.0
2026-09-16,126094625996,168870129862,H100,gpu,,512,5.53,RESERVE,POSTPAID,0,2025-04-03,2.0,2025-06-12,2026-08-10,2.0,2.0,142,0,2025-04-03:2,Closed lost,lost_other,,Customer Disengagement or Cancellation,Lost Deal,Nemax,70,0.0
2026-09-16,130124035286,174487436495,H200,gpu,,256,4.97,RESERVE,PREPAID,0,2025-04-10,2.2,2025-04-14,2025-10-13,2.0,2.0,54,2,2025-04-10:2.2>2025-04-14:2.15>2025-09-22:2,Commercial Proposal,open_at_freeze,,,Waiting For Approval,eu-west1 – Paris,4,-9.1
2026-09-16,140046191862,188337297633,H100,gpu,,40,2.99,RESERVE,POSTPAID,0,2025-04-28,1.9,2025-06-12,2026-08-10,1.9,1.9,135,0,2025-04-28:1.9,Closed won,won,2025-06-12,,Approved,Nemax,45,0.0
2026-09-16,14532555997,18898677486,H100,gpu,,512,0.13,TESTING,NO_PAYMENT,1,2024-10-15,3.5,2024-12-03,2026-08-10,3.5,3.5,166,0,2024-10-15:3.5,Closed lost,lost_other,,Insufficient Capabilities,Lost Deal,Nemax,49,0.0
2026-09-16,15193965531,19558765774,H100,gpu,,64,0.69,TESTING,POSTPAID,1,2024-10-15,1.1,2024-11-14,2026-08-10,1.1,1.1,166,0,2024-10-15:1.1,Closed lost,lost_price_or_competitor,,Competitor Chosen,Lost Deal,Nemax,30,0.0
2026-09-16,182990332111,246062728379,H100,gpu,,128,12.01,RESERVE,PREPAID,0,2025-06-26,2.0,2025-08-04,2026-08-10,2.0,2.0,118,0,2025-06-26:2,Closed lost,lost_price_or_competitor,,Competitor Chosen,Lost Deal,Nemax,39,0.0
2026-09-16,183739923669,247090309310,B200,gpu,,512,0.23,TESTING,NO_PAYMENT,0,2025-06-26,5.5,2025-08-11,2026-08-10,3.2,3.2,118,1,2025-06-26:5.5>2025-07-10:3.2,Closed won,won,2025-08-11,,Disqualified,us-central1 – Kansas,46,-41.8
2026-09-16,18408775890,9329424317,H100,gpu,,16,0.46,TESTING,NO_PAYMENT,1,2024-10-15,3.5,2024-10-15,2026-08-10,3.5,3.5,166,0,2024-10-15:3.5,Closed won,won,2024-10-15,,DECLINED,Finland,0,0.0
2026-09-16,187028593898,251529900265,H200,gpu,,128,1.02,RESERVE,POSTPAID,0,2025-07-03,2.2,2025-07-07,2026-08-10,2.2,2.2,116,0,2025-07-03:2.2,Closed won,won,2025-07-07,,Approved,eu-west1 – Paris,4,0.0
2026-09-16,199652148449,264776625358,H100,gpu,,136,1.48,RESERVE,PREPAID,0,2025-07-21,1.6,2025-09-18,2025-09-18,1.5,1.5,18,1,2025-07-21:1.6>2025-09-18:1.5,Commercial Proposal,open_at_freeze,2025-11-20,,Waiting For Approval,Nemax,59,-6.3
2026-09-16,221753599196,287026033875,H100,gpu,,16,0.92,TESTING,NO_PAYMENT,0,2025-08-14,2.95,2025-09-04,2025-09-25,2.95,2.95,13,0,2025-08-14:2.95,Commercial Proposal,open_at_freeze,,,Waiting For Approval,Nemax,21,0.0
2026-09-16,227741079793,281867217126,H200,gpu,,128,6.94,RESERVE,PREPAID,0,2025-08-25,1.9,2025-08-25,2025-08-25,1.9,1.9,1,0,2025-08-25:1.9,Prospect,open_at_freeze,,,Waiting For Approval,Nemax,0,0.0
2026-09-16,233445088499,275446923508,H200,gpu,,1024,6.02,RESERVE,PREPAID,0,2025-09-01,1.9,2025-09-29,2026-08-10,1.8,1.8,99,3,2025-09-01:1.9>2025-09-04:1.8>2025-09-08:1.7>2025-09-15:1.8,Closed won,won,2025-09-29,,Approved,us-central1 – Kansas,28,-5.3
2026-09-16,236013301963,301193659608,H100,gpu,,32,0.99,RESERVE,PREPAID,0,2025-09-04,1.78,2025-09-18,2026-08-10,1.78,1.78,98,0,2025-09-04:1.78,Closed won,won,2025-09-18,,Approved,Nemax,14,0.0
2026-09-16,242645022912,295402501356,B200,gpu,,256,12.01,RESERVE,PREPAID,0,2025-09-15,2.85,2025-09-15,2026-08-10,2.85,2.85,95,0,2025-09-15:2.85,Closed lost,lost_capacity,,NO_CAPACITY,Lost Deal,us-central1 – Kansas,0,0.0
2026-09-16,244558823660,311080692925,H200,gpu,,64,0.16,PAYG,PREPAID,0,2025-09-18,3.5,2025-09-22,2026-08-10,3.5,3.5,94,0,2025-09-18:3.5,Closed lost,lost_capacity,,NO_CAPACITY,Lost Deal,us-central1 – Kansas,4,0.0
2026-09-16,245757310195,292270704842,GB300,rack,72,2592,24.01,RESERVE,PREPAID,0,2025-09-18,4.0,2025-09-18,2026-01-19,4.0,4.0,36,0,2025-09-18:4,Technical Validation,open_at_freeze,,,Waiting For Approval,Nemax,0,0.0
2026-09-16,249463830729,264776625358,H100,gpu,,696,11.58,RESERVE,PREPAID,0,2025-09-25,1.35,2025-09-25,2025-11-06,1.35,1.35,13,0,2025-09-25:1.35,Commercial Proposal,open_at_freeze,,,Waiting For Approval,Nemax,0,0.0
2026-09-16,249469015262,315169704152,GB300,gpu,72,1152,2.96,RESERVE,PREPAID,0,2025-12-31,0.575,2025-12-31,2026-08-10,0.575,0.575,64,0,2025-12-31:0.575,Closed lost,lost_capacity,,Qualification Oversights;NO_CAPACITY,Disqualified,,0,0.0
2026-09-16,256062030027,321302740162,H200,gpu,,32,11.97,RESERVE,PREPAID,0,2025-10-06,2.0,2025-12-22,2026-08-10,1.9,1.9,89,1,2025-10-06:2>2025-12-03:1.9,Closed lost,lost_price_or_competitor,,Pricing and Billing Issues,Lost Deal,Nemax,77,-5.0
2026-09-16,263857621189,259013513460,B200,gpu,,182,3.95,RESERVE,POSTPAID,0,2025-10-13,3.0,2025-11-13,2026-08-10,3.0,3.0,87,0,2025-10-13:3,Closed lost,lost_other,,PoC Performance,Lost Deal,me-west1 - Israel,31,0.0
2026-09-16,322257790161,364314938562,B200,gpu,,32,0.46,TESTING,NO_PAYMENT,0,2025-11-26,5.5,2025-11-26,2026-01-07,5.5,5.5,13,0,2025-11-26:5.5,Technical Validation,open_at_freeze,,,Waiting For Approval,,0,0.0
2026-09-16,332085855425,396048128193,B200,gpu,,16,12.01,RESERVE,PREPAID,0,2025-12-03,3.3,2025-12-08,2025-12-10,3.3,3.3,3,0,2025-12-03:3.3,Technical Validation,open_at_freeze,,,Waiting For Approval,me-west1 - Israel,5,0.0
2026-09-16,333172375753,368986827982,H100,gpu,,80,2.99,RESERVE,POSTPAID,0,2025-12-08,1.65,2025-12-29,2026-08-10,1.75,1.75,71,1,2025-12-08:1.65>2025-12-15:1.75,Closed won,won,2025-12-29,,Approved,Nemax,21,6.1
2026-09-16,334486058200,397390299326,B200,gpu,,128,17.93,RESERVE,POSTPAID,0,2025-12-08,2.85,2025-12-17,2026-03-30,2.9,2.9,33,2,2025-12-08:2.85>2025-12-15:2.75>2026-01-07:2.9,Commercial Proposal,open_at_freeze,,,Waiting For Approval,us-central1 – Kansas,9,1.8
2026-09-16,342562151616,409394800880,B200,gpu,,32,5.99,RESERVE,PREPAID,0,2025-12-17,3.2,2026-03-11,2026-08-10,3.2,3.2,68,0,2025-12-17:3.2,Closed lost,lost_capacity,,NO_CAPACITY,Lost Deal,us-central1 – Kansas,84,0.0
2026-09-16,346606479558,410629307624,GB300,rack,72,144,72.04,RESERVE,POSTPAID,0,2025-12-17,3.5,2025-12-17,2025-12-17,3.5,3.5,1,0,2025-12-17:3.5,Prospect,open_at_freeze,,,Waiting For Approval,us-east1 – New Jersey,0,0.0
2026-09-16,394558525636,450656452843,H200,gpu,,8,12.01,RESERVE,PREPAID,0,2026-01-28,1.9,2026-02-04,2026-08-10,1.9,1.9,56,0,2026-01-28:1.9,Closed won,won,2026-02-04,,Approved,eu-west1 – Paris,7,0.0
2026-09-16,396790387934,454152008897,B200,gpu,,72,24.01,RESERVE,PREPAID,0,2026-02-02,3.5,2026-02-16,2026-08-10,3.25,3.25,55,1,2026-02-02:3.5>2026-02-09:3.25,Closed lost,lost_capacity,,NO_CAPACITY,Lost Deal,me-west1 - Israel,14,-7.1
2026-09-16,439946347718,480627557582,B300,gpu,,32,0.46,TESTING,NO_PAYMENT,0,2026-03-11,7.1,2026-03-11,2026-08-10,7.1,7.1,44,0,2026-03-11:7.1,Technical Validation,open_at_freeze,,,Approved,uk-south1 – UK,0,0.0
2026-09-16,44133298407,16205414610,H200,gpu,,16,0.49,TESTING,NO_PAYMENT,0,2024-11-26,2.5,2025-05-19,2026-08-10,2.5,2.5,160,0,2024-11-26:2.5,Closed lost,lost_other,,Customer Disengagement or Cancellation,Lost Deal,Nemax,174,0.0
2026-09-16,442193413347,494191396085,B300,gpu,,1500,24.05,RESERVE,PREPAID,0,2026-03-18,4.37,2026-03-25,2026-03-30,4.37,4.37,4,0,2026-03-18:4.37,Technical Validation,open_at_freeze,,,Waiting For Approval,eu-west2 – Paris,7,0.0
2026-09-16,455400591582,501541159127,B300,gpu,,100,10.95,RESERVE,PREPAID,0,2026-05-06,5.3,2026-05-06,2026-05-25,5.3,5.3,6,0,2026-05-06:5.3,Prospect,open_at_freeze,,,Waiting For Approval,eu-west1 – Paris,0,0.0
2026-09-16,460712251598,505241495748,B300,gpu,,256,11.97,RESERVE,PREPAID,0,2026-06-03,5.56,2026-06-29,2026-08-10,5.56,5.56,20,0,2026-06-03:5.56,Closed won,won,2026-06-29,,Approved,eu-west2 – Paris,26,0.0
2026-09-16,462680033478,505933894903,B300,gpu,,96,36.02,RESERVE,POSTPAID,0,2026-06-15,5.2,2026-06-15,2026-08-10,5.2,5.2,17,0,2026-06-15:5.2,Prospect,open_at_freeze,,,Waiting For Approval,eu-west1 – Paris,0,0.0
2026-09-16,475379385569,509471061220,B200,gpu,,224,0.62,RESERVE,PREPAID,0,2026-08-03,5.5,2026-08-03,2026-08-10,5.51,5.51,3,1,2026-08-03:5.5>2026-08-05:5.51,Prospect,open_at_freeze,,,Approved,me-west1 - Israel,0,0.2
2026-09-16,475404614876,514169532654,B200,gpu,,640,12.01,RESERVE,POSTPAID,0,2026-08-03,5.06,2026-08-10,2026-08-10,5.06,5.06,3,0,2026-08-03:5.06,Closed lost,lost_capacity,,NO_CAPACITY,Lost Deal,us-central1 – Kansas,7,0.0
2026-09-16,48123270350,57470415067,H200,gpu,,40,0.23,PAYG,NO_PAYMENT,0,2024-12-03,4.85,2025-03-27,2026-08-10,2.59,2.59,159,1,2024-12-03:4.85>2025-03-17:2.59,Closed lost,lost_other,,Customer Disengagement or Cancellation,Lost Deal,eu-west1 – Paris,114,-46.6
2026-09-16,50042062038,61455664325,H100,gpu,,8,11.88,RESERVE,POSTPAID,0,2024-12-10,1.9,2024-12-17,2026-08-10,1.9,1.9,158,0,2024-12-10:1.9,Closed won,won,2024-12-17,,Waiting For Approval,Nemax,7,0.0
2026-09-16,51916495093,63398654139,H100,gpu,,18,4.93,PAYG,POSTPAID,0,2024-12-10,2.95,2024-12-10,2026-08-10,2.95,2.95,158,0,2024-12-10:2.95,Closed won,won,2024-12-10,,Approved,Nemax,0,0.0
2026-09-16,76682407155,16659176912,H100,gpu,,40,0.1,PROMO,NO_PAYMENT,0,2025-01-07,2.95,2025-01-07,2026-08-10,2.95,2.95,156,0,2025-01-07:2.95,Closed won,won,2025-01-07,,Approved,Nemax,0,0.0
2026-09-16,8476114918,9294884552,H100,gpu,,123,0.03,PAYG,NO_PAYMENT,1,2024-10-15,4.85,2024-10-15,2026-08-10,4.85,4.85,166,0,2024-10-15:4.85,Disqualified,disqualified,,Qualification Oversights,Disqualified,Finland,0,0.0
2026-09-16,93379597509,61425979596,H200,gpu,,32,11.97,PAYG,POSTPAID,0,2025-02-10,2.2,2025-04-14,2026-08-10,2.2,2.2,151,0,2025-02-10:2.2,Closed won,won,2025-04-14,,Approved,eu-west1 – Paris,63,0.0
2026-09-16,9698153156,9717373375,H100,gpu,,8,2.99,RESERVE,PREPAID,1,2024-10-15,2.4,2024-10-15,2026-08-10,2.4,2.4,166,0,2024-10-15:2.4,Disqualified,disqualified,,Customer Disengagement or Cancellation,Disqualified,Finland,0,0.0
2026-09-16,97273464033,108620079298,H200,gpu,,16,0.23,TESTING,NO_PAYMENT,0,2025-02-17,3.5,2025-05-29,2026-08-10,3.5,3.5,150,0,2025-02-17:3.5,Disqualified,disqualified,,Test Deals,Disqualified,Nemax,101,0.0
2026-09-16,98232971505,128584914119,H200,gpu,,8,5.46,RESERVE,POSTPAID,0,2025-02-17,2.5,2025-12-01,2026-08-10,2.5,2.5,150,0,2025-02-17:2.5,Closed lost,lost_other,,Customer Disengagement or Cancellation,Lost Deal,eu-west1 – Paris,287,0.0
2026-09-16,9865908461,13235999935,H100,gpu,,64,3.03,RESERVE,POSTPAID,1,2024-10-15,2.9,2024-10-15,2026-08-10,2.9,2.9,166,0,2024-10-15:2.9,Closed lost,lost_other,,Insufficient Capabilities,Lost Deal,Finland,0,0.0
2026-09-16,101424334048,21821604553,H200,gpu,,2,1.94,PAYG,POSTPAID,0,2025-02-24,3.5,2025-06-23,2026-08-10,3.5,3.5,149,0,2025-02-24:3.5,Disqualified,disqualified,,Qualification Oversights,Disqualified,eu-west1 – Paris,119,0.0
2026-09-16,10584144609,14990429147,H100,gpu,,8,1.41,RESERVE,PREPAID,1,2024-10-15,3.3,2024-10-15,2026-08-10,3.3,3.3,166,0,2024-10-15:3.3,Closed won,won,2024-10-15,,Approved,Finland,0,0.0
2026-09-16,10770069707,14962158575,H100,gpu,,1024,2.99,RESERVE,PREPAID,1,2024-10-15,2.2,2024-10-15,2026-08-10,2.2,2.2,166,0,2024-10-15:2.2,Closed won,won,2024-10-15,,Approved,Finland,0,0.0
2026-09-16,109160262869,145101286590,H100,gpu,,176,4.01,RESERVE,PREPAID,0,2025-03-03,2.1,2025-03-03,2025-03-03,2.1,2.1,1,0,2025-03-03:2.1,Prospect,open_at_freeze,,,Error: Fix the GC ticket in the Deal,Nemax,0,0.0
2026-09-16,113848427767,148674431180,H100,gpu,,256,13.36,PAYG,POSTPAID,0,2025-03-10,2.5,2025-03-24,2025-04-21,2.5,2.5,11,0,2025-03-10:2.5,Technical Validation,open_at_freeze,,,Pre-Approved,Nemax,14,0.0
2026-09-16,123308807380,160652947696,H100,gpu,,1,0.07,TESTING,NO_PAYMENT,0,2025-03-27,2.95,2025-03-27,2025-03-27,2.95,2.95,1,0,2025-03-27:2.95,Prospect,open_at_freeze,,,Waiting For Approval,Nemax,0,0.0
2026-09-16,14536679631,18898677486,H100,gpu,,1024,0.46,TESTING,POSTPAID,1,2024-10-15,2.3,2024-11-14,2024-11-18,1.3,1.3,6,1,2024-10-15:2.3>2024-11-05:1.3,Commercial Proposal,open_at_freeze,,,Waiting For Approval,Nemax,30,-43.5
2026-09-16,149799604466,201352029409,H200,gpu,,512,11.97,RESERVE,PREPAID,0,2025-05-08,2.2,2025-06-05,2026-08-10,2.2,2.2,132,0,2025-05-08:2.2,Disqualified,disqualified,,Customer Disengagement or Cancellation,Disqualified,Nemax,28,0.0
2026-09-16,153463975114,194464581842,H100,gpu,,16,0.49,TESTING,NO_PAYMENT,0,2025-05-15,2.95,2025-07-21,2026-08-10,2.95,2.95,130,0,2025-05-15:2.95,Closed won,won,2025-07-21,,Approved,Nemax,67,0.0
2026-09-16,171168365804,230122490095,H200,gpu,,256,2.99,RESERVE,POSTPAID,0,2025-06-05,1.65,2025-06-05,2025-06-09,1.65,1.65,2,0,2025-06-05:1.65,Commercial Proposal,open_at_freeze,2025-06-19,,Waiting For Approval,us-central1 – Kansas,0,0.0
2026-09-16,177413721325,224286184639,H200,gpu,,70,6.12,RESERVE,POSTPAID,0,2025-06-16,2.2,2025-11-20,2026-08-10,1.85,1.85,121,3,2025-06-16:2.2>2025-08-18:1.9>2025-10-30:2>2025-11-20:1.85,Commercial Proposal,open_at_freeze,,,Waiting For Approval,Nemax,157,-15.9
2026-09-16,179148153057,240357476593,B200,gpu,,512,1.15,RESERVE,PREPAID,0,2025-06-19,3.5,2025-06-30,2026-08-10,3.5,3.5,120,0,2025-06-19:3.5,Closed won,won,2025-06-30,,Approved,us-central1 – Kansas,11,0.0
2026-09-16,183718468825,247090309310,B200,gpu,,1024,11.97,RESERVE,POSTPAID,0,2025-06-26,3.2,2025-08-11,2026-08-10,3.2,3.2,118,0,2025-06-26:3.2,Closed won,won,2025-08-11,,Disqualified,us-central1 – Kansas,46,0.0
2026-09-16,183747416265,245576241359,H100,gpu,,64,2.99,RESERVE,POSTPAID,0,2025-06-26,2.95,2025-07-31,2026-08-10,2.95,2.95,118,0,2025-06-26:2.95,Closed lost,lost_other,,Customer Disengagement or Cancellation,Lost Deal,Nemax,35,0.0
2026-09-16,18408721871,22513062342,H100,gpu,,64,11.97,RESERVE,PREPAID,1,2024-10-15,2.2,2024-12-17,2026-08-10,2.2,2.2,166,0,2024-10-15:2.2,Disqualified,disqualified,,Customer Disengagement or Cancellation,Disqualified,Nemax,63,0.0
2026-09-16,184146890979,247645749487,H200,gpu,,256,11.97,PAYG,POSTPAID,0,2025-06-26,3.5,2025-07-07,2025-07-10,3.5,3.5,5,0,2025-06-26:3.5,Commercial Proposal,open_at_freeze,,,Waiting For Approval,us-central1 – Kansas,11,0.0
2026-09-16,188852953313,254234737890,H200,gpu,,512,11.97,PAYG,POSTPAID,0,2025-07-07,1.6,2025-07-10,2026-08-10,1.6,1.6,115,0,2025-07-07:1.6,Closed won,won,2025-07-10,,Waiting For Approval,us-central1 – Kansas,3,0.0
2026-09-16,198822877392,263490717921,H200,gpu,,8,0.13,TESTING,NO_PAYMENT,0,2025-07-17,3.5,2025-07-17,2025-07-31,3.5,3.5,5,0,2025-07-17:3.5,Technical Validation,open_at_freeze,,,Approved,eu-west1 – Paris,0,0.0
2026-09-16,21378165972,23052568550,H100,gpu,,512,11.97,RESERVE,PREPAID,0,2024-10-29,1.9,2024-11-14,2026-08-10,1.9,1.9,164,0,2024-10-29:1.9,Closed won,won,2024-11-14,,Approved,Nemax,16,0.0
2026-09-16,220685230280,285083935951,H200,gpu,,80,2.01,RESERVE,PREPAID,0,2025-08-14,2.3,2025-12-01,2026-08-10,2.3,2.3,104,0,2025-08-14:2.3,Closed lost,lost_other,,Customer Disengagement or Cancellation,Lost Deal,Nemax,109,0.0
2026-09-16,231580309725,281867217126,B200,gpu,,320,6.12,RESERVE,PREPAID,0,2025-08-28,2.0,2025-09-11,2026-08-10,3.2,3.2,89,1,2025-08-28:2>2025-09-18:3.2,Closed won,won,2025-09-11,,Approved,us-central1 – Kansas,14,60.0
2026-09-16,238025076984,303264585967,B200,gpu,,64,0.46,RESERVE,PREPAID,0,2025-09-08,3.8,2025-09-15,2026-08-10,3.45,3.45,97,2,2025-09-08:3.8>2025-09-11:3.4>2025-09-15:3.45,Closed won,won,2025-09-15,,Approved,us-central1 – Kansas,7,-9.2
2026-09-16,241962044665,274628337881,B300,gpu,,56,24.44,RESERVE,PREPAID,0,2025-09-15,4.0,2025-10-02,2026-08-10,3.2,3.2,95,1,2025-09-15:4>2025-09-25:3.2,Closed won,won,2025-10-02,,Approved,uk-south1 – UK,17,-20.0
2026-09-16,24283981000,10894848227,H100,gpu,,2,4.54,PAYG,POSTPAID,0,2024-10-29,3.5,2024-10-29,2026-08-10,3.5,2.8,164,0,2024-10-29:3.5,Closed won,won,2024-10-29,,Approved,Nemax,0,-20.0
2026-09-16,254131089605,319583635697,B200,gpu,,32,12.01,RESERVE,,0,2025-09-29,3.7,2025-11-20,2026-08-10,3.4,3.4,91,1,2025-09-29:3.7>2025-10-02:3.4,Closed lost,lost_capacity,,NO_CAPACITY,Lost Deal,us-central1 – Kansas,52,-8.1
2026-09-16,255540324578,314791804115,H200,gpu,,32,4.97,RESERVE,PREPAID,0,2025-10-02,2.5,2025-10-02,2025-11-26,2.5,2.5,17,0,2025-10-02:2.5,Prospect,open_at_freeze,,,Waiting For Approval,eu-west1 – Paris,0,0.0
2026-09-16,256058573040,320947493085,H200,gpu,,1024,0.07,RESERVE,POSTPAID,0,2025-10-02,1.95,2025-10-06,2026-08-10,1.95,1.95,90,0,2025-10-02:1.95,Closed won,won,2025-10-06,,Approved,eu-west1 – Paris,4,0.0
2026-09-16,281663415533,346473801940,B300,gpu,,200,5.95,TESTING,NO_PAYMENT,0,2025-10-27,7.1,2025-10-27,2025-11-26,7.1,7.1,10,0,2025-10-27:7.1,Prospect,open_at_freeze,,,Pre-Approved,uk-south1 – UK,0,0.0
2026-09-16,30719152339,16310655177,H100,gpu,,56,11.64,PAYG,PREPAID,0,2024-11-05,2.1,2025-02-17,2026-08-10,2.2,2.2,163,1,2024-11-05:2.1>2025-02-10:2.2,Closed won,won,2025-02-17,,Approved,Nemax,104,4.8
2026-09-16,311535231174,363463147736,B300,gpu,,16,11.97,RESERVE,POSTPAID,0,2025-11-17,4.25,2025-11-17,2026-08-10,4.25,4.25,77,0,2025-11-17:4.25,Closed lost,lost_capacity,,NO_CAPACITY,Lost Deal,uk-south1 – UK,0,0.0
2026-09-16,330550965492,394595983587,H200,gpu,,16,12.01,RESERVE,PREPAID,0,2025-12-03,1.85,2025-12-03,2026-02-04,1.85,1.85,19,0,2025-12-03:1.85,Technical Validation,open_at_freeze,,,Waiting For Approval,,0,0.0
2026-09-16,335840812225,399851880697,H100,gpu,,1816,36.02,RESERVE,PREPAID,0,2025-12-08,1.75,2025-12-15,2026-08-10,1.75,1.75,71,0,2025-12-08:1.75,Closed lost,lost_capacity,,NO_CAPACITY,Lost Deal,Nemax,7,0.0
2026-09-16,346606030051,202506832121,H100,gpu,,1,0.03,INTERNAL,NO_PAYMENT,0,2025-12-17,2.95,2025-12-17,2026-08-10,2.95,2.95,68,0,2025-12-17:2.95,Prospect,open_at_freeze,,,Waiting For Approval,Nemax,0,0.0
2026-09-16,357867335893,421686639811,H100,gpu,,1000,5.95,RESERVE,POSTPAID,0,2026-01-07,2.95,2026-01-28,2026-08-10,2.95,1.5,62,0,2026-01-07:2.95,Closed won,won,2026-01-28,,Approved,Nemax,21,-49.2
2026-09-16,365762692285,405225005277,B200,gpu,,128,23.98,RESERVE,POSTPAID,0,2026-01-12,3.2,2026-02-09,2026-08-10,3.05,3.05,61,1,2026-01-12:3.2>2026-02-02:3.05,Closed won,won,2026-02-09,,Approved,us-central1 – Kansas,28,-4.7
2026-09-16,386669538494,437768478938,H200,gpu,,738,5.99,RESERVE,PREPAID,0,2026-01-26,1.8,2026-01-26,2026-01-26,1.8,1.8,1,0,2026-01-26:1.8,Commercial Proposal,open_at_freeze,,,Waiting For Approval,eu-west1 – Paris,0,0.0
2026-09-16,394875610313,409575164123,B300,gpu,,1024,36.02,RESERVE,POSTPAID,0,2026-02-02,3.99,2026-04-29,2026-08-10,3.55,3.55,55,1,2026-02-02:3.99>2026-03-23:3.55,Closed lost,lost_other,,Insufficient Capabilities,Lost Deal,us-east1 – New Jersey,86,-11.0
2026-09-16,396835069121,410629307624,GB300,rack,72,144,67.2,RESERVE,POSTPAID,0,2026-02-02,3.025,2026-02-11,2026-08-10,3.025,3.025,55,0,2026-02-02:3.025,Closed won,won,2026-02-11,,Approved,us-east1 – New Jersey,9,0.0
2026-09-16,40730650853,46298810593,H100,gpu,,16,3.03,TESTING,POSTPAID,0,2024-11-18,2.95,2025-05-29,2026-08-10,2.95,2.95,161,0,2024-11-18:2.95,Disqualified,disqualified,,Customer Disengagement or Cancellation,Disqualified,Nemax,192,0.0
2026-09-16,408829051098,465370820811,B200,gpu,,8,0.49,TESTING,NO_PAYMENT,0,2026-02-11,5.5,2026-06-03,2026-08-10,5.5,5.5,45,0,2026-02-11:5.5,Disqualified,disqualified,,Test Deals,Disqualified,us-central1 – Kansas,112,0.0
2026-09-16,408840753352,458620449987,B200,gpu,,26,1.64,PAYG,POSTPAID,0,2026-02-11,5.5,2026-03-25,2026-08-10,3.0,3.0,52,1,2026-02-11:5.5>2026-03-02:3,Closed won,won,2026-03-25,,Waiting For Approval,me-west1 - Israel,42,-45.5
2026-09-16,413637292249,466108675292,H200,gpu,,160,11.97,RESERVE,PREPAID,0,2026-02-16,1.9,2026-03-04,2026-08-10,1.79,1.79,51,1,2026-02-16:1.9>2026-03-04:1.79,Closed won,won,2026-03-04,,Approved,eu-west1 – Paris,16,-5.8
2026-09-16,43209311477,49845514433,H100,gpu,,24,7.96,PAYG,POSTPAID,0,2024-11-26,2.5,2024-11-26,2026-08-10,2.5,2.5,160,0,2024-11-26:2.5,Closed lost,lost_other,,Security and Compliance Gaps,Lost Deal,Nemax,0,0.0
2026-09-16,445004783805,495225054446,H100,gpu,,16,0.23,RESERVE,POSTPAID,0,2026-03-25,2.95,2026-03-30,2026-08-10,2.95,2.95,40,0,2026-03-25:2.95,Closed won,won,2026-03-30,,Approved,Nemax,5,0.0
2026-09-16,445968390389,473452148977,B300,gpu,,256,24.05,RESERVE,PREPAID,0,2026-03-30,4.29,2026-04-08,2026-08-10,4.29,4.29,39,0,2026-03-30:4.29,Closed lost,lost_capacity,,NO_CAPACITY,Lost Deal,us-north1 – Minnesota,9,0.0
2026-09-16,447644262637,496775889095,H100,gpu,,8,0.95,RESERVE,PREPAID,0,2026-04-01,2.0,2026-04-01,2026-08-10,2.0,2.0,38,0,2026-04-01:2,Prospect,open_at_freeze,,,Waiting For Approval,Nemax,0,0.0
2026-09-16,450662567111,498498940153,H200,gpu,,0,11.97,RESERVE,PREPAID,0,2026-04-15,2.2,2026-04-15,2026-05-06,2.2,2.2,7,0,2026-04-15:2.2,Technical Validation,open_at_freeze,,,Waiting For Approval,us-east1 – New Jersey,0,0.0
2026-09-16,450813565153,496002626797,H200,gpu,,512,11.97,RESERVE,PREPAID,0,2026-04-20,2.11,2026-04-20,2026-04-20,2.11,2.11,1,0,2026-04-20:2.11,Prospect,open_at_freeze,,,DECLINED,eu-west1 – Paris,0,0.0
2026-09-16,455642811580,501540602052,H200,gpu,,320,12.01,RESERVE,PREPAID,0,2026-05-11,3.5,2026-07-01,2026-08-10,3.5,3.5,27,0,2026-05-11:3.5,Closed lost,lost_capacity,,NO_CAPACITY,Lost Deal,us-central1 – Kansas,51,0.0
2026-09-16,458928107721,503998770387,B300,gpu,,256,12.04,RESERVE,PREPAID,0,2026-05-25,5.6,2026-06-01,2026-08-10,5.6,5.6,23,0,2026-05-25:5.6,Closed lost,lost_price_or_competitor,,Pricing and Billing Issues,Lost Deal,eu-west1 – Paris,7,0.0
2026-09-16,467820826820,508807823569,B300,gpu,,16,0.56,RESERVE,POSTPAID,0,2026-07-06,7.85,2026-07-06,2026-08-10,7.85,7.85,11,0,2026-07-06:7.85,Technical Validation,open_at_freeze,,,Approved,eu-west2 – Paris,0,0.0
2026-09-16,475264374979,514169511132,B200,gpu,,512,11.97,RESERVE,PREPAID,0,2026-08-03,4.5,2026-08-03,2026-08-10,4.5,4.5,3,0,2026-08-03:4.5,Commercial Proposal,open_at_freeze,,,Waiting For Approval,us-central1 – Kansas,0,0.0
2026-09-16,476713788653,514843454656,H200,gpu,,48,11.97,RESERVE,PREPAID,0,2026-08-05,3.05,2026-08-05,2026-08-10,3.05,3.05,2,0,2026-08-05:3.05,Commercial Proposal,open_at_freeze,,,Waiting For Approval,us-central1 – Kansas,0,0.0
2026-09-16,476713843930,514749843681,B200,gpu,,8,11.97,RESERVE,,0,2026-08-05,5.25,2026-08-05,2026-08-10,5.25,5.25,2,0,2026-08-05:5.25,Prospect,open_at_freeze,,,Waiting For Approval,us-central1 – Kansas,0,0.0
2026-09-16,8311928041,9496207584,H100,gpu,,64,5.95,RESERVE,PREPAID,1,2024-10-15,4.85,2024-10-15,2026-08-10,4.85,4.85,166,0,2024-10-15:4.85,Closed won,won,2024-10-15,,Approved,Finland,0,0.0
2026-09-16,9372868041,12526169837,H100,gpu,,128,1.02,RESERVE,POSTPAID,1,2024-10-15,2.9,2024-10-15,2026-08-10,2.9,2.9,166,0,2024-10-15:2.9,Closed won,won,2024-10-15,Customer Disengagement or Cancellation,Disqualified,Finland,0,0.0
2026-09-16,10362408919,13586459088,H100,gpu,,128,1.68,PAYG,POSTPAID,1,2024-10-15,4.85,2024-10-15,2026-08-10,4.85,4.85,166,0,2024-10-15:4.85,Closed won,won,2024-10-15,,Disqualified,Finland,0,0.0
2026-09-16,10583746770,14406015213,H100,gpu,,64,0.07,PAYG,POSTPAID,1,2024-10-15,3.5,2024-10-15,2026-08-10,3.5,3.5,166,0,2024-10-15:3.5,Closed won,won,2024-10-15,,Approved,Finland,0,0.0
2026-09-16,112840555711,40326916312,H200,gpu,,64,11.64,RESERVE,POSTPAID,0,2025-03-10,1.4,2025-03-10,2026-08-10,1.4,1.4,147,0,2025-03-10:1.4,Closed won,won,2025-03-10,,Disqualified,Nemax,0,0.0
2026-09-16,124881997006,166509809878,H200,gpu,,1024,0.95,RESERVE,PREPAID,0,2025-03-31,2.3,2025-03-31,2025-06-05,2.3,2.3,20,3,2025-03-31:2.3>2025-05-01:2.2>2025-05-22:2.1>2025-05-29:2.3,Technical Validation,open_at_freeze,,,Approved,Nemax,0,0.0
2026-09-16,132365865196,177798616304,B200,gpu,,8,0.23,TESTING,NO_PAYMENT,0,2025-04-14,3.3,2025-08-25,2026-08-10,5.5,5.5,139,1,2025-04-14:3.3>2025-07-03:5.5,Closed lost,lost_price_or_competitor,,Pricing and Billing Issues,Lost Deal,us-central1 – Kansas,133,66.7
2026-09-16,132365898961,177798636737,H200,gpu,,32,8.59,PAYG,POSTPAID,0,2025-04-17,2.95,2025-05-12,2026-08-10,2.95,2.95,138,0,2025-04-17:2.95,Disqualified,disqualified,,NO_CAPACITY,Disqualified,Nemax,25,0.0
2026-09-16,132874275003,178307783911,H200,gpu,,80,1.02,RESERVE,PREPAID,0,2025-04-17,2.1,2025-05-01,2026-08-10,2.1,2.1,138,0,2025-04-17:2.1,Closed won,won,2025-05-01,,Approved,Nemax,14,0.0
2026-09-16,13595068092,16659176912,H100,gpu,,60,0.1,PROMO,NO_PAYMENT,1,2024-10-15,3.5,2024-10-15,2026-08-10,3.5,3.5,166,0,2024-10-15:3.5,Closed won,won,2024-10-15,,Approved,Finland,0,0.0
2026-09-16,137554173164,185679423709,H200,gpu,,128,2.99,RESERVE,PREPAID,0,2025-04-24,2.2,2025-07-03,2026-08-10,2.2,2.2,136,0,2025-04-24:2.2,Disqualified,disqualified,,Customer Disengagement or Cancellation,Disqualified,us-central1 – Kansas,70,0.0
2026-09-16,138193200343,186016543975,H200,gpu,,24,2.99,PAYG,POSTPAID,0,2025-04-24,2.9,2025-09-25,2026-08-10,2.8,2.8,136,1,2025-04-24:2.9>2025-05-08:2.8,Closed won,won,2025-09-25,,Approved,Nemax,154,-3.4
2026-09-16,138448264402,178307783911,H100,gpu,,64,8.26,PAYG,PREPAID,0,2025-04-24,1.7,2025-04-24,2025-04-24,1.7,1.7,1,0,2025-04-24:1.7,Technical Validation,open_at_freeze,,,Waiting For Approval,Nemax,0,0.0
2026-09-16,144168979649,188423771355,H100,gpu,,32,0.23,TESTING,NO_PAYMENT,0,2025-05-01,2.95,2025-05-22,2026-08-10,2.95,2.95,134,0,2025-05-01:2.95,Disqualified,disqualified,,Competitor Chosen,Disqualified,Nemax,21,0.0
2026-09-16,149191679176,200550713549,B200,gpu,,1000,12.01,RESERVE,PREPAID,0,2025-05-08,3.5,2025-07-31,2026-08-10,3.5,3.5,132,0,2025-05-08:3.5,Closed lost,lost_capacity,,NO_CAPACITY;Customer Disengagement or Cancellation,Lost Deal,us-central1 – Kansas,84,0.0
2026-09-16,169963935964,222942981353,H200,gpu,,256,12.01,RESERVE,PREPAID,0,2025-06-05,2.0,2025-06-23,2026-08-10,2.0,2.0,124,0,2025-06-05:2,Closed lost,lost_other,,Customer Disengagement or Cancellation,Lost Deal,us-central1 – Kansas,18,0.0
2026-09-16,183660004596,224285735125,H200,gpu,,64,0.33,PAYG,PREPAID,0,2025-06-26,3.5,2025-08-14,2026-08-10,3.5,3.5,118,0,2025-06-26:3.5,Closed lost,lost_other,,Customer Disengagement or Cancellation,Lost Deal,eu-west1 – Paris,49,0.0
2026-09-16,195335270627,240357638342,H200,gpu,,1000,3.75,RESERVE,POSTPAID,0,2025-07-14,1.9,2025-09-08,2026-08-10,1.9,1.9,113,0,2025-07-14:1.9,Closed won,won,2025-09-08,,Approved,eu-west1 – Paris,56,0.0
2026-09-16,208869360856,240357638342,H200,gpu,,500,5.0,RESERVE,POSTPAID,0,2025-07-28,1.9,2025-09-08,2025-09-15,1.9,1.9,15,0,2025-07-28:1.9,Closed won,won,2025-09-08,,Approved,us-central1 – Kansas,42,0.0
2026-09-16,209970585841,267722992869,B200,gpu,,8,0.3,TESTING,NO_PAYMENT,0,2025-07-31,5.5,2025-08-28,2026-08-10,5.5,5.5,108,0,2025-07-31:5.5,Closed lost,lost_other,,PoC Performance,Lost Deal,us-central1 – Kansas,28,0.0
2026-09-16,227741079792,281867217126,H200,gpu,,128,7.5,RESERVE,PREPAID,0,2025-08-25,1.9,2025-08-25,2025-08-25,1.9,1.9,1,0,2025-08-25:1.9,Prospect,open_at_freeze,,,Waiting For Approval,Nemax,0,0.0
2026-09-16,235322728673,16659176912,H100,gpu,,40,0.2,PROMO,NO_PAYMENT,0,2025-09-01,2.95,2025-09-01,2026-08-10,2.95,2.95,99,0,2025-09-01:2.95,Closed won,won,2025-09-01,,Waiting For Approval,Nemax,0,0.0
2026-09-16,236938576115,261525105904,H200,gpu,,2048,12.01,RESERVE,PREPAID,0,2025-09-04,3.5,2025-09-18,2025-10-13,1.8,1.08,12,1,2025-09-04:3.5>2025-10-13:1.8,Commercial Proposal,open_at_freeze,,,Waiting For Approval,us-central1 – Kansas,14,-69.1
2026-09-16,240367678680,305751743692,B200,gpu,,32,0.99,RESERVE,,0,2025-09-11,5.5,2025-10-30,2026-08-10,5.5,5.5,96,0,2025-09-11:5.5,Closed lost,lost_other,,Customer Disengagement or Cancellation,Lost Deal,me-west1 - Israel,49,0.0
2026-09-16,241379260653,306372901056,H100,gpu,,104,4.67,RESERVE,PREPAID,0,2025-09-11,1.5,2025-09-11,2025-09-15,1.5,1.5,2,0,2025-09-11:1.5,Prospect,open_at_freeze,,,Waiting For Approval,Nemax,0,0.0
2026-09-16,242645022913,295402501356,B300,gpu,,256,12.01,RESERVE,PREPAID,0,2025-09-15,4.0,2025-09-15,2026-08-10,4.0,4.0,95,0,2025-09-15:4,Closed lost,lost_capacity,,NO_CAPACITY,Lost Deal,uk-south1 – UK,0,0.0
2026-09-16,255443397839,321302351048,GB200,gpu,72,72,12.01,RESERVE,PREPAID,0,2025-10-02,5.0,2025-12-01,2026-08-10,5.0,5.0,90,0,2025-10-02:5,Closed lost,lost_other,,Customer Disengagement or Cancellation,Lost Deal,Nemax,60,0.0
2026-09-16,255540675828,282635651302,H100,gpu,,512,3.03,RESERVE,PREPAID,0,2025-10-02,1.65,2025-11-17,2026-08-10,1.65,1.65,90,0,2025-10-02:1.65,Closed lost,lost_price_or_competitor,,Pricing and Billing Issues;Customer Disengagement or Cancellation,Lost Deal,Nemax,46,0.0
2026-09-16,261724484831,327162137798,H200,gpu,,64,5.62,RESERVE,,0,2025-10-09,3.5,2025-10-09,2026-08-10,3.5,3.5,88,0,2025-10-09:3.5,Closed lost,lost_capacity,,NO_CAPACITY,Waiting For Approval,,0,0.0
2026-09-16,265120763121,330494378210,B200,gpu,,928,6.35,RESERVE,PREPAID,0,2025-10-13,3.6,2025-11-03,2026-08-10,3.6,3.6,87,0,2025-10-13:3.6,Closed lost,lost_capacity,,NO_CAPACITY;Competitor Chosen,Lost Deal,me-west1 - Israel,21,0.0
2026-09-16,297892225227,363660477636,B300,gpu,,128,6.02,RESERVE,PREPAID,0,2025-11-06,3.7,2025-11-17,2026-08-10,3.7,3.7,80,0,2025-11-06:3.7,Closed lost,lost_capacity,,NO_CAPACITY;Customer Disengagement or Cancellation,Lost Deal,uk-south1 – UK,11,0.0
2026-09-16,305099224285,366351252701,H100,gpu,,1024,11.97,RESERVE,POSTPAID,0,2025-11-13,1.5,2025-11-13,2025-11-13,1.5,1.5,1,0,2025-11-13:1.5,Prospect,open_at_freeze,,,Waiting For Approval,Nemax,0,0.0
2026-09-16,306363614408,274774657251,B200,gpu,,16,11.97,RESERVE,PREPAID,0,2025-11-13,3.5,2025-11-26,2026-08-10,3.5,3.5,78,0,2025-11-13:3.5,Closed won,won,2025-11-26,,Approved,us-central1 – Kansas,13,0.0
2026-09-16,324816393437,389301587181,B300,gpu,,16,6.25,RESERVE,POSTPAID,0,2025-12-01,3.0,2026-05-18,2026-08-10,3.0,3.0,73,0,2025-12-01:3,Closed lost,lost_other,,Customer Disengagement or Cancellation,Lost Deal,uk-south1 – UK,168,0.0
2026-09-16,341884053690,397390299326,H100,gpu,,512,17.96,RESERVE,POSTPAID,0,2025-12-15,1.6,2025-12-17,2026-01-05,1.6,1.6,7,0,2025-12-15:1.6,Commercial Proposal,open_at_freeze,,,Approved,Nemax,2,0.0
2026-09-16,345685225690,409575164123,H100,gpu,,8,0.56,TESTING,NO_PAYMENT,0,2025-12-17,2.95,2025-12-17,2026-02-18,2.95,2.95,19,0,2025-12-17:2.95,Technical Validation,open_at_freeze,,,Waiting For Approval,Nemax,0,0.0
2026-09-16,347647257838,411384239349,B300,gpu,,288,10.16,RESERVE,PREPAID,0,2025-12-22,3.4,2026-06-03,2026-08-10,3.4,3.4,25,0,2025-12-22:3.4,Disqualified,disqualified,,Test Deals,Disqualified,me-west1 - Israel,163,0.0
2026-09-16,35322220746,39091889385,H100,gpu,,128,2.04,RESERVE,POSTPAID,0,2024-11-14,2.0,2024-12-03,2026-08-10,2.0,2.0,162,0,2024-11-14:2,Closed won,won,2024-12-03,,Approved,Nemax,19,0.0
2026-09-16,378431072493,437768478938,H100,gpu,,224,12.04,RESERVE,PREPAID,0,2026-01-19,1.64,2026-02-04,2026-08-10,1.61,1.61,59,1,2026-01-19:1.64>2026-01-26:1.61,Closed won,won,2026-02-04,,Approved,Nemax,16,-1.8
2026-09-16,383179187396,421685839041,B200,gpu,,128,0.2,RESERVE,PREPAID,0,2026-01-21,3.9,2026-02-04,2026-08-10,3.9,3.9,58,0,2026-01-21:3.9,Closed won,won,2026-02-04,,Approved,us-central1 – Kansas,14,0.0
2026-09-16,393055456450,451585973481,B200,gpu,,512,12.01,RESERVE,POSTPAID,0,2026-01-28,3.15,2026-02-16,2026-08-10,3.15,3.15,56,0,2026-01-28:3.15,Closed lost,lost_capacity,,NO_CAPACITY,Lost Deal,us-central1 – Kansas,19,0.0
2026-09-16,395419002100,453528636636,B200,gpu,,16,0.49,TESTING,NO_PAYMENT,0,2026-02-02,5.5,2026-02-04,2026-08-10,5.5,5.5,55,0,2026-02-02:5.5,Closed won,won,2026-02-04,,Approved,me-west1 - Israel,2,0.0
2026-09-16,403636353244,354245263605,B200,gpu,,24,0.46,TESTING,NO_PAYMENT,0,2026-02-09,5.5,2026-02-25,2026-08-10,5.5,5.5,53,0,2026-02-09:5.5,Closed won,won,2026-02-25,,Approved,us-central1 – Kansas,16,0.0
2026-09-16,416835981519,473243071723,B200,gpu,,190,3.82,RESERVE,PREPAID,0,2026-02-18,3.1,2026-02-18,2026-03-02,3.1,3.1,4,0,2026-02-18:3.1,Commercial Proposal,open_at_freeze,,,DECLINED,me-west1 - Israel,0,0.0
2026-09-16,422823159020,477915586769,B200,gpu,,16,1.15,TESTING,NO_PAYMENT,0,2026-02-25,5.5,2026-03-25,2026-08-10,5.5,5.5,48,0,2026-02-25:5.5,Technical Validation,open_at_freeze,,,Approved,me-west1 - Israel,28,0.0
2026-09-16,426863345873,169184456927,H100,gpu,,10,0.03,PAYG,PREPAID,0,2026-03-02,3.1,2026-06-01,2026-08-10,3.1,3.1,47,0,2026-03-02:3.1,Disqualified,disqualified,,Test Deals,Disqualified,uk-south1 – UK,91,0.0
2026-09-16,43209496778,36612373719,H200,gpu,,16,0.2,TESTING,NO_PAYMENT,0,2024-11-26,3.5,2024-11-26,2025-11-10,3.5,3.5,82,0,2024-11-26:3.5,Prospect,open_at_freeze,,,Disqualified,Nemax,0,0.0
2026-09-16,435773657302,486002687175,H100,gpu,,16,0.66,TESTING,NO_PAYMENT,0,2026-03-09,2.95,2026-05-11,2026-08-10,2.95,2.95,45,0,2026-03-09:2.95,Closed won,won,2026-05-11,,Approved,Nemax,63,0.0
2026-09-16,442191950073,494058818786,B200,gpu,,48,2.99,RESERVE,POSTPAID,0,2026-03-18,3.5,2026-03-30,2026-08-10,3.5,3.5,42,0,2026-03-18:3.5,Closed won,won,2026-03-30,,Approved,me-west1 - Israel,12,0.0
2026-09-16,446477272305,487967781053,B300,gpu,,32,0.43,TESTING,NO_PAYMENT,0,2026-03-30,7.1,2026-07-01,2026-08-10,7.1,7.1,39,0,2026-03-30:7.1,Closed won,won,2026-07-01,,Approved,uk-south1 – UK,93,0.0
2026-09-16,447641765109,496775156929,B300,gpu,,192,24.05,RESERVE,POSTPAID,0,2026-04-06,5.28,2026-07-01,2026-08-10,5.3,5.3,37,3,2026-04-06:5.28>2026-04-22:5.2>2026-04-27:5.4>2026-05-04:5.3,Closed won,won,2026-07-01,,Approved,eu-west2 – Paris,86,0.4
2026-09-16,450814980306,496835358925,H200,gpu,,16,0.33,TESTING,NO_PAYMENT,0,2026-04-20,3.5,2026-04-20,2026-05-11,3.5,3.5,7,0,2026-04-20:3.5,Technical Validation,open_at_freeze,,,Waiting For Approval,,0,0.0
2026-09-16,451763633377,499414335723,GB300,rack,72,144,12.01,RESERVE,PREPAID,0,2026-04-22,9.2,2026-05-13,2026-08-10,9.2,9.2,32,0,2026-04-22:9.2,Closed lost,lost_other,,Duplicate deal,Lost Deal,eu-west2 – Paris,21,0.0
2026-09-16,456583439600,502452930781,B300,gpu,,512,36.02,RESERVE,PREPAID,0,2026-05-13,4.7,2026-07-20,2026-08-10,4.7,4.7,26,0,2026-05-13:4.7,Closed lost,lost_price_or_competitor,,Competitor Chosen,Lost Deal,eu-south1 – Madrid,68,0.0
2026-09-16,457702759666,443241703640,H100,gpu,,168,12.01,RESERVE,PREPAID,0,2026-05-18,2.3,2026-07-13,2026-08-10,2.45,2.45,25,1,2026-05-18:2.3>2026-06-24:2.45,Closed won,won,2026-07-13,,Approved,Nemax,56,6.5
2026-09-16,458925637879,495031352558,H200,gpu,,48,15.99,RESERVE,PREPAID,0,2026-05-25,2.05,2026-06-01,2026-08-10,2.05,2.05,23,0,2026-05-25:2.05,Closed won,won,2026-06-01,,Approved,eu-west1 – Paris,7,0.0
2026-09-16,460713171184,505031979252,H100,gpu,,30,12.01,RESERVE,PREPAID,0,2026-06-03,3.09,2026-06-03,2026-08-10,3.09,3.09,20,0,2026-06-03:3.09,Disqualified,disqualified,,Duplicate deal,Disqualified,eu-west2 – Paris,0,0.0
2026-09-16,462367963325,505802395872,B300,gpu,,1000,11.97,RESERVE,PREPAID,0,2026-06-10,5.1,2026-07-13,2026-08-10,5.27,5.27,18,2,2026-06-10:5.1>2026-06-15:5.26>2026-06-22:5.27,Closed lost,lost_price_or_competitor,,Pricing and Billing Issues,Lost Deal,eu-south1 – Madrid,33,3.3
2026-09-16,462388344045,505829458155,H100,gpu,,2,0.13,TESTING,PREPAID,0,2026-06-15,3.09,2026-06-29,2026-08-10,3.09,3.09,17,0,2026-06-15:3.09,Disqualified,disqualified,,Customer Disengagement or Cancellation,Lost Deal,uk-south1 – UK,14,0.0
2026-09-16,46444918981,53211799801,H200,gpu,,8,1.12,RESERVE,PREPAID,0,2024-11-26,3.1,2025-02-03,2026-08-10,3.1,3.1,160,0,2024-11-26:3.1,Disqualified,disqualified,,Customer Disengagement or Cancellation,Disqualified,eu-west1 – Paris,69,0.0
2026-09-16,46453973233,47123716307,H100,gpu,,8,11.97,RESERVE,POSTPAID,0,2024-11-26,1.9,2024-12-03,2026-08-10,1.9,1.9,160,0,2024-11-26:1.9,Closed won,won,2024-12-03,,Approved,Nemax,7,0.0
2026-09-16,466057192693,506976085216,B200,gpu,,1000,12.01,RESERVE,PREPAID,0,2026-06-29,5.06,2026-07-01,2026-08-10,5.06,5.06,13,0,2026-06-29:5.06,Closed lost,lost_capacity,,NO_CAPACITY,Lost Deal,us-central1 – Kansas,2,0.0
2026-09-16,467823509742,509447049442,H200,gpu,,128,24.01,RESERVE,PREPAID,0,2026-07-08,2.95,2026-08-05,2026-08-10,2.75,2.75,10,1,2026-07-08:2.95>2026-07-13:2.75,Closed lost,lost_other,,Customer Disengagement or Cancellation,Lost Deal,us-central1 – Kansas,28,-6.8
2026-09-16,467826446560,509473294567,B300,gpu,,1480,11.97,RESERVE,PREPAID,0,2026-07-08,5.3,2026-07-08,2026-08-10,5.3,5.3,8,0,2026-07-08:5.3,Technical Validation,open_at_freeze,,,Waiting For Approval,us-north1 – Minnesota,0,0.0
2026-09-16,467897873596,508411805886,H100,gpu,,64,36.05,RESERVE,PREPAID,0,2026-07-08,3.85,2026-07-15,2026-08-10,3.85,3.85,10,0,2026-07-08:3.85,Closed lost,lost_price_or_competitor,,Competitor Chosen,Lost Deal,Nemax,7,0.0
2026-09-16,470593325265,510545524938,H200,gpu,,64,8.95,RESERVE,PREPAID,0,2026-07-20,3.24,2026-07-20,2026-07-29,3.24,3.24,4,0,2026-07-20:3.24,Prospect,open_at_freeze,,,Waiting For Approval,,0,0.0
2026-09-16,476752636122,515290290382,GB300,rack,72,4032,24.05,RESERVE,PREPAID,0,2026-08-10,5.8333,2026-08-10,2026-08-10,5.8333,5.8333,1,0,2026-08-10:5.8333,Prospect,open_at_freeze,,,Waiting For Approval,me-west2 – Masmia Israel,0,0.0
2026-09-16,48038765776,58443469022,H100,gpu,,1024,11.97,RESERVE,PREPAID,0,2024-12-03,2.0,2024-12-17,2026-08-10,2.0,2.0,159,0,2024-12-03:2,Disqualified,disqualified,,Customer Disengagement or Cancellation,Disqualified,Nemax,14,0.0
2026-09-16,50024163568,61425979596,H100,gpu,,512,2.99,PAYG,POSTPAID,0,2024-12-03,2.0,2024-12-03,2025-02-03,2.0,2.0,8,0,2024-12-03:2,Prospect,open_at_freeze,,,Waiting For Approval,Nemax,0,0.0
2026-09-16,50128104685,61556704478,H100,gpu,,1,0.2,TESTING,NO_PAYMENT,0,2024-12-10,2.95,2025-02-24,2026-08-10,2.95,2.95,158,0,2024-12-10:2.95,Closed lost,lost_other,,Test Deals,Lost Deal,Nemax,76,0.0
2026-09-16,60502160591,71298662616,H200,gpu,,8,1.02,PAYG,PREPAID,0,2024-12-17,3.5,2025-01-07,2026-08-10,3.5,3.5,157,0,2024-12-17:3.5,Closed won,won,2025-01-07,,Approved,eu-west1 – Paris,21,0.0
2026-09-16,8487904743,10624796900,H100,gpu,,64,0.46,PAYG,POSTPAID,1,2024-10-15,4.85,2024-10-15,2026-08-10,4.85,4.85,166,0,2024-10-15:4.85,Closed won,won,2024-10-15,,Disqualified,Finland,0,0.0
2026-09-16,8535723724,10956030411,H100,gpu,,256,1.48,RESERVE,PREPAID,1,2024-10-15,4.85,2024-10-15,2026-08-10,4.85,4.85,166,0,2024-10-15:4.85,Closed lost,lost_other,,Insufficient Capabilities,Disqualified,Finland,0,0.0
2026-09-16,9141467092,12055612602,H100,gpu,,128,1.02,RESERVE,POSTPAID,1,2024-10-15,3.0,2024-10-15,2026-08-10,3.0,3.0,166,0,2024-10-15:3,Closed lost,lost_price_or_competitor,,Competitor Chosen,Disqualified,Finland,0,0.0
2026-09-16,9304160498,12348324300,H100,gpu,,8,2.01,PAYG,POSTPAID,1,2024-10-15,4.85,2024-10-15,2026-08-10,4.85,4.85,166,0,2024-10-15:4.85,Disqualified,disqualified,,Customer Disengagement or Cancellation,Disqualified,Finland,0,0.0
2026-09-16,10064859581,11061536187,H100,gpu,,128,14.64,INTERNAL,NO_PAYMENT,1,2024-10-15,4.85,2024-10-15,2026-08-10,4.85,4.85,166,0,2024-10-15:4.85,Closed won,won,2024-10-15,,Approved,Finland,0,0.0
2026-09-16,10892720323,14936761806,H100,gpu,,8,2.8,PAYG,POSTPAID,1,2024-10-15,3.5,2024-10-15,2026-08-10,3.5,3.5,166,0,2024-10-15:3.5,Closed won,won,2024-10-15,,Approved,Finland,0,0.0
2026-09-16,10957648092,15446337781,H100,gpu,,1024,4.01,RESERVE,PREPAID,1,2024-10-15,2.33,2024-10-15,2026-08-10,2.33,2.33,166,0,2024-10-15:2.33,Closed won,won,2024-10-15,,Approved,Finland,0,0.0
2026-09-16,111119047919,146255315172,H100,gpu,,512,6.02,RESERVE,POSTPAID,0,2025-03-10,2.95,2025-03-27,2026-08-10,2.95,1.77,147,0,2025-03-10:2.95,Closed lost,lost_price_or_competitor,,Competitor Chosen,Lost Deal,Nemax,17,-40.0
2026-09-16,124968398021,167703031997,H200,gpu,,128,2.53,RESERVE,PREPAID,0,2025-03-31,2.13,2025-05-22,2026-08-10,2.13,2.13,143,0,2025-03-31:2.13,Closed won,won,2025-05-22,,Approved,eu-west1 – Paris,52,0.0
2026-09-16,132874233064,178343790828,H100,gpu,,8,0.43,TESTING,NO_PAYMENT,0,2025-04-17,2.95,2025-04-17,2025-04-21,2.95,2.95,2,0,2025-04-17:2.95,Technical Validation,open_at_freeze,2025-05-26,,Waiting For Approval,Nemax,0,0.0
2026-09-16,132923163834,178343879893,B200,gpu,,8,3.03,RESERVE,POSTPAID,0,2025-04-17,3.2,2025-04-17,2026-08-10,3.2,3.2,138,0,2025-04-17:3.2,Closed lost,lost_other,,Test Deals,Lost Deal,us-central1 – Kansas,0,0.0
2026-09-16,140180340937,180288954617,H100,gpu,,16,2.99,PAYG,PREPAID,0,2025-04-28,2.0,2025-05-01,2025-06-19,2.0,2.0,16,0,2025-04-28:2,Commercial Proposal,open_at_freeze,,,Waiting For Approval,Nemax,3,0.0
2026-09-16,151051244792,202506691823,B200,gpu,,256,2.99,RESERVE,PREPAID,0,2025-05-12,3.0,2025-06-23,2026-08-10,3.4,3.4,131,3,2025-05-12:3>2025-05-15:3.3>2025-05-19:3.2>2025-05-22:3.4,Closed lost,lost_price_or_competitor,,Pricing and Billing Issues,Lost Deal,us-central1 – Kansas,42,13.3
2026-09-16,166439348425,222899502312,H200,gpu,,700,12.01,PAYG,PREPAID,0,2025-05-29,1.9,2025-06-23,2026-08-10,1.9,1.9,126,0,2025-05-29:1.9,Disqualified,disqualified,,Test Deals,Disqualified,us-central1 – Kansas,25,0.0
2026-09-16,172105939176,231242608833,H200,gpu,,192,11.97,RESERVE,POSTPAID,0,2025-06-09,2.25,2025-11-17,2026-08-10,2.15,2.15,123,1,2025-06-09:2.25>2025-09-25:2.15,Closed won,won,2025-11-17,,Approved,us-central1 – Kansas,161,-4.4
2026-09-16,182415277283,245255064766,H100,gpu,,16,1.97,RESERVE,POSTPAID,0,2025-06-23,2.0,2025-08-18,2026-08-10,2.0,2.0,119,0,2025-06-23:2,Closed won,won,2025-08-18,,Disqualified,Nemax,56,0.0
2026-09-16,18755197425,22866602179,H100,gpu,,40,5.92,PAYG,PREPAID,1,2024-10-15,2.4,2024-11-26,2026-08-10,2.4,2.4,166,0,2024-10-15:2.4,Closed won,won,2024-11-26,,Approved,Nemax,42,0.0
2026-09-16,19071013625,23052568550,H100,gpu,,512,23.98,RESERVE,PREPAID,0,2024-10-22,1.9,2024-11-14,2026-08-10,1.9,1.9,165,0,2024-10-22:1.9,Closed won,won,2024-11-14,,Disqualified,Nemax,23,0.0
2026-09-16,215431862514,237747412166,B200,gpu,,48,0.95,RESERVE,PREPAID,0,2025-08-07,5.5,2025-08-11,2025-09-25,5.5,5.5,15,0,2025-08-07:5.5,Prospect,open_at_freeze,,,Waiting For Approval,us-central1 – Kansas,4,0.0
2026-09-16,221752891624,286718311650,B200,gpu,,64,1.45,RESERVE,POSTPAID,0,2025-08-14,5.5,2025-08-25,2026-08-10,3.5,3.5,104,1,2025-08-14:5.5>2025-08-25:3.5,Closed won,won,2025-08-25,,Approved,us-central1 – Kansas,11,-36.4
2026-09-16,235972478152,300721459435,B200,gpu,,16,6.18,RESERVE,PREPAID,0,2025-09-04,2.9,2025-11-24,2026-08-10,2.9,2.9,98,0,2025-09-04:2.9,Closed lost,lost_other,,Customer Disengagement or Cancellation,Lost Deal,me-west1 - Israel,81,0.0
2026-09-16,237665617142,301840033997,H200,gpu,,32,5.95,RESERVE,PREPAID,0,2025-09-08,1.9,2025-09-11,2026-08-10,1.9,1.9,97,0,2025-09-08:1.9,Closed won,won,2025-09-11,,Approved,us-central1 – Kansas,3,0.0
2026-09-16,245672756467,311146392809,H200,gpu,,32,5.92,RESERVE,POSTPAID,0,2025-09-18,1.95,2025-11-06,2026-08-10,1.95,1.95,94,0,2025-09-18:1.95,Closed lost,lost_price_or_competitor,,Pricing and Billing Issues,Lost Deal,Nemax,49,0.0
2026-09-16,254344132819,319804986579,B200,gpu,,1024,12.01,,,0,2025-10-02,2.95,2025-10-16,2026-08-10,2.95,2.95,90,0,2025-10-02:2.95,Closed lost,lost_capacity,,NO_CAPACITY,Lost Deal,me-west1 - Israel,14,0.0
2026-09-16,261544859871,320947906792,H200,gpu,,224,6.35,RESERVE,PREPAID,0,2025-10-06,2.3,2025-11-03,2026-08-10,1.8,1.8,89,2,2025-10-06:2.3>2025-10-20:1.9>2025-10-23:1.8,Closed lost,lost_capacity,,Competitor Chosen;Insufficient Capabilities;NO_CAPACITY,Lost Deal,Nemax,28,-21.7
2026-09-16,301987127490,367596573920,H100,gpu,,208,1.68,PAYG,PREPAID,0,2025-11-10,2.0,2025-11-10,2025-12-08,2.0,2.0,9,0,2025-11-10:2,Prospect,open_at_freeze,,,Waiting For Approval,Nemax,0,0.0
2026-09-16,306787211495,322581498042,B300,gpu,,1024,12.01,RESERVE,PREPAID,0,2025-11-13,3.2,2026-03-04,2026-08-10,3.2,3.2,78,0,2025-11-13:3.2,Closed lost,lost_other,,Customer Disengagement or Cancellation,Lost Deal,uk-south1 – UK,111,0.0
2026-09-16,308366786776,373925964000,H100,gpu,,1024,6.05,RESERVE,PREPAID,0,2025-12-01,1.6,2025-12-15,2025-12-15,1.6,1.6,5,0,2025-12-01:1.6,Technical Validation,open_at_freeze,,Pricing and Billing Issues,Lost Deal,Nemax,14,0.0
2026-09-16,352015061178,416716466393,H100,gpu,,16,12.4,TESTING,NO_PAYMENT,0,2025-12-24,1.9,2026-06-03,2026-08-10,1.9,1.9,38,0,2025-12-24:1.9,Disqualified,disqualified,,NO_CAPACITY,Disqualified,Nemax,161,0.0
2026-09-16,432615188722,486201064664,B300,gpu,,80,18.06,RESERVE,,0,2026-03-04,4.8,2026-03-25,2026-08-10,4.92,4.92,46,2,2026-03-04:4.8>2026-03-09:5>2026-03-16:4.92,Closed lost,lost_capacity,,NO_CAPACITY,Lost Deal,eu-west2 – Paris,21,2.5
2026-09-16,440561844429,486010868934,B300,gpu,,500,12.01,RESERVE,PREPAID,0,2026-03-16,5.75,2026-07-20,2026-08-10,5.75,5.75,43,0,2026-03-16:5.75,Closed lost,lost_price_or_competitor,,Pricing and Billing Issues,Lost Deal,uk-south1 – UK,126,0.0
2026-09-16,44177565895,16310655177,H100,gpu,,288,0.33,RESERVE,POSTPAID,0,2024-11-26,2.1,2025-02-17,2026-08-10,2.1,2.1,160,0,2024-11-26:2.1,Closed won,won,2025-02-17,,DECLINED,Nemax,83,0.0
2026-09-16,442191961293,494191382759,B300,gpu,,256,24.05,RESERVE,PREPAID,0,2026-03-18,4.92,2026-03-18,2026-08-10,4.92,4.92,42,0,2026-03-18:4.92,Prospect,open_at_freeze,,,Waiting For Approval,eu-west2 – Paris,0,0.0
2026-09-16,445010358478,495227812042,B200,gpu,,16,2.99,RESERVE,POSTPAID,0,2026-03-25,2.5,2026-08-05,2026-08-10,2.5,2.5,40,0,2026-03-25:2.5,Disqualified,disqualified,,NO_CAPACITY,Lost Deal,me-west1 - Israel,133,0.0
2026-09-16,445010998495,338948630744,H100,gpu,,32,0.13,TESTING,NO_PAYMENT,0,2026-03-25,2.95,2026-05-04,2026-08-10,2.95,2.95,40,0,2026-03-25:2.95,Closed lost,lost_price_or_competitor,,Pricing and Billing Issues;Competitor Chosen,Lost Deal,Nemax,40,0.0
2026-09-16,449772422358,495031352558,H200,gpu,,128,24.05,RESERVE,PREPAID,0,2026-04-13,2.05,2026-06-01,2026-08-10,2.05,2.05,35,0,2026-04-13:2.05,Closed won,won,2026-06-01,,Approved,eu-west1 – Paris,49,0.0
2026-09-16,454149686506,501311724753,H200,gpu,,24,11.97,RESERVE,POSTPAID,0,2026-05-04,2.9,2026-05-11,2026-05-11,2.9,2.9,3,0,2026-05-04:2.9,Agreement signing,open_at_freeze,,,Waiting for Business Approval,eu-west1 – Paris,7,0.0
2026-09-16,45780521186,53939568889,H200,gpu,,40,2.43,PAYG,POSTPAID,0,2024-11-26,3.5,2024-12-17,2026-08-10,3.5,3.5,160,0,2024-11-26:3.5,Closed won,won,2024-12-17,,Approved,eu-west1 – Paris,21,0.0
2026-09-16,458709656819,498503380201,GB300,rack,72,4032,12.01,RESERVE,PREPAID,0,2026-05-25,9.2,2026-05-25,2026-08-10,9.2,5.4281,23,0,2026-05-25:9.2,Prospect,open_at_freeze,,,Waiting For Approval,us-south1 – Oklahoma,0,-41.0
2026-09-16,458926652648,503984059626,B300,gpu,,128,11.94,RESERVE,PREPAID,0,2026-05-25,5.1,2026-05-25,2026-08-10,5.1,5.1,23,0,2026-05-25:5.1,Prospect,open_at_freeze,,,Waiting For Approval,eu-south1 – Madrid,0,0.0
2026-09-16,460469526735,504941903084,H200,gpu,,176,11.97,RESERVE,PREPAID,0,2026-06-01,2.95,2026-06-24,2026-08-10,2.95,2.95,21,0,2026-06-01:2.95,Closed lost,lost_other,,Duplicate deal,Lost Deal,us-central1 – Kansas,23,0.0
2026-09-16,463167196401,506129210554,B200,gpu,,512,12.01,RESERVE,POSTPAID,0,2026-06-17,5.1,2026-06-29,2026-08-10,5.1,5.1,16,0,2026-06-17:5.1,Prospect,open_at_freeze,,,Waiting For Approval,us-central1 – Kansas,12,0.0
2026-09-16,466050698427,508099339493,B200,gpu,,640,12.01,RESERVE,PREPAID,0,2026-06-29,5.3,2026-06-29,2026-07-01,5.3,5.3,2,0,2026-06-29:5.3,Commercial Proposal,open_at_freeze,,,Waiting for Business Approval,us-central1 – Kansas,0,0.0
2026-09-16,467822039284,509445587165,B300,gpu,,24,11.97,RESERVE,PREPAID,0,2026-07-08,5.25,2026-08-03,2026-08-10,5.25,5.25,10,0,2026-07-08:5.25,Technical Validation,open_at_freeze,,,Waiting For Approval,eu-south1 – Madrid,26,0.0
2026-09-16,472535108813,511947422954,B200,gpu,,24,12.01,RESERVE,PREPAID,0,2026-07-27,5.68,2026-07-27,2026-07-27,5.68,5.68,1,0,2026-07-27:5.68,Prospect,open_at_freeze,,,Waiting For Approval,us-central1 – Kansas,0,0.0
2026-09-16,474467331309,446427917548,B200,gpu,,96,12.01,RESERVE,PREPAID,0,2026-08-03,5.1,2026-08-03,2026-08-10,5.1,5.1,3,0,2026-08-03:5.1,Technical Validation,open_at_freeze,,,Waiting For Approval,us-central1 – Kansas,0,0.0
2026-09-16,47555232987,45646178539,H200,gpu,,128,0.07,PAYG,POSTPAID,0,2024-12-03,2.3,2024-12-03,2024-12-03,2.3,2.3,1,0,2024-12-03:2.3,Commercial Proposal,open_at_freeze,,,Disqualified,eu-west1 – Paris,0,0.0
2026-09-16,57465217245,57164800238,H200,gpu,,1040,0.46,TESTING,PREPAID,0,2024-12-17,4.85,2025-01-27,2026-08-10,4.85,4.85,157,0,2024-12-17:4.85,Closed lost,lost_other,,Insufficient Capabilities;Customer Disengagement or Cancellation,Lost Deal,Nemax,41,0.0
2026-09-16,76913370360,62291735747,H200,gpu,,16,5.95,PAYG,POSTPAID,0,2025-01-13,3.0,2025-01-20,2026-08-10,3.0,3.0,155,0,2025-01-13:3,Closed won,won,2025-01-20,,Approved,eu-west1 – Paris,7,0.0
2026-09-16,8273805266,10321069034,H100,gpu,,1,6.02,RESERVE,POSTPAID,1,2024-10-15,4.85,2024-12-17,2026-08-10,4.85,3.88,166,0,2024-10-15:4.85,Closed lost,lost_other,2024-10-15,Customer Disengagement or Cancellation,Lost Deal,Finland,63,-20.0
2026-09-16,83149916377,107540818159,H100,gpu,,16,0.59,TESTING,POSTPAID,0,2025-01-27,2.95,2025-01-27,2026-08-10,2.95,2.95,153,0,2025-01-27:2.95,Closed won,won,2025-01-27,,Approved,Nemax,0,0.0
2026-09-16,8517524212,9772985039,H100,gpu,,24,8.42,PAYG,POSTPAID,1,2024-10-15,4.85,2024-10-15,2026-08-10,4.85,4.37,166,0,2024-10-15:4.85,Closed won,won,2024-10-15,,DECLINED,Finland,0,-9.9
2026-09-16,8546531260,10894848227,H100,gpu,,2,2.01,PAYG,POSTPAID,1,2024-10-15,4.85,2024-10-15,2026-08-10,4.85,3.88,166,0,2024-10-15:4.85,Closed won,won,2024-10-15,,Approved,Finland,0,-20.0
2026-09-16,8637738977,10624796900,H100,gpu,,64,8.36,RESERVE,PREPAID,1,2024-10-15,4.85,2024-10-15,2026-08-10,4.85,4.85,166,0,2024-10-15:4.85,Closed won,won,2024-10-15,,Approved,Finland,0,0.0
2026-09-16,8654328560,11253189596,H100,gpu,,256,5.99,RESERVE,PREPAID,1,2024-10-15,4.85,2024-10-15,2026-08-10,4.85,4.85,166,0,2024-10-15:4.85,Closed won,won,2024-10-15,,Disqualified,Finland,0,0.0
2026-09-16,87013663960,108791864522,H100,gpu,,100,0.99,PAYG,POSTPAID,0,2025-02-03,1.8,2025-02-10,2026-08-10,1.8,1.8,152,0,2025-02-03:1.8,Closed lost,lost_price_or_competitor,,Competitor Chosen,Lost Deal,Nemax,7,0.0
2026-09-16,8790706921,10624796900,H100,gpu,,128,7.43,RESERVE,PREPAID,1,2024-10-15,2.8,2024-10-15,2026-08-10,2.8,2.8,166,0,2024-10-15:2.8,Closed won,won,2024-10-15,,Disqualified,Finland,0,0.0
2026-09-16,89346893021,116621459690,H200,gpu,,64,2.99,PAYG,POSTPAID,0,2025-02-03,3.5,2025-02-10,2026-08-10,3.5,3.5,152,0,2025-02-03:3.5,Closed won,won,2025-02-10,,Approved,eu-west1 – Paris,7,0.0
2026-09-16,92996362441,121620113636,H200,gpu,,16,0.46,PROMO,NO_PAYMENT,0,2025-02-10,3.5,2025-02-17,2026-08-10,3.5,3.5,151,0,2025-02-10:3.5,Disqualified,disqualified,,Test Deals,Disqualified,eu-west1 – Paris,7,0.0
2026-09-16,96862054586,115302927608,H200,gpu,,536,0.33,INTERNAL,NO_PAYMENT,0,2025-02-17,3.5,2025-02-17,2026-08-10,3.5,3.5,150,0,2025-02-17:3.5,Closed won,won,2025-02-17,,Disqualified,Nemax,0,0.0
2026-09-16,98768721086,129299636459,H100,gpu,,16,0.46,TESTING,NO_PAYMENT,0,2025-02-17,2.95,2025-06-19,2026-08-10,2.95,2.95,150,0,2025-02-17:2.95,Disqualified,disqualified,,Test Deals,Disqualified,Nemax,122,0.0
2026-09-16,10436841160,14750250739,H100,gpu,,80,0.07,TESTING,NO_PAYMENT,1,2024-10-15,4.85,2024-10-15,2026-08-10,4.85,4.85,166,0,2024-10-15:4.85,Closed won,won,2024-10-15,,Approved,Finland,0,0.0
2026-09-16,10539727600,14930420469,H100,gpu,,1,0.1,RESERVE,PREPAID,1,2024-10-15,32.0,2024-10-15,2026-08-10,32.0,32.0,166,0,2024-10-15:32,Closed lost,lost_other,,Customer Disengagement or Cancellation,Lost Deal,Finland,0,0.0
2026-09-16,107674278074,141396252905,H100,gpu,,16,0.13,TESTING,NO_PAYMENT,0,2025-03-03,2.95,2025-03-03,2026-08-10,2.95,2.95,148,0,2025-03-03:2.95,Disqualified,disqualified,,Test Deals,Error: Fix the GC ticket in the Deal,Nemax,0,0.0
2026-09-16,10855314661,15207231183,H100,gpu,,16,0.43,TESTING,NO_PAYMENT,1,2024-10-15,4.85,2024-10-15,2026-08-10,4.85,4.85,166,0,2024-10-15:4.85,Closed won,won,2024-10-15,,Approved,Finland,0,0.0
2026-09-16,109830957257,143435244756,H200,gpu,,192,0.99,RESERVE,PREPAID,0,2025-03-03,2.3,2025-03-24,2026-08-10,2.3,2.3,148,0,2025-03-03:2.3,Closed won,won,2025-03-24,,Approved,eu-west1 – Paris,21,0.0
2026-09-16,11328115703,16013300185,H100,gpu,,32,2.89,RESERVE,POSTPAID,1,2024-10-15,3.76,2025-04-03,2026-08-10,2.2,2.2,166,1,2024-10-15:3.76>2024-11-14:2.2,Closed lost,lost_other,,Insufficient Capabilities,Lost Deal,Nemax,170,-41.5
2026-09-16,114018122949,150814434550,H200,gpu,,80,0.46,RESERVE,PREPAID,0,2025-03-10,2.59,2025-04-17,2026-08-10,2.3,2.3,147,1,2025-03-10:2.59>2025-03-24:2.3,Closed won,won,2025-04-17,,Approved,Nemax,38,-11.2
2026-09-16,116588158184,16520249832,H200,gpu,,10,0.07,TESTING,NO_PAYMENT,0,2025-03-17,3.5,2025-03-17,2026-08-10,3.5,3.5,146,0,2025-03-17:3.5,Disqualified,disqualified,,Test Deals,Disqualified,us-central1 – Kansas,0,0.0
2026-09-16,121663346933,163133580484,H200,gpu,,1792,4.01,RESERVE,POSTPAID,0,2025-03-24,2.5,2025-03-31,2026-08-10,2.5,2.5,145,0,2025-03-24:2.5,Disqualified,disqualified,,Test Deals,Disqualified,us-central1 – Kansas,7,0.0
2026-09-16,122778682616,164972977379,H200,gpu,,16,7.11,RESERVE,POSTPAID,0,2025-03-27,2.05,2025-04-28,2026-08-10,2.05,2.05,144,0,2025-03-27:2.05,Closed won,won,2025-04-28,,Approved,us-central1 – Kansas,32,0.0
2026-09-16,132365869285,165815792871,H200,gpu,,560,10.3,RESERVE,PREPAID,0,2025-04-14,2.15,2025-05-12,2026-08-10,2.15,2.15,139,0,2025-04-14:2.15,Closed won,won,2025-05-12,,Approved,eu-north2 – Iceland,28,0.0
2026-09-16,147504400584,198432031953,H200,gpu,,8,1.84,TESTING,NO_PAYMENT,0,2025-05-05,3.5,2025-07-17,2026-08-10,3.5,3.5,133,0,2025-05-05:3.5,Disqualified,disqualified,,Test Deals,Disqualified,us-central1 – Kansas,73,0.0
2026-09-16,151535018186,186141733057,H200,gpu,,8,11.97,PAYG,POSTPAID,0,2025-05-15,3.5,2025-05-19,2026-08-10,3.5,3.5,130,0,2025-05-15:3.5,Closed won,won,2025-05-19,,Approved,Nemax,4,0.0
2026-09-16,16589166807,16218215870,H200,gpu,,16,0.2,TESTING,POSTPAID,1,2024-10-15,4.85,2025-01-27,2026-08-10,3.5,3.5,166,1,2024-10-15:4.85>2024-11-05:3.5,Closed lost,lost_other,,Insufficient Capabilities,Lost Deal,Nemax,104,-27.8
2026-09-16,17155854064,21268922856,H100,gpu,,1,0.23,TESTING,NO_PAYMENT,1,2024-10-15,3.5,2025-03-17,2026-08-10,3.5,3.5,165,0,2024-10-15:3.5,Closed lost,lost_other,,Insufficient Capabilities,Lost Deal,Nemax,153,0.0
2026-09-16,187994161375,177798616304,B200,gpu,,8,12.01,RESERVE,POSTPAID,0,2025-07-03,3.7,2025-08-25,2026-08-10,3.4,3.4,116,1,2025-07-03:3.7>2025-07-10:3.4,Closed lost,lost_price_or_competitor,,Pricing and Billing Issues,Lost Deal,us-central1 – Kansas,53,-8.1
2026-09-16,209735487684,250563299526,H200,gpu,,1024,0.99,RESERVE,PREPAID,0,2025-07-31,2.3,2025-09-22,2025-10-09,2.3,2.3,21,0,2025-07-31:2.3,Commercial Proposal,open_at_freeze,,Qualification Oversights,Disqualified,Nemax,53,0.0
2026-09-16,209753984210,250563299526,H100,gpu,,1024,0.99,RESERVE,PREPAID,0,2025-07-31,1.8,2025-09-22,2025-10-09,1.8,1.8,21,0,2025-07-31:1.8,Commercial Proposal,open_at_freeze,,Qualification Oversights,Disqualified,Nemax,53,0.0
2026-09-16,209887528174,274889011387,H200,gpu,,128,12.01,RESERVE,POSTPAID,0,2025-07-31,2.0,2025-08-07,2026-08-10,2.0,2.0,108,0,2025-07-31:2,Closed won,won,2025-08-07,,Approved,us-central1 – Kansas,7,0.0
2026-09-16,212016174328,241517659377,H200,gpu,,64,5.95,RESERVE,PREPAID,0,2025-08-04,2.1,2025-08-04,2025-08-11,2.1,2.1,3,0,2025-08-04:2.1,Commercial Proposal,open_at_freeze,,,DECLINED,Nemax,0,0.0
2026-09-16,222058315969,287024445669,H200,gpu,,16,0.23,TESTING,NO_PAYMENT,0,2025-08-14,3.5,2025-09-04,2026-08-10,3.5,3.5,104,0,2025-08-14:3.5,Closed won,won,2025-09-04,,Approved,eu-west1 – Paris,21,0.0
2026-09-16,236013349080,287026033875,H100,gpu,,16,12.04,PAYG,PREPAID,0,2025-09-04,2.95,2025-09-04,2025-09-18,2.95,2.95,5,0,2025-09-04:2.95,Commercial Proposal,open_at_freeze,,,DECLINED,Nemax,0,0.0
2026-09-16,238116823262,304509127919,H100,gpu,,512,11.97,RESERVE,PREPAID,0,2025-09-08,1.9,2025-10-02,2026-08-10,1.9,1.9,97,0,2025-09-08:1.9,Closed lost,lost_price_or_competitor,,Pricing and Billing Issues,Lost Deal,Nemax,24,0.0
2026-09-16,240451070143,305548360910,B200,gpu,,96,12.04,RESERVE,PREPAID,0,2025-09-11,3.35,2025-09-11,2025-10-13,3.35,3.35,10,0,2025-09-11:3.35,Commercial Proposal,open_at_freeze,,,Pre-Approved,us-central1 – Kansas,0,0.0
2026-09-16,24780588247,23377049804,H100,gpu,,32,1.02,TESTING,NO_PAYMENT,0,2024-10-29,3.5,2025-03-10,2026-08-10,3.5,3.5,164,0,2024-10-29:3.5,Closed lost,lost_other,,Qualification Oversights,Lost Deal,Nemax,132,0.0
2026-09-16,261490557115,320947875044,H200,gpu,,16,12.04,RESERVE,PREPAID,0,2025-10-06,1.8,2025-10-06,2025-10-06,1.8,1.8,1,0,2025-10-06:1.8,Prospect,open_at_freeze,,,Waiting For Approval,eu-west1 – Paris,0,0.0
2026-09-16,264641250521,321055858930,B300,gpu,,16,0.46,TESTING,NO_PAYMENT,0,2025-10-13,7.1,2025-12-15,2026-08-10,7.1,7.1,87,0,2025-10-13:7.1,Closed lost,lost_capacity,,NO_CAPACITY,Lost Deal,uk-south1 – UK,63,0.0
2026-09-16,272814177518,338231386300,H200,gpu,,8,1.32,TESTING,NO_PAYMENT,0,2025-10-20,3.5,2025-12-24,2026-08-10,3.5,3.5,85,0,2025-10-20:3.5,Commercial Proposal,open_at_freeze,,,Waiting For Approval,us-central1 – Kansas,65,0.0
2026-09-16,29333049538,9329424317,H100,gpu,,32,0.46,TESTING,NO_PAYMENT,0,2024-11-05,3.5,2024-11-05,2026-08-10,3.5,3.5,163,0,2024-11-05:3.5,Closed won,won,2024-11-05,,Approved,Nemax,0,0.0
2026-09-16,293355838667,338154019008,B200,gpu,,256,6.45,RESERVE,PREPAID,0,2025-11-03,5.5,2025-12-01,2026-08-10,5.5,3.25,81,0,2025-11-03:5.5,Closed won,won,2025-12-01,,Approved,me-west1 - Israel,28,-40.9
2026-09-16,301064558782,366484473044,B300,gpu,,400,12.01,RESERVE,PREPAID,0,2025-11-10,7.1,2025-12-10,2026-08-10,7.1,3.55,79,0,2025-11-10:7.1,Closed lost,lost_capacity,,NO_CAPACITY;Customer Disengagement or Cancellation,Lost Deal,uk-south1 – UK,30,-50.0
2026-09-16,325016748218,389303990479,H100,gpu,,96,0.82,PAYG,POSTPAID,0,2025-12-01,2.95,2025-12-08,2026-08-10,2.95,2.95,73,0,2025-12-01:2.95,Closed won,won,2025-12-08,,Approved,Nemax,7,0.0
2026-09-16,334486058201,397390299326,B200,gpu,,32,0.95,TESTING,NO_PAYMENT,0,2025-12-08,5.5,2026-05-18,2026-08-10,5.5,5.5,71,0,2025-12-08:5.5,Closed lost,lost_price_or_competitor,,Pricing and Billing Issues,Lost Deal,us-central1 – Kansas,161,0.0
2026-09-16,33978581180,16803993075,H100,gpu,,16,2.86,PAYG,POSTPAID,0,2024-11-14,3.5,2024-11-14,2026-08-10,3.5,3.5,162,0,2024-11-14:3.5,Closed won,won,2024-11-14,,Approved,Nemax,0,0.0
2026-09-16,392660765920,451028311289,B200,gpu,,50,0.03,TESTING,NO_PAYMENT,0,2026-01-26,5.5,2026-06-03,2026-08-10,5.5,5.5,38,0,2026-01-26:5.5,Disqualified,disqualified,,Test Deals,Disqualified,me-west1 - Israel,128,0.0
2026-09-16,402439832795,421686418631,B200,gpu,,16,9.18,RESERVE,POSTPAID,0,2026-02-09,3.5,2026-06-24,2026-08-10,2.5,2.5,53,1,2026-02-09:3.5>2026-03-30:2.5,Closed lost,lost_capacity,,NO_CAPACITY,Lost Deal,me-west1 - Israel,135,-28.6
2026-09-16,403636442358,452301396175,B300,gpu,,4000,0.16,RESERVE,POSTPAID,0,2026-02-09,3.4,2026-02-09,2026-03-09,3.4,3.4,9,0,2026-02-09:3.4,Commercial Proposal,open_at_freeze,,,Waiting for Business Approval,uk-south1 – UK,0,0.0
2026-09-16,411289402554,467645128932,H200,gpu,,200,6.05,RESERVE,POSTPAID,0,2026-02-16,2.0,2026-02-16,2026-08-10,2.0,2.0,51,0,2026-02-16:2,Closed lost,lost_capacity,,NO_CAPACITY,Lost Deal,us-central1 – Kansas,0,0.0
2026-09-16,420539685101,374333613286,B300,gpu,,16,11.97,RESERVE,POSTPAID,0,2026-02-23,3.17,2026-03-25,2026-05-27,5.56,5.56,28,3,2026-02-23:3.17>2026-03-04:3.87>2026-03-30:4.33>2026-04-06:5.56,Commercial Proposal,open_at_freeze,,,Waiting for Business Approval,eu-west1 – Paris,30,75.4
2026-09-16,445003204821,494191382759,B300,gpu,,16,0.46,TESTING,NO_PAYMENT,0,2026-03-25,7.1,2026-03-25,2026-08-10,7.1,7.1,40,0,2026-03-25:7.1,Prospect,open_at_freeze,,,Waiting For Approval,uk-south1 – UK,0,0.0
2026-09-16,448178157786,497050730716,B200,gpu,,8,0.3,TESTING,NO_PAYMENT,0,2026-04-06,5.5,2026-06-03,2026-08-10,5.5,5.5,36,0,2026-04-06:5.5,Disqualified,disqualified,,PoC Performance,Disqualified,me-west1 - Israel,58,0.0
2026-09-16,449752741077,496775476433,H100,gpu,,104,2.93,PAYG,POSTPAID,0,2026-04-13,2.95,2026-04-13,2026-08-10,2.95,2.95,35,0,2026-04-13:2.95,Closed won,won,2026-04-13,,Waiting For Approval,us-central1 – Kansas,0,0.0
2026-09-16,451285086456,499154599127,B300,gpu,,128,12.01,RESERVE,PREPAID,0,2026-04-20,5.56,2026-04-27,2026-08-10,5.56,5.56,33,0,2026-04-20:5.56,Closed lost,lost_capacity,,NO_CAPACITY,Lost Deal,uk-south1 – UK,7,0.0
2026-09-16,452437432569,500197061828,GB300,gpu,72,4032,36.02,RESERVE,PREPAID,0,2026-04-27,9.2,2026-05-04,2026-08-10,4.0,4.0,31,1,2026-04-27:9.2>2026-04-29:4,Commercial Proposal,open_at_freeze,,,Waiting For Approval,eu-west1 – Paris,7,-56.5
2026-09-16,453160280285,500644522191,B200,gpu,,416,0.99,RESERVE,PREPAID,0,2026-04-27,5.0,2026-05-04,2026-08-10,5.0,5.0,31,0,2026-04-27:5,Closed lost,lost_capacity,,NO_CAPACITY,Lost Deal,me-west1 - Israel,7,0.0
2026-09-16,462145282282,505241374908,B300,gpu,,256,23.52,RESERVE,PREPAID,0,2026-06-10,5.0,2026-07-01,2026-08-10,5.05,5.05,18,1,2026-06-10:5>2026-07-13:5.05,Commercial Proposal,open_at_freeze,,,Waiting For Approval,eu-west2 – Paris,21,1.0
2026-09-16,464973130990,500421548233,H100,gpu,,16,12.04,RESERVE,PREPAID,0,2026-06-24,2.6,2026-07-20,2026-08-10,2.6,2.6,14,0,2026-06-24:2.6,Closed lost,lost_capacity,,NO_CAPACITY,Lost Deal,Nemax,26,0.0
2026-09-16,466050716881,508123111654,GB300,rack,72,5040,36.05,RESERVE,POSTPAID,0,2026-06-29,5.25,2026-08-03,2026-08-10,5.25,5.25,13,0,2026-06-29:5.25,Closed lost,lost_capacity,,NO_CAPACITY,Lost Deal,us-south1 – Oklahoma,35,0.0
2026-09-16,466058872044,507631447269,B300,gpu,,16,0.13,TESTING,NO_PAYMENT,0,2026-06-29,7.1,2026-07-06,2026-08-10,7.1,7.1,13,0,2026-06-29:7.1,Closed lost,lost_price_or_competitor,,Pricing and Billing Issues,Lost Deal,uk-south1 – UK,7,0.0
2026-09-16,466422300914,508100622581,VR,gpu,72,4000,12.04,,,0,2026-06-29,6.5,2026-06-29,2026-08-10,6.5,6.5,13,0,2026-06-29:6.5,Prospect,open_at_freeze,,,Waiting For Approval,us-south1 – Oklahoma,0,0.0
2026-09-16,472552875210,502037053660,B300,gpu,,112,6.02,RESERVE,PREPAID,0,2026-07-22,5.05,2026-07-22,2026-08-10,5.05,5.05,6,0,2026-07-22:5.05,Commercial Proposal,open_at_freeze,,,Waiting For Approval,eu-west1 – Paris,0,0.0
2026-09-16,50039501011,61455640795,H200,gpu,,16,11.97,PAYG,POSTPAID,0,2024-12-03,4.85,2025-01-07,2026-08-10,2.7,2.7,159,1,2024-12-03:4.85>2025-01-07:2.7,Closed won,won,2025-01-07,,Approved,eu-west1 – Paris,35,-44.3
2026-09-16,60767737022,69428736232,H200,gpu,,2000,11.02,RESERVE,POSTPAID,0,2024-12-17,4.85,2025-04-17,2026-08-10,4.85,4.85,157,0,2024-12-17:4.85,Disqualified,disqualified,,Customer Disengagement or Cancellation,Disqualified,eu-west1 – Paris,121,0.0
2026-09-16,76659936467,16659176912,H100,gpu,,60,0.1,PROMO,NO_PAYMENT,0,2025-01-07,2.95,2025-01-07,2026-08-10,2.95,2.95,156,0,2025-01-07:2.95,Closed won,won,2025-01-07,,Approved,Nemax,0,0.0
2026-09-16,81007699169,103713583306,H200,gpu,,72,0.1,PAYG,POSTPAID,0,2025-01-20,3.0,2025-01-27,2026-08-10,3.0,3.0,154,0,2025-01-20:3,Closed won,won,2025-01-27,,Disqualified,eu-west1 – Paris,7,0.0
2026-09-16,81028900087,103713512662,H100,gpu,,96,23.98,RESERVE,POSTPAID,0,2025-01-20,2.95,2025-03-17,2026-08-10,2.95,2.95,154,0,2025-01-20:2.95,Closed lost,lost_other,,Customer Disengagement or Cancellation,Lost Deal,Nemax,56,0.0
2026-09-16,8300834796,10033352686,H100,gpu,,4098,11.97,RESERVE,PREPAID,1,2024-10-15,4.85,2024-10-15,2026-08-10,4.85,4.85,166,0,2024-10-15:4.85,Closed lost,lost_other,,Customer Disengagement or Cancellation,Disqualified,Finland,0,0.0
2026-09-16,8364477378,9883526853,H100,gpu,,24,12.04,RESERVE,PREPAID,1,2024-10-15,4.85,2024-10-15,2026-08-10,4.85,3.2,166,0,2024-10-15:4.85,Closed won,won,2024-10-15,,Approved,Finland,0,-34.0
2026-09-16,8522204094,10956030411,H100,gpu,,256,1.48,RESERVE,PREPAID,1,2024-10-15,4.85,2024-10-15,2026-08-10,4.85,4.85,166,0,2024-10-15:4.85,Closed lost,lost_other,,Insufficient Capabilities,Disqualified,Finland,0,0.0
2026-09-16,8827747009,11523159259,H100,gpu,,2,2.01,TESTING,NO_PAYMENT,1,2024-10-15,4.85,2024-10-15,2026-08-10,4.85,4.85,166,0,2024-10-15:4.85,Closed won,won,2024-10-15,,Disqualified,Finland,0,0.0
2026-09-16,8969805535,11709366722,H100,gpu,,48,4.05,PAYG,POSTPAID,1,2024-10-15,2.85,2024-10-15,2026-08-10,2.85,2.85,166,0,2024-10-15:2.85,Closed lost,lost_other,,Customer Disengagement or Cancellation,Lost Deal,Finland,0,0.0
2026-09-16,10907946439,12722352596,H100,gpu,,64,1.58,INTERNAL,NO_PAYMENT,1,2024-10-15,4.85,2024-10-15,2026-08-10,4.85,4.85,166,0,2024-10-15:4.85,Closed won,won,2024-10-15,,Approved,Finland,0,0.0
2026-09-16,116588157176,16520249832,H100,gpu,,1,0.03,PAYG,PREPAID,0,2025-03-17,2.95,2025-03-17,2025-12-17,2.95,2.95,79,0,2025-03-17:2.95,Disqualified,disqualified,,Test Deals,Disqualified,eu-west1 – Paris,0,0.0
2026-09-16,123657186547,166509360352,H200,gpu,,16,0.23,TESTING,NO_PAYMENT,0,2025-03-31,3.5,2025-07-03,2026-08-10,3.5,3.5,143,0,2025-03-31:3.5,Disqualified,disqualified,,Test Deals,Disqualified,us-central1 – Kansas,94,0.0
2026-09-16,124881997007,166509809878,H200,gpu,,48,0.2,TESTING,NO_PAYMENT,0,2025-03-31,3.5,2025-03-31,2025-06-05,3.5,3.5,20,0,2025-03-31:3.5,Technical Validation,open_at_freeze,,,Approved,us-central1 – Kansas,0,0.0
2026-09-16,129284446457,164972977379,H200,gpu,,16,0.2,TESTING,NO_PAYMENT,0,2025-04-10,3.5,2025-04-28,2026-08-10,3.5,3.5,140,0,2025-04-10:3.5,Closed won,won,2025-04-28,,Approved,eu-north2 – Iceland,18,0.0
2026-09-16,149154442430,200553190628,H200,gpu,,128,11.78,PAYG,POSTPAID,0,2025-05-08,2.2,2025-05-29,2026-08-10,2.0,2.0,132,1,2025-05-08:2.2>2025-05-12:2,Closed lost,lost_other,,Customer Disengagement or Cancellation,Lost Deal,us-central1 – Kansas,21,-9.1
2026-09-16,161648089323,215028620518,H100,gpu,,32,11.97,RESERVE,PREPAID,0,2025-05-22,1.85,2025-07-31,2026-08-10,1.85,1.85,128,0,2025-05-22:1.85,Closed lost,lost_other,,Customer Disengagement or Cancellation,Lost Deal,Nemax,70,0.0
2026-09-16,166460651730,222987287742,H200,gpu,,16,1.22,RESERVE,PREPAID,0,2025-05-29,2.3,2025-06-19,2026-08-10,2.0,2.0,126,2,2025-05-29:2.3>2025-06-05:2.03>2025-06-09:2,Closed won,won,2025-06-19,,Approved,us-central1 – Kansas,21,-13.0
2026-09-16,176871300342,236266723564,B200,gpu,,1000,1.02,RESERVE,POSTPAID,0,2025-06-12,5.5,2025-06-12,2025-06-16,5.5,5.5,2,0,2025-06-12:5.5,Prospect,open_at_freeze,2025-07-24,,Waiting For Approval,us-central1 – Kansas,0,0.0
2026-09-16,17798590146,21736706803,H100,gpu,,1024,12.01,RESERVE,POSTPAID,1,2024-10-15,2.5,2025-02-10,2026-08-10,2.2,2.2,166,1,2024-10-15:2.5>2024-10-29:2.2,Closed lost,lost_other,,Customer Disengagement or Cancellation,Lost Deal,Nemax,118,-12.0
2026-09-16,17798593008,21821604553,H100,gpu,,16,0.49,TESTING,NO_PAYMENT,1,2024-10-15,3.5,2024-10-29,2025-02-17,3.5,3.5,17,0,2024-10-15:3.5,Technical Validation,open_at_freeze,,,Disqualified,Nemax,14,0.0
2026-09-16,17938201833,22045681083,H200,gpu,,128,2.93,RESERVE,PREPAID,1,2024-10-15,4.85,2024-12-10,2026-08-10,4.85,4.85,166,0,2024-10-15:4.85,Closed lost,lost_other,,Insufficient Capabilities,Lost Deal,Nemax,56,0.0
2026-09-16,192314071237,257783585981,H200,gpu,,128,0.46,RESERVE,PREPAID,0,2025-07-10,1.5,2025-07-31,2026-08-10,1.5,1.5,114,0,2025-07-10:1.5,Closed lost,lost_price_or_competitor,,Competitor Chosen,Lost Deal,Nemax,21,0.0
2026-09-16,203321644248,268378033379,B200,gpu,,256,0.46,TESTING,NO_PAYMENT,0,2025-07-24,5.5,2025-10-20,2026-08-10,5.5,5.5,110,0,2025-07-24:5.5,Closed lost,lost_other,,Customer Disengagement or Cancellation,Lost Deal,us-central1 – Kansas,88,0.0
2026-09-16,223529179382,285715146949,H100,gpu,,128,8.98,RESERVE,POSTPAID,0,2025-08-18,1.65,2025-12-08,2026-08-10,1.55,1.55,103,1,2025-08-18:1.65>2025-11-03:1.55,Closed lost,lost_price_or_competitor,,Competitor Chosen,Lost Deal,Nemax,112,-6.1
2026-09-16,230770634964,275446923508,H100,gpu,,512,5.95,RESERVE,POSTPAID,0,2025-08-28,1.65,2025-09-22,2025-09-22,1.65,1.65,8,0,2025-08-28:1.65,Agreement signing,open_at_freeze,,,Disqualified,Nemax,25,0.0
2026-09-16,232971658438,299974578398,H200,gpu,,128,5.95,RESERVE,POSTPAID,0,2025-09-01,1.7,2025-09-04,2026-08-10,1.7,1.7,99,0,2025-09-01:1.7,Closed lost,lost_capacity,,NO_CAPACITY,Lost Deal,eu-west1 – Paris,3,0.0
2026-09-16,270425190633,268872738026,B300,gpu,,3072,1.02,RESERVE,POSTPAID,0,2025-10-20,3.6,2025-11-20,2026-08-10,3.4,3.4,85,1,2025-10-20:3.6>2025-11-03:3.4,Closed won,won,2025-11-20,,Approved,uk-south1 – UK,31,-5.6
2026-09-16,286846589136,352349672649,H200,gpu,,2048,11.97,RESERVE,PREPAID,0,2025-10-30,1.9,2026-01-21,2026-08-10,1.9,1.9,82,0,2025-10-30:1.9,Closed lost,lost_other,,Customer Disengagement or Cancellation,Lost Deal,eu-west1 – Paris,83,0.0
2026-09-16,287175221437,352206884026,B300,gpu,,2048,0.99,RESERVE,PREPAID,0,2025-10-30,4.2,2025-11-10,2026-08-10,4.1,4.1,82,1,2025-10-30:4.2>2025-11-03:4.1,Closed won,won,2025-11-10,,Approved,uk-south1 – UK,11,-2.4
2026-09-16,297604680906,174487436495,B300,gpu,,16,0.46,TESTING,NO_PAYMENT,0,2025-11-06,7.1,2025-11-06,2025-11-17,7.1,7.1,4,0,2025-11-06:7.1,Commercial Proposal,open_at_freeze,,,Approved,uk-south1 – UK,0,0.0
2026-09-16,314221322452,379992342754,B200,gpu,,15,11.97,RESERVE,,0,2025-11-20,4.0,2025-11-20,2025-12-03,4.0,4.0,5,0,2025-11-20:4,Technical Validation,open_at_freeze,,,Waiting For Approval,us-central1 – Kansas,0,0.0
2026-09-16,352256569555,415812364508,H200,gpu,,32,4.7,RESERVE,PREPAID,0,2025-12-24,2.1,2026-06-03,2026-08-10,2.1,2.1,24,0,2025-12-24:2.1,Disqualified,disqualified,,NO_CAPACITY,Disqualified,us-central1 – Kansas,161,0.0
2026-09-16,372156156110,399854041301,H100,gpu,,32,5.95,RESERVE,POSTPAID,0,2026-01-14,1.5,2026-02-09,2026-08-10,1.85,1.85,60,2,2026-01-14:1.5>2026-01-26:1.65>2026-02-02:1.85,Closed won,won,2026-02-09,,Approved,Nemax,26,23.3
2026-09-16,397200653514,453127127285,H100,gpu,,32,0.43,TESTING,NO_PAYMENT,0,2026-02-02,2.95,2026-02-25,2026-08-10,2.95,2.95,55,0,2026-02-02:2.95,Closed won,won,2026-02-25,,Approved,Nemax,23,0.0
2026-09-16,43209136355,50032001252,H100,gpu,,3504,5.0,RESERVE,PREPAID,0,2024-11-26,2.0,2025-03-03,2026-08-10,1.65,1.65,160,2,2024-11-26:2>2025-01-07:1.7>2025-02-10:1.65,Closed lost,lost_price_or_competitor,,Competitor Chosen,Lost Deal,eu-north2 – Iceland,97,-17.5
2026-09-16,43481295054,49845633261,H100,gpu,,256,6.02,RESERVE,PREPAID,0,2024-11-26,2.1,2025-02-17,2026-08-10,2.1,2.1,160,0,2024-11-26:2.1,Closed lost,lost_other,,Qualification Oversights,Lost Deal,Nemax,83,0.0
2026-09-16,440673645771,373900238072,B200,gpu,,40,1.97,RESERVE,PREPAID,0,2026-03-16,3.7,2026-05-20,2026-08-10,5.5,5.5,43,1,2026-03-16:3.7>2026-05-04:5.5,Closed lost,lost_price_or_competitor,,Competitor Chosen;Pricing and Billing Issues,Lost Deal,me-west1 - Israel,65,48.6
2026-09-16,443007429823,494472970430,B300,gpu,,16,0.23,RESERVE,NO_PAYMENT,0,2026-03-23,7.1,2026-03-30,2026-08-10,7.1,7.1,41,0,2026-03-23:7.1,Commercial Proposal,open_at_freeze,,,Approved,uk-south1 – UK,7,0.0
2026-09-16,446527876314,496001704164,B200,gpu,,64,0.95,RESERVE,POSTPAID,0,2026-03-30,3.5,2026-04-15,2026-08-10,3.5,3.5,39,0,2026-03-30:3.5,Closed won,won,2026-04-15,,Approved,me-west1 - Israel,16,0.0
2026-09-16,454626673881,501540365543,H100,gpu,,8,6.64,RESERVE,POSTPAID,0,2026-05-06,2.95,2026-05-27,2026-08-10,2.95,2.95,28,0,2026-05-06:2.95,Closed lost,lost_price_or_competitor,,Pricing and Billing Issues,Lost Deal,Nemax,21,0.0
2026-09-16,454655518941,501228686541,B200,gpu,,64,12.04,RESERVE,PREPAID,0,2026-05-06,5.3,2026-05-06,2026-06-10,5.3,5.3,9,0,2026-05-06:5.3,Commercial Proposal,open_at_freeze,,,Waiting For Approval,us-central1 – Kansas,0,0.0
2026-09-16,455642926282,501958420668,GB300,rack,72,72,11.97,RESERVE,PREPAID,0,2026-05-11,7.0,2026-08-05,2026-08-10,7.0,7.0,27,0,2026-05-11:7,Closed lost,lost_price_or_competitor,,Competitor Chosen,Lost Deal,eu-west3 – Bethune,86,0.0
2026-09-16,457718650065,503029479659,B200,gpu,,256,0.46,TESTING,NO_PAYMENT,0,2026-05-20,5.93,2026-05-20,2026-08-10,5.93,5.93,24,0,2026-05-20:5.93,Commercial Proposal,open_at_freeze,,,Approved,me-west1 - Israel,0,0.0
2026-09-16,460096244975,504636554442,B300,gpu,,256,24.05,RESERVE,PREPAID,0,2026-06-01,5.56,2026-06-17,2026-08-10,5.56,5.56,21,0,2026-06-01:5.56,Disqualified,disqualified,,Test Deals;Duplicate deal,Disqualified,uk-south1 – UK,16,0.0
2026-09-16,460666889446,505001354437,B300,gpu,,64,24.01,RESERVE,PREPAID,0,2026-06-01,5.3,2026-06-03,2026-08-10,5.3,5.3,21,0,2026-06-01:5.3,Disqualified,disqualified,,Duplicate deal,Disqualified,eu-west2 – Paris,2,0.0
2026-09-16,460777188543,504664877263,H200,gpu,,48,12.01,RESERVE,PREPAID,0,2026-06-03,2.8,2026-06-03,2026-08-10,2.8,2.8,20,0,2026-06-03:2.8,Prospect,open_at_freeze,,,Waiting For Approval,us-central1 – Kansas,0,0.0
2026-09-16,464131369178,505724688580,H200,gpu,,96,11.97,RESERVE,PREPAID,0,2026-06-22,2.51,2026-06-22,2026-08-10,2.51,2.51,15,0,2026-06-22:2.51,Closed lost,lost_other,,Duplicate deal,Lost Deal,eu-west2 – Paris,0,0.0
2026-09-16,467560305897,509224996064,H100,gpu,,160,11.97,RESERVE,PREPAID,0,2026-07-06,2.6,2026-07-20,2026-08-10,2.6,2.6,11,0,2026-07-06:2.6,Closed lost,lost_capacity,,NO_CAPACITY,Lost Deal,Nemax,14,0.0
2026-09-16,475792213208,514844030186,GB300,rack,72,3960,12.01,RESERVE,POSTPAID,0,2026-08-05,6.0,2026-08-05,2026-08-10,6.0,6.0,2,0,2026-08-05:6,Commercial Proposal,open_at_freeze,,,Waiting for Business Approval,me-west1 - Israel,0,0.0
2026-09-16,476750553321,514841923829,B300,gpu,,16,0.69,TESTING,NO_PAYMENT,0,2026-08-10,7.85,2026-08-10,2026-08-10,7.85,7.85,1,0,2026-08-10:7.85,Technical Validation,open_at_freeze,,,Approved,eu-west2 – Paris,0,0.0
2026-09-16,54337641668,61512008909,H100,gpu,,8,2.96,PROMO,POSTPAID,0,2024-12-10,2.95,2025-05-29,2026-08-10,2.95,2.95,158,0,2024-12-10:2.95,Disqualified,disqualified,,Test Deals,Disqualified,Nemax,170,0.0
2026-09-16,81029069034,103818310876,H200,gpu,,88,2.96,PAYG,POSTPAID,0,2025-01-20,3.5,2025-01-20,2026-08-10,3.5,3.5,154,0,2025-01-20:3.5,Closed won,won,2025-01-20,,Approved,eu-west1 – Paris,0,0.0
2026-09-16,84400444610,107540801725,H100,gpu,,512,6.45,PAYG,POSTPAID,0,2025-01-27,1.3,2025-02-10,2026-08-10,1.6,1.6,153,1,2025-01-27:1.3>2025-02-03:1.6,Closed won,won,2025-02-10,,Approved,Nemax,14,23.1
2026-09-16,84409714907,103818511566,H200,gpu,,16,11.78,PAYG,POSTPAID,0,2025-01-27,2.15,2025-02-17,2026-08-10,2.15,2.15,153,0,2025-01-27:2.15,Closed won,won,2025-02-17,,Waiting For Approval,eu-west1 – Paris,21,0.0
2026-09-16,8487903457,11061536187,H100,gpu,,152,12.01,INTERNAL,NO_PAYMENT,1,2024-10-15,4.85,2024-10-15,2026-08-10,4.85,4.85,166,0,2024-10-15:4.85,Closed won,won,2024-10-15,,Disqualified,Finland,0,0.0
2026-09-16,8487903701,11061536187,H100,gpu,,152,12.01,INTERNAL,NO_PAYMENT,1,2024-10-15,4.85,2024-10-15,2026-08-10,4.85,4.85,166,0,2024-10-15:4.85,Closed won,won,2024-10-15,,Disqualified,Finland,0,0.0
2026-09-16,86721508544,112801956038,H200,gpu,,64,2.99,PAYG,POSTPAID,0,2025-02-03,2.2,2025-02-17,2026-08-10,2.2,2.2,152,0,2025-02-03:2.2,Closed won,won,2025-02-17,,Approved,eu-west1 – Paris,14,0.0
2026-09-16,8899820483,10106730736,H100,gpu,,10,0.07,PAYG,PREPAID,1,2024-10-15,4.85,2024-10-15,2026-08-10,4.85,4.85,166,0,2024-10-15:4.85,Disqualified,disqualified,,Customer Disengagement or Cancellation,Disqualified,Finland,0,0.0
2026-09-16,8968704983,11708441078,H100,gpu,,24,7.01,RESERVE,PREPAID,1,2024-10-15,2.6,2024-10-15,2026-08-10,2.6,2.6,166,0,2024-10-15:2.6,Closed lost,lost_other,,Customer Disengagement or Cancellation,Lost Deal,Finland,0,0.0
2026-09-16,8968705231,11709366517,H100,gpu,,128,7.01,PAYG,POSTPAID,1,2024-10-15,2.65,2024-10-15,2026-08-10,2.65,2.65,166,0,2024-10-15:2.65,Closed lost,lost_other,,Customer Disengagement or Cancellation,Lost Deal,Finland,0,0.0
2026-09-16,93297597655,122014011589,H200,gpu,,16,1.94,PROMO,POSTPAID,0,2025-02-10,3.5,2025-05-29,2026-08-10,3.5,3.5,151,0,2025-02-10:3.5,Disqualified,disqualified,,Customer Disengagement or Cancellation,Disqualified,eu-west1 – Paris,108,0.0
2026-09-16,9389400042,12562573540,H100,gpu,,2,0.46,TESTING,NO_PAYMENT,1,2024-10-15,4.85,2024-10-15,2026-08-10,4.85,4.85,166,0,2024-10-15:4.85,Closed lost,lost_other,,Security and Compliance Gaps,Disqualified,Finland,0,0.0
2026-09-16,99984521455,131714994383,H200,gpu,,64,0.33,RESERVE,PREPAID,0,2025-02-17,2.5,2025-03-03,2026-08-10,2.5,2.5,150,0,2025-02-17:2.5,Closed lost,lost_capacity,,NO_CAPACITY,Lost Deal,Nemax,14,0.0
2026-09-16,101378997441,121620103377,H200,gpu,,352,11.97,RESERVE,POSTPAID,0,2025-02-24,2.03,2025-02-24,2025-02-24,2.03,2.03,1,0,2025-02-24:2.03,Commercial Proposal,open_at_freeze,,,Waiting For Approval,us-central1 – Kansas,0,0.0
2026-09-16,107229053141,140827901117,H200,gpu,,40,2.99,RESERVE,PREPAID,0,2025-03-03,2.0,2025-04-07,2026-08-10,2.0,2.0,148,0,2025-03-03:2,Closed won,won,2025-04-07,,Approved,eu-west1 – Paris,35,0.0
2026-09-16,10953736669,10894848227,H100,gpu,,14,3.59,PAYG,POSTPAID,1,2024-10-15,4.85,2024-10-15,2026-08-10,4.85,4.85,166,0,2024-10-15:4.85,Closed won,won,2024-10-15,,Disqualified,Finland,0,0.0
2026-09-16,12142360037,16609224173,H100,gpu,,8,3.72,TESTING,NO_PAYMENT,1,2024-10-15,4.85,2025-01-07,2026-08-10,4.85,4.85,166,0,2024-10-15:4.85,Disqualified,disqualified,,Qualification Oversights,Disqualified,Finland,84,0.0
2026-09-16,141158133978,165183065288,B200,gpu,,32,23.98,RESERVE,POSTPAID,0,2025-04-28,3.2,2025-04-28,2025-05-08,3.2,3.2,4,0,2025-04-28:3.2,Prospect,open_at_freeze,2025-05-15,,Waiting For Approval,us-central1 – Kansas,0,0.0
2026-09-16,144009218274,193233191114,H100,gpu,,16,1.35,TESTING,NO_PAYMENT,0,2025-05-01,2.95,2025-06-30,2026-08-10,2.95,2.95,134,0,2025-05-01:2.95,Closed won,won,2025-06-30,,Approved,Nemax,60,0.0
2026-09-16,149173111006,169332392169,H100,gpu,,128,12.01,PAYG,POSTPAID,0,2025-05-08,1.8,2025-09-08,2026-08-10,1.8,1.8,132,0,2025-05-08:1.8,Closed lost,lost_price_or_competitor,,Pricing and Billing Issues,Lost Deal,Nemax,123,0.0
2026-09-16,163792436449,218687915203,B200,gpu,,720,12.01,RESERVE,PREPAID,0,2025-05-26,3.2,2025-05-26,2025-07-07,3.2,3.2,13,0,2025-05-26:3.2,Prospect,open_at_freeze,,,Waiting For Approval,Nemax,0,0.0
2026-09-16,164898772206,177753971925,H200,gpu,,32,6.09,RESERVE,PREPAID,0,2025-05-26,2.1,2025-11-13,2026-08-10,1.8,1.8,127,2,2025-05-26:2.1>2025-10-23:1.9>2025-11-13:1.8,Closed won,won,2025-11-13,Customer Disengagement or Cancellation,Approved,Nemax,171,-14.3
2026-09-16,166460652731,222987287742,H200,gpu,,128,12.04,RESERVE,PREPAID,0,2025-05-29,2.3,2025-06-19,2026-08-10,2.0,2.0,126,2,2025-05-29:2.3>2025-06-05:2.03>2025-06-09:2,Closed won,won,2025-06-19,,Approved,us-central1 – Kansas,21,-13.0
2026-09-16,171535739089,224380850370,H100,gpu,,16,0.3,TESTING,NO_PAYMENT,0,2025-06-09,2.95,2025-08-28,2026-08-10,2.95,2.95,123,0,2025-06-09:2.95,Disqualified,disqualified,,Customer Disengagement or Cancellation,Disqualified,Nemax,80,0.0
2026-09-16,172133960922,189722219768,B200,gpu,,1024,12.01,RESERVE,PREPAID,0,2025-06-09,5.5,2025-07-07,2026-08-10,5.5,3.2,123,0,2025-06-09:5.5,Closed lost,lost_price_or_competitor,,Competitor Chosen,Lost Deal,us-central1 – Kansas,28,-41.8
2026-09-16,175725321436,233037923516,H200,gpu,,32,0.3,TESTING,NO_PAYMENT,0,2025-06-12,3.5,2025-08-07,2026-08-10,3.5,3.5,122,0,2025-06-12:3.5,Closed lost,lost_capacity,,NO_CAPACITY,Lost Deal,us-central1 – Kansas,56,0.0
2026-09-16,179148438753,193326437571,H200,gpu,,64,0.1,PAYG,PREPAID,0,2025-06-19,3.0,2025-07-07,2026-08-10,3.0,3.0,120,0,2025-06-19:3,Closed won,won,2025-07-07,,Disqualified,Nemax,18,0.0
2026-09-16,187817927927,252825994464,H100,gpu,,128,12.01,RESERVE,POSTPAID,0,2025-07-03,1.8,2025-10-16,2026-08-10,1.8,1.8,116,0,2025-07-03:1.8,Closed lost,lost_capacity,,NO_CAPACITY,Lost Deal,Nemax,105,0.0
2026-09-16,204779323579,269858845898,H200,gpu,,128,11.97,RESERVE,POSTPAID,0,2025-07-24,2.15,2025-11-17,2026-08-10,2.15,2.15,110,0,2025-07-24:2.15,Closed won,won,2025-11-17,,Approved,us-central1 – Kansas,116,0.0
2026-09-16,209756086473,271616975044,B200,gpu,,8,0.2,TESTING,NO_PAYMENT,0,2025-07-31,5.5,2025-07-31,2025-07-31,5.5,5.5,1,0,2025-07-31:5.5,Prospect,open_at_freeze,,,Pre-Approved,us-central1 – Kansas,0,0.0
2026-09-16,210559593690,250563299526,B200,gpu,,512,6.09,RESERVE,POSTPAID,0,2025-07-31,3.2,2025-11-06,2026-08-10,3.4,3.4,108,2,2025-07-31:3.2>2025-10-13:3.5>2025-10-23:3.4,Closed won,won,2025-11-06,,Approved,me-west1 - Israel,98,6.2
2026-09-16,220756862192,285714237682,H100,gpu,,1,5.03,RESERVE,POSTPAID,0,2025-08-14,2.65,2025-08-14,2025-09-01,2.65,2.65,6,0,2025-08-14:2.65,Prospect,open_at_freeze,2025-09-11,,Approved,Nemax,0,0.0
2026-09-16,233445076160,298306634985,B200,gpu,,8,0.43,RESERVE,PREPAID,0,2025-09-01,5.5,2025-09-11,2026-08-10,5.5,5.5,99,0,2025-09-01:5.5,Closed lost,lost_price_or_competitor,,Pricing and Billing Issues;Insufficient Capabilities,Lost Deal,us-central1 – Kansas,10,0.0
2026-09-16,235530227957,250563299526,H100,gpu,,1024,5.99,RESERVE,POSTPAID,0,2025-09-01,1.65,2025-09-15,2025-10-23,1.65,1.65,16,0,2025-09-01:1.65,Commercial Proposal,open_at_freeze,,Qualification Oversights,Waiting For Approval,Nemax,14,0.0
2026-09-16,250980113617,304979069142,B300,gpu,,100,11.97,RESERVE,POSTPAID,0,2025-09-29,4.5,2025-10-02,2026-08-10,4.5,4.5,91,0,2025-09-29:4.5,Closed lost,lost_capacity,,NO_CAPACITY,Lost Deal,uk-south1 – UK,3,0.0
2026-09-16,261493680318,327564620016,GB300,gpu,72,15,23.98,RESERVE,PREPAID,0,2025-10-09,6.0,2025-11-06,2026-08-10,6.0,6.0,88,0,2025-10-09:6,Closed lost,lost_other,,Customer Disengagement or Cancellation,Lost Deal,Nemax,28,0.0
2026-09-16,270418588881,335777898723,B200,gpu,,1248,11.97,RESERVE,PREPAID,0,2025-10-20,3.02,2025-10-20,2026-08-10,3.02,3.02,85,0,2025-10-20:3.02,Closed won,won,2025-10-20,,Approved,me-west1 - Israel,0,0.0
2026-09-16,270816965862,333924344013,H200,gpu,,8,1.41,TESTING,NO_PAYMENT,0,2025-10-20,3.5,2025-12-24,2026-08-10,3.5,3.5,85,0,2025-10-20:3.5,Commercial Proposal,open_at_freeze,,,Waiting For Approval,us-central1 – Kansas,65,0.0
2026-09-16,273454501092,330241143995,B300,gpu,,80,0.99,TESTING,NO_PAYMENT,0,2025-10-23,7.1,2026-05-06,2026-08-10,7.1,7.1,73,0,2025-10-23:7.1,Closed lost,lost_capacity,,NO_CAPACITY,Lost Deal,uk-south1 – UK,195,0.0
2026-09-16,27647469778,31510662387,H100,gpu,,16,5.92,RESERVE,POSTPAID,0,2024-10-29,3.5,2025-02-03,2026-08-10,3.5,3.5,164,0,2024-10-29:3.5,Closed won,won,2025-02-03,,Approved,Nemax,97,0.0
2026-09-16,297890767085,350621296845,B200,gpu,,24,5.95,RESERVE,PREPAID,0,2025-11-06,3.3,2025-12-10,2026-08-10,3.3,3.3,80,0,2025-11-06:3.3,Closed lost,lost_capacity,,NO_CAPACITY,Lost Deal,me-west1 - Israel,34,0.0
2026-09-16,303408795868,358953651449,B300,gpu,,8,0.36,RESERVE,NO_PAYMENT,0,2025-11-10,7.1,2025-11-24,2026-08-10,7.1,7.1,79,0,2025-11-10:7.1,Closed won,won,2025-11-24,,Approved,uk-south1 – UK,14,0.0
2026-09-16,40231025903,45645795519,H100,gpu,,304,0.36,PROMO,NO_PAYMENT,0,2024-11-14,2.95,2024-12-17,2026-08-10,2.95,2.95,162,0,2024-11-14:2.95,Closed won,won,2024-12-17,,Disqualified,Nemax,33,0.0
2026-09-16,420351260866,374333613286,H100,gpu,,32,0.79,TESTING,NO_PAYMENT,0,2026-02-23,2.95,2026-06-17,2026-08-10,2.95,2.95,49,0,2026-02-23:2.95,Closed won,won,2026-06-17,,Approved,Nemax,114,0.0
2026-09-16,43209427158,45646178539,H100,gpu,,128,1.35,PAYG,PREPAID,0,2024-11-26,1.6,2024-11-26,2024-12-03,1.6,1.6,2,0,2024-11-26:1.6,Commercial Proposal,open_at_freeze,,,Pre-Approved,Nemax,0,0.0
2026-09-16,43481209072,50245582072,H100,gpu,,200,6.91,RESERVE,POSTPAID,0,2024-11-26,1.8,2024-11-26,2025-05-29,1.8,1.8,35,0,2024-11-26:1.8,Prospect,open_at_freeze,,,Waiting For Approval,Nemax,0,0.0
2026-09-16,445004599522,495181733052,B200,gpu,,16,2.99,RESERVE,POSTPAID,0,2026-03-25,2.5,2026-06-24,2026-08-10,2.5,2.5,40,0,2026-03-25:2.5,Closed lost,lost_capacity,,NO_CAPACITY,Lost Deal,me-west1 - Israel,91,0.0
2026-09-16,446527979716,496099235017,B200,gpu,,32,0.99,RESERVE,PREPAID,0,2026-03-30,4.0,2026-04-20,2026-08-10,4.0,4.0,39,0,2026-03-30:4,Closed won,won,2026-04-20,,Approved,me-west1 - Israel,21,0.0
2026-09-16,449440968917,494813912271,H200,gpu,,8,11.97,RESERVE,POSTPAID,0,2026-04-13,1.75,2026-04-20,2026-08-10,2.07,2.07,35,1,2026-04-13:1.75>2026-04-15:2.07,Closed won,won,2026-04-20,,Approved,Nemax,7,18.3
2026-09-16,450690885879,442319505655,H100,gpu,,16,11.97,RESERVE,POSTPAID,0,2026-04-15,2.21,2026-04-15,2026-05-20,2.21,2.21,11,0,2026-04-15:2.21,Commercial Proposal,open_at_freeze,,,DECLINED,Nemax,0,0.0
2026-09-16,450812516566,495549433064,B300,gpu,,100,11.94,RESERVE,,0,2026-04-20,7.1,2026-07-08,2026-08-10,7.1,6.03,33,0,2026-04-20:7.1,Disqualified,disqualified,,Customer Disengagement or Cancellation,Lost Deal,,79,-15.1
2026-09-16,454654171379,501499866349,B200,gpu,,328,12.01,RESERVE,PREPAID,0,2026-05-04,5.2,2026-05-20,2026-08-10,5.2,5.2,29,0,2026-05-04:5.2,Closed lost,lost_capacity,,NO_CAPACITY,Lost Deal,us-central1 – Kansas,16,0.0
2026-09-16,456026804432,502036732141,B300,gpu,,20,5.95,RESERVE,PREPAID,0,2026-05-11,7.1,2026-05-11,2026-05-13,7.1,7.1,2,0,2026-05-11:7.1,Technical Validation,open_at_freeze,,,Waiting For Approval,eu-west2 – Paris,0,0.0
2026-09-16,459709265107,501539509480,GB300,rack,72,576,24.05,RESERVE,PREPAID,0,2026-05-27,5.83,2026-05-27,2026-08-10,5.83,5.83,22,0,2026-05-27:5.83,Technical Validation,open_at_freeze,,,Waiting For Approval,eu-west3 – Bethune,0,0.0
2026-09-16,460112392381,504644631777,H200,gpu,,96,12.04,RESERVE,PREPAID,0,2026-06-01,3.25,2026-06-01,2026-08-10,3.25,3.25,21,0,2026-06-01:3.25,Technical Validation,open_at_freeze,,,Waiting For Approval,us-central1 – Kansas,0,0.0
2026-09-16,461383871717,505032561905,H200,gpu,,80,11.97,RESERVE,PREPAID,0,2026-06-08,2.65,2026-06-08,2026-08-10,2.65,2.65,19,0,2026-06-08:2.65,Technical Validation,open_at_freeze,,,Waiting For Approval,us-central1 – Kansas,0,0.0
2026-09-16,461995865276,505242014956,GB300,gpu,72,30000,11.97,RESERVE,PREPAID,0,2026-06-08,4.9,2026-06-08,2026-08-10,4.9,4.9,19,0,2026-06-08:4.9,Prospect,open_at_freeze,,,Waiting For Approval,me-west1 - Israel,0,0.0
2026-09-16,463446736102,506242328815,B300,gpu,,1024,11.97,,,0,2026-06-17,5.3,2026-06-17,2026-08-10,5.3,5.3,16,0,2026-06-17:5.3,Prospect,open_at_freeze,,,Waiting For Approval,eu-south1 – Madrid,0,0.0
2026-09-16,466053394653,508101955820,B300,gpu,,3000,36.05,RESERVE,PREPAID,0,2026-06-29,4.75,2026-06-29,2026-08-10,4.75,4.75,13,0,2026-06-29:4.75,Prospect,open_at_freeze,,,Waiting For Approval,eu-south1 – Madrid,0,0.0
2026-09-16,469948854499,510146278643,B300,gpu,,256,0.26,RESERVE,PREPAID,0,2026-07-15,5.6,2026-07-15,2026-07-29,5.6,5.6,5,0,2026-07-15:5.6,Prospect,open_at_freeze,,,Waiting for Business Approval,eu-west2 – Paris,0,0.0
2026-09-16,473931569377,510243615970,H200,gpu,,8,11.97,RESERVE,PREPAID,0,2026-07-27,3.7,2026-07-27,2026-08-10,3.7,3.7,5,0,2026-07-27:3.7,Technical Validation,open_at_freeze,,,Waiting For Approval,us-central1 – Kansas,0,0.0
2026-09-16,474235495672,508545691892,B200,gpu,,1500,36.05,RESERVE,PREPAID,0,2026-07-29,4.3,2026-07-29,2026-08-05,4.3,4.3,3,0,2026-07-29:4.3,Commercial Proposal,open_at_freeze,,,Waiting For Approval,us-central1 – Kansas,0,0.0
2026-09-16,56284423367,16659176912,H100,gpu,,30,0.13,PROMO,NO_PAYMENT,0,2024-12-10,2.95,2024-12-10,2026-08-10,2.95,2.95,158,0,2024-12-10:2.95,Closed won,won,2024-12-10,,Approved,Nemax,0,0.0
2026-09-16,56376178878,69508674762,H200,gpu,,144,1.91,RESERVE,PREPAID,0,2024-12-17,2.4,2025-01-20,2026-08-10,2.5,2.5,157,1,2024-12-17:2.4>2025-01-07:2.5,Closed won,won,2025-01-20,,Approved,eu-west1 – Paris,34,4.2
2026-09-16,76192884925,93036077301,H200,gpu,,8,3.59,RESERVE,PREPAID,0,2025-01-07,2.0,2025-08-14,2026-08-10,2.2,2.2,156,1,2025-01-07:2>2025-03-17:2.2,Closed lost,lost_price_or_competitor,,Pricing and Billing Issues,Lost Deal,Nemax,219,10.0
2026-09-16,8275543998,10894848227,H100,gpu,,2,0.46,TESTING,NO_PAYMENT,1,2024-10-15,4.85,2024-10-15,2026-08-10,4.85,4.85,166,0,2024-10-15:4.85,Closed won,won,2024-10-15,,Approved,Finland,0,0.0
2026-09-16,8297177049,10783220678,H100,gpu,,8,1.71,TESTING,NO_PAYMENT,1,2024-10-15,4.85,2024-10-15,2026-08-10,4.85,4.85,166,0,2024-10-15:4.85,Closed won,won,2024-10-15,,Approved,Finland,0,0.0
2026-09-16,8364502253,9881557746,H100,gpu,,8,17.76,PAYG,POSTPAID,1,2024-10-15,4.85,2024-10-15,2026-08-10,4.85,3.88,166,0,2024-10-15:4.85,Closed won,won,2024-10-15,,Approved,Finland,0,-20.0
2026-09-16,8606531831,11091440087,H100,gpu,,8,0.46,TESTING,NO_PAYMENT,1,2024-10-15,4.85,2024-10-15,2026-08-10,4.85,4.85,166,0,2024-10-15:4.85,Closed lost,lost_other,,Customer Disengagement or Cancellation,Disqualified,Finland,0,0.0
2026-09-16,8968838884,11709366507,H100,gpu,,24,7.01,RESERVE,PREPAID,1,2024-10-15,2.85,2024-10-15,2026-08-10,2.85,2.85,166,0,2024-10-15:2.85,Closed lost,lost_price_or_competitor,,Competitor Chosen,Lost Deal,Finland,0,0.0
2026-09-16,10320174821,13586459088,H100,gpu,,16,6.74,PAYG,POSTPAID,1,2024-10-15,4.0,2024-10-15,2026-08-10,4.0,4.0,166,0,2024-10-15:4,Closed won,won,2024-10-15,,Disqualified,Finland,0,0.0
2026-09-16,106388143311,139606076658,H100,gpu,,96,0.03,TESTING,NO_PAYMENT,0,2025-03-03,2.3,2025-03-03,2026-08-10,2.3,2.3,148,0,2025-03-03:2.3,Disqualified,disqualified,,Customer Disengagement or Cancellation,Disqualified,Nemax,0,0.0
2026-09-16,10768160240,15207231183,H100,gpu,,64,1.02,RESERVE,POSTPAID,1,2024-10-15,2.6,2024-10-15,2026-08-10,2.6,2.6,166,0,2024-10-15:2.6,Closed won,won,2024-10-15,,Approved,Finland,0,0.0
2026-09-16,109159767262,108244643051,H100,gpu,,40,0.99,TESTING,NO_PAYMENT,0,2025-03-03,2.95,2025-05-29,2026-08-10,2.95,2.95,148,0,2025-03-03:2.95,Disqualified,disqualified,,Test Deals,Disqualified,Nemax,87,0.0
2026-09-16,11313284544,14406015213,H100,gpu,,64,4.87,PAYG,PREPAID,1,2024-10-15,4.85,2024-10-15,2026-08-10,4.85,4.85,166,0,2024-10-15:4.85,Closed won,won,2024-10-15,,DECLINED,Finland,0,0.0
2026-09-16,114689423559,142257424585,H100,gpu,,64,12.01,RESERVE,POSTPAID,0,2025-03-17,2.95,2025-04-03,2025-04-28,2.95,1.98,12,0,2025-03-17:2.95,Commercial Proposal,open_at_freeze,,,Disqualified,us-central1 – Kansas,17,-32.9
2026-09-16,12278943202,16359932391,H100,gpu,,56,1.18,PAYG,POSTPAID,1,2024-10-15,2.6,2024-10-15,2026-08-10,2.6,2.6,166,0,2024-10-15:2.6,Closed won,won,2024-10-15,,DECLINED,Nemax,0,0.0
2026-09-16,129398438094,166158338246,H100,gpu,,64,2.99,PAYG,POSTPAID,0,2025-04-10,2.95,2025-04-21,2026-08-10,2.95,2.92,140,0,2025-04-10:2.95,Closed won,won,2025-04-21,,Approved,Nemax,11,-1.0
2026-09-16,140180340938,180288954617,H200,gpu,,48,2.99,PAYG,PREPAID,0,2025-04-28,2.3,2025-07-17,2026-08-10,2.3,2.3,135,0,2025-04-28:2.3,Disqualified,disqualified,,Customer Disengagement or Cancellation,Disqualified,us-central1 – Kansas,80,0.0
2026-09-16,149799681250,201351357683,H100,gpu,,80,2.57,RESERVE,PREPAID,0,2025-05-12,1.8,2025-05-22,2026-08-10,1.8,1.8,131,0,2025-05-12:1.8,Closed won,won,2025-05-22,,Approved,Nemax,10,0.0
2026-09-16,160294290657,214236284096,H200,gpu,,8,3.03,RESERVE,POSTPAID,0,2025-05-22,2.5,2025-05-22,2026-08-10,2.5,2.5,128,0,2025-05-22:2.5,Closed won,won,2025-05-22,,Approved,us-central1 – Kansas,0,0.0
2026-09-16,17138616281,21071328231,H100,gpu,,80,2.43,PAYG,POSTPAID,1,2024-10-15,3.5,2024-10-15,2026-08-10,3.5,3.5,166,0,2024-10-15:3.5,Closed won,won,2024-10-15,,Approved,Nemax,0,0.0
2026-09-16,183691015406,247036114152,H100,gpu,,504,0.07,RESERVE,POSTPAID,0,2025-06-26,2.95,2025-07-17,2026-08-10,2.95,1.5,118,0,2025-06-26:2.95,Closed won,won,2025-07-17,,Approved,Nemax,21,-49.2
2026-09-16,184420749536,247828446394,H100,gpu,,8,0.23,PAYG,POSTPAID,0,2025-06-30,2.95,2025-06-30,2026-08-10,2.95,2.95,117,0,2025-06-30:2.95,Prospect,open_at_freeze,,,Waiting For Approval,Nemax,0,0.0
2026-09-16,19459806449,23471809756,H100,gpu,,8,0.46,TESTING,NO_PAYMENT,0,2024-10-22,3.5,2024-12-03,2026-08-10,3.5,3.5,165,0,2024-10-22:3.5,Disqualified,disqualified,,Insufficient Capabilities,Disqualified,Nemax,42,0.0
2026-09-16,194810539196,260122138867,B200,gpu,,16,2.04,PAYG,POSTPAID,0,2025-07-14,5.5,2025-08-18,2026-08-10,5.5,5.5,113,0,2025-07-14:5.5,Closed won,won,2025-08-18,,Approved,us-central1 – Kansas,35,0.0
2026-09-16,194925768942,260122860748,H200,gpu,,32,11.97,TESTING,PREPAID,0,2025-07-14,2.5,2025-07-14,2025-09-25,2.5,2.5,22,0,2025-07-14:2.5,Prospect,open_at_freeze,,,Waiting For Approval,Nemax,0,0.0
2026-09-16,195673405668,105060749550,H200,gpu,,16,0.99,PAYG,PREPAID,0,2025-07-14,3.5,2025-09-29,2026-01-14,3.5,2.8,54,0,2025-07-14:3.5,Commercial Proposal,open_at_freeze,,Test Deals,Waiting For Approval,eu-west1 – Paris,77,-20.0
2026-09-16,208947252429,273866126551,B200,gpu,,100,1.97,PAYG,POSTPAID,0,2025-07-28,5.5,2025-08-28,2026-08-10,5.5,5.5,109,0,2025-07-28:5.5,Closed lost,lost_capacity,,NO_CAPACITY,Lost Deal,us-central1 – Kansas,31,0.0
2026-09-16,209735464181,274545165551,B200,gpu,,448,12.01,RESERVE,POSTPAID,0,2025-07-31,5.5,2025-09-04,2026-08-10,5.5,3.0,108,0,2025-07-31:5.5,Closed lost,lost_capacity,,NO_CAPACITY,Lost Deal,us-central1 – Kansas,35,-45.5
2026-09-16,209753983195,250563299526,H200,gpu,,1024,0.99,RESERVE,PREPAID,0,2025-07-31,2.3,2025-09-22,2025-10-09,2.3,2.3,21,0,2025-07-31:2.3,Commercial Proposal,open_at_freeze,,Qualification Oversights,Disqualified,eu-west1 – Paris,53,0.0
2026-09-16,209761735890,274628337881,B200,gpu,,32,24.97,RESERVE,PREPAID,0,2025-07-31,3.2,2025-10-02,2026-08-10,3.2,3.2,108,0,2025-07-31:3.2,Closed won,won,2025-10-02,,Approved,us-central1 – Kansas,63,0.0
2026-09-16,209970569451,230047146193,B200,gpu,,80,5.92,RESERVE,PREPAID,0,2025-07-31,3.7,2025-08-25,2026-08-10,3.7,3.7,108,0,2025-07-31:3.7,Closed won,won,2025-08-25,,Disqualified,us-central1 – Kansas,25,0.0
2026-09-16,215519195385,280346229966,B200,gpu,,128,2.8,RESERVE,PREPAID,0,2025-08-07,2.85,2025-08-11,2026-08-10,2.85,2.85,106,0,2025-08-07:2.85,Closed won,won,2025-08-11,,Approved,us-central1 – Kansas,4,0.0
2026-09-16,230027815117,293493974244,H200,gpu,,320,3.03,RESERVE,,0,2025-08-28,2.2,2025-09-08,2026-08-10,2.2,2.2,100,0,2025-08-28:2.2,Closed lost,lost_other,,Qualification Oversights,Lost Deal,eu-west1 – Paris,11,0.0
2026-09-16,236013319407,153274318073,H100,gpu,,10,0.03,PAYG,PREPAID,0,2025-09-04,2.95,2025-09-04,2026-08-10,2.95,2.95,98,0,2025-09-04:2.95,Disqualified,disqualified,,Test Deals,Disqualified,uk-south1 – UK,0,0.0
2026-09-16,241743089856,306937317588,H100,gpu,,60,12.01,RESERVE,POSTPAID,0,2025-09-11,1.7,2026-06-03,2026-08-10,1.7,1.7,55,0,2025-09-11:1.7,Disqualified,disqualified,,Customer Disengagement or Cancellation,Disqualified,Nemax,265,0.0
2026-09-16,24359979227,28391030980,H100,gpu,,24,3.32,RESERVE,POSTPAID,0,2024-10-29,2.2,2024-11-05,2026-08-10,2.2,2.2,164,0,2024-10-29:2.2,Disqualified,disqualified,,Test Deals,Disqualified,Nemax,7,0.0
2026-09-16,254576681174,319932301507,B200,gpu,,2000,12.01,RESERVE,PREPAID,0,2025-10-02,5.5,2025-10-02,2026-08-10,5.5,2.9,90,0,2025-10-02:5.5,Closed lost,lost_capacity,,NO_CAPACITY,Lost Deal,us-central1 – Kansas,0,-47.3
2026-09-16,274675596488,338903060717,H100,gpu,,8,5.95,RESERVE,POSTPAID,0,2025-10-23,2.0,2025-10-30,2026-08-10,2.0,2.0,84,0,2025-10-23:2,Closed won,won,2025-10-30,,Approved,Nemax,7,0.0
2026-09-16,274782566620,177753971925,B300,gpu,,40,6.05,RESERVE,PREPAID,0,2025-10-23,4.0,2025-10-23,2025-10-23,4.0,4.0,1,0,2025-10-23:4,Commercial Proposal,open_at_freeze,,Customer Disengagement or Cancellation,Waiting For Approval,uk-south1 – UK,0,0.0
2026-09-16,288069408993,349109664973,H200,gpu,,32,5.99,RESERVE,PREPAID,0,2025-11-03,2.1,2026-01-14,2026-08-10,2.1,2.1,81,0,2025-11-03:2.1,Closed lost,lost_other,,Customer Disengagement or Cancellation,Lost Deal,Nemax,72,0.0
2026-09-16,297241625803,298609730785,B300,gpu,,2048,12.27,RESERVE,PREPAID,0,2025-11-06,3.4,2025-11-26,2026-08-10,3.4,3.4,80,0,2025-11-06:3.4,Closed lost,lost_capacity,,Insufficient Capabilities;NO_CAPACITY,Lost Deal,uk-south1 – UK,20,0.0
2026-09-16,312889850071,378156053701,H200,gpu,,8,12.01,RESERVE,POSTPAID,0,2025-11-20,1.8,2026-06-03,2026-08-10,1.8,1.8,40,0,2025-11-20:1.8,Disqualified,disqualified,,Pricing and Billing Issues,Disqualified,eu-west1 – Paris,195,0.0
2026-09-16,313020593370,307977678045,B200,gpu,,32,0.46,TESTING,NO_PAYMENT,0,2025-11-20,5.5,2025-12-31,2026-08-10,5.5,5.5,76,0,2025-11-20:5.5,Closed won,won,2025-12-31,,Approved,us-central1 – Kansas,41,0.0
2026-09-16,393749139686,451424942288,H200,gpu,,24,12.01,RESERVE,,0,2026-01-28,1.85,2026-02-04,2026-08-10,1.85,1.85,56,0,2026-01-28:1.85,Closed won,won,2026-02-04,,Approved,Nemax,7,0.0
2026-09-16,405041019075,452555124958,B300,gpu,,64,0.49,TESTING,NO_PAYMENT,0,2026-02-09,7.1,2026-04-29,2026-08-10,7.1,7.1,53,0,2026-02-09:7.1,Closed lost,lost_capacity,,NO_CAPACITY,Lost Deal,uk-south1 – UK,79,0.0
2026-09-16,410268462292,452556565739,B300,gpu,,256,24.08,RESERVE,PREPAID,0,2026-02-16,3.73,2026-03-30,2026-08-10,3.25,3.25,51,1,2026-02-16:3.73>2026-02-25:3.25,Closed won,won,2026-03-30,,Approved,eu-west2 – Paris,42,-12.9
2026-09-16,417049119971,466796185815,B300,gpu,,512,12.01,RESERVE,PREPAID,0,2026-02-18,7.1,2026-07-06,2026-08-10,7.1,4.76,50,0,2026-02-18:7.1,Closed lost,lost_price_or_competitor,,Pricing and Billing Issues,Lost Deal,eu-west2 – Paris,138,-33.0
2026-09-16,441460544707,493807260917,B200,gpu,,64,0.99,RESERVE,POSTPAID,0,2026-03-16,2.5,2026-06-24,2026-08-10,2.5,2.5,43,0,2026-03-16:2.5,Closed lost,lost_capacity,,NO_CAPACITY,Lost Deal,me-west1 - Israel,100,0.0
2026-09-16,443077142758,338948630744,B300,gpu,,32,0.07,TESTING,NO_PAYMENT,0,2026-03-23,7.1,2026-05-04,2026-08-10,7.1,7.1,41,0,2026-03-23:7.1,Closed lost,lost_price_or_competitor,,Pricing and Billing Issues;Competitor Chosen,Lost Deal,uk-south1 – UK,42,0.0
2026-09-16,444727627978,495031425246,H200,gpu,,32,6.05,RESERVE,PREPAID,0,2026-03-25,2.85,2026-04-06,2026-08-10,2.85,2.85,40,0,2026-03-25:2.85,Closed lost,lost_capacity,,NO_CAPACITY,Lost Deal,us-central1 – Kansas,12,0.0
2026-09-16,447641396446,496773742837,GB300,rack,72,10080,36.05,RESERVE,PREPAID,0,2026-04-01,5.3,2026-04-27,2026-06-10,5.5,5.5,21,3,2026-04-01:5.3>2026-04-27:5>2026-04-29:5.3>2026-05-04:5.5,Commercial Proposal,open_at_freeze,,,DECLINED,eu-west3 – Bethune,26,3.8
2026-09-16,458925457638,502226011373,H200,gpu,,512,12.01,RESERVE,PREPAID,0,2026-05-25,2.6,2026-07-01,2026-08-10,2.6,2.6,23,0,2026-05-25:2.6,Closed lost,lost_other,,Customer Disengagement or Cancellation,Lost Deal,us-central1 – Kansas,37,0.0
2026-09-16,458925490372,504047884532,B300,gpu,,100,12.01,RESERVE,PREPAID,0,2026-05-25,7.1,2026-07-29,2026-08-10,7.1,7.1,23,0,2026-05-25:7.1,Technical Validation,open_at_freeze,,,Waiting For Approval,eu-west2 – Paris,65,0.0
2026-09-16,460240383213,494058108108,GB300,rack,72,576,11.97,RESERVE,PREPAID,0,2026-06-01,5.57,2026-07-01,2026-08-10,5.75,5.75,21,1,2026-06-01:5.57>2026-06-15:5.75,Closed won,won,2026-07-01,,Approved,eu-west3 – Bethune,30,3.2
2026-09-16,460714161388,505241374908,H100,gpu,,1000,12.01,,,0,2026-06-03,2.5,2026-06-03,2026-06-08,2.5,2.5,2,0,2026-06-03:2.5,Prospect,open_at_freeze,,,Waiting For Approval,Nemax,0,0.0
2026-09-16,462671207616,500197004531,B200,gpu,,256,24.01,RESERVE,PREPAID,0,2026-06-15,4.7,2026-06-15,2026-08-10,4.7,4.7,17,0,2026-06-15:4.7,Commercial Proposal,open_at_freeze,,,Waiting For Approval,me-west1 - Israel,0,0.0
2026-09-16,463167250680,506134768866,B300,gpu,,1024,36.02,RESERVE,PREPAID,0,2026-06-17,5.1,2026-06-17,2026-08-10,4.18,4.18,16,1,2026-06-17:5.1>2026-07-06:4.18,Commercial Proposal,open_at_freeze,,,Waiting For Approval,eu-south1 – Madrid,0,-18.0
2026-09-16,467797872870,509473876210,B200,gpu,,512,36.05,RESERVE,PREPAID,0,2026-07-08,4.3,2026-07-13,2026-08-10,4.7,4.7,10,1,2026-07-08:4.3>2026-08-03:4.7,Commercial Proposal,open_at_freeze,,,Waiting For Approval,us-central1 – Kansas,5,9.3
2026-09-16,467900026074,509450175691,B200,gpu,,32,15.82,RESERVE,PREPAID,0,2026-07-13,5.0,2026-07-29,2026-08-10,4.75,4.75,9,1,2026-07-13:5>2026-07-22:4.75,Closed won,won,2026-07-29,,Approved,us-central1 – Kansas,16,-5.0
2026-09-16,470001124574,503998648544,H100,gpu,,40,12.01,RESERVE,PREPAID,0,2026-07-15,2.45,2026-07-15,2026-08-10,2.45,2.45,8,0,2026-07-15:2.45,Technical Validation,open_at_freeze,,,Waiting For Approval,Nemax,0,0.0
2026-09-16,471248371935,511205165287,B200,gpu,,400,35.56,RESERVE,PREPAID,0,2026-07-20,4.4,2026-07-29,2026-08-10,5.1,5.1,7,1,2026-07-20:4.4>2026-07-27:5.1,Disqualified,disqualified,,Duplicate deal,Lost Deal,us-central1 – Kansas,9,15.9
2026-09-16,474229657802,513407756524,GB300,rack,72,72,11.97,RESERVE,PREPAID,0,2026-07-29,5.7,2026-07-29,2026-08-10,5.7,5.7,4,0,2026-07-29:5.7,Prospect,open_at_freeze,,,Waiting For Approval,me-west2 – Masmia Israel,0,0.0
2026-09-16,476673163486,515192398073,H200,gpu,,340,12.01,RESERVE,PREPAID,0,2026-08-10,3.06,2026-08-10,2026-08-10,3.06,3.06,1,0,2026-08-10:3.06,Commercial Proposal,open_at_freeze,,,Waiting For Approval,us-central1 – Kansas,0,0.0
2026-09-16,56310664434,69508651246,H100,gpu,,8,2.99,RESERVE,PREPAID,0,2024-12-10,2.2,2025-02-24,2026-08-10,2.2,2.2,158,0,2024-12-10:2.2,Disqualified,disqualified,,Qualification Oversights,Disqualified,Nemax,76,0.0
2026-09-16,58166742216,71734629607,H100,gpu,,24,2.96,PROMO,POSTPAID,0,2024-12-17,2.95,2025-04-07,2026-08-10,2.95,2.95,157,0,2024-12-17:2.95,Closed lost,lost_price_or_competitor,,Competitor Chosen,Lost Deal,Nemax,111,0.0
2026-09-16,8287673842,9697038558,H100,gpu,,8,0.43,TESTING,NO_PAYMENT,1,2024-10-15,4.85,2024-10-15,2026-08-10,4.85,4.85,166,0,2024-10-15:4.85,Disqualified,disqualified,,Customer Disengagement or Cancellation,Disqualified,Finland,0,0.0
2026-09-16,8541377763,10391410140,H100,gpu,,512,2.01,RESERVE,PREPAID,1,2024-10-15,2.9,2024-10-15,2026-08-10,2.9,2.9,166,0,2024-10-15:2.9,Closed lost,lost_other,,Customer Disengagement or Cancellation,Disqualified,Finland,0,0.0
2026-09-16,86721723626,113100140766,H100,gpu,,128,11.97,RESERVE,PREPAID,0,2025-02-03,2.95,2025-03-03,2026-08-10,2.95,1.77,152,0,2025-02-03:2.95,Closed lost,lost_capacity,,NO_CAPACITY,Lost Deal,Nemax,28,-40.0
2026-09-16,87661022416,46959790297,H100,gpu,,32,11.97,PAYG,POSTPAID,0,2025-02-03,2.0,2025-04-14,2026-08-10,2.0,2.0,152,0,2025-02-03:2,Closed won,won,2025-04-14,,Approved,Nemax,70,0.0
2026-09-16,94359283912,122662968521,H200,gpu,,256,0.07,TESTING,NO_PAYMENT,0,2025-02-10,3.5,2025-02-10,2026-08-10,3.5,3.5,151,0,2025-02-10:3.5,Disqualified,disqualified,,Competitor Chosen,Disqualified,Nemax,0,0.0
2026-09-16,9576889553,12943852246,H100,gpu,,2,6.05,RESERVE,PREPAID,1,2024-10-15,4.85,2024-10-15,2026-08-10,4.85,3.39,166,0,2024-10-15:4.85,Closed won,won,2024-10-15,,Approved,Finland,0,-30.1
2026-09-16,9723208902,13235999935,H100,gpu,,64,2.89,RESERVE,POSTPAID,1,2024-10-15,2.9,2024-10-15,2026-08-10,2.9,2.9,166,0,2024-10-15:2.9,Closed lost,lost_other,,Insufficient Capabilities,Lost Deal,Finland,0,0.0
2026-09-16,10222803434,14115742198,H100,gpu,,32,0.3,RESERVE,PREPAID,1,2024-10-15,2.45,2024-10-15,2026-08-10,2.45,2.45,166,0,2024-10-15:2.45,Closed won,won,2024-10-15,,Disqualified,Finland,0,0.0
2026-09-16,10654755556,14936761806,H100,gpu,,16,2.99,PAYG,POSTPAID,1,2024-10-15,3.5,2024-10-15,2026-08-10,3.5,3.5,166,0,2024-10-15:3.5,Closed won,won,2024-10-15,,Approved,Finland,0,0.0
2026-09-16,115706413288,153274493149,H200,gpu,,32,3.03,PAYG,POSTPAID,0,2025-03-17,3.5,2025-05-29,2026-08-10,3.5,3.5,146,0,2025-03-17:3.5,Closed lost,lost_other,,Customer Disengagement or Cancellation,Lost Deal,Nemax,73,0.0
2026-09-16,126586242293,164972977379,H100,gpu,,47,0.92,PAYG,POSTPAID,0,2025-04-07,2.95,2025-04-28,2026-08-10,2.95,2.95,141,0,2025-04-07:2.95,Closed won,won,2025-04-28,,Approved,Nemax,21,0.0
2026-09-16,132427432151,177903443166,H200,gpu,,40,5.07,RESERVE,PREPAID,0,2025-04-17,2.2,2025-05-22,2026-08-10,2.2,2.2,138,0,2025-04-17:2.2,Closed won,won,2025-05-22,,Approved,us-central1 – Kansas,35,0.0
2026-09-16,138035150026,185330702573,H200,gpu,,10,0.07,RESERVE,POSTPAID,0,2025-04-24,3.5,2025-08-28,2026-08-10,3.5,3.5,136,0,2025-04-24:3.5,Disqualified,disqualified,2025-04-28,Test Deals,Disqualified,Nemax,126,0.0
2026-09-16,148194267383,105021569224,H200,gpu,,128,7.01,PAYG,PREPAID,0,2025-05-08,2.6,2025-05-08,2025-05-15,2.6,2.6,3,0,2025-05-08:2.6,Prospect,open_at_freeze,,,Disqualified,Nemax,0,0.0
2026-09-16,160381190356,214963219693,H200,gpu,,80,0.95,RESERVE,PREPAID,0,2025-05-22,2.1,2025-06-16,2026-08-10,2.1,2.1,128,0,2025-05-22:2.1,Disqualified,disqualified,,Pricing and Billing Issues,Disqualified,Nemax,25,0.0
2026-09-16,166439348424,222899502312,H100,gpu,,180,12.01,PAYG,PREPAID,0,2025-05-29,1.6,2025-06-23,2025-12-17,1.8,1.8,59,1,2025-05-29:1.6>2025-06-05:1.8,Disqualified,disqualified,,Test Deals,Disqualified,Nemax,25,12.5
2026-09-16,167168127208,50245582072,H200,gpu,,0,11.94,RESERVE,POSTPAID,0,2025-06-02,1.9,2025-08-11,2026-08-10,1.9,1.9,125,0,2025-06-02:1.9,Closed lost,lost_other,,Customer Disengagement or Cancellation,Lost Deal,us-central1 – Kansas,70,0.0
2026-09-16,180612044986,242673280236,B200,gpu,,8,0.46,PAYG,POSTPAID,0,2025-07-03,5.5,2025-07-31,2026-08-10,5.5,5.5,116,0,2025-07-03:5.5,Closed lost,lost_capacity,,NO_CAPACITY,Lost Deal,us-central1 – Kansas,28,0.0
2026-09-16,180789566706,239529817291,H200,gpu,,40,7.96,RESERVE,PREPAID,0,2025-06-23,3.5,2026-06-01,2026-08-10,3.5,3.5,100,0,2025-06-23:3.5,Disqualified,disqualified,,Customer Disengagement or Cancellation,Disqualified,eu-west1 – Paris,343,0.0
2026-09-16,186461632714,250563220722,B200,gpu,,8,0.56,TESTING,NO_PAYMENT,0,2025-07-03,5.5,2025-09-01,2026-08-10,5.5,5.5,116,0,2025-07-03:5.5,Closed lost,lost_other,,Customer Disengagement or Cancellation,Lost Deal,us-central1 – Kansas,60,0.0
2026-09-16,186461633741,250563220722,B200,gpu,,32,3.49,RESERVE,PREPAID,0,2025-07-03,4.5,2025-09-01,2026-08-10,3.5,3.5,116,4,2025-07-03:4.5>2025-07-31:4>2025-08-04:3.35>2025-08-07:3.3>2025-08-21:3.5,Closed lost,lost_other,,Customer Disengagement or Cancellation,Lost Deal,us-central1 – Kansas,60,-22.2
2026-09-16,18945140675,22096723183,H200,gpu,,7,11.58,TESTING,PREPAID,0,2024-10-22,4.85,2024-11-14,2025-10-09,2.65,2.65,78,1,2024-10-22:4.85>2024-10-29:2.65,Closed won,won,2024-11-14,,DECLINED,Nemax,23,-45.4
2026-09-16,195335260388,260531548350,H200,gpu,,16,0.1,TESTING,NO_PAYMENT,0,2025-07-14,3.5,2025-08-18,2026-08-10,3.5,3.5,113,0,2025-07-14:3.5,Closed lost,lost_other,,Customer Disengagement or Cancellation,Lost Deal,us-central1 – Kansas,35,0.0
2026-09-16,197217655003,16520249832,H100,gpu,,10,0.07,PAYG,PREPAID,0,2025-07-17,2.95,2025-07-17,2026-08-10,2.95,2.95,112,0,2025-07-17:2.95,Disqualified,disqualified,,Test Deals,Disqualified,me-west1 - Israel,0,0.0
2026-09-16,205271565527,168398919925,H200,gpu,,256,4.08,RESERVE,PREPAID,0,2025-07-24,3.5,2025-08-11,2026-08-10,1.75,1.75,110,1,2025-07-24:3.5>2025-07-31:1.75,Closed lost,lost_price_or_competitor,,Competitor Chosen;Pricing and Billing Issues,Lost Deal,Nemax,18,-50.0
2026-09-16,216731889881,278924050641,H200,gpu,,0,6.05,RESERVE,POSTPAID,0,2025-08-07,1.7,2025-08-18,2026-08-10,1.7,1.7,106,0,2025-08-07:1.7,Closed won,won,2025-08-18,,Disqualified,Nemax,11,0.0
2026-09-16,226769196247,279208150216,H200,gpu,,80,0.1,RESERVE,POSTPAID,0,2025-08-21,3.5,2025-08-25,2026-08-10,3.5,3.5,102,0,2025-08-21:3.5,Closed won,won,2025-08-25,,Disqualified,Nemax,4,0.0
2026-09-16,230376427716,295427001589,H100,gpu,,32,5.99,RESERVE,,0,2025-08-28,2.0,2025-09-18,2025-10-16,2.0,2.0,15,0,2025-08-28:2,Technical Validation,open_at_freeze,,,Waiting For Approval,Nemax,21,0.0
2026-09-16,232416910528,274628337881,H200,gpu,,80,23.98,RESERVE,PREPAID,0,2025-08-28,2.05,2025-10-02,2026-08-10,2.05,2.05,100,0,2025-08-28:2.05,Closed won,won,2025-10-02,,Approved,eu-west1 – Paris,35,0.0
2026-09-16,236013344988,275582622957,H100,gpu,,64,2.01,RESERVE,POSTPAID,0,2025-09-04,2.5,2025-09-18,2026-08-10,2.5,2.5,98,0,2025-09-04:2.5,Closed lost,lost_capacity,,NO_CAPACITY,Lost Deal,Nemax,14,0.0
2026-09-16,236796230872,293492156602,H200,gpu,,16,6.32,PAYG,POSTPAID,0,2025-09-04,3.0,2025-10-06,2026-08-10,2.1,2.1,98,1,2025-09-04:3>2025-09-25:2.1,Closed won,won,2025-10-06,,Waiting For Approval,Nemax,32,-30.0
2026-09-16,241097107699,295426964681,H200,gpu,,40,0.95,TESTING,NO_PAYMENT,0,2025-09-11,3.5,2025-10-30,2025-11-17,3.5,3.5,20,0,2025-09-11:3.5,Technical Validation,open_at_freeze,,,Waiting For Approval,Nemax,49,0.0
2026-09-16,256061636805,304979069142,H100,gpu,,152,5.86,RESERVE,PREPAID,0,2025-10-02,1.8,2025-10-02,2026-08-10,1.8,1.8,90,0,2025-10-02:1.8,Closed lost,lost_capacity,,NO_CAPACITY,Lost Deal,Nemax,0,0.0
2026-09-16,262875329736,328141833410,B300,gpu,,72,1.02,RESERVE,PREPAID,0,2025-10-09,4.0,2026-06-03,2026-08-10,4.0,4.0,54,0,2025-10-09:4,Disqualified,disqualified,,Customer Disengagement or Cancellation,Disqualified,uk-south1 – UK,237,0.0
2026-09-16,269676841164,307977678045,B200,gpu,,512,3.03,RESERVE,PREPAID,0,2025-10-16,3.3,2025-11-17,2025-12-03,2.97,2.97,15,1,2025-10-16:3.3>2025-11-20:2.97,Commercial Proposal,open_at_freeze,,,Waiting For Approval,us-central1 – Kansas,32,-10.0
2026-09-16,281066906833,347664908521,H200,gpu,,280,2.89,RESERVE,POSTPAID,0,2025-10-30,1.9,2025-10-30,2026-08-10,1.9,1.9,82,0,2025-10-30:1.9,Closed won,won,2025-10-30,,Approved,us-central1 – Kansas,0,0.0
2026-09-16,289073160397,321300947177,B300,gpu,,96,12.01,RESERVE,PREPAID,0,2025-11-03,3.4,2025-11-03,2025-11-13,3.4,3.4,4,0,2025-11-03:3.4,Commercial Proposal,open_at_freeze,,,Pre-Approved,uk-south1 – UK,0,0.0
2026-09-16,305098980570,371268188394,B300,gpu,,2818,23.98,RESERVE,PREPAID,0,2025-11-13,3.2,2025-11-17,2026-08-10,3.2,3.2,78,0,2025-11-13:3.2,Closed lost,lost_price_or_competitor,,Pricing and Billing Issues,Lost Deal,uk-south1 – UK,4,0.0
2026-09-16,312808715504,378594071773,B300,gpu,,8,1.22,TESTING,NO_PAYMENT,0,2025-11-20,7.1,2025-11-20,2026-08-10,7.1,7.1,76,0,2025-11-20:7.1,Prospect,open_at_freeze,,,Approved,uk-south1 – UK,0,0.0
2026-09-16,321523491023,364314938562,B300,gpu,,32,0.46,TESTING,NO_PAYMENT,0,2025-11-26,7.1,2025-11-26,2026-01-07,7.1,7.1,13,0,2025-11-26:7.1,Technical Validation,open_at_freeze,,,Waiting For Approval,,0,0.0
2026-09-16,337425158377,399854148807,H200,gpu,,16,6.25,RESERVE,PREPAID,0,2025-12-08,3.5,2025-12-08,2025-12-10,3.5,3.5,2,0,2025-12-08:3.5,Prospect,open_at_freeze,,,Waiting For Approval,Nemax,0,0.0
2026-09-16,342806900961,373925964000,B200,gpu,,512,6.09,RESERVE,PREPAID,0,2025-12-15,3.1,2025-12-15,2025-12-15,3.1,3.1,1,0,2025-12-15:3.1,Technical Validation,open_at_freeze,,Pricing and Billing Issues,Waiting For Approval,us-central1 – Kansas,0,0.0
2026-09-16,345685948652,409575884000,H200,gpu,,16,0.46,TESTING,PREPAID,0,2025-12-17,2.0,2026-01-28,2026-05-06,2.0,2.0,41,0,2025-12-17:2,Commercial Proposal,open_at_freeze,,,Waiting For Approval,eu-west1 – Paris,42,0.0
2026-09-16,346507433188,410630093016,H200,gpu,,228,12.01,RESERVE,PREPAID,0,2025-12-17,1.6,2026-01-05,2026-08-10,1.6,1.6,68,0,2025-12-17:1.6,Closed lost,lost_capacity,,NO_CAPACITY,Lost Deal,eu-west1 – Paris,19,0.0
2026-09-16,373387676910,433811026122,B200,gpu,,1024,1.94,RESERVE,PREPAID,0,2026-01-14,4.5,2026-01-19,2026-08-10,4.5,4.5,60,0,2026-01-14:4.5,Closed lost,lost_capacity,,NO_CAPACITY,Lost Deal,me-west1 - Israel,5,0.0
2026-09-16,373758238969,321446101213,B300,gpu,,192,12.01,RESERVE,POSTPAID,0,2026-01-14,3.4,2026-03-16,2026-08-10,3.5,3.5,60,3,2026-01-14:3.4>2026-02-25:3.3>2026-03-02:3.25>2026-03-09:3.5,Closed won,won,2026-03-16,,Approved,eu-west2 – Paris,61,2.9
2026-09-16,401863034048,459338264782,B300,gpu,,512,4.51,RESERVE,NO_PAYMENT,0,2026-02-04,3.35,2026-05-11,2026-08-10,3.35,3.35,54,0,2026-02-04:3.35,Closed lost,lost_other,,Insufficient Capabilities,Lost Deal,uk-south1 – UK,96,0.0
2026-09-16,409583064297,466726740157,H200,gpu,,16,12.01,RESERVE,,0,2026-02-11,1.8,2026-03-04,2026-08-10,1.8,1.8,52,0,2026-02-11:1.8,Closed won,won,2026-03-04,,Approved,eu-west1 – Paris,21,0.0
2026-09-16,414252480736,454717949158,B300,gpu,,32,36.02,RESERVE,POSTPAID,0,2026-02-16,3.25,2026-03-02,2026-08-10,3.25,3.25,51,0,2026-02-16:3.25,Closed won,won,2026-03-02,,Approved,uk-south1 – UK,14,0.0
2026-09-16,417053956345,462065421546,B200,gpu,,128,2.17,PAYG,POSTPAID,0,2026-02-18,3.55,2026-02-25,2026-08-10,3.55,3.55,50,0,2026-02-18:3.55,Closed lost,lost_capacity,,NO_CAPACITY,Lost Deal,me-west1 - Israel,7,0.0
2026-09-16,417056183508,409579466959,B300,gpu,,64,11.97,RESERVE,POSTPAID,0,2026-02-18,3.99,2026-03-25,2026-08-10,3.99,3.99,50,0,2026-02-18:3.99,Closed lost,lost_price_or_competitor,,Pricing and Billing Issues,Lost Deal,eu-west2 – Paris,35,0.0
2026-09-16,417439783102,473452142802,B300,gpu,,48,15.07,,,0,2026-02-23,4.2,2026-03-02,2026-08-10,3.75,3.75,49,1,2026-02-23:4.2>2026-02-25:3.75,Closed lost,lost_price_or_competitor,,Pricing and Billing Issues;Competitor Chosen,Lost Deal,us-north1 – Minnesota,7,-10.7
2026-09-16,431973461192,486010875112,B300,gpu,,5000,12.01,RESERVE,PREPAID,0,2026-03-04,4.35,2026-03-04,2026-03-18,4.35,4.35,5,0,2026-03-04:4.35,Commercial Proposal,open_at_freeze,,,Waiting for Business Approval,eu-west2 – Paris,0,0.0
2026-09-16,443701953778,487727838410,H100,gpu,,16,11.97,RESERVE,POSTPAID,0,2026-03-23,2.5,2026-03-30,2026-08-10,2.23,2.23,41,1,2026-03-23:2.5>2026-03-25:2.23,Closed won,won,2026-03-30,,Approved,Nemax,7,-10.8
2026-09-16,447644262631,496775889095,H100,gpu,,16,12.01,RESERVE,PREPAID,0,2026-04-01,2.0,2026-04-01,2026-08-10,2.0,2.0,38,0,2026-04-01:2,Prospect,open_at_freeze,,,Waiting For Approval,Nemax,0,0.0
2026-09-16,450813788361,498926890186,H100,gpu,,16,5.99,RESERVE,POSTPAID,0,2026-05-06,2.69,2026-06-29,2026-08-10,2.69,2.69,28,0,2026-05-06:2.69,Closed lost,lost_price_or_competitor,,Pricing and Billing Issues,Lost Deal,Nemax,54,0.0
2026-09-16,453159033053,500644482264,GB300,rack,72,1008,24.01,RESERVE,PREPAID,0,2026-04-27,5.72,2026-05-27,2026-08-10,4.0,4.0,31,3,2026-04-27:5.72>2026-05-11:5.145>2026-05-13:4.9>2026-05-27:4,Commercial Proposal,open_at_freeze,,,Approved,eu-west3 – Bethune,30,-30.1
2026-09-16,456583079136,502454165737,H100,gpu,,8,5.53,PAYG,POSTPAID,0,2026-05-13,2.65,2026-06-08,2026-08-10,2.65,2.65,26,0,2026-05-13:2.65,Closed lost,lost_capacity,,NO_CAPACITY,Lost Deal,Nemax,26,0.0
2026-09-16,460137504957,503790781686,H100,gpu,,40,11.97,RESERVE,PREPAID,0,2026-06-01,2.7,2026-06-29,2026-08-10,2.5,2.5,21,1,2026-06-01:2.7>2026-06-17:2.5,Closed won,won,2026-06-29,,Approved,Nemax,28,-7.4
2026-09-16,463124232411,506128705733,B300,gpu,,1000,12.01,RESERVE,POSTPAID,0,2026-06-15,5.4,2026-06-29,2026-08-10,5.05,5.05,17,1,2026-06-15:5.4>2026-06-29:5.05,Technical Validation,open_at_freeze,,,Waiting For Approval,eu-west2 – Paris,14,-6.5
2026-09-16,465446309084,507742287080,B200,gpu,,16,0.99,RESERVE,PREPAID,0,2026-06-24,5.2,2026-06-24,2026-06-24,5.2,5.2,1,0,2026-06-24:5.2,Prospect,open_at_freeze,,,Approved,me-west1 - Israel,0,0.0
2026-09-16,466421310709,502091035880,H100,gpu,,16,12.96,RESERVE,,0,2026-06-29,2.25,2026-06-29,2026-07-15,2.25,2.25,6,0,2026-06-29:2.25,Commercial Proposal,open_at_freeze,,,Waiting For Approval,Nemax,0,0.0
2026-09-16,47555528914,45645795519,H100,gpu,,48,0.36,PROMO,NO_PAYMENT,0,2024-12-03,2.95,2024-12-17,2026-08-10,2.95,2.95,159,0,2024-12-03:2.95,Closed won,won,2024-12-17,,Approved,Nemax,14,0.0
2026-09-16,57737300158,57841788104,H200,gpu,,8,2.96,PROMO,POSTPAID,0,2024-12-17,4.85,2025-04-14,2026-08-10,4.85,4.85,157,0,2024-12-17:4.85,Disqualified,disqualified,,Test Deals,Disqualified,eu-west1 – Paris,118,0.0
2026-09-16,89359195346,116636799203,H200,gpu,,16,2.93,PAYG,POSTPAID,0,2025-02-03,3.5,2025-06-26,2026-08-10,3.5,3.5,152,0,2025-02-03:3.5,Disqualified,disqualified,,Customer Disengagement or Cancellation,Disqualified,eu-west1 – Paris,143,0.0
2026-09-16,9435514099,12672257513,H100,gpu,,4,0.46,PAYG,POSTPAID,1,2024-10-15,4.85,2024-10-15,2026-08-10,4.85,4.85,166,0,2024-10-15:4.85,Closed won,won,2024-10-15,,Approved,Finland,0,0.0
2026-09-16,9751045853,12722352596,H100,gpu,,256,0.95,INTERNAL,PREPAID,1,2024-10-15,4.85,2024-10-15,2026-08-10,4.85,2.43,166,0,2024-10-15:4.85,Closed won,won,2024-10-15,,Disqualified,Finland,0,-49.9
2026-09-16,98080733396,127590714598,H200,gpu,,1536,0.89,RESERVE,PREPAID,0,2025-02-17,2.0,2025-02-17,2026-08-10,2.0,2.0,150,0,2025-02-17:2,Disqualified,disqualified,,Customer Disengagement or Cancellation,Disqualified,Nemax,0,0.0
2026-09-16,10472439250,14406015213,H100,gpu,,64,0.26,PAYG,POSTPAID,1,2024-10-15,3.5,2024-10-15,2026-08-10,3.5,3.5,166,0,2024-10-15:3.5,Closed won,won,2024-10-15,,Approved,Finland,0,0.0
2026-09-16,10767085779,15294843853,H100,gpu,,4,17.73,RESERVE,PREPAID,1,2024-10-15,2.0,2024-10-15,2026-08-10,2.0,2.0,166,0,2024-10-15:2,Closed won,won,2024-10-15,,Waiting For Approval,Finland,0,0.0
2026-09-16,107674283199,141455107269,H200,gpu,,688,0.89,RESERVE,PREPAID,0,2025-03-03,2.1,2025-03-03,2026-08-10,2.1,2.1,148,0,2025-03-03:2.1,Closed won,won,2025-03-03,,Approved,Nemax,0,0.0
2026-09-16,11052283854,15729381348,H100,gpu,,32,2.24,PAYG,NO_PAYMENT,1,2024-10-15,4.85,2024-10-15,2026-08-10,4.85,4.85,166,0,2024-10-15:4.85,Closed won,won,2024-10-15,,Approved,Finland,0,0.0
2026-09-16,122778695884,164972812489,H100,gpu,,24,3.12,RESERVE,POSTPAID,0,2025-03-27,1.32,2025-04-10,2026-08-10,1.32,1.32,144,0,2025-03-27:1.32,Closed won,won,2025-04-10,,Approved,Nemax,14,0.0
2026-09-16,132744598777,148674477278,H100,gpu,,128,5.23,PAYG,PREPAID,0,2025-04-17,2.1,2025-04-28,2026-08-10,2.1,2.1,138,0,2025-04-17:2.1,Closed won,won,2025-04-28,,Waiting For Approval,Nemax,11,0.0
2026-09-16,134781039851,180580955357,H200,gpu,,64,2.3,PAYG,POSTPAID,0,2025-04-21,3.5,2025-05-26,2026-08-10,3.5,3.5,137,0,2025-04-21:3.5,Closed won,won,2025-05-26,,Disqualified,eu-west1 – Paris,35,0.0
2026-09-16,17798589431,21736706803,H100,gpu,,256,0.59,TESTING,NO_PAYMENT,1,2024-10-15,3.5,2024-10-15,2024-10-29,3.5,3.5,3,0,2024-10-15:3.5,Prospect,open_at_freeze,,,Waiting For Approval,Nemax,0,0.0
2026-09-16,184420091086,247883833593,H200,gpu,,128,2.01,PAYG,POSTPAID,0,2025-06-30,2.0,2025-07-17,2026-08-10,2.0,2.0,117,0,2025-06-30:2,Closed won,won,2025-07-17,,Approved,us-central1 – Kansas,17,0.0
2026-09-16,21201908977,25284227291,H100,gpu,,64,11.78,PAYG,POSTPAID,0,2024-10-29,2.2,2024-10-29,2026-08-10,2.2,2.2,164,0,2024-10-29:2.2,Closed won,won,2024-10-29,,Approved,Nemax,0,0.0
2026-09-16,213983148221,278901182713,H100,gpu,,128,4.54,PAYG,PREPAID,0,2025-08-04,1.6,2025-09-04,2026-08-10,1.6,1.6,107,0,2025-08-04:1.6,Closed lost,lost_other,,Qualification Oversights,Lost Deal,Nemax,31,0.0
2026-09-16,214267944155,267812537532,H100,gpu,,32,6.94,PAYG,POSTPAID,0,2025-08-07,2.95,2025-08-11,2026-08-10,2.95,2.95,106,0,2025-08-07:2.95,Closed won,won,2025-08-11,,Approved,Nemax,4,0.0
2026-09-16,219820207348,252591164603,H200,gpu,,128,5.95,RESERVE,POSTPAID,0,2025-08-11,2.0,2025-10-20,2026-08-10,2.0,2.0,105,0,2025-08-11:2,Closed lost,lost_other,,Customer Disengagement or Cancellation,Lost Deal,eu-west1 – Paris,70,0.0
2026-09-16,230058148066,293493936339,H100,gpu,,24,5.95,RESERVE,POSTPAID,0,2025-08-25,1.5,2025-09-01,2026-08-10,1.5,1.5,101,0,2025-08-25:1.5,Closed won,won,2025-09-01,,Approved,Nemax,7,0.0
2026-09-16,230376355033,295426968769,GB300,rack,72,1008,12.01,RESERVE,POSTPAID,0,2025-08-28,3.35,2025-12-24,2026-08-10,3.35,3.35,100,0,2025-08-28:3.35,Closed lost,lost_capacity,,NO_CAPACITY,Lost Deal,us-east1 – New Jersey,118,0.0
2026-09-16,241054419138,306372901056,H100,gpu,,32,4.9,PAYG,POSTPAID,0,2025-09-11,1.5,2025-10-02,2026-08-10,1.5,1.5,96,0,2025-09-11:1.5,Closed lost,lost_capacity,,NO_CAPACITY,Lost Deal,Nemax,21,0.0
2026-09-16,246275476726,311727127795,H200,gpu,,32,1.09,RESERVE,PREPAID,0,2025-09-22,1.85,2025-11-17,2026-08-10,1.85,1.85,93,0,2025-09-22:1.85,Closed lost,lost_other,,Customer Disengagement or Cancellation,Lost Deal,eu-west1 – Paris,56,0.0
2026-09-16,256058478832,321446101213,B300,gpu,,128,10.99,RESERVE,,0,2025-10-02,4.0,2025-10-02,2025-12-03,4.0,4.0,19,0,2025-10-02:4,Prospect,open_at_freeze,,,Waiting For Approval,uk-south1 – UK,0,0.0
2026-09-16,26308938977,29395115203,H200,gpu,,16,11.97,RESERVE,PREPAID,0,2024-10-29,2.0,2024-11-14,2026-08-10,2.35,2.35,164,1,2024-10-29:2>2024-11-14:2.35,Closed won,won,2024-11-14,,Approved,eu-west1 – Paris,16,17.5
2026-09-16,26466083022,30365254843,H100,gpu,,200,5.56,PAYG,POSTPAID,0,2024-10-29,2.0,2025-01-07,2026-08-10,2.95,2.95,164,1,2024-10-29:2>2024-11-05:2.95,Closed won,won,2025-01-07,,Approved,Nemax,70,47.5
2026-09-16,270940959979,333724914923,B300,gpu,,64,6.05,RESERVE,PREPAID,0,2025-10-23,4.0,2026-01-21,2026-08-10,4.0,4.0,84,0,2025-10-23:4,Closed lost,lost_other,,PoC Performance,Lost Deal,uk-south1 – UK,90,0.0
2026-09-16,305992201461,370748846282,B200,gpu,,16,0.66,TESTING,NO_PAYMENT,0,2025-11-13,5.5,2026-01-26,2026-08-10,5.5,5.5,78,0,2025-11-13:5.5,Closed lost,lost_capacity,,NO_CAPACITY,Lost Deal,me-west1 - Israel,74,0.0
2026-09-16,308728046824,374644301027,H100,gpu,,168,1.05,RESERVE,PREPAID,0,2025-11-17,1.75,2025-11-17,2026-01-07,1.6,1.6,16,1,2025-11-17:1.75>2025-12-17:1.6,Technical Validation,open_at_freeze,,,Waiting For Approval,Nemax,0,-8.6
2026-09-16,313021460691,307977678045,H200,gpu,,64,5.95,RESERVE,PREPAID,0,2025-11-24,2.74,2025-11-24,2025-12-22,2.8,2.8,9,1,2025-11-24:2.74>2025-12-08:2.8,Commercial Proposal,open_at_freeze,,,DECLINED,us-central1 – Kansas,0,2.2
2026-09-16,321592628439,275548186833,H200,gpu,,288,11.97,RESERVE,POSTPAID,0,2025-11-26,1.8,2025-11-26,2025-12-03,1.8,1.8,3,0,2025-11-26:1.8,Technical Validation,open_at_freeze,,,Waiting For Approval,Nemax,0,0.0
2026-09-16,345265862876,409394800878,H100,gpu,,64,5.95,RESERVE,PREPAID,0,2025-12-17,1.7,2026-03-11,2026-08-10,1.7,1.7,68,0,2025-12-17:1.7,Closed lost,lost_capacity,,NO_CAPACITY,Lost Deal,Nemax,84,0.0
2026-09-16,378060473540,433455617253,H200,gpu,,32,0.46,TESTING,NO_PAYMENT,0,2026-01-19,3.5,2026-02-23,2026-08-10,3.5,3.5,59,0,2026-01-19:3.5,Closed won,won,2026-02-23,,Approved,eu-west1 – Paris,35,0.0
2026-09-16,38160255222,42886870207,H100,gpu,,2048,23.98,RESERVE,PREPAID,0,2024-11-14,1.8,2024-11-18,2026-08-10,1.8,1.8,162,0,2024-11-14:1.8,Closed lost,lost_price_or_competitor,,Competitor Chosen,Lost Deal,Nemax,4,0.0
2026-09-16,39238230215,40326916312,H100,gpu,,64,2.24,RESERVE,POSTPAID,0,2024-11-14,1.35,2025-03-03,2026-08-10,1.4,1.4,162,3,2024-11-14:1.35>2025-01-27:1.4>2025-02-10:1.5>2025-03-03:1.4,Closed won,won,2025-03-03,,Approved,Nemax,109,3.7
2026-09-16,395981647078,454717949158,H200,gpu,,16,36.02,RESERVE,POSTPAID,0,2026-02-02,1.6,2026-02-02,2026-02-11,1.6,1.6,4,0,2026-02-02:1.6,Prospect,open_at_freeze,,,Approved,Nemax,0,0.0
2026-09-16,407040617693,462535141568,H200,gpu,,16,2.96,RESERVE,POSTPAID,0,2026-02-09,1.75,2026-03-09,2026-08-10,1.75,1.75,53,0,2026-02-09:1.75,Closed won,won,2026-03-09,,Approved,Nemax,28,0.0
2026-09-16,41196244181,47123472606,H100,gpu,,8,0.46,TESTING,NO_PAYMENT,0,2024-11-18,2.95,2025-02-03,2026-08-10,2.95,2.95,161,0,2024-11-18:2.95,Closed won,won,2025-02-03,,Approved,Nemax,77,0.0
2026-09-16,41196628216,47123723488,H100,gpu,,128,4.93,RESERVE,POSTPAID,0,2024-11-18,2.0,2025-02-03,2026-08-10,2.0,2.0,161,0,2024-11-18:2,Closed lost,lost_other,,Customer Disengagement or Cancellation,Lost Deal,Nemax,77,0.0
2026-09-16,424486506723,478862722238,H100,gpu,,24,6.12,RESERVE,PREPAID,0,2026-02-25,1.8,2026-07-13,2026-08-10,1.8,1.8,48,0,2026-02-25:1.8,Closed lost,lost_other,,Customer Disengagement or Cancellation,Lost Deal,Nemax,138,0.0
2026-09-16,444731235531,495031426285,H100,gpu,,24,6.05,RESERVE,PREPAID,0,2026-03-25,2.05,2026-04-08,2026-08-10,2.05,2.05,40,0,2026-03-25:2.05,Closed lost,lost_capacity,,NO_CAPACITY,Lost Deal,Nemax,14,0.0
2026-09-16,447645174002,462742942959,GB300,rack,72,144,24.05,RESERVE,,0,2026-04-01,5.0,2026-04-01,2026-04-01,5.0,5.0,1,0,2026-04-01:5,Commercial Proposal,open_at_freeze,,,Waiting For Approval,,0,0.0
2026-09-16,447645258943,496751651007,B300,gpu,,200,11.97,RESERVE,PREPAID,0,2026-04-06,5.75,2026-06-22,2026-08-10,5.75,5.75,37,0,2026-04-06:5.75,Closed lost,lost_other,,Contract Restructuring,Lost Deal,us-east1 – New Jersey,77,0.0
2026-09-16,448570040561,497524531397,GB300,rack,72,9648,36.02,RESERVE,PREPAID,0,2026-04-06,4.41,2026-06-15,2026-08-10,5.57,5.57,37,2,2026-04-06:4.41>2026-04-15:4.54>2026-04-29:5.57,Closed won,won,2026-06-15,,Approved,us-south1 – Oklahoma,70,26.3
2026-09-16,449150949614,497918025931,H100,gpu,,96,12.04,RESERVE,POSTPAID,0,2026-04-08,2.15,2026-04-08,2026-08-10,2.15,2.15,21,0,2026-04-08:2.15,Disqualified,disqualified,,NO_CAPACITY,Disqualified,Nemax,0,0.0
2026-09-16,449171951862,497782552769,H100,gpu,,32,12.01,RESERVE,PREPAID,0,2026-04-08,2.01,2026-07-06,2026-08-10,2.01,2.01,36,0,2026-04-08:2.01,Closed lost,lost_other,,Customer Disengagement or Cancellation,Lost Deal,eu-west1 – Paris,89,0.0
2026-09-16,449750597869,498333178071,GB300,rack,72,5040,12.01,RESERVE,PREPAID,0,2026-04-13,5.3,2026-06-03,2026-08-10,5.88,5.88,26,1,2026-04-13:5.3>2026-06-03:5.88,Disqualified,disqualified,,Qualification Oversights,Disqualified,eu-west3 – Bethune,51,10.9
2026-09-16,449772903624,498498985175,GB300,rack,72,4680,36.05,RESERVE,PREPAID,0,2026-04-13,4.2361,2026-04-13,2026-04-13,4.2361,4.2361,1,0,2026-04-13:4.2361,Prospect,open_at_freeze,,,Waiting For Approval,eu-west2 – Paris,0,0.0
2026-09-16,450806357221,498960455871,GB300,rack,72,4032,31.02,,,0,2026-04-20,9.2,2026-06-03,2026-08-10,9.2,9.2,26,0,2026-04-20:9.2,Disqualified,disqualified,,Qualification Oversights,Disqualified,,44,0.0
2026-09-16,452916790491,500645952741,B300,gpu,,5000,24.01,RESERVE,PREPAID,0,2026-04-27,5.15,2026-06-03,2026-08-10,5.15,5.15,23,0,2026-04-27:5.15,Disqualified,disqualified,,Duplicate deal,Disqualified,eu-west2 – Paris,37,0.0
2026-09-16,45303710922,53211544776,H100,gpu,,16,0.23,TESTING,NO_PAYMENT,0,2024-11-26,2.95,2025-01-27,2026-08-10,2.95,2.95,160,0,2024-11-26:2.95,Closed won,won,2025-01-27,,Disqualified,Nemax,62,0.0
2026-09-16,454150393067,275548186833,B300,gpu,,24,11.97,RESERVE,PREPAID,0,2026-05-04,5.5,2026-07-13,2026-08-10,5.5,5.5,29,0,2026-05-04:5.5,Commercial Proposal,open_at_freeze,,,Waiting For Approval,eu-south1 – Madrid,70,0.0
2026-09-16,454655204566,501500853484,B300,gpu,,16,0.46,TESTING,NO_PAYMENT,0,2026-05-06,7.1,2026-06-22,2026-08-10,7.1,7.1,28,0,2026-05-06:7.1,Disqualified,disqualified,,Test Deals,Lost Deal,uk-south1 – UK,47,0.0
2026-09-16,455642805485,501921543400,H100,gpu,,8,0.23,PAYG,NO_PAYMENT,0,2026-05-11,2.95,2026-05-11,2026-08-10,2.95,2.95,27,0,2026-05-11:2.95,Technical Validation,open_at_freeze,,,Waiting For Approval,Nemax,0,0.0
2026-09-16,455937370353,502037064914,B300,gpu,,1024,24.01,RESERVE,PREPAID,0,2026-05-11,4.55,2026-05-18,2026-08-10,4.55,4.55,27,0,2026-05-11:4.55,Closed lost,lost_price_or_competitor,,Pricing and Billing Issues;Competitor Chosen,Lost Deal,eu-west1 – Paris,7,0.0
2026-09-16,460617743598,502774564055,B300,gpu,,256,11.97,RESERVE,PREPAID,0,2026-06-01,5.5,2026-06-01,2026-08-10,5.5,5.5,21,0,2026-06-01:5.5,Prospect,open_at_freeze,,,Waiting For Approval,,0,0.0
2026-09-16,460777418938,505034078426,B300,gpu,,16,0.1,TESTING,NO_PAYMENT,0,2026-06-03,7.1,2026-06-03,2026-08-10,7.1,7.1,20,0,2026-06-03:7.1,Technical Validation,open_at_freeze,,,Approved,uk-south1 – UK,0,0.0
2026-09-16,463446003926,506193534199,H200,gpu,,40,11.97,RESERVE,PREPAID,0,2026-06-17,3.73,2026-06-17,2026-08-10,3.73,3.73,16,0,2026-06-17:3.73,Technical Validation,open_at_freeze,,,Waiting For Approval,,0,0.0
2026-09-16,465448973538,506118816982,H200,gpu,,64,12.01,RESERVE,PREPAID,0,2026-06-29,2.7,2026-06-29,2026-08-10,2.7,2.7,13,0,2026-06-29:2.7,Technical Validation,open_at_freeze,,,Approved,us-central1 – Kansas,0,0.0
2026-09-16,465475888377,507758121173,H100,gpu,,96,6.05,RESERVE,PREPAID,0,2026-06-29,2.95,2026-07-01,2026-08-10,2.95,2.95,13,0,2026-06-29:2.95,Closed won,won,2026-07-01,,Approved,Nemax,2,0.0
2026-09-16,473296265414,513229965550,B300,gpu,,120,12.01,RESERVE,PREPAID,0,2026-07-27,5.5,2026-07-27,2026-08-10,5.5,5.5,5,0,2026-07-27:5.5,Technical Validation,open_at_freeze,,,Waiting For Approval,eu-west1 – Paris,0,0.0
2026-09-16,475261194477,514040942805,B200,gpu,,640,11.97,RESERVE,PREPAID,0,2026-08-03,7.15,2026-08-10,2026-08-10,7.15,7.15,3,0,2026-08-03:7.15,Closed lost,lost_price_or_competitor,,Pricing and Billing Issues,Lost Deal,us-central1 – Kansas,7,0.0
2026-09-16,476018036966,514355041500,H200,gpu,,32,11.97,RESERVE,PREPAID,0,2026-08-05,3.2,2026-08-05,2026-08-10,3.2,3.2,2,0,2026-08-05:3.2,Prospect,open_at_freeze,,,Waiting For Approval,us-central1 – Kansas,0,0.0
2026-09-16,476019163337,514841702621,B300,gpu,,128,11.97,RESERVE,PREPAID,0,2026-08-03,3.3,2026-08-03,2026-08-05,3.3,3.3,2,0,2026-08-03:3.3,Technical Validation,open_at_freeze,,,Waiting For Approval,eu-west1 – Paris,0,0.0
2026-09-16,56267635921,69428747485,H100,gpu,,128,12.01,RESERVE,PREPAID,0,2024-12-10,2.95,2024-12-10,2025-03-10,2.95,2.95,12,0,2024-12-10:2.95,Prospect,open_at_freeze,,,Waiting For Approval,Nemax,0,0.0
2026-09-16,81804681427,103713583306,H200,gpu,,64,1.02,RESERVE,POSTPAID,0,2025-01-20,1.8,2025-01-27,2026-08-10,1.8,1.8,154,0,2025-01-20:1.8,Closed won,won,2025-01-27,,Disqualified,eu-west1 – Paris,7,0.0
2026-09-16,8271302625,10573968100,H100,gpu,,32,2.93,RESERVE,PREPAID,1,2024-10-15,3.76,2024-10-15,2026-08-10,3.76,3.76,166,0,2024-10-15:3.76,Closed won,won,2024-10-15,,Approved,Finland,0,0.0
2026-09-16,84023461086,108998254819,H100,gpu,,128,11.97,RESERVE,POSTPAID,0,2025-01-27,1.65,2025-04-14,2026-08-10,1.65,1.65,153,0,2025-01-27:1.65,Closed lost,lost_other,,Customer Disengagement or Cancellation,Lost Deal,Nemax,77,0.0
2026-09-16,86563394793,112833920201,H200,gpu,,256,3.19,RESERVE,POSTPAID,0,2025-02-03,1.7,2025-02-03,2026-08-10,1.7,1.7,152,0,2025-02-03:1.7,Closed lost,lost_other,,Customer Disengagement or Cancellation,Lost Deal,eu-west1 – Paris,0,0.0
2026-09-16,87762527466,112801891571,H200,gpu,,1000,2.96,RESERVE,POSTPAID,0,2025-02-03,1.75,2025-02-03,2026-08-10,1.75,1.75,152,0,2025-02-03:1.75,Disqualified,disqualified,,Customer Disengagement or Cancellation,Disqualified,eu-west1 – Paris,0,0.0
2026-09-16,8895104971,11607377892,H100,gpu,,32,1.97,PAYG,PREPAID,1,2024-10-15,4.85,2024-10-15,2026-08-10,4.85,4.85,166,0,2024-10-15:4.85,Disqualified,disqualified,,Test Deals,Disqualified,Finland,0,0.0
2026-09-16,9752017111,13281492439,H100,gpu,,16,0.46,TESTING,NO_PAYMENT,1,2024-10-15,4.85,2024-10-15,2026-08-10,4.85,4.85,166,0,2024-10-15:4.85,Disqualified,disqualified,,Customer Disengagement or Cancellation,Disqualified,Finland,0,0.0
2026-09-16,10016793833,13954325460,H100,gpu,,16,0.46,TESTING,NO_PAYMENT,1,2024-10-15,4.85,2024-10-15,2026-08-10,4.85,4.85,166,0,2024-10-15:4.85,Closed won,won,2024-10-15,,Approved,Finland,0,0.0
2026-09-16,10062523123,14116340978,H100,gpu,,16,0.46,TESTING,NO_PAYMENT,1,2024-10-15,4.85,2024-10-15,2026-08-10,4.85,4.85,166,0,2024-10-15:4.85,Closed lost,lost_other,,Customer Disengagement or Cancellation,Lost Deal,Finland,0,0.0
2026-09-16,10484942796,14832889033,H100,gpu,,8,0.13,TESTING,NO_PAYMENT,1,2024-10-15,4.85,2024-10-15,2026-08-10,4.85,4.85,166,0,2024-10-15:4.85,Closed lost,lost_other,,Customer Disengagement or Cancellation,Lost Deal,Finland,0,0.0
2026-09-16,114689149156,151677615334,H100,gpu,,1024,12.01,RESERVE,POSTPAID,0,2025-03-17,2.95,2025-05-01,2026-08-10,2.95,1.98,146,0,2025-03-17:2.95,Closed lost,lost_capacity,,NO_CAPACITY,Lost Deal,eu-west1 – Paris,45,-32.9
2026-09-16,114724369632,58368903408,H100,gpu,,2,0.46,TESTING,NO_PAYMENT,0,2025-03-17,2.95,2025-04-17,2026-08-10,2.95,2.95,146,0,2025-03-17:2.95,Closed lost,lost_other,,Customer Disengagement or Cancellation,Lost Deal,Nemax,31,0.0
2026-09-16,116238019803,154040809675,H100,gpu,,16,3.98,PAYG,POSTPAID,0,2025-03-17,2.95,2025-09-04,2026-08-10,2.95,2.95,146,2,2025-03-17:2.95>2025-05-26:2.5>2025-06-02:2.95,Disqualified,disqualified,,Qualification Oversights,Disqualified,Nemax,171,0.0
2026-09-16,11727541214,15321329392,H100,gpu,,2,0.99,PAYG,POSTPAID,1,2024-10-15,3.9,2024-10-15,2026-08-10,3.9,3.9,166,0,2024-10-15:3.9,Closed won,won,2024-10-15,,Approved,Finland,0,0.0
2026-09-16,117583931633,156797135063,B200,gpu,,16,0.23,TESTING,NO_PAYMENT,0,2025-03-17,3.0,2025-09-04,2026-08-10,3.0,3.0,146,0,2025-03-17:3,Disqualified,disqualified,,Customer Disengagement or Cancellation,Disqualified,us-central1 – Kansas,171,0.0
2026-09-16,14506439363,16520249832,H100,gpu,,30,0.03,PAYG,NO_PAYMENT,1,2024-10-15,3.5,2024-10-15,2026-08-10,3.5,3.5,166,0,2024-10-15:3.5,Disqualified,disqualified,,Test Deals,Disqualified,Finland,0,0.0
2026-09-16,16585387718,20696160459,H200,gpu,,512,11.97,RESERVE,PREPAID,1,2024-10-15,2.88,2024-12-10,2026-08-10,2.2,2.2,166,1,2024-10-15:2.88>2024-12-03:2.2,Disqualified,disqualified,,Test Deals,Disqualified,Nemax,56,-23.6
2026-09-16,167167912146,204373524697,H100,gpu,,128,6.91,RESERVE,PREPAID,0,2025-06-02,1.7,2025-06-05,2026-08-10,1.7,1.7,125,0,2025-06-02:1.7,Closed won,won,2025-06-05,,Approved,Nemax,3,0.0
2026-09-16,172105991381,220926784760,H200,gpu,,920,0.13,RESERVE,PREPAID,0,2025-06-09,2.13,2025-07-03,2026-08-10,2.13,2.13,123,0,2025-06-09:2.13,Closed won,won,2025-07-03,,Approved,eu-west1 – Paris,24,0.0
2026-09-16,184146734299,241050196156,B200,gpu,,16,1.97,PAYG,PREPAID,0,2025-06-26,5.5,2025-06-30,2026-08-10,5.5,5.5,118,0,2025-06-26:5.5,Closed lost,lost_other,,Customer Disengagement or Cancellation,Lost Deal,us-central1 – Kansas,4,0.0
2026-09-16,184146750670,237747412166,H200,gpu,,64,6.97,RESERVE,POSTPAID,0,2025-06-26,3.5,2026-01-26,2026-08-10,2.0,1.4,118,1,2025-06-26:3.5>2025-08-07:2,Closed lost,lost_other,,Customer Disengagement or Cancellation,Lost Deal,eu-west1 – Paris,214,-60.0
2026-09-16,226722130134,292067415270,B200,gpu,,144,24.01,RESERVE,POSTPAID,0,2025-08-21,3.1,2025-08-28,2026-08-10,3.1,3.1,102,0,2025-08-21:3.1,Closed lost,lost_price_or_competitor,,Pricing and Billing Issues,Lost Deal,us-central1 – Kansas,7,0.0
2026-09-16,232420568282,274628337881,H200,gpu,,16,1.51,RESERVE,PREPAID,0,2025-08-28,2.05,2025-10-02,2026-08-10,2.05,2.05,100,0,2025-08-28:2.05,Closed won,won,2025-10-02,,Approved,eu-west1 – Paris,35,0.0
2026-09-16,25347730650,22866602179,H100,gpu,,24,5.92,PAYG,PREPAID,0,2024-10-29,2.4,2024-11-26,2026-08-10,2.4,2.4,164,0,2024-10-29:2.4,Closed won,won,2024-11-26,,Approved,Nemax,28,0.0
2026-09-16,254136294611,316495443142,B200,gpu,,128,12.01,RESERVE,POSTPAID,0,2025-09-29,2.85,2025-10-13,2026-08-10,2.85,2.85,91,0,2025-09-29:2.85,Closed won,won,2025-10-13,,Approved,us-central1 – Kansas,14,0.0
2026-09-16,257329337586,321446102215,B300,gpu,,72,6.15,RESERVE,PREPAID,0,2025-10-06,4.0,2026-03-04,2026-08-10,4.0,4.0,89,0,2025-10-06:4,Closed lost,lost_other,,Customer Disengagement or Cancellation,Lost Deal,uk-south1 – UK,149,0.0
2026-09-16,278271497458,338948630744,GB300,rack,72,4032,11.97,RESERVE,PREPAID,0,2025-10-30,5.5972,2026-05-04,2026-08-10,5.5972,5.5972,82,0,2025-10-30:5.5972,Closed lost,lost_price_or_competitor,,Pricing and Billing Issues;Competitor Chosen,Lost Deal,us-north1 – Minnesota,186,0.0
2026-09-16,293356245215,338154019008,B200,gpu,,16,0.16,TESTING,NO_PAYMENT,0,2025-11-06,5.5,2025-12-01,2026-08-10,5.5,5.5,80,0,2025-11-06:5.5,Closed won,won,2025-12-01,,Approved,us-central1 – Kansas,25,0.0
2026-09-16,324811470017,389301588182,B300,gpu,,16,4.14,RESERVE,PREPAID,0,2025-12-01,3.1,2026-03-25,2026-08-10,3.1,3.1,73,0,2025-12-01:3.1,Closed lost,lost_other,,Customer Disengagement or Cancellation,Lost Deal,Nemax,114,0.0
2026-09-16,324816734444,389303875773,H100,gpu,,8,11.97,RESERVE,PREPAID,0,2025-12-01,1.8,2026-06-03,2026-08-10,1.8,1.8,39,0,2025-12-01:1.8,Disqualified,disqualified,,Test Deals,Disqualified,Nemax,184,0.0
2026-09-16,339401025735,402386200767,B300,gpu,,2048,0.13,TESTING,NO_PAYMENT,0,2025-12-10,7.1,2025-12-22,2026-08-10,7.1,7.1,70,0,2025-12-10:7.1,Closed won,won,2025-12-22,,Approved,uk-south1 – UK,12,0.0
2026-09-16,354497798376,418548638949,H200,gpu,,800,5.95,RESERVE,PREPAID,0,2025-12-31,1.65,2025-12-31,2026-08-10,2.85,2.85,64,1,2025-12-31:1.65>2026-01-05:2.85,Prospect,open_at_freeze,,,Waiting For Approval,us-central1 – Kansas,0,72.7
2026-09-16,355329593579,417871185090,H200,gpu,,800,5.99,RESERVE,PREPAID,0,2025-12-29,1.87,2026-02-02,2026-08-10,1.87,1.87,65,0,2025-12-29:1.87,Closed lost,lost_capacity,,NO_CAPACITY;Insufficient Capabilities,Lost Deal,Nemax,35,0.0
2026-09-16,357866075376,420838659261,B200,gpu,,32,5.86,TESTING,NO_PAYMENT,0,2025-12-31,5.5,2026-02-16,2026-08-10,5.5,5.5,64,0,2025-12-31:5.5,Closed lost,lost_capacity,,NO_CAPACITY,Lost Deal,me-west1 - Israel,47,0.0
2026-09-16,379532240120,437880862928,H200,gpu,,1024,12.43,RESERVE,PREPAID,0,2026-01-19,3.5,2026-01-19,2026-01-26,3.5,1.75,3,0,2026-01-19:3.5,Commercial Proposal,open_at_freeze,,,Waiting for Business Approval,eu-west1 – Paris,0,-50.0
2026-09-16,39959410908,40327134398,H100,gpu,,100,1.97,PAYG,PREPAID,0,2024-11-14,2.95,2024-12-03,2026-08-10,2.4,2.4,162,1,2024-11-14:2.95>2024-11-26:2.4,Closed won,won,2024-12-03,,Approved,Nemax,19,-18.6
2026-09-16,401502466241,458620357874,B200,gpu,,256,11.97,RESERVE,POSTPAID,0,2026-02-04,3.0,2026-02-16,2026-08-10,3.0,3.0,54,0,2026-02-04:3,Closed lost,lost_capacity,,NO_CAPACITY,Lost Deal,us-central1 – Kansas,12,0.0
2026-09-16,401503264985,457808304317,B300,gpu,,2048,24.05,RESERVE,PREPAID,0,2026-02-04,7.1,2026-04-27,2026-06-29,5.1,5.1,42,4,2026-02-04:7.1>2026-02-18:3.4>2026-04-27:5.58>2026-04-29:5.56>2026-05-27:5.1,Commercial Proposal,open_at_freeze,,,Waiting For Approval,eu-south1 – Madrid,82,-28.2
2026-09-16,402608528623,431622787279,H200,gpu,,64,12.01,RESERVE,POSTPAID,0,2026-02-04,1.8,2026-02-09,2026-08-10,1.8,1.8,54,0,2026-02-04:1.8,Closed won,won,2026-02-09,,Approved,Nemax,5,0.0
2026-09-16,405462004966,458063839465,B200,gpu,,4,11.97,RESERVE,POSTPAID,0,2026-02-09,3.5,2026-02-09,2026-02-11,3.5,3.5,2,0,2026-02-09:3.5,Commercial Proposal,open_at_freeze,,,Waiting for Business Approval,me-west1 - Israel,0,0.0
2026-09-16,414153513159,470673765585,B200,gpu,,1200,4.01,RESERVE,PREPAID,0,2026-02-16,5.5,2026-02-16,2026-08-10,5.5,5.5,51,0,2026-02-16:5.5,Closed lost,lost_capacity,,NO_CAPACITY,Waiting For Approval,,0,0.0
2026-09-16,414250770673,470696318166,H100,gpu,,120,12.01,RESERVE,POSTPAID,0,2026-02-16,1.65,2026-02-23,2026-08-10,1.65,1.65,51,0,2026-02-16:1.65,Closed won,won,2026-02-23,,Approved,Nemax,7,0.0
2026-09-16,417172383955,338948630744,H100,gpu,,32,1.15,TESTING,NO_PAYMENT,0,2026-02-18,2.95,2026-05-04,2026-08-10,2.95,2.95,50,0,2026-02-18:2.95,Closed lost,lost_price_or_competitor,,Pricing and Billing Issues;Competitor Chosen,Lost Deal,Nemax,75,0.0
2026-09-16,423141112002,442541918435,B300,gpu,,16,0.46,TESTING,NO_PAYMENT,0,2026-02-25,7.1,2026-06-03,2026-08-10,7.1,7.1,36,0,2026-02-25:7.1,Disqualified,disqualified,,NO_CAPACITY,Disqualified,uk-south1 – UK,98,0.0
2026-09-16,441459209425,493810266337,H100,gpu,,200,11.97,RESERVE,PREPAID,0,2026-03-16,1.75,2026-03-16,2026-08-10,2.26,2.26,43,1,2026-03-16:1.75>2026-04-20:2.26,Prospect,open_at_freeze,,,Waiting For Approval,Nemax,0,29.1
2026-09-16,441460544708,493807260917,B200,gpu,,32,0.95,RESERVE,POSTPAID,0,2026-03-16,2.5,2026-06-24,2026-08-10,2.5,2.5,43,0,2026-03-16:2.5,Closed lost,lost_capacity,,NO_CAPACITY,Lost Deal,me-west1 - Israel,100,0.0
2026-09-16,449754205414,498371407074,H100,gpu,,1024,12.01,RESERVE,PREPAID,0,2026-04-13,2.95,2026-04-13,2026-08-10,2.95,2.95,35,0,2026-04-13:2.95,Closed lost,lost_capacity,,NO_CAPACITY,Lost Deal,Nemax,0,0.0
2026-09-16,451799129279,499544917238,B300,gpu,,624,12.04,RESERVE,POSTPAID,0,2026-04-22,5.4,2026-05-20,2026-08-10,5.56,5.56,32,2,2026-04-22:5.4>2026-04-27:5.55>2026-05-04:5.56,Closed lost,lost_price_or_competitor,,Competitor Chosen,Lost Deal,eu-west2 – Paris,28,3.0
2026-09-16,458927283431,500644482264,GB300,rack,72,4824,33.68,RESERVE,PREPAID,0,2026-05-27,4.0,2026-05-27,2026-06-01,4.0,4.0,2,0,2026-05-27:4,Commercial Proposal,open_at_freeze,,,Waiting For Approval,us-south1 – Oklahoma,0,0.0
2026-09-16,460246352074,504801124584,B300,gpu,,2000,24.05,RESERVE,PREPAID,0,2026-06-01,5.1,2026-06-01,2026-08-10,5.1,5.1,21,0,2026-06-01:5.1,Prospect,open_at_freeze,,,Waiting For Approval,eu-south1 – Madrid,0,0.0
2026-09-16,461587082489,505461602511,B300,gpu,,1024,12.04,RESERVE,POSTPAID,0,2026-06-08,5.56,2026-06-17,2026-08-10,5.56,5.56,19,0,2026-06-08:5.56,Commercial Proposal,open_at_freeze,,,Waiting For Approval,eu-south1 – Madrid,9,0.0
2026-09-16,463595348202,506399161535,B300,gpu,,1000,11.97,RESERVE,PREPAID,0,2026-06-17,5.2,2026-06-22,2026-08-10,5.2,5.2,16,0,2026-06-17:5.2,Technical Validation,open_at_freeze,,,Waiting For Approval,me-west1 - Israel,5,0.0
2026-09-16,467122583780,457808304317,GB300,rack,72,1512,11.97,RESERVE,PREPAID,0,2026-07-01,5.83,2026-07-01,2026-08-10,6.1,6.1,12,1,2026-07-01:5.83>2026-07-06:6.1,Commercial Proposal,open_at_freeze,,,Waiting For Approval,eu-west3 – Bethune,0,4.6
2026-09-16,467470491897,509219963087,B300,gpu,,2000,36.05,RESERVE,PREPAID,0,2026-07-01,5.4,2026-07-06,2026-08-10,4.7,4.7,12,1,2026-07-01:5.4>2026-08-03:4.7,Commercial Proposal,open_at_freeze,,,Waiting for Business Approval,me-west2 – Masmia Israel,5,-13.0
2026-09-16,471053370579,510836778183,B200,gpu,,400,12.01,RESERVE,PREPAID,0,2026-07-20,4.4,2026-08-03,2026-08-10,5.1,5.1,7,1,2026-07-20:4.4>2026-07-27:5.1,Commercial Proposal,open_at_freeze,,,DECLINED,us-central1 – Kansas,14,15.9
2026-09-16,472251932878,512055343294,B300,gpu,,256,24.05,RESERVE,PREPAID,0,2026-07-22,5.0,2026-07-22,2026-08-10,5.0,5.0,6,0,2026-07-22:5,Technical Validation,open_at_freeze,,,Waiting For Approval,eu-south1 – Madrid,0,0.0
2026-09-16,474434719958,513636294843,B300,gpu,,256,0.86,RESERVE,PREPAID,0,2026-07-29,5.6,2026-08-03,2026-08-10,5.6,5.6,4,0,2026-07-29:5.6,Commercial Proposal,open_at_freeze,,,Approved,eu-west2 – Paris,5,0.0
2026-09-16,475938637004,514749636794,H100,gpu,,64,11.97,RESERVE,PREPAID,0,2026-08-05,2.5,2026-08-05,2026-08-10,2.5,2.5,2,0,2026-08-05:2.5,Technical Validation,open_at_freeze,,,Waiting For Approval,Nemax,0,0.0
2026-09-16,58387401948,16641054153,H200,gpu,,2,2.57,PAYG,NO_PAYMENT,0,2024-12-17,4.85,2025-03-17,2026-08-10,4.85,4.85,157,0,2024-12-17:4.85,Closed lost,lost_other,,Qualification Oversights,Lost Deal,eu-west1 – Paris,90,0.0
2026-09-16,8294641397,8539110101,H100,gpu,,8,6.45,RESERVE,PREPAID,1,2024-10-15,4.12,2024-10-15,2026-08-10,4.12,4.12,166,0,2024-10-15:4.12,Closed won,won,2024-10-15,,Approved,Finland,0,0.0
2026-09-16,8461433287,10186892522,H100,gpu,,1,0.2,TESTING,NO_PAYMENT,1,2024-10-15,4.85,2024-10-15,2026-08-10,4.85,4.85,166,0,2024-10-15:4.85,Disqualified,disqualified,,Test Deals,Disqualified,Finland,0,0.0
2026-09-16,84693182665,16659176912,H100,gpu,,40,0.07,PROMO,NO_PAYMENT,0,2025-01-27,2.95,2025-01-27,2026-08-10,2.95,2.95,153,0,2025-01-27:2.95,Closed won,won,2025-01-27,,Approved,Nemax,0,0.0
2026-09-16,9611991788,13028414169,H100,gpu,,2048,5.95,RESERVE,POSTPAID,1,2024-10-15,2.15,2024-10-15,2026-08-10,2.15,2.15,166,0,2024-10-15:2.15,Disqualified,disqualified,,Customer Disengagement or Cancellation;Competitor Chosen,Disqualified,Finland,0,0.0
2026-09-16,9765489874,13307271138,H100,gpu,,32,4.05,PAYG,POSTPAID,1,2024-10-15,2.5,2024-10-15,2026-08-10,2.5,2.5,166,0,2024-10-15:2.5,Closed won,won,2024-10-15,,Disqualified,Finland,0,0.0
2026-09-16,9937844417,13028414169,H100,gpu,,32,0.23,TESTING,NO_PAYMENT,1,2024-10-15,4.85,2024-10-15,2026-08-10,4.85,4.85,166,0,2024-10-15:4.85,Disqualified,disqualified,,Customer Disengagement or Cancellation;Competitor Chosen,Disqualified,Finland,0,0.0
2026-09-16,100739510483,132864196818,H100,gpu,,16,5.95,TESTING,POSTPAID,0,2025-02-24,2.95,2025-06-05,2026-08-10,2.95,2.95,149,0,2025-02-24:2.95,Disqualified,disqualified,,Qualification Oversights,Disqualified,Nemax,101,0.0
2026-09-16,100770813138,132669073600,H100,gpu,,16,2.93,PROMO,POSTPAID,0,2025-02-24,2.95,2025-05-29,2026-08-10,2.95,2.95,149,0,2025-02-24:2.95,Disqualified,disqualified,,Test Deals,Disqualified,Nemax,94,0.0
2026-09-16,10528581572,9496207584,H100,gpu,,96,6.05,RESERVE,POSTPAID,1,2024-10-15,4.85,2024-10-15,2026-08-10,4.85,4.85,166,0,2024-10-15:4.85,Closed won,won,2024-10-15,,Approved,Finland,0,0.0
2026-09-16,108637845715,121620103377,H200,gpu,,1056,11.97,RESERVE,POSTPAID,0,2025-03-03,2.03,2025-06-26,2026-08-10,2.03,2.03,148,0,2025-03-03:2.03,Closed lost,lost_price_or_competitor,,Competitor Chosen,Lost Deal,us-central1 – Kansas,115,0.0
2026-09-16,115958460648,153274551502,H200,gpu,,32,3.03,PAYG,POSTPAID,0,2025-03-17,3.5,2025-09-04,2026-08-10,3.5,3.5,146,0,2025-03-17:3.5,Disqualified,disqualified,,Test Deals,Disqualified,Nemax,171,0.0
2026-09-16,118419465442,158226619596,H100,gpu,,32,7.53,PAYG,POSTPAID,0,2025-03-24,2.95,2025-04-10,2026-08-10,2.95,2.95,145,0,2025-03-24:2.95,Disqualified,disqualified,,Test Deals,Disqualified,eu-north2 – Iceland,17,0.0
2026-09-16,12188592358,16592042959,H100,gpu,,8,1.84,RESERVE,PREPAID,1,2024-10-15,3.1,2024-10-15,2026-08-10,3.1,3.1,166,0,2024-10-15:3.1,Closed won,won,2024-10-15,,DECLINED,Finland,0,0.0
2026-09-16,12212903370,16659176912,H100,gpu,,8,0.1,PROMO,NO_PAYMENT,1,2024-10-15,3.5,2024-10-15,2026-08-10,3.5,3.5,166,0,2024-10-15:3.5,Closed won,won,2024-10-15,,Disqualified,Finland,0,0.0
2026-09-16,12213177804,16659176912,H100,gpu,,50,0.1,PROMO,NO_PAYMENT,1,2024-10-15,3.5,2024-10-15,2026-08-10,3.5,3.5,166,0,2024-10-15:3.5,Closed won,won,2024-10-15,,Approved,Finland,0,0.0
2026-09-16,123203482848,165767835895,H100,gpu,,8,2.99,RESERVE,POSTPAID,0,2025-03-27,1.7,2025-05-15,2026-08-10,1.7,1.7,144,0,2025-03-27:1.7,Closed won,won,2025-05-15,,Approved,Nemax,49,0.0
2026-09-16,137554123989,185056907479,H100,gpu,,64,2.99,RESERVE,PREPAID,0,2025-04-24,1.8,2025-05-01,2026-08-10,1.8,1.8,136,0,2025-04-24:1.8,Closed won,won,2025-05-01,,Approved,Nemax,7,0.0
2026-09-16,139073687776,187610990822,H200,gpu,,16,1.18,TESTING,NO_PAYMENT,0,2025-04-28,3.5,2025-07-03,2026-08-10,3.5,3.5,135,0,2025-04-28:3.5,Closed won,won,2025-07-03,,Approved,Nemax,66,0.0
2026-09-16,140049788099,188350109908,H200,gpu,,64,0.99,RESERVE,PREPAID,0,2025-04-28,2.35,2025-05-08,2026-08-10,2.35,2.35,135,0,2025-04-28:2.35,Disqualified,disqualified,,Customer Disengagement or Cancellation,Disqualified,eu-west1 – Paris,10,0.0
2026-09-16,143025334518,189721874634,H100,gpu,,128,1.28,RESERVE,PREPAID,0,2025-04-28,2.1,2025-05-01,2026-08-10,2.1,2.1,135,0,2025-04-28:2.1,Closed lost,lost_other,,Customer Disengagement or Cancellation,Lost Deal,Nemax,3,0.0
2026-09-16,14532555998,18898677486,H200,gpu,,128,0.46,TESTING,NO_PAYMENT,1,2024-10-15,2.75,2024-12-03,2026-08-10,2.75,2.75,166,0,2024-10-15:2.75,Closed lost,lost_other,,Insufficient Capabilities,Lost Deal,Nemax,49,0.0
2026-09-16,179186792652,240357638342,B200,gpu,,2000,6.02,RESERVE,POSTPAID,0,2025-06-19,3.0,2025-09-08,2025-10-06,2.9,2.9,32,1,2025-06-19:3>2025-07-03:2.9,Closed won,won,2025-09-08,,Disqualified,us-central1 – Kansas,81,-3.3
2026-09-16,18359951582,15554929365,H200,gpu,,512,8.09,RESERVE,POSTPAID,1,2024-10-15,2.5,2024-10-15,2026-08-10,2.5,2.5,166,0,2024-10-15:2.5,Closed won,won,2024-10-15,,Approved,eu-west1 – Paris,0,0.0
2026-09-16,187357193403,247090309310,H100,gpu,,1536,2.99,RESERVE,POSTPAID,0,2025-07-03,1.65,2025-08-11,2026-08-10,1.65,1.65,116,0,2025-07-03:1.65,Closed won,won,2025-08-11,,Disqualified,Nemax,39,0.0
2026-09-16,206581845189,262915370203,B200,gpu,,2048,6.97,RESERVE,PREPAID,0,2025-07-28,3.2,2025-09-08,2025-09-08,3.2,3.2,13,0,2025-07-28:3.2,Technical Validation,open_at_freeze,,,Waiting For Approval,Nemax,42,0.0
2026-09-16,212249745657,230047146193,H200,gpu,,56,5.92,PAYG,POSTPAID,0,2025-08-04,2.4,2025-08-25,2026-08-10,2.4,2.4,107,0,2025-08-04:2.4,Closed won,won,2025-08-25,,Approved,Nemax,21,0.0
2026-09-16,216730932435,281391154380,H100,gpu,,96,0.39,RESERVE,POSTPAID,0,2025-08-07,2.95,2025-08-28,2026-08-10,2.95,2.36,106,0,2025-08-07:2.95,Closed won,won,2025-08-28,,Approved,Nemax,21,-20.0
2026-09-16,216731908287,105021569224,H200,gpu,,32,6.15,RESERVE,PREPAID,0,2025-08-07,2.1,2025-10-02,2026-08-10,2.0,2.0,106,1,2025-08-07:2.1>2025-09-15:2,Closed won,won,2025-10-02,,Approved,Nemax,56,-4.8
2026-09-16,237665617140,301840033997,H100,gpu,,40,5.95,RESERVE,PREPAID,0,2025-09-08,1.7,2025-09-11,2026-08-10,1.7,1.7,97,0,2025-09-08:1.7,Closed won,won,2025-09-11,,Approved,Nemax,3,0.0
2026-09-16,256059748589,316400025834,B200,gpu,,32,6.05,RESERVE,PREPAID,0,2025-10-06,3.4,2025-10-06,2025-10-09,3.4,3.4,2,0,2025-10-06:3.4,Prospect,open_at_freeze,,,Approved,us-central1 – Kansas,0,0.0
2026-09-16,269840829662,335237602528,GB300,gpu,72,8064,36.02,RESERVE,PREPAID,0,2025-10-16,4.6,2025-10-16,2025-11-26,4.6,4.6,13,0,2025-10-16:4.6,Prospect,open_at_freeze,,,Pre-Approved,Nemax,0,0.0
2026-09-16,270863154407,336307667134,B200,gpu,,200,0.99,RESERVE,POSTPAID,0,2025-10-20,4.2,2025-11-10,2025-11-10,3.5,3.5,7,1,2025-10-20:4.2>2025-11-10:3.5,Technical Validation,open_at_freeze,,,Waiting For Approval,me-west1 - Israel,21,-16.7
2026-09-16,270940745955,278892001518,B300,gpu,,16,0.46,TESTING,NO_PAYMENT,0,2025-10-20,7.1,2025-12-01,2026-08-10,7.1,7.1,85,0,2025-10-20:7.1,Closed lost,lost_capacity,,NO_CAPACITY,Lost Deal,uk-south1 – UK,42,0.0
2026-09-16,297604656340,361875722427,H100,gpu,,8,0.43,TESTING,NO_PAYMENT,0,2025-11-06,2.95,2026-06-24,2026-08-10,2.95,2.95,80,0,2025-11-06:2.95,Closed lost,lost_other,,Duplicate deal,Lost Deal,Nemax,230,0.0
2026-09-16,322799731921,389303660766,H200,gpu,,16,11.97,RESERVE,POSTPAID,0,2025-12-01,1.6,2025-12-24,2026-08-10,1.6,1.6,73,0,2025-12-01:1.6,Closed lost,lost_price_or_competitor,,Pricing and Billing Issues,Lost Deal,eu-west1 – Paris,23,0.0
2026-09-16,338372874471,402092347636,GB300,rack,72,144,36.02,RESERVE,PREPAID,0,2025-12-08,4.6,2026-01-28,2026-08-10,4.6,4.6,71,0,2025-12-08:4.6,Closed lost,lost_other,,Customer Disengagement or Cancellation,Lost Deal,eu-west1 – Paris,51,0.0
2026-09-16,340229556422,404309004529,B200,gpu,,10000,12.01,RESERVE,PREPAID,0,2025-12-15,5.5,2025-12-15,2026-08-10,5.5,5.5,69,0,2025-12-15:5.5,Closed lost,lost_capacity,,NO_CAPACITY,Lost Deal,,0,0.0
2026-09-16,342462747846,406250960089,H200,gpu,,48,12.01,RESERVE,PREPAID,0,2025-12-15,1.9,2025-12-15,2025-12-15,1.9,1.9,1,0,2025-12-15:1.9,Commercial Proposal,open_at_freeze,,,Waiting For Approval,Nemax,0,0.0
2026-09-16,342791284942,397124996288,H100,gpu,,16,12.01,RESERVE,PREPAID,0,2025-12-15,1.7,2026-01-05,2026-08-10,1.7,1.7,69,0,2025-12-15:1.7,Closed lost,lost_other,,Customer Disengagement or Cancellation,Lost Deal,Nemax,21,0.0
2026-09-16,367223288001,427714401513,H200,gpu,,160,5.99,RESERVE,PREPAID,0,2026-01-12,1.9,2026-01-28,2026-08-10,1.9,1.9,61,0,2026-01-12:1.9,Closed lost,lost_capacity,,NO_CAPACITY,Lost Deal,eu-west1 – Paris,16,0.0
2026-09-16,368621990074,421685855418,B200,gpu,,8,0.2,RESERVE,POSTPAID,0,2026-01-12,3.4,2026-01-19,2026-08-10,3.4,3.4,61,0,2026-01-12:3.4,Closed won,won,2026-01-19,,Approved,us-central1 – Kansas,7,0.0
2026-09-16,401301870831,420265816288,H200,gpu,,56,11.97,RESERVE,PREPAID,0,2026-02-04,1.85,2026-05-18,2026-08-10,1.85,1.85,54,0,2026-02-04:1.85,Closed lost,lost_other,,Customer Disengagement or Cancellation,Lost Deal,Nemax,103,0.0
2026-09-16,401506752727,452301396175,B300,gpu,,0,3.09,RESERVE,POSTPAID,0,2026-02-04,3.4,2026-02-04,2026-02-18,3.4,3.4,5,0,2026-02-04:3.4,Commercial Proposal,open_at_freeze,,,Waiting For Approval,uk-south1 – UK,0,0.0
2026-09-16,40209320154,45235045582,H100,gpu,,256,2.01,PAYG,POSTPAID,0,2024-11-14,2.95,2024-12-17,2026-08-10,2.95,2.95,162,0,2024-11-14:2.95,Closed lost,lost_other,,Insufficient Capabilities,Lost Deal,Nemax,33,0.0
2026-09-16,409143315662,466108675292,H100,gpu,,32,0.92,RESERVE,PREPAID,0,2026-02-11,1.7,2026-02-11,2026-02-11,1.7,1.7,1,0,2026-02-11:1.7,Commercial Proposal,open_at_freeze,,,Waiting for Business Approval,Nemax,0,0.0
2026-09-16,420351263963,452556565739,B300,gpu,,32,2.01,RESERVE,PREPAID,0,2026-02-25,3.25,2026-03-30,2026-08-10,3.25,3.25,48,0,2026-02-25:3.25,Closed won,won,2026-03-30,,Approved,uk-south1 – UK,33,0.0
2026-09-16,434329322734,488760436980,H200,gpu,,32,0.03,RESERVE,NO_PAYMENT,0,2026-03-09,3.5,2026-03-09,2026-08-10,3.5,3.5,45,0,2026-03-09:3.5,Prospect,open_at_freeze,,,Waiting For Approval,eu-west1 – Paris,0,0.0
2026-09-16,443703934160,494817403120,GB300,rack,72,5040,12.01,RESERVE,PREPAID,0,2026-03-23,5.3,2026-03-30,2026-08-10,5.3,5.3,41,0,2026-03-23:5.3,Closed won,won,2026-03-30,,Approved,eu-west3 – Bethune,7,0.0
2026-09-16,449772795105,498502523082,B300,gpu,,2000,12.01,RESERVE,PREPAID,0,2026-04-13,4.49,2026-04-13,2026-04-13,4.49,4.49,1,0,2026-04-13:4.49,Prospect,open_at_freeze,,,Waiting For Approval,,0,0.0
2026-09-16,449944229055,498045449410,H100,gpu,,32,11.97,RESERVE,PREPAID,0,2026-04-13,1.91,2026-06-08,2026-08-10,1.91,1.91,35,0,2026-04-13:1.91,Closed lost,lost_capacity,,NO_CAPACITY,Lost Deal,Nemax,56,0.0
2026-09-16,454652573886,501540365543,H100,gpu,,8,11.05,RESERVE,POSTPAID,0,2026-05-06,2.95,2026-05-27,2026-08-10,2.95,2.95,28,0,2026-05-06:2.95,Closed lost,lost_price_or_competitor,,Pricing and Billing Issues,Lost Deal,Nemax,21,0.0
2026-09-16,456650932437,497524531397,GB300,rack,72,4824,36.02,RESERVE,PREPAID,0,2026-05-13,5.57,2026-05-13,2026-05-13,5.57,5.57,1,0,2026-05-13:5.57,Commercial Proposal,open_at_freeze,,,Waiting for Business Approval,us-south1 – Oklahoma,0,0.0
2026-09-16,457718678721,494190648559,B200,gpu,,64,0.95,RESERVE,POSTPAID,0,2026-05-20,5.16,2026-06-01,2026-08-10,5.16,5.16,24,0,2026-05-20:5.16,Closed won,won,2026-06-01,,Approved,me-west1 - Israel,12,0.0
2026-09-16,467120200938,508804896992,B300,gpu,,384,7.93,RESERVE,PREPAID,0,2026-07-01,5.66,2026-07-13,2026-08-10,5.66,5.66,12,0,2026-07-01:5.66,Commercial Proposal,open_at_freeze,,,Waiting For Approval,eu-south1 – Madrid,12,0.0
2026-09-16,467797957878,509473816774,GB300,rack,72,1008,24.05,RESERVE,PREPAID,0,2026-07-08,6.9444,2026-07-08,2026-08-10,6.9444,6.9444,10,0,2026-07-08:6.9444,Prospect,open_at_freeze,,,Waiting For Approval,,0,0.0
2026-09-16,467819994315,509469506783,B300,gpu,,256,0.36,RESERVE,POSTPAID,0,2026-07-06,5.6,2026-07-13,2026-08-10,5.6,5.6,11,0,2026-07-06:5.6,Closed won,won,2026-07-13,,Waiting For Approval,eu-west2 – Paris,7,0.0
2026-09-16,470367236297,494498738362,VR,gpu,72,4032,60.1,RESERVE,POSTPAID,0,2026-07-20,4.88,2026-07-20,2026-08-10,4.88,4.88,7,0,2026-07-20:4.88,Prospect,open_at_freeze,,,Approved,us-south1 – Oklahoma,0,0.0
2026-09-16,471388407017,511205420229,B300,gpu,,32,0.26,TESTING,NO_PAYMENT,0,2026-07-20,7.85,2026-07-22,2026-08-10,7.85,7.85,7,0,2026-07-20:7.85,Technical Validation,open_at_freeze,,,Waiting For Approval,uk-south1 – UK,2,0.0
2026-09-16,472060079324,511460097259,B300,gpu,,32,0.43,TESTING,NO_PAYMENT,0,2026-07-22,7.85,2026-07-22,2026-08-10,7.85,7.85,6,0,2026-07-22:7.85,Technical Validation,open_at_freeze,,,Waiting For Approval,uk-south1 – UK,0,0.0
2026-09-16,47284189424,57164800238,H100,gpu,,1024,12.43,RESERVE,PREPAID,0,2024-12-03,2.95,2025-01-27,2026-08-10,2.95,2.95,159,0,2024-12-03:2.95,Closed lost,lost_other,,Insufficient Capabilities;Customer Disengagement or Cancellation,Lost Deal,Nemax,55,0.0
2026-09-16,476018036923,514695448796,B300,gpu,,16,0.56,TESTING,NO_PAYMENT,0,2026-08-05,7.85,2026-08-05,2026-08-10,7.85,7.85,2,0,2026-08-05:7.85,Prospect,open_at_freeze,,,Approved,eu-west2 – Paris,0,0.0
2026-09-16,81007825126,103713652933,H200,gpu,,40,6.32,RESERVE,PREPAID,0,2025-01-20,2.13,2025-02-24,2026-08-10,2.13,2.13,154,0,2025-01-20:2.13,Closed won,won,2025-02-24,,Approved,eu-west1 – Paris,35,0.0
2026-09-16,8270829036,8539110101,H100,gpu,,16,12.01,RESERVE,PREPAID,1,2024-10-15,3.4,2024-10-15,2026-08-10,3.4,3.4,166,0,2024-10-15:3.4,Closed won,won,2024-10-15,,Disqualified,Finland,0,0.0
2026-09-16,84714274019,108998514909,H200,gpu,,8,11.97,PAYG,POSTPAID,0,2025-01-27,3.4,2025-03-10,2026-08-10,3.4,3.4,153,0,2025-01-27:3.4,Closed lost,lost_other,,Customer Disengagement or Cancellation,Lost Deal,eu-west1 – Paris,42,0.0
2026-09-16,8675347182,11282508788,H100,gpu,,128,0.46,RESERVE,PREPAID,1,2024-10-15,3.52,2024-10-15,2026-08-10,3.52,3.52,166,0,2024-10-15:3.52,Closed lost,lost_other,,Customer Disengagement or Cancellation,Disqualified,Finland,0,0.0
2026-09-16,9392802781,12570536919,H100,gpu,,128,4.93,RESERVE,PREPAID,1,2024-10-15,3.52,2024-10-15,2026-08-10,3.52,3.52,166,0,2024-10-15:3.52,Closed lost,lost_price_or_competitor,,Competitor Chosen,Disqualified,Finland,0,0.0
2026-09-16,10790360782,15326409946,H100,gpu,,1024,2.93,RESERVE,PREPAID,1,2024-10-15,2.2,2024-10-15,2026-08-10,2.2,2.2,166,0,2024-10-15:2.2,Closed won,won,2024-10-15,,Approved,Finland,0,0.0
2026-09-16,11051858652,15729057259,H100,gpu,,32,0.07,PAYG,POSTPAID,1,2024-10-15,4.85,2024-10-15,2026-08-10,4.85,0.85,166,0,2024-10-15:4.85,Closed won,won,2024-10-15,,Approved,Finland,0,-82.5
2026-09-16,116238022845,154452647114,H200,gpu,,320,6.02,RESERVE,POSTPAID,0,2025-03-17,3.5,2025-06-02,2026-08-10,3.5,2.35,146,0,2025-03-17:3.5,Closed lost,lost_price_or_competitor,,Pricing and Billing Issues,Lost Deal,us-central1 – Kansas,77,-32.9
2026-09-16,11718552814,16359932391,H100,gpu,,56,1.32,PAYG,POSTPAID,1,2024-10-15,2.6,2024-10-15,2026-08-10,2.6,2.6,166,0,2024-10-15:2.6,Closed won,won,2024-10-15,,Disqualified,Finland,0,0.0
2026-09-16,122372157654,163523948785,H200,gpu,,8,1.12,TESTING,NO_PAYMENT,0,2025-03-27,3.5,2025-05-08,2026-08-10,3.5,3.5,144,0,2025-03-27:3.5,Closed lost,lost_other,,Test Deals,Lost Deal,Nemax,42,0.0
2026-09-16,124886595788,166360886470,H100,gpu,,16,2.99,RESERVE,PREPAID,0,2025-03-31,2.95,2025-05-29,2026-08-10,1.85,1.85,143,1,2025-03-31:2.95>2025-04-14:1.85,Closed won,won,2025-05-29,,Approved,Nemax,59,-37.3
2026-09-16,126585788659,133567427826,H200,gpu,,128,7.04,RESERVE,PREPAID,0,2025-04-07,3.5,2025-04-07,2025-05-19,3.5,2.1,13,0,2025-04-07:3.5,Technical Validation,open_at_freeze,,,Waiting For Approval,us-central1 – Kansas,0,-40.0
2026-09-16,141106052320,168399518920,H200,gpu,,80,2.99,PAYG,PREPAID,0,2025-04-28,2.3,2025-05-01,2026-08-10,2.3,2.3,135,0,2025-04-28:2.3,Closed won,won,2025-05-01,,Approved,Nemax,3,0.0
2026-09-16,149799683293,201352077500,H200,gpu,,160,2.99,RESERVE,POSTPAID,0,2025-05-12,3.5,2025-07-31,2026-08-10,2.05,2.05,131,1,2025-05-12:3.5>2025-06-02:2.05,Closed lost,lost_price_or_competitor,,Competitor Chosen,Lost Deal,us-central1 – Kansas,80,-41.4
2026-09-16,154451249395,208189717693,H200,gpu,,112,11.97,RESERVE,PREPAID,0,2025-05-15,2.2,2025-05-15,2025-05-15,2.2,2.2,1,0,2025-05-15:2.2,Technical Validation,open_at_freeze,,,Waiting For Approval,us-central1 – Kansas,0,0.0
2026-09-16,164898584803,220926784760,H200,gpu,,688,0.79,RESERVE,PREPAID,0,2025-05-26,2.13,2025-07-03,2026-08-10,2.13,2.13,127,0,2025-05-26:2.13,Closed won,won,2025-07-03,,Disqualified,eu-west1 – Paris,38,0.0
2026-09-16,177380516084,200550713549,H200,gpu,,16,0.46,TESTING,NO_PAYMENT,0,2025-06-16,3.5,2025-07-31,2026-08-10,3.5,3.5,121,0,2025-06-16:3.5,Closed lost,lost_capacity,,NO_CAPACITY;Customer Disengagement or Cancellation,Lost Deal,us-central1 – Kansas,45,0.0
2026-09-16,183801470161,180288954617,H200,gpu,,48,6.97,RESERVE,PREPAID,0,2025-06-26,2.3,2025-07-17,2026-08-10,2.3,2.3,118,0,2025-06-26:2.3,Disqualified,disqualified,,Customer Disengagement or Cancellation,Disqualified,us-central1 – Kansas,21,0.0
2026-09-16,184420091085,247883833593,H200,gpu,,32,2.01,PAYG,POSTPAID,0,2025-06-30,2.4,2025-07-17,2026-08-10,2.4,2.4,117,0,2025-06-30:2.4,Closed won,won,2025-07-17,,Approved,Nemax,17,0.0
2026-09-16,191581770976,233037923516,H200,gpu,,64,0.99,TESTING,NO_PAYMENT,0,2025-07-07,3.5,2025-08-07,2026-08-10,3.5,3.5,115,0,2025-07-07:3.5,Closed lost,lost_capacity,,NO_CAPACITY,Lost Deal,us-central1 – Kansas,31,0.0
2026-09-16,192697561284,258253736139,B200,gpu,,192,5.13,PAYG,POSTPAID,0,2025-07-10,5.5,2025-08-21,2026-08-10,5.5,5.5,114,0,2025-07-10:5.5,Closed lost,lost_capacity,,NO_CAPACITY,Lost Deal,us-central1 – Kansas,42,0.0
2026-09-16,192859161797,258180622529,H100,gpu,,32,3.09,RESERVE,POSTPAID,0,2025-07-10,1.7,2025-07-24,2026-08-10,1.7,1.7,114,0,2025-07-10:1.7,Closed won,won,2025-07-24,,Approved,Nemax,14,0.0
2026-09-16,206581779700,177753971925,B200,gpu,,64,0.3,TESTING,NO_PAYMENT,0,2025-07-28,5.5,2025-11-13,2026-08-10,5.5,5.5,109,0,2025-07-28:5.5,Closed won,won,2025-11-13,Customer Disengagement or Cancellation,Lost Deal,us-central1 – Kansas,108,0.0
2026-09-16,217972010173,194423700709,H200,gpu,,256,0.76,PAYG,POSTPAID,0,2025-08-11,3.5,2026-04-27,2026-08-10,3.5,3.5,105,0,2025-08-11:3.5,Closed lost,lost_capacity,,NO_CAPACITY,Lost Deal,Nemax,259,0.0
2026-09-16,226725735643,292091322594,B200,gpu,,256,33.26,RESERVE,PREPAID,0,2025-08-21,3.1,2025-11-17,2026-01-07,3.15,3.15,41,4,2025-08-21:3.1>2025-10-27:3.3>2025-11-10:2.97>2025-11-20:2.74>2025-12-10:3.15,Commercial Proposal,open_at_freeze,,,Waiting For Approval,us-central1 – Kansas,88,1.6
2026-09-16,227679411402,281867217126,B200,gpu,,32,0.69,TESTING,NO_PAYMENT,0,2025-08-25,5.5,2025-09-11,2026-08-10,5.5,5.5,90,0,2025-08-25:5.5,Closed won,won,2025-09-11,,Approved,us-central1 – Kansas,17,0.0
2026-09-16,227679447284,293032920302,H100,gpu,,24,12.01,RESERVE,,0,2025-08-25,2.4,2025-08-25,2026-08-10,2.4,2.4,101,0,2025-08-25:2.4,Closed lost,lost_capacity,,NO_CAPACITY,Lost Deal,Nemax,0,0.0
2026-09-16,230058208475,295375838448,H200,gpu,,192,1.58,RESERVE,PREPAID,0,2025-08-28,1.9,2025-09-11,2026-08-10,1.9,1.9,100,0,2025-08-28:1.9,Closed won,won,2025-09-11,NO_CAPACITY,Approved,eu-west1 – Paris,14,0.0
2026-09-16,231742954727,296916596953,GB200,rack,72,288,12.01,RESERVE,PREPAID,0,2025-08-28,10.0,2026-06-03,2026-08-10,4.0,4.0,70,1,2025-08-28:10>2025-12-03:4,Disqualified,disqualified,,Qualification Oversights,Disqualified,Nemax,279,-60.0
2026-09-16,236609250512,297666990273,B200,gpu,,32,12.01,RESERVE,POSTPAID,0,2025-09-04,5.5,2025-11-03,2026-08-10,5.5,3.58,98,0,2025-09-04:5.5,Closed lost,lost_other,,Test Deals,Lost Deal,us-central1 – Kansas,60,-34.9
2026-09-16,236943502537,282635651302,H100,gpu,,648,12.3,RESERVE,PREPAID,0,2025-09-04,1.6,2025-09-04,2025-10-06,1.65,1.65,10,1,2025-09-04:1.6>2025-10-02:1.65,Commercial Proposal,open_at_freeze,,,Waiting For Approval,Nemax,0,3.1
2026-09-16,240224728294,304979069142,GB300,gpu,72,24,11.97,RESERVE,PREPAID,0,2025-09-11,4.6028,2025-09-11,2025-09-25,4.6028,4.6028,5,0,2025-09-11:4.6028,Technical Validation,open_at_freeze,,,Waiting For Approval,Nemax,0,0.0
2026-09-16,247718867138,287026033875,H200,gpu,,16,19.05,PAYG,PREPAID,0,2025-09-22,2.5,2025-10-16,2026-08-10,2.5,2.5,93,0,2025-09-22:2.5,Closed won,won,2025-10-16,,Waiting For Approval,eu-west1 – Paris,24,0.0
2026-09-16,247907225796,309824542928,H100,gpu,,18,0.43,TESTING,NO_PAYMENT,0,2025-09-22,2.95,2025-11-17,2026-08-10,2.95,2.95,93,0,2025-09-22:2.95,Closed lost,lost_capacity,,NO_CAPACITY,Lost Deal,Nemax,56,0.0
2026-09-16,249465475265,316483484886,H200,gpu,,1024,36.02,RESERVE,PREPAID,0,2025-09-25,1.8,2026-04-01,2026-08-10,1.37,1.37,92,3,2025-09-25:1.8>2026-02-09:1.7>2026-03-30:1.32>2026-04-01:1.37,Closed won,won,2026-04-01,,Approved,us-central1 – Kansas,188,-23.9
2026-09-16,269678954732,174487436495,B300,gpu,,128,5.95,RESERVE,PREPAID,0,2025-10-16,7.1,2025-10-16,2025-11-17,3.3,3.3,10,1,2025-10-16:7.1>2025-11-06:3.3,Commercial Proposal,open_at_freeze,,,Pre-Approved,uk-south1 – UK,0,-53.5
2026-09-16,270940865748,338239415542,H200,gpu,,2048,12.01,RESERVE,PREPAID,0,2025-10-23,3.5,2025-11-26,2025-12-08,3.5,2.1,14,0,2025-10-23:3.5,Commercial Proposal,open_at_freeze,,,Waiting For Approval,eu-west1 – Paris,34,-40.0
2026-09-16,272753245388,321055880397,B300,gpu,,16,0.46,TESTING,NO_PAYMENT,0,2025-10-20,7.1,2025-10-20,2025-10-27,7.1,7.1,3,0,2025-10-20:7.1,Technical Validation,open_at_freeze,,,Waiting For Approval,uk-south1 – UK,0,0.0
2026-09-16,272939430091,338154019008,H200,gpu,,16,0.13,RESERVE,POSTPAID,0,2025-10-23,3.5,2025-12-01,2026-08-10,3.5,3.5,84,0,2025-10-23:3.5,Closed won,won,2025-12-01,,Approved,us-central1 – Kansas,39,0.0
2026-09-16,281066899668,347666342108,H100,gpu,,4,12.01,RESERVE,PREPAID,0,2025-10-30,2.5,2026-01-07,2026-08-10,2.5,2.5,82,0,2025-10-30:2.5,Closed lost,lost_other,,Customer Disengagement or Cancellation,Lost Deal,Nemax,69,0.0
2026-09-16,311002978511,359291998413,H100,gpu,,64,12.01,RESERVE,PREPAID,0,2025-11-17,1.8,2026-01-12,2026-08-10,1.7,1.7,77,1,2025-11-17:1.8>2025-11-20:1.7,Closed won,won,2026-01-12,,Approved,Nemax,56,-5.6
2026-09-16,339332087002,402386245869,H200,gpu,,2000,10.79,RESERVE,POSTPAID,0,2025-12-10,1.9,2026-02-18,2026-08-10,1.9,1.9,70,0,2025-12-10:1.9,Closed won,won,2026-02-18,,Approved,eu-west1 – Paris,70,0.0
2026-09-16,363039634665,424466602195,H100,gpu,,64,5.95,RESERVE,POSTPAID,0,2026-01-07,1.85,2026-08-05,2026-08-10,1.85,1.85,62,0,2026-01-07:1.85,Disqualified,disqualified,,Customer Disengagement or Cancellation,Lost Deal,Nemax,210,0.0
2026-09-16,403636614355,461225986239,H200,gpu,,2000,12.01,RESERVE,PREPAID,0,2026-02-09,1.85,2026-02-18,2026-08-10,1.85,1.85,53,0,2026-02-09:1.85,Closed lost,lost_capacity,,NO_CAPACITY,Lost Deal,Nemax,9,0.0
2026-09-16,418969800941,169184456927,H100,gpu,,30,1.18,TESTING,PREPAID,0,2026-02-23,3.1,2026-06-01,2026-08-10,3.1,3.1,49,0,2026-02-23:3.1,Disqualified,disqualified,,Test Deals,Disqualified,Nemax,98,0.0
2026-09-16,447641395413,496751576259,H200,gpu,,17,12.01,RESERVE,PREPAID,0,2026-04-01,3.17,2026-04-20,2026-08-10,3.17,3.17,38,0,2026-04-01:3.17,Closed lost,lost_capacity,,NO_CAPACITY,Lost Deal,Nemax,19,0.0
2026-09-16,448702215381,497261604032,B300,gpu,,512,5.03,RESERVE,PREPAID,0,2026-04-08,5.0,2026-07-06,2026-08-10,5.0,5.0,36,0,2026-04-08:5,Closed lost,lost_other,,Insufficient Capabilities,Lost Deal,us-east1 – New Jersey,89,0.0
2026-09-16,451287101689,493842308290,GB300,rack,72,72,5.03,RESERVE,PREPAID,0,2026-04-20,9.2,2026-07-08,2026-08-10,9.2,9.2,33,0,2026-04-20:9.2,Disqualified,disqualified,,Customer Disengagement or Cancellation,Lost Deal,uk-south2 – London East,79,0.0
2026-09-16,451801643246,387295682772,H200,gpu,,48,6.41,RESERVE,PREPAID,0,2026-04-20,2.33,2026-05-11,2026-08-10,3.24,3.24,33,2,2026-04-20:2.33>2026-05-04:2.56>2026-05-11:3.24,Closed lost,lost_price_or_competitor,,Pricing and Billing Issues,Lost Deal,eu-west1 – Paris,21,39.1
2026-09-16,454305422532,501311724753,B300,gpu,,128,12.01,RESERVE,POSTPAID,0,2026-05-04,5.5,2026-05-18,2026-08-10,5.5,5.5,29,0,2026-05-04:5.5,Closed won,won,2026-05-18,,Approved,eu-west2 – Paris,14,0.0
2026-09-16,456029599942,502091035880,H100,gpu,,144,11.97,RESERVE,PREPAID,0,2026-05-11,2.55,2026-06-29,2026-08-10,2.55,2.55,27,3,2026-05-11:2.55>2026-06-29:2.25>2026-07-20:2.45>2026-07-29:2.55,Commercial Proposal,open_at_freeze,,,Waiting For Approval,Nemax,49,0.0
2026-09-16,457250128113,500197061828,GB300,rack,72,72,0.23,TESTING,NO_PAYMENT,0,2026-05-18,9.2,2026-05-18,2026-08-10,9.2,9.2,25,0,2026-05-18:9.2,Commercial Proposal,open_at_freeze,,,Waiting For Approval,eu-west1 – Paris,0,0.0
2026-09-16,460983452912,505051674863,B200,gpu,,64,12.01,RESERVE,PREPAID,0,2026-06-08,5.3,2026-06-08,2026-08-10,5.3,5.3,19,0,2026-06-08:5.3,Closed lost,lost_price_or_competitor,,Pricing and Billing Issues,Lost Deal,us-central1 – Kansas,0,0.0
2026-09-16,46444902605,53211544776,H100,gpu,,896,19.11,RESERVE,PREPAID,0,2024-11-26,2.95,2025-01-27,2026-08-10,2.95,2.95,160,0,2024-11-26:2.95,Closed won,won,2025-01-27,,Disqualified,Nemax,62,0.0
2026-09-16,466050141420,508101552339,B300,gpu,,16,0.13,TESTING,NO_PAYMENT,0,2026-06-29,7.1,2026-06-29,2026-08-10,7.1,7.1,13,0,2026-06-29:7.1,Prospect,open_at_freeze,,,Approved,uk-south1 – UK,0,0.0
2026-09-16,470595634368,510545625300,H100,gpu,,48,5.99,PAYG,POSTPAID,0,2026-07-20,2.77,2026-08-03,2026-08-10,2.77,2.77,7,0,2026-07-20:2.77,Commercial Proposal,open_at_freeze,,,Waiting For Approval,Nemax,14,0.0
2026-09-16,47242603717,16310655177,H100,gpu,,608,2.76,RESERVE,POSTPAID,0,2024-12-03,2.95,2025-02-17,2026-08-10,2.12,2.12,159,1,2024-12-03:2.95>2025-02-10:2.12,Closed won,won,2025-02-17,,Approved,Nemax,76,-28.1
2026-09-16,63461744826,78649626838,H200,gpu,,64,2.99,PAYG,POSTPAID,0,2025-01-07,4.85,2025-03-31,2026-08-10,4.85,4.85,156,0,2025-01-07:4.85,Closed won,won,2025-03-31,,Approved,eu-west1 – Paris,83,0.0
2026-09-16,76120828150,92960783609,H200,gpu,,4000,11.97,RESERVE,POSTPAID,0,2025-01-07,2.1,2025-02-03,2026-08-10,2.1,2.1,156,0,2025-01-07:2.1,Disqualified,disqualified,,Pricing and Billing Issues,Disqualified,Nemax,27,0.0
2026-09-16,84693381309,110206821581,H100,gpu,,8,11.97,RESERVE,POSTPAID,0,2025-01-27,2.1,2025-04-10,2026-08-10,2.1,2.1,153,0,2025-01-27:2.1,Closed lost,lost_other,,Customer Disengagement or Cancellation,Lost Deal,Nemax,73,0.0
2026-09-16,8665201853,11153723610,H100,gpu,,16,0.23,TESTING,NO_PAYMENT,1,2024-10-15,4.85,2024-10-15,2026-08-10,4.85,4.85,166,0,2024-10-15:4.85,Closed lost,lost_other,,Customer Disengagement or Cancellation,Lost Deal,Finland,0,0.0
2026-09-16,94488593612,121620103377,H200,gpu,,32,0.2,TESTING,NO_PAYMENT,0,2025-02-10,3.5,2025-02-24,2025-02-24,3.5,3.5,3,0,2025-02-10:3.5,Commercial Proposal,open_at_freeze,,,Approved,Nemax,14,0.0
2026-09-16,95898381528,125573122269,H100,gpu,,32,2.89,RESERVE,PREPAID,0,2025-02-10,1.9,2025-03-24,2026-08-10,1.9,1.9,151,0,2025-02-10:1.9,Closed won,won,2025-03-24,,Approved,Nemax,42,0.0
2026-09-16,9722791875,13023692775,H100,gpu,,40,5.03,RESERVE,POSTPAID,1,2024-10-15,2.4,2024-10-15,2026-08-10,2.4,2.4,166,0,2024-10-15:2.4,Closed lost,lost_other,,Customer Disengagement or Cancellation,Lost Deal,Finland,0,0.0
2026-09-16,9863943408,13547409889,H100,gpu,,16,0.07,TESTING,NO_PAYMENT,1,2024-10-15,4.85,2024-10-15,2026-08-10,4.85,4.85,166,0,2024-10-15:4.85,Disqualified,disqualified,,Test Deals,Disqualified,Finland,0,0.0
2026-09-16,106388158696,139693694186,H100,gpu,,16,2.93,PROMO,POSTPAID,0,2025-03-03,2.95,2025-07-10,2026-08-10,2.95,2.95,148,0,2025-03-03:2.95,Closed lost,lost_other,,Customer Disengagement or Cancellation,Lost Deal,Nemax,129,0.0
2026-09-16,110692102382,145654712568,H100,gpu,,512,11.51,RESERVE,PREPAID,0,2025-03-10,2.0,2025-06-02,2026-08-10,2.0,2.0,147,0,2025-03-10:2,Closed lost,lost_price_or_competitor,,Competitor Chosen,Lost Deal,Nemax,84,0.0
2026-09-16,11558829250,16184016591,H100,gpu,,2048,11.97,RESERVE,PREPAID,1,2024-10-15,2.15,2024-10-15,2026-08-10,2.15,2.15,166,0,2024-10-15:2.15,Closed lost,lost_other,,Customer Disengagement or Cancellation,Lost Deal,Finland,0,0.0
2026-09-16,11573013987,16206366187,H100,gpu,,2,6.02,RESERVE,POSTPAID,1,2024-10-15,3.06,2024-10-15,2026-08-10,3.06,3.06,166,0,2024-10-15:3.06,Closed won,won,2024-10-15,,Approved,Finland,0,0.0
2026-09-16,12052728568,16553494520,H100,gpu,,16,2.99,PAYG,POSTPAID,1,2024-10-15,4.85,2024-10-15,2026-08-10,4.85,4.85,166,0,2024-10-15:4.85,Closed won,won,2024-10-15,,Disqualified,Finland,0,0.0
2026-09-16,138448022746,186141796556,H200,gpu,,64,,RESERVE,PREPAID,0,2025-04-24,3.5,2025-06-12,2026-08-10,3.5,3.5,136,0,2025-04-24:3.5,Disqualified,disqualified,,Customer Disengagement or Cancellation,Disqualified,Nemax,49,0.0
2026-09-16,138448265460,178307783911,H200,gpu,,32,8.22,PAYG,PREPAID,0,2025-04-24,2.1,2025-05-01,2026-08-10,2.1,2.1,136,0,2025-04-24:2.1,Closed won,won,2025-05-01,,Approved,Nemax,7,0.0
2026-09-16,151418369264,192214691025,H100,gpu,,32,0.36,TESTING,NO_PAYMENT,0,2025-05-12,2.95,2025-06-26,2026-08-10,2.95,2.95,131,0,2025-05-12:2.95,Closed won,won,2025-06-26,,Waiting For Approval,Nemax,45,0.0
2026-09-16,168935800002,224285735125,H100,gpu,,64,12.01,PAYG,PREPAID,0,2025-06-02,2.5,2025-06-02,2025-06-23,2.6,2.6,7,1,2025-06-02:2.5>2025-06-12:2.6,Commercial Proposal,open_at_freeze,,Qualification Oversights,Waiting For Approval,Nemax,0,4.0
2026-09-16,17949459441,22045681083,H200,gpu,,1,0.1,TESTING,NO_PAYMENT,1,2024-10-15,4.85,2024-12-10,2026-08-10,4.85,4.85,165,0,2024-10-15:4.85,Closed lost,lost_other,,Insufficient Capabilities,Lost Deal,Nemax,56,0.0
2026-09-16,180135291068,240357476593,H200,gpu,,512,0.39,RESERVE,PREPAID,0,2025-06-19,2.05,2025-06-30,2026-08-10,2.05,2.05,120,0,2025-06-19:2.05,Closed won,won,2025-06-30,,Approved,us-central1 – Kansas,11,0.0
2026-09-16,18934600691,16011879926,H100,gpu,,16,0.99,RESERVE,PREPAID,1,2024-10-15,2.5,2025-02-24,2026-08-10,2.5,2.5,166,0,2024-10-15:2.5,Closed lost,lost_other,,Customer Disengagement or Cancellation,Lost Deal,Nemax,132,0.0
2026-09-16,204779332820,269858847958,H200,gpu,,512,5.92,RESERVE,PREPAID,0,2025-07-24,2.15,2025-07-31,2026-08-10,2.15,2.15,110,0,2025-07-24:2.15,Closed lost,lost_capacity,,NO_CAPACITY,Lost Deal,Nemax,7,0.0
2026-09-16,215129266411,279208252652,H100,gpu,,80,2.99,RESERVE,POSTPAID,0,2025-08-07,1.8,2025-09-29,2026-08-10,1.8,1.8,106,0,2025-08-07:1.8,Closed lost,lost_capacity,,NO_CAPACITY,Lost Deal,Nemax,53,0.0
2026-09-16,226774821089,292087000312,GB200,gpu,72,72,5.03,RESERVE,POSTPAID,0,2025-08-21,3.5,2025-09-18,2026-08-10,3.5,3.5,102,0,2025-08-21:3.5,Closed lost,lost_capacity,,NO_CAPACITY,Lost Deal,us-central1 – Kansas,28,0.0
2026-09-16,227741080806,293034330307,H100,gpu,,256,12.01,RESERVE,PREPAID,0,2025-08-25,1.5,2025-10-02,2026-08-10,1.45,1.45,101,1,2025-08-25:1.5>2025-09-04:1.45,Closed won,won,2025-10-02,,Approved,Nemax,38,-3.3
2026-09-16,230771268837,282636088559,B200,gpu,,64,0.92,RESERVE,PREPAID,0,2025-08-28,3.2,2025-10-16,2026-08-10,3.2,3.2,100,0,2025-08-28:3.2,Closed won,won,2025-10-16,,Approved,us-central1 – Kansas,49,0.0
2026-09-16,231580309726,281867217126,H200,gpu,,224,5.99,RESERVE,PREPAID,0,2025-08-28,1.85,2025-09-04,2025-09-15,1.85,1.85,6,0,2025-08-28:1.85,Agreement signing,open_at_freeze,2025-09-11,,Approved,eu-west1 – Paris,7,0.0
2026-09-16,236606358743,231252336879,H100,gpu,,1,6.88,PAYG,POSTPAID,0,2025-09-04,2.95,2025-09-11,2026-08-10,2.95,2.95,98,0,2025-09-04:2.95,Disqualified,disqualified,,Qualification Oversights,Disqualified,Nemax,7,0.0
2026-09-16,237713093869,303013812473,H200,gpu,,128,6.51,RESERVE,POSTPAID,0,2025-09-08,2.0,2025-10-27,2026-08-10,2.0,2.0,97,0,2025-09-08:2,Closed lost,lost_other,,Customer Disengagement or Cancellation,Lost Deal,us-central1 – Kansas,49,0.0
2026-09-16,241964779707,306937389280,H200,gpu,,24,8.36,RESERVE,PREPAID,0,2025-09-15,1.9,2025-09-18,2025-09-29,1.9,1.9,5,0,2025-09-15:1.9,Commercial Proposal,open_at_freeze,,,Waiting For Approval,eu-west1 – Paris,3,0.0
2026-09-16,24289845488,22866602179,H100,gpu,,40,0.33,TESTING,NO_PAYMENT,0,2024-10-29,3.5,2024-11-26,2026-08-10,3.5,3.5,164,0,2024-10-29:3.5,Closed won,won,2024-11-26,,Approved,Nemax,28,0.0
2026-09-16,258093410508,319584351472,H200,gpu,,56,0.95,RESERVE,POSTPAID,0,2025-10-06,2.05,2025-10-23,2026-08-10,2.05,2.05,89,0,2025-10-06:2.05,Closed won,won,2025-10-23,,Approved,us-central1 – Kansas,17,0.0
2026-09-16,27647205614,31510589672,H100,gpu,,4000,12.99,RESERVE,PREPAID,0,2024-10-29,2.0,2024-10-29,2024-11-05,1.9,1.9,2,1,2024-10-29:2>2024-11-05:1.9,Prospect,open_at_freeze,,,DECLINED,Nemax,0,-5.0
2026-09-16,27647359194,19655190997,H100,gpu,,16,0.66,TESTING,NO_PAYMENT,0,2024-10-29,3.5,2025-04-10,2026-08-10,3.5,3.5,164,0,2024-10-29:3.5,Disqualified,disqualified,,Customer Disengagement or Cancellation,Disqualified,Finland,163,0.0
2026-09-16,303408774377,368331955441,B200,gpu,,96,12.07,RESERVE,PREPAID,0,2025-11-10,3.2,2025-11-10,2025-11-13,3.2,3.2,2,0,2025-11-10:3.2,Commercial Proposal,open_at_freeze,,,Pre-Approved,me-west1 - Israel,0,0.0
2026-09-16,312248920293,366351252701,H200,gpu,,32,0.99,TESTING,NO_PAYMENT,0,2025-11-20,3.5,2026-01-26,2026-08-10,3.5,3.5,76,0,2025-11-20:3.5,Closed won,won,2026-01-26,,Approved,Nemax,67,0.0
2026-09-16,322410682604,386706549982,H200,gpu,,1536,5.92,RESERVE,,0,2025-11-26,1.75,2025-11-26,2025-12-08,1.6,1.6,4,1,2025-11-26:1.75>2025-12-01:1.6,Commercial Proposal,open_at_freeze,,,Waiting For Approval,Nemax,0,-8.6
2026-09-16,354498272477,339027845341,H200,gpu,,320,6.02,RESERVE,PREPAID,0,2025-12-29,1.83,2026-06-08,2026-08-10,2.12,2.12,65,3,2025-12-29:1.83>2026-02-02:1.9>2026-02-11:1.87>2026-04-20:2.12,Closed won,won,2026-06-08,,Approved,eu-west1 – Paris,161,15.8
2026-09-16,368616951023,364314938562,H100,gpu,,32,5.95,RESERVE,POSTPAID,0,2026-01-12,1.75,2026-01-12,2026-08-10,1.75,1.75,61,0,2026-01-12:1.75,Closed won,won,2026-01-12,,Approved,Nemax,0,0.0
2026-09-16,372032602331,430768085237,H100,gpu,,16,0.89,TESTING,NO_PAYMENT,0,2026-01-12,2.95,2026-01-12,2026-08-10,2.95,2.95,61,0,2026-01-12:2.95,Technical Validation,open_at_freeze,,,Waiting For Approval,Nemax,0,0.0
2026-09-16,393960010976,452137020624,GB300,rack,72,9936,48.06,RESERVE,POSTPAID,0,2026-01-28,3.3889,2026-05-04,2026-08-10,3.3889,3.3889,56,0,2026-01-28:3.3889,Prospect,open_at_freeze,,,Waiting For Approval,Nemax,96,0.0
2026-09-16,400941279469,458620282049,B200,gpu,,256,12.04,RESERVE,POSTPAID,0,2026-02-04,3.35,2026-02-18,2026-08-10,3.35,3.35,54,0,2026-02-04:3.35,Closed lost,lost_capacity,,NO_CAPACITY,Lost Deal,me-west1 - Israel,14,0.0
2026-09-16,402607842551,460302722266,H100,gpu,,128,12.01,RESERVE,PREPAID,0,2026-02-04,1.7,2026-02-09,2026-08-10,1.7,1.7,54,0,2026-02-04:1.7,Closed lost,lost_other,,Customer Disengagement or Cancellation,Lost Deal,Nemax,5,0.0
2026-09-16,420060159188,473517571321,B300,gpu,,8,0.23,TESTING,POSTPAID,0,2026-02-23,7.1,2026-03-11,2026-08-10,7.1,7.1,49,0,2026-02-23:7.1,Closed lost,lost_capacity,,NO_CAPACITY,Lost Deal,uk-south1 – UK,16,0.0
2026-09-16,423216500976,406331411642,H100,gpu,,32,12.11,RESERVE,PREPAID,0,2026-02-25,1.8,2026-03-09,2026-08-10,1.8,1.8,48,0,2026-02-25:1.8,Closed won,won,2026-03-09,,Approved,Nemax,12,0.0
2026-09-16,425764772087,480627557582,B300,gpu,,160,12.01,RESERVE,PREPAID,0,2026-03-02,4.84,2026-03-02,2026-08-10,4.84,4.84,47,0,2026-03-02:4.84,Technical Validation,open_at_freeze,,,Waiting For Approval,us-north1 – Minnesota,0,0.0
2026-09-16,436152025299,490012319987,H100,gpu,,400,6.05,RESERVE,POSTPAID,0,2026-03-09,2.11,2026-03-09,2026-08-10,2.11,2.11,45,0,2026-03-09:2.11,Closed lost,lost_capacity,,NO_CAPACITY,Lost Deal,Nemax,0,0.0
2026-09-16,438692491500,486198833352,B200,gpu,,32,0.33,RESERVE,PREPAID,0,2026-03-11,5.5,2026-03-16,2026-08-10,5.5,4.01,44,0,2026-03-11:5.5,Closed won,won,2026-03-16,,Approved,me-west1 - Israel,5,-27.1
2026-09-16,439808017643,467767934147,H200,gpu,,32,6.09,RESERVE,PREPAID,0,2026-03-11,2.25,2026-03-23,2026-08-10,2.33,2.33,44,1,2026-03-11:2.25>2026-03-16:2.33,Closed won,won,2026-03-23,,Approved,Nemax,12,3.6
2026-09-16,439945350384,488759735542,B300,gpu,,1024,12.01,RESERVE,PREPAID,0,2026-03-11,5.05,2026-03-11,2026-08-10,5.05,5.05,44,0,2026-03-11:5.05,Closed lost,lost_capacity,,NO_CAPACITY,Lost Deal,us-north1 – Minnesota,0,0.0
2026-09-16,445967684836,495706276065,H100,gpu,,16,0.23,RESERVE,NO_PAYMENT,0,2026-03-30,2.95,2026-06-01,2026-08-10,2.95,2.95,39,0,2026-03-30:2.95,Disqualified,disqualified,,Test Deals,Disqualified,Nemax,63,0.0
2026-09-16,44935084225,52708448453,H100,gpu,,64,5.95,RESERVE,POSTPAID,0,2024-11-26,1.85,2024-12-17,2026-08-10,1.85,1.85,160,0,2024-11-26:1.85,Disqualified,disqualified,,Customer Disengagement or Cancellation,Disqualified,Nemax,21,0.0
2026-09-16,449944765674,496773742837,B300,gpu,,16,0.59,TESTING,NO_PAYMENT,0,2026-04-15,7.1,2026-06-29,2026-08-10,7.1,7.1,34,0,2026-04-15:7.1,Closed won,won,2026-06-29,,Waiting For Approval,uk-south1 – UK,75,0.0
2026-09-16,450815934698,498686267591,H200,gpu,,1024,11.97,RESERVE,PREPAID,0,2026-04-20,3.5,2026-04-20,2026-08-10,3.5,3.5,33,0,2026-04-20:3.5,Prospect,open_at_freeze,,,Waiting For Approval,,0,0.0
2026-09-16,457270609084,502452401385,B300,gpu,,40,36.02,RESERVE,PREPAID,0,2026-05-18,5.56,2026-06-08,2026-08-10,4.5,4.5,25,2,2026-05-18:5.56>2026-05-27:4.3>2026-06-01:4.5,Closed lost,lost_price_or_competitor,,Pricing and Billing Issues,Lost Deal,eu-south1 – Madrid,21,-19.1
2026-09-16,459903025348,504793332937,GB300,rack,72,4824,36.05,RESERVE,PREPAID,0,2026-06-01,6.0,2026-06-08,2026-08-10,5.57,5.57,21,1,2026-06-01:6>2026-06-08:5.57,Disqualified,disqualified,,Duplicate deal,Disqualified,us-south1 – Oklahoma,7,-7.2
2026-09-16,460468764877,504941905109,H100,gpu,,16,24.01,RESERVE,PREPAID,0,2026-06-01,2.95,2026-06-29,2026-08-10,2.55,2.55,21,1,2026-06-01:2.95>2026-06-22:2.55,Closed won,won,2026-06-29,,Approved,Nemax,28,-13.6
2026-09-16,464700704967,503984059626,B300,gpu,,8,0.2,TESTING,NO_PAYMENT,0,2026-06-22,7.1,2026-06-22,2026-08-10,7.1,7.1,15,0,2026-06-22:7.1,Prospect,open_at_freeze,,,Approved,uk-south1 – UK,0,0.0
2026-09-16,464772651208,507521711326,VR,gpu,72,72,12.01,RESERVE,PREPAID,0,2026-06-24,6.0,2026-06-24,2026-08-10,6.0,6.0,14,0,2026-06-24:6,Prospect,open_at_freeze,,,Waiting For Approval,,0,0.0
2026-09-16,470689269985,510545625300,H100,gpu,,32,0.49,TESTING,NO_PAYMENT,0,2026-07-20,3.85,2026-08-03,2026-08-10,3.85,3.85,7,0,2026-07-20:3.85,Commercial Proposal,open_at_freeze,,,Waiting For Approval,Nemax,14,0.0
2026-09-16,47555334350,57470246077,H100,gpu,,1024,0.43,RESERVE,PREPAID,0,2024-12-03,2.8,2025-01-20,2026-08-10,2.8,2.8,159,0,2024-12-03:2.8,Closed won,won,2025-01-20,,Approved,Nemax,48,0.0
2026-09-16,475792210161,514355041500,H200,gpu,,16,0.46,TESTING,,0,2026-08-05,4.5,2026-08-05,2026-08-10,4.5,4.5,2,0,2026-08-05:4.5,Prospect,open_at_freeze,,,Waiting For Approval,Nemax,0,0.0
2026-09-16,48038781134,57164800238,H100,gpu,,64,1.97,PAYG,POSTPAID,0,2024-12-03,2.95,2025-01-27,2026-08-10,2.95,2.95,159,0,2024-12-03:2.95,Closed lost,lost_other,,Insufficient Capabilities;Customer Disengagement or Cancellation,Lost Deal,Nemax,55,0.0
2026-09-16,73392065744,92960313546,H200,gpu,,64,0.39,TESTING,NO_PAYMENT,0,2025-01-07,4.85,2025-06-02,2026-08-10,4.85,4.85,156,0,2025-01-07:4.85,Closed lost,lost_other,,Customer Disengagement or Cancellation,Lost Deal,eu-west1 – Paris,146,0.0
2026-09-16,8442001084,10256692958,H100,gpu,,8,0.95,PAYG,POSTPAID,1,2024-10-15,4.85,2024-10-15,2026-08-10,4.85,4.85,166,0,2024-10-15:4.85,Closed won,won,2024-10-15,,Approved,Finland,0,0.0
2026-09-16,8776068833,11061536187,H100,gpu,,952,0.99,INTERNAL,NO_PAYMENT,1,2024-10-15,4.85,2024-10-15,2026-08-10,4.85,4.85,166,0,2024-10-15:4.85,Closed won,won,2024-10-15,,Disqualified,Finland,0,0.0
2026-09-16,89571816668,98407900351,H100,gpu,,8,2.89,PROMO,POSTPAID,0,2025-02-03,2.95,2025-02-03,2026-08-10,2.95,2.95,152,0,2025-02-03:2.95,Prospect,open_at_freeze,,,Approved,Nemax,0,0.0
2026-09-16,9377719541,12536161979,H100,gpu,,53,0.33,TESTING,PREPAID,1,2024-10-15,4.85,2024-10-15,2026-08-10,4.85,4.85,166,0,2024-10-15:4.85,Closed lost,lost_other,,Test Deals,Lost Deal,Finland,0,0.0
2026-09-16,98332429506,128820206832,H200,gpu,,512,2.89,RESERVE,PREPAID,0,2025-02-17,1.75,2025-02-24,2026-08-10,1.75,1.75,150,0,2025-02-17:1.75,Disqualified,disqualified,,Customer Disengagement or Cancellation,Disqualified,Nemax,7,0.0
