observed,quote_line_id,quote_id,opp_id,oli_id,gpu,product_family,qli_type,quantity,price_gpu_hr,custom_list_price,discount_pct,tier,quote_status,price_approval_status,capacity_approval_status,line_capacity_status,cr_status,start_dt,end_dt,payment_type,prepay_pct,data_center,opp_stage,cls,term_m,line_created,line_updated
2026-09-16,0QLTe000008cPiLOAU,0Q0Te000003b8o5KAA,006Te00000RLzqXIAT,00kTe00001TcL6uIAF,B200,AI Cloud,Reserve,16,3.5,5.93,40.97807757166948,Tier 3,In Review,Approved,In Progress,Awaiting Approval,AWAITING_APPROVAL,2026-10-01,2027-01-01,Postpaid,0.0,me-west1,Proposal / Negotiation,proposal,3.03,2026-09-15,2026-09-15
2026-09-16,0QLTe000008begIOAQ,0Q0Te000003akllKAA,006Te00000RKIqsIAH,00kTe00001TW346IAD,B200,AI Cloud,Reserve,256,3.5,5.93,40.97807757166948,Tier 3,Ready for Ops Review,Approved,Approved,Approved,APPROVED,2026-10-01,2027-01-01,Postpaid,0.0,me-west1,Proposal / Negotiation,proposal,3.03,2026-09-14,2026-09-15
2026-09-16,0QLTe000008d3CkOAI,0Q0Te000003bPCDKA2,006Te00000RNFJlIAP,00kTe00001ThuFzIAJ,VR,AI Cloud,Reserve,10008,7.5,0.0,0.0,Tier 1,In Review,Auto Approved,Pending Resubmission,Change Requested,AWAITING_APPROVAL,2027-10-01,2031-10-01,Prepaid,50.0,North America,Proposal / Negotiation,proposal,48.06,2026-09-15,2026-09-15
2026-09-16,0QLTe000008d2F4OAI,0Q0Te000003QZJlKAO,006Te00000QhINiIAN,00kTe00001ThaKsIAJ,VR,AI Cloud,Reserve,5040,19.0,0.0,0.0,Tier 1,In Review,Auto Approved,In Progress,Awaiting Approval,AWAITING_APPROVAL,2027-10-01,2028-01-01,Prepaid,50.0,North America,Proposal / Negotiation,proposal,3.03,2026-09-15,2026-09-15
2026-09-16,0QLTe000008M4WbOAK,0Q0Te000003RXnmKAG,006Te00000QAjdIIAT,00kTe00001Rcw7xIAB,H200,AI Cloud,Reserve,320,2.12,3.73,43.16353887399464,Tier 3,In Review,FLM Approved,Pending Resubmission,Change Requested,APPROVED,2026-10-19,2026-12-14,Postpaid,0.0,eu-west1,Proposal / Negotiation,proposal,1.84,2026-08-27,2026-09-15
2026-09-16,0QLTe000008MIjFOAW,0Q0Te000003RhTlKAK,006Te00000QlmWrIAJ,00kTe00001RgD0uIAF,H200,Token Factory,Reserve,119,2.65,3.73,28.9544235924933,Tier 3,In Review,Approved,,,,2026-09-25,2028-03-25,Prepaid,,tf-us1,Proposal / Negotiation,proposal,17.99,2026-08-28,2026-09-14
2026-09-16,0QLTe000008ZndxOAC,0Q0Te000003RhTlKAK,006Te00000QlmWrIAJ,00kTe00001TK8riIAD,B200,Token Factory,Reserve,50,5.05,5.93,14.839797639123104,Tier 3,In Review,Approved,,,,2026-09-25,2028-03-25,Prepaid,,tf-ca1,Proposal / Negotiation,proposal,17.99,2026-09-11,2026-09-14
2026-09-16,0QLTe000008bjb4OAA,0Q0Te000003RhTlKAK,006Te00000QlmWrIAJ,00kTe00001TXpsPIAT,B200,Token Factory,PAYG,50,6.15,7.4,16.89189189189189,Tier 3,In Review,Approved,,Not Required,,2026-09-25,2026-12-25,Postpaid,,tf-ca1,Proposal / Negotiation,proposal,2.99,2026-09-14,2026-09-14
2026-09-16,0QLTe000008bjxdOAA,0Q0Te000003RhTlKAK,006Te00000QlmWrIAJ,00kTe00001TXYbuIAH,H200,Token Factory,PAYG,1,3.5,4.7,25.53191489361702,Tier 3,In Review,Approved,,Not Required,,2026-09-25,2026-12-25,Postpaid,,tf-us1,Proposal / Negotiation,proposal,2.99,2026-09-14,2026-09-14
2026-09-16,0QLTe000008bf7dOAA,0Q0Te000003YzLtKAK,006Te00000RDEyTIAX,00kTe00001TW9OnIAL,RTX6000,AI Cloud,Reserve,16,1.8,2.08,13.461538461538462,Tier 1,Ops Review In Progress,Auto Approved,Approved,Approved,APPROVED,2026-09-21,2027-09-22,Prepaid,30.0,uk-south2,Proposal / Negotiation,proposal,12.04,2026-09-14,2026-09-15
2026-09-16,0QLTe000008cxVWOAY,0Q0Te000003bM4fKAE,006Te00000RN1IPIA1,00kTe00001TgBvrIAF,VR,AI Cloud,Reserve,1008,8.3,0.0,0.0,Tier 1,In Review,,In Progress,Awaiting Approval,AWAITING_APPROVAL,2027-09-01,2032-09-02,Postpaid,50.0,North America,Proposal / Negotiation,proposal,60.13,2026-09-15,2026-09-15
2026-09-16,0QLTe000008cxP3OAI,0Q0Te000003bM7tKAE,006Te00000Q3MdvIAF,00kTe00001Tg8vFIAR,B300,Token Factory,Reserve,16,6.1,6.1,0.0,Tier 1,In Review,Auto Approved,In Progress,Awaiting Approval,AWAITING_APPROVAL,2026-09-29,2027-09-29,Prepaid,0.0,eu-west2,Proposal / Negotiation,proposal,12.01,2026-09-15,2026-09-15
2026-09-16,0QLTe0000086NIHOA2,0Q0Te000003J3TVKA0,006Te00000Q3MdvIAF,,B200,Token Factory,Testing,16,7.15,5.93,0.0,Tier 1,In Review,,Obsolete,Obsolete,OBSOLETE,2026-08-27,2026-09-14,,,me-west1,Proposal / Negotiation,proposal,0.59,2026-08-10,2026-09-15
2026-09-16,0QLTe0000086NIIOA2,0Q0Te000003J3TVKA0,006Te00000Q3MdvIAF,,B200,Token Factory,Reserve,32,5.93,5.93,0.0,Tier 1,In Review,,Obsolete,Obsolete,,2026-09-29,2027-09-30,Postpaid,,Europe,Proposal / Negotiation,proposal,12.04,2026-08-10,2026-09-15
2026-09-16,0QLTe000008csqnOAA,0Q0Te000003bJy1KAE,006Te00000RFBbWIAX,00kTe00001Tf463IAB,H200,AI Cloud,Reserve,64,3.97,3.73,0.0,Tier 1,Ops Review In Progress,Auto Approved,Approved,Approved,APPROVED,2026-09-19,2027-09-19,Prepaid,30.0,us-central1,Proposal / Negotiation,proposal,12.01,2026-09-15,2026-09-15
2026-09-16,0QLTe000008bk0rOAA,0Q0Te000003anjdKAA,006Te00000RKSbiIAH,00kTe00001TXnUkIAL,B300,Token Factory,Reserve,1000,5.2,6.1,14.754098360655737,Tier 3,In Review,FLM Approved,In Progress,Awaiting Approval,AWAITING_APPROVAL,2026-10-01,2027-10-01,Prepaid,30.0,us-north1,Proposal / Negotiation,proposal,12.01,2026-09-14,2026-09-15
2026-09-16,0QLTe000008bk0sOAA,0Q0Te000003anjdKAA,006Te00000RKSbiIAH,00kTe00001TXnUlIAL,B300,Token Factory,Reserve,200,5.2,6.1,14.754098360655737,Tier 3,In Review,FLM Approved,In Progress,Awaiting Approval,AWAITING_APPROVAL,2026-11-30,2027-11-30,Prepaid,30.0,us-north1,Proposal / Negotiation,proposal,12.01,2026-09-14,2026-09-15
2026-09-16,0QLTe000008P0TFOA0,0Q0Te000003TLLtKAO,006Te00000Q3MSnIAN,00kTe00001TYN68IAH,GB300,AI Cloud,Reserve,2016,8.24,9.2,10.434782608695652,Tier 3,In Review,FLM Approved,,,,2027-01-31,2030-01-31,Prepaid,,eu-west3,Proposal / Negotiation,proposal,36.05,2026-08-31,2026-09-14
2026-09-16,0QLTe000008XeYLOA0,0Q0Te000003YQ81KAG,006Te00000QVz0DIAT,00kTe00001T43ogIAB,H100,AI Cloud,Reserve,40,2.93,3.09,5.17799352750809,Tier 2,Ops Review In Progress,Approved,Approved,Approved,APPROVED,2026-09-17,2027-09-17,Prepaid,30.0,eu-north1,Closed Won,signed,12.01,2026-09-09,2026-09-15
2026-09-16,0QLTe000008bcL3OAI,0Q0Te000003aiIXKAY,006Te00000RJz21IAD,00kTe00001TVEG8IAP,H200,AI Cloud,Reserve,64,3.45,3.73,7.506702412868632,Tier 2,In Review,Approved,,,,2026-12-01,2027-12-01,Prepaid,,eu-west1,Qualification,proposal,12.01,2026-09-14,2026-09-14
2026-09-16,0QLTe000008ZgfjOAC,0Q0Te000003ZRlCKAW,006Te00000RFBbWIAX,,H200,AI Cloud,Reserve,64,3.97,3.73,0.0,Tier 1,Ready for Ops Review,Auto Approved,Obsolete,Obsolete,OBSOLETE,2026-09-19,2027-09-19,Prepaid,30.0,us-central1,Proposal / Negotiation,proposal,12.01,2026-09-11,2026-09-15
2026-09-16,0QLTe000008SIYTOA4,0Q0Te000003VOAnKAO,006Te00000Q3MSqIAN,00kTe00001SRsqIIAT,B300,Token Factory,Reserve,32,6.1,6.1,0.0,Tier 1,In Review,Auto Approved,In Progress,Awaiting Approval,AWAITING_APPROVAL,2026-09-28,2027-09-27,Prepaid,50.0,us-north1,Proposal / Negotiation,proposal,11.97,2026-09-03,2026-09-15
2026-09-16,0QLTe000008T20DOAS,0Q0Te000003VnCPKA0,006Te00000R0bxiIAB,00kTe00001SY74rIAD,RTX6000,AI Cloud,Reserve,8,1.75,2.08,15.865384615384615,Tier 3,In Review,In Progress,,,,2026-10-01,2027-09-30,,,uk-south2,Proposal / Negotiation,proposal,11.97,2026-09-04,2026-09-15
2026-09-16,0QLTe000008chc1OAA,0Q0Te000003bFO9KAM,006Te00000RMWBNIA5,00kTe00001TdGjdIAF,B300,AI Cloud,,24,7.15,0.0,0.0,Tier 1,Draft,,,,,2026-10-30,2027-11-01,,,Europe,Technical Validation,draft,12.07,2026-09-15,2026-09-15
2026-09-16,0QLTe0000084rxBOAQ,0Q0Te000003IAtdKAG,006Te00000QAjewIAD,00kTe00001QY5l2IAD,GB300,AI Cloud,Reserve,2016,6.41,9.2,30.32608695652174,Tier 3,In Review,,Pending Resubmission,Change Requested,AWAITING_APPROVAL,2027-01-31,2027-05-01,Prepaid,,eu-west3,Discovery,proposal,2.96,2026-08-08,2026-09-15
2026-09-16,0QLTe000008D6arOAC,0Q0Te000003IAtdKAG,006Te00000QAjewIAD,00kTe00001QdsECIAZ,GB300,AI Cloud,Reserve,2016,6.41,9.2,30.32608695652174,Tier 3,In Review,,Pending Resubmission,,,2027-05-01,2027-08-01,Prepaid,,eu-west3,Discovery,proposal,3.03,2026-08-18,2026-09-15
2026-09-16,0QLTe000008bwI9OAI,0Q0Te000003IAtdKAG,006Te00000QAjewIAD,00kTe00001Tb3SlIAJ,VR,AI Cloud,Reserve,4032,8.0,0.0,0.0,Tier 1,In Review,,Pending Resubmission,,,2027-08-01,2032-08-01,Prepaid,,eu-north3,Discovery,proposal,60.1,2026-09-15,2026-09-15
2026-09-16,0QLTe000008XR1dOAG,0Q0Te000003YGJxKAO,006Te00000Q3LrHIAV,00kTe00001SyfYXIAZ,H100,AI Cloud,Reserve,32,2.77,3.09,10.35598705501618,Tier 3,In Review,In Progress,In Progress,Awaiting Approval,AWAITING_APPROVAL,2026-10-01,2027-10-01,Prepaid,50.0,eu-north1,Proposal / Negotiation,proposal,12.01,2026-09-09,2026-09-15
2026-09-16,0QLTe000008cYbxOAE,0Q0Te000003bCYLKA2,006Te00000Qa0DpIAJ,00kTe00001TctOrIAJ,B200,AI Cloud,Reserve,128,5.7,5.93,3.87858347386172,Tier 2,In Review,In Progress,,,,2026-11-15,2027-05-15,Prepaid,,me-west1,Technical Validation,proposal,5.95,2026-09-15,2026-09-15
2026-09-16,0QLTe000008b4PpOAI,0Q0Te000003aSwvKAE,006Te00000RIo5FIAT,00kTe00001TSUbZIAX,B300,Token Factory,Reserve,8,6.97,6.1,0.0,Tier 1,In Review,Auto Approved,Approved,Approved,APPROVED,2026-09-26,2027-03-26,Postpaid,0.0,eu-west2,Proposal / Negotiation,proposal,5.95,2026-09-14,2026-09-15
2026-09-16,0QLTe000008OfevOAC,0Q0Te000003T99RKAS,006Te00000Qa0DpIAJ,,B300,AI Cloud,Reserve,128,6.1,6.1,0.0,Tier 2,Draft,,Obsolete,Obsolete,,2026-12-15,2027-06-15,,,Europe,Technical Validation,draft,5.99,2026-08-31,2026-09-15
2026-09-16,0QLTe000008OjfJOAS,0Q0Te000003TAtVKAW,006Te00000QiqghIAB,00kTe00001RtDL1IAN,B200,AI Cloud,Reserve,8,5.75,5.93,3.0354131534569984,Tier 2,Signed by Customer,Approved,Approved,Approved,APPROVED,2026-09-01,2026-10-01,Postpaid,0.0,me-west1,Closed Won,signed,0.99,2026-08-31,2026-09-15
2026-09-16,0QLTe000008RwcoOAC,0Q0Te000003VHajKAG,006Te00000Q3MXKIA3,00kTe00001SQu9VIAT,B300,Token Factory,Reserve,48,5.3,6.1,13.114754098360656,Tier 2,Approved,Approved,Approved,Approved,APPROVED,2026-09-22,2027-09-22,Prepaid,30.0,eu-west2,Proposal / Negotiation,proposal,12.01,2026-09-03,2026-09-15
2026-09-16,0QLTe000008c5EzOAI,0Q0Te000003b0ddKAA,006Te00000Q3M8CIAV,00kTe00001TbOesIAF,H200,AI Cloud,Reserve,24,3.7,3.73,0.8042895442359249,Tier 2,In Review,Approved,In Progress,Awaiting Approval,AWAITING_APPROVAL,2026-12-01,2027-09-01,Prepaid,50.0,Europe,Proposal / Negotiation,proposal,9.01,2026-09-15,2026-09-15
2026-09-16,0QLTe0000083JXlOAM,0Q0Te000003HGjNKAW,006Te00000Q3MXaIAN,00kTe00001RvI55IAF,B200,AI Cloud,Reserve,40,4.5,5.93,24.114671163575043,,In Review,,Obsolete,Obsolete,OBSOLETE,2026-08-06,2029-08-06,Prepaid,,us-central1,Closed Lost,lost,36.05,2026-08-06,2026-09-15
2026-09-16,0QLTe0000083JntOAE,0Q0Te000003HGzVKAW,006Te00000Q3Md5IAF,00kTe00001RvGk7IAF,H200,AI Cloud,Reserve,16,3.2,3.73,14.20911528150134,,In Review,,Obsolete,Obsolete,OBSOLETE,2026-10-31,2027-10-31,Prepaid,,eu-north1,Closed Lost,lost,12.01,2026-08-06,2026-09-15
2026-09-16,0QLTe000008YeHlOAK,0Q0Te000003YucLKAS,006Te00000RCxuPIAT,00kTe00001T9GmEIAV,B300,Token Factory,Reserve,32,6.1,6.1,0.0,Tier 1,Draft,,Obsolete,Obsolete,,2026-12-01,2027-12-01,Prepaid,,us-north1,Closed Lost,lost,12.01,2026-09-10,2026-09-15
2026-09-16,0QLTe000008c6RBOAY,0Q0Te000003b0wzKAA,006Te00000QAjbyIAD,00kTe00001TbX8fIAF,B200,AI Cloud,Reserve,32,5.93,5.93,0.0,Tier 1,Draft,,,,,2027-08-06,2028-08-05,Prepaid,,us-central1,Technical Validation,draft,12.01,2026-09-15,2026-09-15
2026-09-16,0QLTe000008XK0AOAW,0Q0Te000003YFPVKA4,006Te00000Q3M8CIAV,,B300,AI Cloud,Reserve,24,7.15,6.1,0.0,Tier 1,Draft,,Obsolete,Obsolete,,2026-12-15,2028-12-15,,,Europe,Proposal / Negotiation,draft,24.05,2026-09-09,2026-09-15
2026-09-16,0QLTe0000083H9POAU,0Q0Te000003HEHmKAO,006Te00000Q3vdYIAR,,B300,AI Cloud,Testing,16,7.85,6.1,0.0,Tier 1,In Review,,Obsolete,Obsolete,OBSOLETE,2026-07-21,2026-07-27,,,uk-south1,Closed Lost,lost,0.2,2026-08-06,2026-09-15
2026-09-16,0QLTe0000083H9QOAU,0Q0Te000003HEHmKAO,006Te00000Q3vdYIAR,,B300,AI Cloud,Reserve,128,5.1,6.1,16.39344262295082,Tier 2,In Review,,Obsolete,Obsolete,OBSOLETE,2026-12-28,2028-12-29,Prepaid,,uk-south2,Closed Lost,lost,24.08,2026-08-06,2026-09-15
2026-09-16,0QLTe0000083H9ROAU,0Q0Te000003HEHmKAO,006Te00000Q3vdYIAR,,B300,AI Cloud,Testing,32,7.85,6.1,0.0,Tier 1,In Review,,Obsolete,Obsolete,OBSOLETE,2026-08-01,2026-08-10,,,uk-south1,Closed Lost,lost,0.3,2026-08-06,2026-09-15
2026-09-16,0QLTe000008OHzCOAW,0Q0Te000003HEHmKAO,006Te00000Q3vdYIAR,,B300,AI Cloud,Reserve,128,6.2,6.1,0.0,Tier 2,In Review,,Obsolete,Obsolete,,2026-12-21,2028-12-21,Prepaid,,eu-south1,Closed Lost,lost,24.05,2026-08-31,2026-09-15
2026-09-16,0QLTe000008QSGzOAO,0Q0Te000003U90vKAC,006Te00000Q3vdYIAR,00kTe00001SPUp1IAH,B300,AI Cloud,Reserve,128,6.2,6.1,0.0,Tier 1,Draft,,Obsolete,Obsolete,,2026-11-30,2028-11-30,Prepaid,,uk-south1,Closed Lost,lost,24.05,2026-09-02,2026-09-15
2026-09-16,0QLTe000008ajObOAI,0Q0Te000003aLKLKA2,006Te00000Q3MXJIA3,00kTe00001TRXfoIAH,B300,AI Cloud,Reserve,16,5.3,6.1,13.114754098360656,Tier 3,In Review,In Progress,In Progress,Awaiting Approval,AWAITING_APPROVAL,2026-09-22,2026-12-22,Prepaid,30.0,Europe,Proposal / Negotiation,proposal,2.99,2026-09-14,2026-09-15
2026-09-16,0QLTe000008TL7iOAG,0Q0Te000003VxlFKAS,006Te00000Q3uS3IAJ,00kTe00001SaFSwIAN,H200,AI Cloud,Reserve,64,2.28,3.73,38.873994638069696,Tier 3,Approved,Approved,Approved,Approved,APPROVED,2026-08-01,2026-10-13,Prepaid,100.0,eu-north1,Closed Won,signed,2.4,2026-09-04,2026-09-15
2026-09-16,0QLTe000008TL7jOAG,0Q0Te000003VxlFKAS,006Te00000Q3uS3IAJ,00kTe00001SaFSxIAN,H100,AI Cloud,Reserve,64,2.1,3.09,32.03883495145631,Tier 3,Approved,Approved,Approved,Approved,APPROVED,2026-08-01,2026-10-13,Prepaid,100.0,eu-north1,Closed Won,signed,2.4,2026-09-04,2026-09-15
2026-09-16,0QLTe0000086MKcOAM,0Q0Te000003J4J7KAK,006Te00000QAjcpIAD,,B200,AI Cloud,Reserve,128,7.94,5.93,12.984822934232715,Tier 3,In Review,,Obsolete,Obsolete,OBSOLETE,2026-11-01,2028-11-01,Prepaid,,us-central1,Technical Validation,proposal,24.05,2026-08-10,2026-09-11
2026-09-16,0QLTe000008ZoDROA0,0Q0Te000003ZYOTKA4,006Te00000QAjcpIAD,00kTe00001TKQd7IAH,B200,AI Cloud,Reserve,128,7.94,5.93,0.0,Tier 1,Draft,,,,,2026-11-01,2028-11-01,Prepaid,,us-central1,Technical Validation,draft,24.05,2026-09-11,2026-09-11
2026-09-16,0QLTe0000083Ii9OAE,0Q0Te000003HFtlKAG,006Te00000Q3MCqIAN,00kTe00001Rv8E7IAJ,B300,AI Cloud,Reserve,32,6.1,6.1,0.0,Tier 1,In Review,,Pending Resubmission,Change Requested,AWAITING_APPROVAL,2027-02-28,2028-02-29,Prepaid,,me-west2,Qualification,proposal,12.04,2026-08-06,2026-09-14
2026-09-16,0QLTe000008bfUDOAY,0Q0Te000003HFtlKAG,006Te00000Q3MCqIAN,00kTe00001TWDCLIA5,RTX6000,AI Cloud,Reserve,32,2.08,2.08,0.0,Tier 1,In Review,,Pending Resubmission,,,2027-02-28,2028-02-29,Prepaid,,uk-south2,Qualification,proposal,12.04,2026-09-14,2026-09-14
2026-09-16,0QLTe000008bdvROAQ,0Q0Te000003aijxKAA,006Te00000RKAQHIA5,00kTe00001TVe4rIAD,B300,AI Cloud,Reserve,128,7.15,6.1,0.0,Tier 1,In Review,Auto Approved,,,,2027-01-25,2029-01-25,Prepaid,,me-west2,Discovery,proposal,24.05,2026-09-14,2026-09-14
2026-09-16,0QLTe000008bcEbOAI,0Q0Te000003aiNNKAY,006Te00000QqknlIAB,,B300,Token Factory,Reserve,250,5.8,6.1,4.918032786885246,Tier 2,Draft,,,,,2026-12-15,2029-12-15,Prepaid,,Europe,Proposal / Negotiation,draft,36.05,2026-09-14,2026-09-14
2026-09-16,0QLTe000008bc05OAA,0Q0Te000003ai7FKAQ,006Te00000QqknlIAB,,B300,Token Factory,Reserve,250,5.91,6.1,3.1147540983606556,Tier 2,Draft,,,,,2026-12-15,2029-12-15,Prepaid,,Europe,Proposal / Negotiation,draft,36.05,2026-09-14,2026-09-14
2026-09-16,0QLTe000008baj3OAA,0Q0Te000003adtzKAA,006Te00000QqknlIAB,,B300,Token Factory,Reserve,250,5.82,6.1,4.590163934426229,Tier 2,Draft,,,,,2026-12-15,2028-12-15,Prepaid,,Europe,Proposal / Negotiation,draft,24.05,2026-09-14,2026-09-14
2026-09-16,0QLTe000008bQBqOAM,0Q0Te000003ahZNKAY,006Te00000QqknlIAB,,B300,Token Factory,Reserve,250,5.92,6.1,2.9508196721311477,Tier 2,Draft,,,,,2026-12-15,2028-12-15,Prepaid,,Europe,Proposal / Negotiation,draft,24.05,2026-09-14,2026-09-14
2026-09-16,0QLTe000008baSvOAI,0Q0Te000003ahRJKAY,006Te00000QqknlIAB,,B300,Token Factory,Reserve,250,6.23,6.1,0.0,Tier 1,Draft,,,,,2026-12-15,2027-12-15,Prepaid,,Europe,Proposal / Negotiation,draft,12.01,2026-09-14,2026-09-14
2026-09-16,0QLTe000008aUsbOAE,0Q0Te000003a9uHKAQ,006Te00000QqknlIAB,,B300,Token Factory,Reserve,250,6.2,6.1,0.0,Tier 1,Draft,,,,,2026-12-15,2027-12-15,Prepaid,,Europe,Proposal / Negotiation,draft,12.01,2026-09-13,2026-09-14
2026-09-16,0QLTe000008aVlROAU,0Q0Te000003aAiHKAU,006Te00000QqknlIAB,,B300,Token Factory,Reserve,250,5.61,6.1,8.032786885245901,Tier 2,Draft,,,,,2026-12-15,2029-12-15,Prepaid,,Europe,Proposal / Negotiation,draft,36.05,2026-09-13,2026-09-14
2026-09-16,0QLTe000008aVQTOA2,0Q0Te000003a9UTKAY,006Te00000QqknlIAB,,B300,Token Factory,Reserve,250,5.72,6.1,6.229508196721311,Tier 2,Draft,,,,,2026-12-15,2029-12-15,Prepaid,,Europe,Proposal / Negotiation,draft,36.05,2026-09-13,2026-09-14
2026-09-16,0QLTe000008aVWvOAM,0Q0Te000003aAaDKAU,006Te00000QqknlIAB,00kTe00001TPqCwIAL,B300,Token Factory,Reserve,250,5.63,6.1,7.704918032786885,Tier 2,Draft,,,,,2026-12-15,2028-12-15,Prepaid,,Europe,Proposal / Negotiation,draft,24.05,2026-09-13,2026-09-14
2026-09-16,0QLTe000008bW4LOAU,0Q0Te000003T5x3KAC,006Te00000QqknlIAB,,B300,Token Factory,Reserve,250,5.73,6.1,6.065573770491803,Tier 2,Draft,,,,,2026-12-15,2028-12-15,Prepaid,,Europe,Proposal / Negotiation,draft,24.05,2026-09-14,2026-09-14
2026-09-16,0QLTe000008bVTFOA2,0Q0Te000003aA3xKAE,006Te00000QqknlIAB,,B300,Token Factory,Reserve,250,6.04,6.1,0.9836065573770492,Tier 2,Draft,,,,,2026-12-15,2027-12-15,Prepaid,,Europe,Proposal / Negotiation,draft,12.01,2026-09-14,2026-09-14
2026-09-16,0QLTe000008aTAAOA2,0Q0Te000003a9izKAA,006Te00000QqknlIAB,,B300,Token Factory,Reserve,250,6.1,6.1,0.0,Tier 1,Draft,,,,,2026-12-15,2027-12-15,Prepaid,,Europe,Proposal / Negotiation,draft,12.01,2026-09-13,2026-09-14
2026-09-16,0QLTe0000086O1ROAU,0Q0Te000003J4CfKAK,006Te00000QAjc1IAD,00kTe00001RusGWIAZ,B300,AI Cloud,Reserve,16,6.1,5.36,0.0,Tier 1,In Review,,Pending Resubmission,Obsolete,OBSOLETE,2026-11-16,2027-07-16,,,uk-south1,Closed Lost,lost,7.96,2026-08-10,2026-09-14
2026-09-16,0QLTe0000089r6vOAA,0Q0Te000003KoTZKA0,006Te00000Q3MAwIAN,00kTe00001QIQsyIAH,H100,AI Cloud,Reserve,3000,2.3799,3.09,22.98,Tier 2,In Review,In Progress,In Progress,Awaiting Approval,AWAITING_APPROVAL,2027-01-01,2028-01-01,Postpaid,0.0,eu-north1,Proposal / Negotiation,proposal,12.01,2026-08-13,2026-09-14
2026-09-16,0QLTe0000089r6wOAA,0Q0Te000003KoTZKA0,006Te00000Q3MAwIAN,00kTe00001QIQszIAH,H200,AI Cloud,Reserve,2000,2.8799,3.73,22.79,Tier 2,In Review,In Progress,In Progress,Awaiting Approval,AWAITING_APPROVAL,2027-01-01,2028-01-01,Postpaid,0.0,eu-west1,Proposal / Negotiation,proposal,12.01,2026-08-13,2026-09-14
2026-09-16,0QLTe0000083JfpOAE,0Q0Te000003HGrRKAW,006Te00000Q3MaGIAV,00kTe00001RaXVGIA3,H200,AI Cloud,Reserve,64,2.9,3.73,22.25201072386059,Tier 3,In Review,,In Progress,Awaiting Approval,AWAITING_APPROVAL,2026-10-13,2027-04-12,Prepaid,0.0,eu-north1,Proposal / Negotiation,proposal,5.95,2026-08-06,2026-09-14
2026-09-16,0QLTe0000083JfqOAE,0Q0Te000003HGrRKAW,006Te00000Q3MaGIAV,00kTe00001RaXVHIA3,H100,AI Cloud,Reserve,64,2.4,3.09,22.33009708737864,Tier 3,In Review,,In Progress,Awaiting Approval,AWAITING_APPROVAL,2026-10-13,2027-04-12,Prepaid,0.0,eu-north1,Proposal / Negotiation,proposal,5.95,2026-08-06,2026-09-14
2026-09-16,0QLTe000008bKkjOAE,0Q0Te000003aZyPKAU,006Te00000RJSSTIA5,00kTe00001TTOptIAH,B300,AI Cloud,Reserve,4000,6.57,6.1,2.1311475409836067,Tier 2,Draft,,,,,2027-07-01,2029-07-01,Prepaid,,Europe,Discovery,draft,24.05,2026-09-14,2026-09-14
2026-09-16,0QLTe0000084rabOAA,0Q0Te000003IAX3KAO,006Te00000QAjXqIAL,00kTe00001RtkATIAZ,B300,AI Cloud,Reserve,16,5.4807,5.97,8.196721311475411,Tier 2,In Review,,Pending Resubmission,Change Requested,AWAITING_APPROVAL,2026-12-15,2028-12-15,Prepaid,,me-west2,Proposal / Negotiation,proposal,24.05,2026-08-08,2026-09-14
2026-09-16,0QLTe000008algXOAQ,0Q0Te000003aMRhKAM,006Te00000REgMPIA1,00kTe00001TRpQJIA1,B300,AI Cloud,Reserve,16,6.1,6.1,0.0,Tier 1,Draft,,,,,2027-03-11,2028-03-11,Prepaid,,eu-south1,Proposal / Negotiation,draft,12.04,2026-09-14,2026-09-14
2026-09-16,0QLTe000008TtZBOA0,0Q0Te000003WRrNKAW,006Te00000R3C6kIAF,00kTe00001SfawjIAB,B300,AI Cloud,Reserve,1024,6.2,6.1,0.0,Tier 1,Draft,,Obsolete,Obsolete,,2026-11-30,2027-11-30,Prepaid,,me-west2,Closed Lost,lost,12.01,2026-09-06,2026-09-14
2026-09-16,0QLTe000008S0jdOAC,0Q0Te000003VGA1KAO,006Te00000Q3MXJIA3,,B300,AI Cloud,Reserve,40,5.3,6.1,13.114754098360656,Tier 2,Ops Review In Progress,Approved,Obsolete,Obsolete,OBSOLETE,2026-09-15,2027-09-15,Prepaid,30.0,us-north1,Proposal / Negotiation,proposal,12.01,2026-09-03,2026-09-14
2026-09-16,0QLTe000008XajFOAS,0Q0Te000003YMsPKAW,006Te00000Q3LtuIAF,00kTe00001T94V9IAJ,B200,Token Factory,Reserve,2,7.0,5.93,0.0,Tier 1,Signed by Customer,Approved,Approved,Approved,APPROVED,2026-09-14,2026-11-14,Postpaid,0.0,tf-us2,Proposal / Negotiation,signed,2.01,2026-09-09,2026-09-10
2026-09-16,0QLTe000008XakrOAC,0Q0Te000003YMsPKAW,006Te00000Q3LtuIAF,00kTe00001T94VAIAZ,B200,Token Factory,PAYG,38,7.0,7.4,5.405405405405405,Tier 2,Signed by Customer,Approved,Approved,Approved,APPROVED,2026-09-14,2026-11-14,Postpaid,0.0,tf-us2,Proposal / Negotiation,signed,2.01,2026-09-09,2026-09-10
2026-09-16,0QLTe0000083Gq1OAE,0Q0Te000003HDwnKAG,006Te00000Q3LliIAF,00kTe00001RjrJSIAZ,VR,AI Cloud,Reserve,10000,8.25,0.0,0.0,Tier 1,In Review,,Not Required,Not Required,,2027-08-31,2032-08-31,Prepaid,,eu-north3,Proposal / Negotiation,proposal,60.1,2026-08-06,2026-09-12
2026-09-16,0QLTe000008aAVhOAM,0Q0Te000003HDwnKAG,006Te00000Q3LliIAF,00kTe00001TNab4IAD,VR,AI Cloud,Reserve,1000,8.25,0.0,0.0,Tier 1,In Review,,Not Required,Not Required,,2027-05-11,2027-08-31,Prepaid,,North America,Proposal / Negotiation,proposal,3.68,2026-09-12,2026-09-12
2026-09-16,0QLTe000008Zp33OAC,0Q0Te000003ZZFhKAO,006Te00000RFXgsIAH,00kTe00001TKICOIA5,B300,Token Factory,Reserve,160,6.5,6.1,0.0,Tier 1,Draft,,,,,2026-10-15,2027-04-16,Prepaid,,North America,Qualification,draft,6.02,2026-09-12,2026-09-12
2026-09-16,0QLTe0000083HanOAE,0Q0Te000003HEjBKAW,006Te00000Q3LvnIAF,00kTe00001RW0NaIAL,B300,AI Cloud,Reserve,128,5.6,6.1,8.19672131147541,Tier 2,In Review,Auto Approved,Pending Resubmission,Change Requested,AWAITING_APPROVAL,2026-11-30,2027-12-01,Prepaid,,eu-west2,Proposal / Negotiation,proposal,12.04,2026-08-06,2026-09-01
2026-09-16,0QLTe000008ZoN7OAK,0Q0Te000003ZYZlKAO,006Te00000Qf5rBIAR,00kTe00001TKF22IAH,B300,AI Cloud,Reserve,5000,5.55,6.1,9.01639344262295,Tier 2,Draft,,,,,2026-12-21,2029-12-21,Prepaid,,me-west2,Technical Validation,draft,36.05,2026-09-11,2026-09-11
2026-09-16,0QLTe0000083GbWOAU,0Q0Te000003HDiIKAW,006Te00000Q3MX5IAN,00kTe00001RvGRTIA3,B300,AI Cloud,Testing,16,7.1,6.1,0.0,,Draft,,Obsolete,Obsolete,OBSOLETE,2026-06-14,2026-06-20,,,uk-south1,Closed Lost,lost,0.2,2026-08-06,2026-09-11
2026-09-16,0QLTe000008ZdQ5OAK,0Q0Te000003ZQFdKAO,006Te00000QAjcwIAD,00kTe00001TGYanIAH,B200,Token Factory,Reserve,16,6.05,5.93,0.0,Tier 1,Draft,,,,,2026-11-25,2027-05-26,Postpaid,,tf-ca1,Technical Validation,draft,5.99,2026-09-11,2026-09-11
2026-09-16,0QLTe000008ZdUvOAK,0Q0Te000003ZQFdKAO,006Te00000QAjcwIAD,00kTe00001TGYpPIAX,B200,Token Factory,PAYG,16,7.0,7.4,5.405405405405405,Tier 2,Draft,,,Not Required,,2026-11-25,2027-05-26,Postpaid,,tf-ca1,Technical Validation,draft,5.99,2026-09-11,2026-09-11
2026-09-16,0QLTe0000083GQDOA2,0Q0Te000003HDYbKAO,006Te00000Q3LdtIAF,00kTe00001PxHjmIAF,GB300,AI Cloud,Reserve,72,5.62,9.2,38.91304347826087,Tier 3,In Review,Auto Approved,In Progress,Approved,APPROVED,2026-11-16,2028-11-16,Prepaid,100.0,eu-west3,Closed Won,signed,24.05,2026-08-06,2026-09-11
2026-09-16,0QLTe000008ZeKXOA0,0Q0Te000003ZQynKAG,006Te00000RF54gIAD,00kTe00001TGmHBIA1,B300,AI Cloud,Reserve,40,7.15,6.1,0.0,Tier 1,In Review,Auto Approved,,,,2026-12-21,2028-12-21,Prepaid,,eu-south1,Discovery,proposal,24.05,2026-09-11,2026-09-11
2026-09-16,0QLTe000008NAV7OAO,0Q0Te000003S9bJKAS,006Te00000QnU9aIAF,00kTe00001Rm7GrIAJ,L40S,AI Cloud,Reserve,4,1.35,1.35,0.0,Tier 1,Ops Review In Progress,Auto Approved,Approved,Not Required,,2026-09-07,2027-09-06,Postpaid,,eu-north1,Closed Won,signed,11.97,2026-08-29,2026-09-11
2026-09-16,0QLTe000008Zas2OAC,0Q0Te000003ZOTxKAO,006Te00000REv8YIAT,00kTe00001TFsBmIAL,GB300,AI Cloud,Reserve,72,9.6,0.0,0.0,Tier 1,Draft,,,,,2026-12-14,2028-12-13,Prepaid,,eu-west3,Discovery,draft,24.01,2026-09-11,2026-09-11
2026-09-16,0QLTe0000084rKUOAY,0Q0Te000003IAIYKA4,006Te00000QAjUoIAL,00kTe00001RuxNeIAJ,B200,AI Cloud,Reserve,16,5.3,5.93,10.623946037099493,,In Review,,Obsolete,Obsolete,OBSOLETE,2026-08-10,2027-08-10,Prepaid,,us-central1,Closed Lost,lost,12.01,2026-08-08,2026-09-11
2026-09-16,0QLTe0000084pDqOAI,0Q0Te000003IAK9KAO,006Te00000QAjUnIAL,00kTe00001RvP3GIAV,H200,AI Cloud,Testing,16,4.5,3.73,0.0,,In Review,,Obsolete,Obsolete,OBSOLETE,2026-08-11,2026-08-26,,,eu-north1,Closed Lost,lost,0.49,2026-08-08,2026-09-11
2026-09-16,0QLTe0000084pDrOAI,0Q0Te000003IAK9KAO,006Te00000QAjUnIAL,00kTe00001RvP3HIAV,H200,AI Cloud,Reserve,32,3.2,3.73,14.20911528150134,,In Review,,Obsolete,Obsolete,OBSOLETE,2026-08-24,2027-08-24,Prepaid,,us-central1,Closed Lost,lost,12.01,2026-08-08,2026-09-11
2026-09-16,0QLTe000008F1vFOAS,0Q0Te000003Nf8nKAC,006Te00000QVvavIAD,00kTe00001Qp5CmIAJ,B300,AI Cloud,Reserve,400,4.8,6.1,21.311475409836067,Tier 1,Signed by Customer,Approved,Approved,Approved,APPROVED,2026-08-20,2029-08-02,Prepaid,30.0,eu-west2,Closed Won,signed,35.46,2026-08-19,2026-09-11
2026-09-16,0QLTe000008F1vGOAS,0Q0Te000003Nf8nKAC,006Te00000QVvavIAD,00kTe00001Qp5CnIAJ,GB300,AI Cloud,Reserve,432,5.43,9.2,40.97826086956522,Tier 3,Signed by Customer,Approved,Approved,Approved,APPROVED,2026-11-16,2029-10-02,Prepaid,30.0,eu-west3,Closed Won,signed,34.57,2026-08-19,2026-09-11
2026-09-16,0QLTe000008QLU1OAO,0Q0Te000003RRlZKAW,006Te00000QkZAKIA3,00kTe00001SCaaEIAT,GB300,AI Cloud,Reserve,1080,5.6,9.2,39.13,Tier 3,In Review,In Progress,,,,2026-11-30,2028-11-30,Postpaid,,me-west3,Technical Validation,proposal,24.05,2026-09-02,2026-09-11
2026-09-16,0QLTe0000083Gy6OAE,0Q0Te000003HE3GKAW,006Te00000Q3MAAIA3,,B300,AI Cloud,Testing,32,7.0984,6.1,0.0,,In Review,,Obsolete,Obsolete,OBSOLETE,2026-06-01,2026-06-15,,,uk-south1,Closed Lost,lost,0.46,2026-08-06,2026-09-11
2026-09-16,0QLTe0000083Gy8OAE,0Q0Te000003HE3GKAW,006Te00000Q3MAAIA3,,B300,AI Cloud,Reserve,144,4.9,6.1,19.672131147540984,,In Review,,Obsolete,Obsolete,OBSOLETE,2026-07-31,2028-07-31,Prepaid,,eu-west2,Closed Lost,lost,24.05,2026-08-06,2026-09-11
2026-09-16,0QLTe000008N2MHOA0,0Q0Te000003S3MDKA0,006Te00000Qn6tMIAR,00kTe00001RkIA9IAN,B300,Token Factory,Reserve,250,6.0775,7.15,15.0,Tier 3,Draft,,,,,2027-01-15,2029-01-15,Prepaid,,Europe,Proposal / Negotiation,draft,24.05,2026-08-28,2026-09-11
2026-09-16,0QLTe0000084q9uOAA,0Q0Te000003I9UYKA0,006Te00000QAjcrIAD,00kTe00001SSWpYIAX,B300,Token Factory,Reserve,16,6.0,6.1,1.639344262295082,Tier 1,In Review,,Pending Resubmission,Change Requested,APPROVED,2026-10-12,2027-10-11,Prepaid,,us-north1,Technical Validation,proposal,11.97,2026-08-08,2026-09-11
2026-09-16,0QLTe0000083FE3OAM,0Q0Te000003HCStKAO,006Te00000Q3MSuIAN,,B300,AI Cloud,Reserve,256,5.05,6.1,17.21311475409836,Tier 2,In Review,,Obsolete,Obsolete,OBSOLETE,2026-12-01,2028-12-01,Prepaid,0.0,eu-west2,Closed Lost,lost,24.05,2026-08-06,2026-09-11
2026-09-16,0QLTe0000083FE4OAM,0Q0Te000003HCStKAO,006Te00000Q3MSuIAN,,B300,AI Cloud,Testing,16,6.1,6.1,0.0,Tier 1,In Review,,Obsolete,Obsolete,OBSOLETE,2026-12-01,2028-12-01,,,uk-south1,Closed Lost,lost,24.05,2026-08-06,2026-09-11
2026-09-16,0QLTe000008OINNOA4,0Q0Te000003SwgrKAC,006Te00000Q3MSuIAN,00kTe00001RruU4IAJ,B300,AI Cloud,Reserve,256,5.2,6.1,14.754098360655737,Tier 2,In Review,In Progress,Obsolete,Obsolete,,2026-12-31,2028-12-31,Prepaid,,eu-south1,Closed Lost,lost,24.05,2026-08-31,2026-09-11
2026-09-16,0QLTe0000083EUtOAM,0Q0Te000003HDGsKAO,006Te00000Q3M8FIAV,00kTe00001RvEvrIAF,B300,AI Cloud,Reserve,256,6.15,6.1,0.0,,In Review,,Obsolete,Obsolete,OBSOLETE,2026-08-10,2027-08-10,Prepaid,0.0,eu-west2,Closed Lost,lost,12.01,2026-08-06,2026-09-11
2026-09-16,0QLTe000008YpujOAC,0Q0Te000003Qo97KAC,006Te00000Qi2iHIAR,00kTe00001TCmpYIAT,B200,AI Cloud,Reserve,16,6.9,5.93,0.0,Tier 1,In Review,Auto Approved,,,,2026-11-02,2027-11-02,Prepaid,,us-central1,Technical Validation,proposal,12.01,2026-09-11,2026-09-11
2026-09-16,0QLTe000008YmqPOAS,0Q0Te000003Z0wHKAS,006Te00000QnQlZIAV,,H200,AI Cloud,Reserve,64,3.25,3.73,12.868632707774799,Tier 3,Draft,,,,,2026-09-19,2027-09-18,Prepaid,,us-central1,Proposal / Negotiation,draft,11.97,2026-09-10,2026-09-10
2026-09-16,0QLTe000008N9KXOA0,0Q0Te000003S8VZKA0,006Te00000QnQlZIAV,00kTe00001RlxkXIAR,H200,AI Cloud,Reserve,64,3.21,3.73,13.941018766756033,Tier 1,In Review,Auto Approved,In Progress,Awaiting Approval,AWAITING_APPROVAL,2026-09-19,2027-09-18,Prepaid,100.0,us-central1,Proposal / Negotiation,proposal,11.97,2026-08-28,2026-09-10
2026-09-16,0QLTe0000086SxtOAE,0Q0Te000003J7orKAC,006Te00000Q3LdTIAV,00kTe00001PwURFIA3,B300,AI Cloud,Reserve,544,4.15,6.1,31.967213115,Tier 3,In Review,In Progress,In Progress,Awaiting Approval,AWAITING_APPROVAL,2026-11-01,2029-11-02,Prepaid,100.0,us-north1,Proposal / Negotiation,proposal,36.09,2026-08-10,2026-09-10
2026-09-16,0QLTe000008QD8HOAW,0Q0Te000003TzmLKAS,006Te00000QTdS1IAL,00kTe00001S6coGIAR,B300,Token Factory,Reserve,256,5.9,6.1,3.278688524590164,Tier 1,In Review,Auto Approved,In Progress,Awaiting Approval,AWAITING_APPROVAL,2026-09-14,2027-09-15,Prepaid,30.0,us-north1,Proposal / Negotiation,proposal,12.04,2026-09-01,2026-09-10
2026-09-16,0QLTe000008RGbxOAG,0Q0Te000003UpeTKAS,006Te00000Qx1sLIAR,00kTe00001SLacfIAD,RTX6000,AI Cloud,Reserve,10000,2.0,2.08,3.8461538461538463,Tier 2,Draft,,Obsolete,Obsolete,,2026-12-01,2027-12-01,Prepaid,,us-central1,Closed Lost,lost,12.01,2026-09-02,2026-09-10
2026-09-16,0QLTe0000083In4OAE,0Q0Te000003HFybKAG,006Te00000Q3MHzIAN,,B300,AI Cloud,Testing,32,7.85,7.85,0.0,,In Review,Auto Approved,Obsolete,Obsolete,OBSOLETE,2026-08-12,2026-08-22,,,uk-south1,Closed Lost,lost,0.33,2026-08-06,2026-09-10
2026-09-16,0QLTe000008Xb5pOAC,0Q0Te000003YNA9KAO,006Te00000RApo5IAD,00kTe00001T22MoIAJ,GB300,AI Cloud,Reserve,1152,7.21,9.2,21.630434782608695,Tier 3,Draft,,,,,2027-03-23,2030-03-24,Prepaid,,eu-west3,Proposal / Negotiation,draft,36.09,2026-09-09,2026-09-10
2026-09-16,0QLTe0000086Ni5OAE,0Q0Te000003J3tJKAS,006Te00000QAjUwIAL,00kTe00001RPtm7IAD,B300,AI Cloud,Testing,16,7.85,6.1,0.0,Tier 1,In Review,,Obsolete,Obsolete,OBSOLETE,2026-09-01,2026-09-14,,0.0,uk-south1,Technical Validation,proposal,0.43,2026-08-10,2026-09-10
2026-09-16,0QLTe000008YasUOAS,0Q0Te000003YtmjKAC,006Te00000Q3MPzIAN,00kTe00001T94SCIAZ,B300,AI Cloud,Reserve,64,7.15,6.1,0.0,Tier 1,In Review,Auto Approved,,,,2026-12-21,2028-12-21,Prepaid,,eu-south1,Proposal / Negotiation,proposal,24.05,2026-09-10,2026-09-10
2026-09-16,0QLTe000008LVH7OAO,0Q0Te000003QiRtKAK,006Te00000Q3MPzIAN,,B300,AI Cloud,Reserve,64,7.15,6.1,0.0,Tier 2,Draft,,Obsolete,Obsolete,,2026-12-01,2027-12-01,Prepaid,,me-west2,Proposal / Negotiation,draft,12.01,2026-08-27,2026-09-10
2026-09-16,0QLTe000008G601OAC,0Q0Te000003OHM9KAO,006Te00000Q3LtuIAF,,B200,Token Factory,Reserve,2,7.0,5.93,0.0,Tier 1,Ops Review In Progress,Approved,Obsolete,Obsolete,OBSOLETE,2026-08-28,2026-10-28,Postpaid,0.0,tf-us2,Proposal / Negotiation,proposal,2.01,2026-08-20,2026-09-10
2026-09-16,0QLTe000008H0AIOA0,0Q0Te000003OHM9KAO,006Te00000Q3LtuIAF,,B200,Token Factory,PAYG,38,7.0,7.4,5.405405405405405,Tier 2,Ops Review In Progress,Approved,Obsolete,Obsolete,,2026-08-28,2026-10-28,Postpaid,,tf-us2,Proposal / Negotiation,proposal,2.01,2026-08-21,2026-09-10
2026-09-16,0QLTe0000083CfyOAE,0Q0Te000003HAhCKAW,006Te00000Q3LaDIAV,,B200,Token Factory,Reserve,64,4.8,,,,Draft,,Obsolete,Obsolete,OBSOLETE,2026-09-01,2027-09-01,Prepaid,,eu-north1,Closed Lost,lost,12.01,2026-08-06,2026-09-10
2026-09-16,0QLTe0000083CfzOAE,0Q0Te000003HAhCKAW,006Te00000Q3LaDIAV,,B200,Token Factory,Testing,8,7.15,,,,Draft,,Obsolete,Obsolete,OBSOLETE,2026-08-03,2026-09-01,NO PAYMENT,,tf-us2,Closed Lost,lost,0.95,2026-08-06,2026-09-10
2026-09-16,0QLTe0000086N29OAE,0Q0Te000003J3BlKAK,006Te00000Q3LaDIAV,00kTe00001QhNlUIAV,B200,Token Factory,Reserve,16,4.8,5.93,19.05564924114671,Tier 2,In Review,,Pending Resubmission,Obsolete,,2026-09-01,2027-09-01,Prepaid,,Europe,Closed Lost,lost,12.01,2026-08-10,2026-09-10
2026-09-16,0QLTe0000086N2AOAU,0Q0Te000003J3BlKAK,006Te00000Q3LaDIAV,00kTe00001QhNlVIAV,B200,Token Factory,Testing,64,7.15,5.93,0.0,Tier 1,In Review,,Pending Resubmission,Obsolete,,2026-09-01,2026-09-15,,,Europe,Closed Lost,lost,0.46,2026-08-10,2026-09-10
2026-09-16,0QLTe0000086N2BOAU,0Q0Te000003J3BlKAK,006Te00000Q3LaDIAV,00kTe00001QhNlWIAV,B300,Token Factory,Reserve,64,7.85,6.1,0.0,Tier 1,In Review,,Pending Resubmission,Obsolete,OBSOLETE,2026-09-01,2027-09-01,Prepaid,,Europe,Closed Lost,lost,12.01,2026-08-10,2026-09-10
2026-09-16,0QLTe000008YXmXOAW,0Q0Te000003T91NKAS,006Te00000QlLMzIAN,00kTe00001T7wQFIAZ,B300,AI Cloud,,8,7.15,0.0,0.0,Tier 1,In Review,Auto Approved,,,,2026-10-01,2027-10-02,,,Europe,Proposal / Negotiation,proposal,12.04,2026-09-10,2026-09-10
2026-09-16,0QLTe000008XwQPOA0,0Q0Te000003YagrKAC,006Te00000Q3MfWIAV,00kTe00001T67yfIAB,B300,AI Cloud,Reserve,152,6.57,6.1,0.0,Tier 1,In Review,Auto Approved,,,,2026-11-30,2028-11-30,Prepaid,,Europe,Technical Validation,proposal,24.05,2026-09-10,2026-09-10
2026-09-16,0QLTe000008YI17OAG,0Q0Te000003Ykt7KAC,006Te00000QmxlBIAR,00kTe00001T79NQIAZ,B300,AI Cloud,Reserve,4096,6.18,6.1,0.0,Tier 1,In Review,Auto Approved,,,,2026-12-21,2029-12-21,Prepaid,,eu-south1,Discovery,proposal,36.05,2026-09-10,2026-09-10
2026-09-16,0QLTe000008Mx85OAC,0Q0Te000003S0D3KAK,006Te00000QmxlBIAR,,B300,AI Cloud,Reserve,4096,6.18,6.1,0.0,Tier 1,In Review,Recalled,Obsolete,Obsolete,,2027-01-01,2030-01-01,Prepaid,,eu-south1,Discovery,proposal,36.05,2026-08-28,2026-09-10
2026-09-16,0QLTe0000083ED8OAM,0Q0Te000003HBoYKAW,006Te00000Q3MXLIA3,00kTe00001QfxcpIAB,B300,AI Cloud,Reserve,8,5.46,6.1,10.491803278688524,Tier 2,In Review,,Pending Resubmission,Change Requested,AWAITING_APPROVAL,2027-05-15,2028-05-15,,,eu-west2,Technical Validation,proposal,12.04,2026-08-06,2026-09-01
2026-09-16,0QLTe0000083JKrOAM,0Q0Te000003HGWTKA4,006Te00000Q3MXJIA3,,B300,AI Cloud,Testing,32,7.85,,,Tier 3,In Review,In Progress,Obsolete,Obsolete,OBSOLETE,2026-07-11,2026-09-01,,0.0,uk-south1,Proposal / Negotiation,proposal,1.71,2026-08-06,2026-09-04
2026-09-16,0QLTe0000083JKsOAM,0Q0Te000003HGWTKA4,006Te00000Q3MXJIA3,,B200,AI Cloud,Reserve,32,4.99,5.93,15.85160202360877,Tier 3,In Review,In Progress,Obsolete,Obsolete,OBSOLETE,2026-08-20,2027-02-21,Prepaid,0.0,us-central1,Proposal / Negotiation,proposal,6.09,2026-08-06,2026-09-04
2026-09-16,0QLTe0000083JKuOAM,0Q0Te000003HGWTKA4,006Te00000Q3MXJIA3,,B300,AI Cloud,Testing,8,7.85,,,Tier 3,In Review,In Progress,Obsolete,Obsolete,OBSOLETE,2026-08-01,2026-09-01,,0.0,uk-south1,Proposal / Negotiation,proposal,1.02,2026-08-06,2026-09-04
2026-09-16,0QLTe0000083JKvOAM,0Q0Te000003HGWTKA4,006Te00000Q3MXJIA3,,B200,AI Cloud,INTERNAL,32,7.15,,,Tier 1,In Review,In Progress,Obsolete,Obsolete,OBSOLETE,2026-07-29,2026-09-05,,,tf-ca1,Proposal / Negotiation,proposal,1.25,2026-08-06,2026-09-04
2026-09-16,0QLTe0000083JMTOA2,0Q0Te000003HGY5KAO,006Te00000Q3MXKIA3,,B200,Token Factory,Testing,8,5.93,,,,Draft,,Approved,Approved,APPROVED,2026-07-02,2026-08-23,NO PAYMENT,,tf-us2,Proposal / Negotiation,draft,1.71,2026-08-06,2026-08-27
2026-09-16,0QLTe0000083JMUOA2,0Q0Te000003HGY5KAO,006Te00000Q3MXKIA3,,B200,Token Factory,Testing,40,5.93,,,,Draft,,Approved,Approved,APPROVED,2026-07-16,2026-08-23,NO PAYMENT,,tf-us2,Proposal / Negotiation,draft,1.25,2026-08-06,2026-08-27
2026-09-16,0QLTe0000083JMVOA2,0Q0Te000003HGY5KAO,006Te00000Q3MXKIA3,,B200,Token Factory,Testing,48,7.15,,,,Draft,,Approved,Approved,APPROVED,2026-07-28,2026-08-23,NO PAYMENT,,tf-ca1,Proposal / Negotiation,draft,0.86,2026-08-06,2026-08-27
2026-09-16,0QLTe0000086NF6OAM,0Q0Te000003J3RtKAK,006Te00000Q3MXKIA3,,B300,Token Factory,Reserve,64,6.1,6.1,0.0,Tier 2,Approved,Approved,Obsolete,Obsolete,OBSOLETE,2026-09-11,2026-12-11,Prepaid,0.0,us-north1,Proposal / Negotiation,proposal,2.99,2026-08-10,2026-08-28
2026-09-16,0QLTe0000086NF7OAM,0Q0Te000003J3RtKAK,006Te00000Q3MXKIA3,,B200,Token Factory,Testing,48,5.93,5.93,0.0,Tier 1,Approved,Approved,Obsolete,Obsolete,OBSOLETE,2026-08-06,2026-08-28,,0.0,us-central1,Proposal / Negotiation,proposal,0.72,2026-08-10,2026-08-28
2026-09-16,0QLTe0000088KmYOAU,0Q0Te000003K4VZKA0,006Te00000Q3MXJIA3,,B200,AI Cloud,Reserve,32,4.99,5.93,15.85160202360877,Tier 3,In Review,FLM Approved,Obsolete,Obsolete,OBSOLETE,2026-09-01,2026-12-01,Postpaid,100.0,us-central1,Proposal / Negotiation,proposal,2.99,2026-08-12,2026-09-03
2026-09-16,0QLTe000008MyfFOAS,0Q0Te000003S14HKAS,006Te00000Q3MXKIA3,,B300,Token Factory,Reserve,48,5.3,6.1,13.114754098360656,Tier 2,In Review,Approved,Obsolete,Obsolete,OBSOLETE,2026-09-11,2027-09-11,Prepaid,30.0,us-north1,Proposal / Negotiation,proposal,12.01,2026-08-28,2026-09-03
2026-09-16,0QLTe000008OVXVOA4,0Q0Te000003HBoYKAW,006Te00000Q3MXLIA3,00kTe00001RsWxzIAF,GB300,AI Cloud,Reserve,288,9.2,9.2,0.0,Tier 1,In Review,,Pending Resubmission,,,2027-05-15,2028-05-15,,,eu-west3,Technical Validation,proposal,12.04,2026-08-31,2026-08-31
2026-09-16,0QLTe0000083FQvOAM,0Q0Te000003HCe9KAG,006Te00000Q3IJ1IAN,00kTe00001RZw97IAD,B300,AI Cloud,Reserve,64,5.9658,6.1,2.2,Tier 2,In Review,Approved,Pending Resubmission,Change Requested,AWAITING_APPROVAL,2026-12-21,2028-12-21,Prepaid,,eu-south1,Proposal / Negotiation,proposal,24.05,2026-08-06,2026-09-10
2026-09-16,0QLTe0000086NJtOAM,0Q0Te000003J2u2KAC,006Te00000Q3MfWIAV,,B300,AI Cloud,Reserve,152,7.85,6.1,0.0,Tier 1,In Review,,Obsolete,Obsolete,OBSOLETE,2026-12-01,2027-12-01,Postpaid,0.0,eu-south1,Technical Validation,proposal,12.01,2026-08-10,2026-09-10
2026-09-16,0QLTe000008RkN7OAK,0Q0Te000003V8IvKAK,006Te00000Q3MV5IAN,00kTe00001SQQz7IAH,H100,AI Cloud,Reserve,8,2.45,3.09,20.71197411003236,Tier 1,Ops Review In Progress,Auto Approved,Approved,Approved,APPROVED,2026-09-22,2027-09-22,Prepaid,30.0,eu-north1,Agreement Signing,proposal,12.01,2026-09-03,2026-09-08
2026-09-16,0QLTe000008MDA5OAO,0Q0Te000003RdOXKA0,006Te00000QlWzyIAF,00kTe00001RfJzpIAF,B300,AI Cloud,Reserve,256,7.15,6.1,0.0,Tier 1,Draft,,,,,2026-12-01,2028-12-01,Prepaid,,eu-south1,Proposal / Negotiation,draft,24.05,2026-08-27,2026-09-09
2026-09-16,0QLTe000008F3DtOAK,0Q0Te000003Ng6TKAS,006Te00000QVz0DIAT,,H100,AI Cloud,Reserve,40,2.45,3.09,20.71197411003236,Tier 1,In Review,Auto Approved,Obsolete,Obsolete,OBSOLETE,2026-09-18,2027-09-17,Prepaid,30.0,eu-north1,Closed Won,signed,11.97,2026-08-19,2026-09-09
2026-09-16,0QLTe000008XeTVOA0,0Q0Te000003Ng6TKAS,006Te00000QVz0DIAT,,H100,AI Cloud,Reserve,40,2.93,3.09,5.17799352750809,Tier 2,In Review,Auto Approved,Obsolete,Obsolete,,2026-09-18,2027-09-17,Prepaid,,eu-north1,Closed Won,signed,11.97,2026-09-09,2026-09-09
2026-09-16,0QLTe0000088Wz0OAE,0Q0Te000003K8kUKAS,006Te00000QHCMWIA5,00kTe00001QITI3IAP,B300,AI Cloud,Testing,32,6.1,6.1,0.0,Tier 1,Ops Review In Progress,Auto Approved,Obsolete,Obsolete,OBSOLETE,2026-08-01,2026-08-26,Postpaid,,uk-south1,Proposal / Negotiation,proposal,0.82,2026-08-12,2026-08-27
2026-09-16,0QLTe000008XVjZOAW,0Q0Te000003YJJRKA4,006Te00000RARPDIA5,00kTe00001SzTL6IAN,B300,AI Cloud,Reserve,32,8.15,6.1,0.0,Tier 1,Draft,,,,,2026-10-19,2027-10-31,Prepaid,,eu-south1,Technical Validation,draft,12.4,2026-09-09,2026-09-09
2026-09-16,0QLTe0000083JzBOAU,0Q0Te000003HHE1KAO,006Te00000Q3MfLIAV,00kTe00001QnI1JIAV,GB300,AI Cloud,Reserve,4032,6.17,9.2,32.93478260869565,Tier 3,In Review,,Pending Resubmission,Change Requested,OBSOLETE,2026-12-31,2027-12-31,Prepaid,,eu-west3,Proposal / Negotiation,proposal,12.01,2026-08-06,2026-09-01
2026-09-16,0QLTe000008XV0POAW,0Q0Te000003YIiLKAW,006Te00000RAWv7IAH,00kTe00001SyioAIAR,B300,AI Cloud,,8,7.15,0.0,0.0,Tier 1,Draft,,,,,2026-11-01,2027-11-01,,,eu-south1,Technical Validation,draft,12.01,2026-09-09,2026-09-09
2026-09-16,0QLTe000008X7NtOAK,0Q0Te000003Y7zpKAC,006Te00000R823YIAR,00kTe00001Sxa3tIAB,H100,AI Cloud,Reserve,16,3.57,3.09,0.0,Tier 1,Draft,,,,,2026-09-19,2028-09-20,Postpaid,,eu-north1,Technical Validation,draft,24.08,2026-09-09,2026-09-09
2026-09-16,0QLTe000008HwHVOA0,0Q0Te000003K1hNKAS,006Te00000QHmyvIAD,00kTe00001RBx8RIAT,GB300,AI Cloud,Reserve,144,6.1,9.2,33.69565217391305,Tier 3,Draft,,,,,2026-11-30,2027-11-30,Prepaid,,me-west3,Proposal / Negotiation,draft,12.01,2026-08-24,2026-09-09
2026-09-16,0QLTe000008WxjVOAS,0Q0Te000003Y3wDKAS,006Te00000Q3LrHIAV,,H100,AI Cloud,Reserve,32,2.77,3.09,10.35598705501618,Tier 1,In Review,Auto Approved,Obsolete,Obsolete,,2026-10-01,2027-10-01,Prepaid,,eu-north1,Proposal / Negotiation,proposal,12.01,2026-09-09,2026-09-09
2026-09-16,0QLTe000008KsinOAC,0Q0Te000003QuOEKA0,006Te00000QgfKjIAJ,00kTe00001RU6ETIA1,B200,Token Factory,Testing,8,5.93,5.93,0.0,Tier 1,In Review,,Approved,Approved,APPROVED,2026-08-26,2026-09-19,Postpaid,0.0,us-central1,Technical Validation,proposal,0.79,2026-08-26,2026-09-09
2026-09-16,0QLTe0000083EZiOAM,0Q0Te000003HFaPKAW,006Te00000Q3M8CIAV,,RTX6000,AI Cloud,Reserve,500,1.8,,,,In Review,,In Progress,Awaiting Approval,AWAITING_APPROVAL,2026-10-01,2027-10-02,Prepaid,,eu-south1,Proposal / Negotiation,proposal,12.04,2026-08-06,2026-09-09
2026-09-16,0QLTe0000083GV4OAM,0Q0Te000003HGxtKAG,006Te00000Q3MaSIAV,00kTe00001RvET2IAN,H200,Token Factory,Testing,2,3.73,3.73,0.0,Tier 1,In Review,,In Progress,Approved,APPROVED,2026-07-27,2026-08-11,,,tf-us1,Discovery,proposal,0.49,2026-08-06,2026-09-09
2026-09-16,0QLTe0000086OSrOAM,0Q0Te000003J4hJKAS,006Te00000QAqhhIAD,00kTe00001RvKQBIA3,B300,AI Cloud,Reserve,16,5.1,6.1,16.39,Tier 3,In Review,,Pending Resubmission,Change Requested,AWAITING_APPROVAL,2027-03-31,2028-03-31,Prepaid,,uk-south1,Qualification,proposal,12.04,2026-08-10,2026-09-09
2026-09-16,0QLTe000008Wol4OAC,0Q0Te000003Y13BKAS,006Te00000R82WXIAZ,00kTe00001SwrVDIAZ,GB300,AI Cloud,Reserve,1080,8.0,9.2,13.043478260869565,Tier 3,In Review,FLM Approved,,,,2026-12-15,2029-12-15,Prepaid,,eu-west3,Proposal / Negotiation,proposal,36.05,2026-09-09,2026-09-09
2026-09-16,0QLTe0000083HJ3OAM,0Q0Te000003HERRKA4,006Te00000Q3LrHIAV,,RTX6000,AI Cloud,Reserve,16,2.08,2.08,0.0,Tier 1,In Review,,Obsolete,Obsolete,OBSOLETE,2026-09-14,2027-09-15,Prepaid,0.0,eu-south1,Proposal / Negotiation,proposal,12.04,2026-08-06,2026-09-09
2026-09-16,0QLTe000008S5szOAC,0Q0Te000003VILVKA4,006Te00000QJUD8IAP,00kTe00001SRAJ7IAP,GB300,AI Cloud,,1080,6.8,0.0,0.0,Tier 1,Draft,,Obsolete,Obsolete,,2026-12-21,2028-12-21,,,Europe,Closed Lost,lost,24.05,2026-09-03,2026-09-09
2026-09-16,0QLTe000008GMhXOAW,0Q0Te000003OUKzKAO,006Te00000QKmazIAD,00kTe00001R0qJmIAJ,B200,Token Factory,Reserve,8,7.15,5.93,0.0,Tier 1,Draft,,,,,2026-09-15,2027-09-15,Postpaid,,tf-us2,Proposal / Negotiation,draft,12.01,2026-08-21,2026-09-09
2026-09-16,0QLTe000008RdiDOAS,0Q0Te000003V5jFKAS,006Te00000Q3M0gIAF,,B200,AI Cloud,Reserve,16,6.9,5.93,0.0,Tier 1,In Review,In Progress,,,,2026-11-01,2027-11-01,Prepaid,,me-west1,Proposal / Negotiation,proposal,12.01,2026-09-03,2026-09-09
2026-09-16,0QLTe000008GoQsOAK,0Q0Te000003MY7lKAG,006Te00000Q3MdGIAV,00kTe00001R2XduIAF,B300,Token Factory,Reserve,8,6.1,6.1,0.0,Tier 1,Draft,,,,,2026-10-26,2027-10-25,Prepaid,,us-north1,Technical Validation,draft,11.97,2026-08-21,2026-09-08
2026-09-16,0QLTe000008OufZOAS,0Q0Te000003THQLKA4,006Te00000Qr6rXIAR,00kTe00001Ruz15IAB,B300,Token Factory,Reserve,100,6.1,6.1,0.0,Tier 1,Draft,,,,,2026-10-17,2027-10-17,Prepaid,,us-north1,Discovery,draft,12.01,2026-08-31,2026-09-08
2026-09-16,0QLTe000008MDJlOAO,0Q0Te000003RdYDKA0,006Te00000QlXxdIAF,00kTe00001RfMqvIAF,B200,AI Cloud,Reserve,16,5.9,5.93,0.5059021922428331,Tier 1,Draft,,Obsolete,Obsolete,,2026-11-01,2028-11-01,Prepaid,,us-central1,Closed Lost,lost,24.05,2026-08-27,2026-09-08
2026-09-16,0QLTe0000087iMHOAY,0Q0Te000003JFfxKAG,006Te00000QAk4jIAD,00kTe00001Q61jWIAR,GB300,AI Cloud,Reserve,3600,6.0,6.0,0.0,Tier 1,Draft,,,,,2026-12-01,2027-11-30,Prepaid,,me-west3,Discovery,draft,11.97,2026-08-12,2026-09-08
2026-09-16,0QLTe000008L0V3OAK,0Q0Te000003QzhFKAS,006Te00000QHEEWIA5,00kTe00001RUZaYIAX,H200,AI Cloud,Reserve,1304,2.26,3.73,39.410187667560315,Tier 3,Signed by Customer,Approved,Approved,Approved,APPROVED,2026-08-01,2026-08-29,Postpaid,0.0,us-central1,Proposal / Negotiation,signed,0.92,2026-08-26,2026-09-01
2026-09-16,0QLTe000008L0V4OAK,0Q0Te000003QzhFKAS,006Te00000QHEEWIA5,00kTe00001RUZaZIAX,H200,AI Cloud,Reserve,536,2.26,3.73,39.41018766756032,Tier 3,Signed by Customer,Approved,Approved,Approved,APPROVED,2026-08-29,2026-09-16,Postpaid,0.0,us-central1,Proposal / Negotiation,signed,0.59,2026-08-26,2026-09-01
2026-09-16,0QLTe000008K0wvOAC,0Q0Te000003QPp4KAG,006Te00000Q3rpnIAB,00kTe00001ROMH3IAP,VR,AI Cloud,Reserve,2016,10.0,0.0,0.0,Tier 1,Draft,,,,,2027-08-31,2032-10-01,,,North America,Proposal / Negotiation,draft,61.12,2026-08-25,2026-09-08
2026-09-16,0QLTe000008JkKHOA0,0Q0Te000003QMJJKA4,006Te00000Q7eLnIAJ,00kTe00001RLdhbIAD,B200,AI Cloud,Reserve,128,4.99,5.93,15.85160202360877,Tier 3,Ops Review In Progress,Approved,Approved,Approved,APPROVED,2026-09-01,2027-03-02,Prepaid,100.0,us-central1,Closed Won,signed,5.99,2026-08-25,2026-09-08
2026-09-16,0QLTe000008EvZhOAK,0Q0Te000003NbDFKA0,006Te00000QTVflIAH,00kTe00001Qo6dpIAB,B200,AI Cloud,Reserve,1024,5.93,5.93,0.0,Tier 1,In Review,,Obsolete,Obsolete,OBSOLETE,2026-10-01,2027-11-01,Prepaid,30.0,us-central1,Closed Lost,lost,13.03,2026-08-19,2026-09-08
2026-09-16,0QLTe0000083J6LOAU,0Q0Te000003HGJZKA4,006Te00000Q3MPdIAN,00kTe00001Rv6u5IAB,B200,AI Cloud,Reserve,128,5.65,5.93,4.721753794266442,,In Review,,Obsolete,Obsolete,OBSOLETE,2026-07-04,2027-01-06,Postpaid,,me-west1,Closed Lost,lost,6.12,2026-08-06,2026-09-08
2026-09-16,0QLTe000008SAavOAG,0Q0Te000003VJsfKAG,006Te00000QyyS9IAJ,00kTe00001SRCXmIAP,B300,AI Cloud,Reserve,2504,6.25,6.1,0.0,Tier 1,Draft,,Obsolete,Obsolete,,2027-01-04,2027-07-05,Postpaid,,me-west2,Closed Lost,lost,5.99,2026-09-03,2026-09-08
2026-09-16,0QLTe000008SBFFOA4,0Q0Te000003VJsfKAG,006Te00000QyyS9IAJ,00kTe00001SRRxxIAH,B300,AI Cloud,Reserve,1024,5.49,6.1,10.0,Tier 2,Draft,,Obsolete,Obsolete,,2027-01-04,2029-09-05,Postpaid,,me-west2,Closed Lost,lost,32.07,2026-09-03,2026-09-08
2026-09-16,0QLTe000008R3ZtOAK,0Q0Te000003UR7VKAW,006Te00000QwJMgIAN,00kTe00001SICrDIAX,B200,AI Cloud,Reserve,200,6.2,5.93,0.0,Tier 1,Ops Review In Progress,Approved,Approved,Approved,APPROVED,2026-09-10,2027-03-10,Prepaid,100.0,us-central1,Proposal / Negotiation,proposal,5.95,2026-09-02,2026-09-07
2026-09-16,0QLTe000008VnpROAS,0Q0Te000003VTbtKAG,006Te00000QwPQTIA3,00kTe00001SoaDRIAZ,B300,Token Factory,Reserve,64,6.1,6.1,0.0,Tier 2,In Review,,In Progress,,,2026-09-04,2026-10-04,Postpaid,,eu-west2,Proposal / Negotiation,proposal,0.99,2026-09-08,2026-09-08
2026-09-16,0QLTe000008VgmLOAS,0Q0Te000003XSILKA4,006Te00000QMVSpIAP,00kTe00001SofDqIAJ,B300,AI Cloud,Reserve,64,6.1,6.1,0.0,Tier 1,Draft,,,,,2026-12-15,2027-12-15,Prepaid,,eu-south1,Proposal / Negotiation,draft,12.01,2026-09-08,2026-09-08
2026-09-16,0QLTe0000083GQFOA2,0Q0Te000003HDYdKAO,006Te00000Q3vqcIAB,00kTe00001QebJjIAJ,B300,Token Factory,Reserve,30,4.3,6.1,29.508196721311474,Tier 2,In Review,,Obsolete,Obsolete,OBSOLETE,2027-03-01,2028-03-02,Prepaid,,eu-west2,Closed Lost,lost,12.07,2026-08-06,2026-09-08
2026-09-16,0QLTe000008VaCHOA0,0Q0Te000003XQI9KAO,006Te00000R6unzIAB,00kTe00001SoFPqIAN,B300,AI Cloud,Reserve,320,6.1,6.1,0.0,Tier 1,Draft,,,,,2026-12-15,2028-12-15,Prepaid,,eu-south1,Technical Validation,draft,24.05,2026-09-08,2026-09-08
2026-09-16,0QLTe0000083IF9OAM,0Q0Te000003HFTyKAO,006Te00000Q3MMoIAN,,B300,AI Cloud,Reserve,400,5.0,6.1,18.0327868852459,Tier 3,In Review,,Obsolete,Obsolete,OBSOLETE,2027-02-28,2028-02-29,Prepaid,,eu-west3,Technical Validation,proposal,12.04,2026-08-06,2026-09-08
2026-09-16,0QLTe0000087TjqOAE,0Q0Te000003JdC1KAK,006Te00000Q3MMoIAN,00kTe00001SnmPuIAJ,B300,AI Cloud,Reserve,2000,5.0,6.1,18.0327868852459,Tier 3,Draft,,,,,2026-12-30,2027-12-30,Postpaid,,us-north1,Technical Validation,draft,12.01,2026-08-11,2026-09-08
2026-09-16,0QLTe000008MA2XOAW,0Q0Te000003RbD3KAK,006Te00000QlOntIAF,00kTe00001ReEMPIA3,B300,AI Cloud,Reserve,256,5.56,6.1,8.852459016393443,Tier 2,Draft,,Obsolete,Obsolete,,2026-12-01,2027-12-01,Prepaid,,uk-south1,Closed Lost,lost,12.01,2026-08-27,2026-09-08
2026-09-16,0QLTe0000084rSXOAY,0Q0Te000003IAQbKAO,006Te00000QAjXRIA1,00kTe00001RvLNtIAN,RTX6000,AI Cloud,Testing,8,1.8,2.08,13.461538461538462,,Draft,,Approved,Approved,APPROVED,2026-08-14,2026-09-08,,,us-central1,Technical Validation,draft,0.82,2026-08-08,2026-08-31
2026-09-16,0QLTe0000083IWsOAM,0Q0Te000003HGHxKAO,006Te00000Q3MNEIA3,00kTe00001Rv3R1IAJ,GB300,AI Cloud,Reserve,1440,9.2,9.2,0.0,,In Review,,Obsolete,Obsolete,OBSOLETE,2027-02-01,2028-02-02,Prepaid,,uk-south2,Closed Lost,lost,12.04,2026-08-06,2026-09-07
2026-09-16,0QLTe000008V90oOAC,0Q0Te000003X94PKAS,006Te00000Qx4i9IAB,00kTe00001SlGP6IAN,GB300,AI Cloud,,2048,6.0,0.0,30.0,Tier 1,Draft,,,,,2027-01-12,2027-07-13,Prepaid,,Europe,Discovery,draft,5.99,2026-09-07,2026-09-07
2026-09-16,0QLTe000008VAJROA4,0Q0Te000003X94PKAS,006Te00000Qx4i9IAB,00kTe00001SlGC7IAN,B300,AI Cloud,,512,5.0,0.0,30.0,Tier 1,Draft,,,,,2027-01-12,2028-01-13,Prepaid,,Europe,Discovery,draft,12.04,2026-09-07,2026-09-07
2026-09-16,0QLTe0000083GYHOA2,0Q0Te000003HDf3KAG,006Te00000Q3LfHIAV,00kTe00001Ruk7EIAR,B200,AI Cloud,Reserve,128,5.04,5.93,15.008431703204048,,In Review,,Obsolete,Obsolete,OBSOLETE,2026-07-06,2028-07-06,Prepaid,,me-west1,Closed Lost,lost,24.05,2026-08-06,2026-09-07
2026-09-16,0QLTe0000083WgJOAU,0Q0Te000003HQPPKA4,006Te00000Q7eLFIAZ,00kTe00001Rv8AsIAJ,B300,AI Cloud,Reserve,2304,4.94,6.1,19.016393442622952,,In Review,,Obsolete,Obsolete,OBSOLETE,2026-12-21,2029-12-21,Prepaid,,eu-south1,Closed Lost,lost,36.05,2026-08-07,2026-09-07
2026-09-16,0QLTe0000086HxeOAE,0Q0Te000003J0gwKAC,006Te00000QAjc0IAD,00kTe00001RujV4IAJ,H200,AI Cloud,Reserve,32,2.71,3.73,27.345844504021446,,In Review,,In Progress,Awaiting Approval,AWAITING_APPROVAL,2027-01-31,2028-01-31,Prepaid,,uk-south2,Technical Validation,proposal,12.01,2026-08-10,2026-09-07
2026-09-16,0QLTe0000083FNtOAM,0Q0Te000003HCawKAG,006Te00000Q3MaFIAV,00kTe00001RvFgmIAF,B300,Token Factory,Reserve,1,5.0,6.1,18.0327868852459,,In Review,,Obsolete,Obsolete,OBSOLETE,2026-09-01,2027-10-01,Prepaid,,eu-north1,Closed Lost,lost,12.99,2026-08-06,2026-09-07
2026-09-16,0QLTe0000083JG1OAM,0Q0Te000003HGRdKAO,006Te00000Q3MV1IAN,00kTe00001RaXVNIA3,GB300,AI Cloud,Reserve,144,9.2,9.2,0.0,,In Review,,Obsolete,Obsolete,OBSOLETE,2027-01-04,2028-01-05,,,uk-south2,Closed Lost,lost,12.04,2026-08-06,2026-09-07
2026-09-16,0QLTe000008Ue6fOAC,0Q0Te000003WvXhKAK,006Te00000R52EXIAZ,00kTe00001SjAXdIAN,B300,AI Cloud,Reserve,64,6.0,6.1,1.639344262295082,Tier 1,In Review,Auto Approved,In Progress,Awaiting Approval,AWAITING_APPROVAL,2026-12-01,2027-12-01,Prepaid,30.0,me-west2,Proposal / Negotiation,proposal,12.01,2026-09-07,2026-09-07
2026-09-16,0QLTe000008UYXWOA4,0Q0Te000003Wui5KAC,006Te00000R4xl7IAB,00kTe00001Sj5ZgIAJ,B300,AI Cloud,Reserve,320,6.1,6.1,0.0,Tier 1,Draft,,,,,2026-11-23,2027-11-23,Prepaid,,uk-south1,Discovery,draft,12.01,2026-09-07,2026-09-07
2026-09-16,0QLTe0000083GwTOAU,0Q0Te000003HC4gKAG,006Te00000Q3Lm2IAF,00kTe00001RupVPIAZ,H100,AI Cloud,Reserve,128,2.85,3.09,7.766990291262136,,In Review,,Obsolete,Obsolete,OBSOLETE,2026-08-05,2027-02-05,Prepaid,,eu-north1,Closed Lost,lost,6.05,2026-08-06,2026-09-07
2026-09-16,0QLTe000008UCQXOA4,0Q0Te000003WhL3KAK,006Te00000Qsd8fIAB,00kTe00001ShTJ3IAN,B300,AI Cloud,Reserve,288,6.1,6.1,0.0,Tier 1,Draft,,,,,2027-01-04,2028-01-04,,,uk-south2,Proposal / Negotiation,draft,12.01,2026-09-06,2026-09-06
2026-09-16,0QLTe0000087vkwOAA,0Q0Te000003JurBKAS,006Te00000QHA43IAH,00kTe00001Q7DPGIA3,B200,AI Cloud,Reserve,296,0.7,5.93,88.1956155143339,Tier 3,Ops Review In Progress,Approved,Approved,Approved,APPROVED,2026-08-01,2026-09-01,Postpaid,0.0,me-west1,Closed Won,signed,1.02,2026-08-12,2026-09-05
2026-09-16,0QLTe0000087wttOAA,0Q0Te000003JurBKAS,006Te00000QHA43IAH,00kTe00001Q758vIAB,B200,AI Cloud,Reserve,88,0.7,5.93,88.1956155143339,Tier 3,Ops Review In Progress,Approved,Approved,Approved,APPROVED,2026-09-01,2026-11-01,Postpaid,0.0,me-west1,Closed Won,signed,2.01,2026-08-12,2026-09-05
2026-09-16,0QLTe000008TRoDOAW,0Q0Te000003W397KAC,006Te00000R1pSLIAZ,00kTe00001ScW9OIAV,B200,AI Cloud,Reserve,128,5.99,5.93,0.0,Tier 1,Draft,,,,,2026-11-11,2028-11-11,Prepaid,,us-central1,Proposal / Negotiation,draft,24.05,2026-09-04,2026-09-04
2026-09-16,0QLTe000008TRppOAG,0Q0Te000003W397KAC,006Te00000R1pSLIAZ,00kTe00001SbqRlIAJ,RTX6000,AI Cloud,Reserve,64,2.05,2.08,1.4423076923076923,Tier 2,Draft,,,,,2026-09-23,2028-09-23,Prepaid,,uk-south2,Proposal / Negotiation,draft,24.05,2026-09-04,2026-09-04
2026-09-16,0QLTe0000088pbqOAA,0Q0Te000003J7gnKAC,006Te00000Q8aAbIAJ,00kTe00001QCbI2IAL,B300,AI Cloud,Reserve,8,5.3192,6.1,12.8,Tier 2,Draft,,Obsolete,,,2026-08-21,2027-08-21,Prepaid,,eu-north2,Closed Lost,lost,12.01,2026-08-12,2026-09-04
2026-09-16,0QLTe0000088pbrOAA,0Q0Te000003J7gnKAC,006Te00000Q8aAbIAJ,00kTe00001QCbI3IAL,H100,AI Cloud,PAYG,8,30.0,3.85,0.0,Tier 1,Draft,,Obsolete,Not Required,,2026-08-21,2027-08-21,Postpaid,,eu-north1,Closed Lost,lost,12.01,2026-08-12,2026-09-04
2026-09-16,0QLTe0000088pbsOAA,0Q0Te000003J7gnKAC,006Te00000Q8aAbIAJ,00kTe00001QCbI4IAL,B200,AI Cloud,PAYG,8,5.5055,7.15,23.0,Tier 3,Draft,,Obsolete,Not Required,,2026-08-21,2027-08-21,Postpaid,,us-central1,Closed Lost,lost,12.01,2026-08-12,2026-09-04
2026-09-16,0QLTe0000083E8IOAU,0Q0Te000003HGwHKAW,006Te00000Q3MaMIAV,00kTe00001RFDoOIAX,VR,AI Cloud,Reserve,40176,12.75,0.0,0.0,Tier 1,In Review,,Pending Resubmission,,,2027-09-01,2030-09-01,Prepaid,,eu-north3,Proposal / Negotiation,proposal,36.05,2026-08-06,2026-09-04
2026-09-16,0QLTe0000083FFeOAM,0Q0Te000003HCW6KAO,006Te00000Q3LvcIAF,,VR,AI Cloud,Reserve,2000,6.1,,,,In Review,,In Progress,Awaiting Approval,AWAITING_APPROVAL,2027-01-15,2032-01-15,Prepaid,,eu-north3,Technical Validation,proposal,60.07,2026-08-06,2026-09-04
2026-09-16,0QLTe0000083IBvOAM,0Q0Te000003HFLvKAO,006Te00000Q3vqYIAR,00kTe00001RvFcWIAV,VR,AI Cloud,Reserve,72,6.0,0.0,0.0,,In Review,,In Progress,Awaiting Approval,AWAITING_APPROVAL,2027-01-15,2028-01-16,Prepaid,,Europe,Qualification,proposal,12.04,2026-08-06,2026-09-04
2026-09-16,0QLTe0000083IlNOAU,0Q0Te000003HFwzKAG,006Te00000Q3MGRIA3,,VR,AI Cloud,Reserve,5000,6.2,,,,In Review,,In Progress,Awaiting Approval,AWAITING_APPROVAL,2027-10-01,2029-10-02,Prepaid,,eu-north3,Qualification,proposal,24.08,2026-08-06,2026-09-04
2026-09-16,0QLTe0000083IlOOAU,0Q0Te000003HFwzKAG,006Te00000Q3MGRIA3,,RTX6000,AI Cloud,Reserve,5000,1.6,,,,In Review,,In Progress,Awaiting Approval,AWAITING_APPROVAL,2027-10-01,2029-10-02,Prepaid,,eu-north1,Qualification,proposal,24.08,2026-08-06,2026-08-27
2026-09-16,0QLTe0000083JJFOA2,0Q0Te000003HGUrKAO,006Te00000Q3MX9IAN,00kTe00001RvERuIAN,VR,AI Cloud,Reserve,4032,4.88,0.0,0.0,,Draft,,Not Required,Not Required,,2027-04-14,2032-04-15,Postpaid,,eu-north3,Discovery,draft,60.13,2026-08-06,2026-09-04
2026-09-16,0QLTe0000083JJIOA2,0Q0Te000003HGUrKAO,006Te00000Q3MX9IAN,00kTe00001RvERxIAN,VR,AI Cloud,Reserve,3024,4.88,0.0,0.0,,Draft,,Not Required,Not Required,,2027-02-05,2032-04-15,Postpaid,,eu-north3,Discovery,draft,62.37,2026-08-06,2026-09-04
2026-09-16,0QLTe0000083JJJOA2,0Q0Te000003HGUrKAO,006Te00000Q3MX9IAN,00kTe00001RvERyIAN,VR,AI Cloud,Reserve,4032,4.88,0.0,0.0,,Draft,,Not Required,Not Required,,2027-02-22,2032-04-15,Postpaid,,eu-north3,Discovery,draft,61.81,2026-08-06,2026-09-04
2026-09-16,0QLTe0000083JJKOA2,0Q0Te000003HGUrKAO,006Te00000Q3MX9IAN,00kTe00001RvERzIAN,VR,AI Cloud,Reserve,4032,4.88,0.0,0.0,,Draft,,Not Required,Not Required,,2027-03-29,2032-04-15,Postpaid,,eu-north3,Discovery,draft,60.66,2026-08-06,2026-09-04
2026-09-16,0QLTe0000086e6DOAQ,0Q0Te000003JGFRKA4,006Te00000QAcBQIA1,00kTe00001SXQzDIAX,VR,AI Cloud,Reserve,2016,6.2,0.0,0.0,,Draft,,,,,2027-04-01,2028-04-01,Prepaid,,APJ,Discovery,draft,12.04,2026-08-11,2026-09-04
2026-09-16,0QLTe0000086eB3OAI,0Q0Te000003JGKHKA4,006Te00000QAjUUIA1,,VR,AI Cloud,Reserve,2000,7.0,,,,Draft,,,,,2027-05-01,2028-05-01,Prepaid,,Europe,Discovery,draft,12.04,2026-08-11,2026-09-04
2026-09-16,0QLTe0000086eJ7OAI,0Q0Te000003JGTxKAO,006Te00000QAqhnIAD,00kTe00001SHsVXIA1,VR,AI Cloud,Reserve,2592,8.5,0.0,0.0,Tier 1,In Review,,Pending Resubmission,Change Requested,AWAITING_APPROVAL,2027-05-15,2027-11-15,Prepaid,0.0,eu-north3,Closed Lost,lost,6.05,2026-08-11,2026-09-04
2026-09-16,0QLTe0000086eJ8OAI,0Q0Te000003JGTxKAO,006Te00000QAqhnIAD,00kTe00001SHsVYIA1,B300,AI Cloud,Reserve,6256,5.95,6.1,2.459016393442623,Tier 1,In Review,,Pending Resubmission,Change Requested,AWAITING_APPROVAL,2026-11-15,2027-05-15,Prepaid,0.0,me-west2,Closed Lost,lost,5.95,2026-08-11,2026-09-02
2026-09-16,0QLTe0000086eJAOAY,0Q0Te000003JGTxKAO,006Te00000QAqhnIAD,00kTe00001SHsVaIAL,H200,AI Cloud,Testing,40,4.5,3.73,0.0,Tier 1,In Review,,Pending Resubmission,Change Requested,AWAITING_APPROVAL,2026-07-27,2026-08-11,,0.0,eu-north2,Closed Lost,lost,0.49,2026-08-11,2026-09-02
2026-09-16,0QLTe0000086eJCOAY,0Q0Te000003JGTxKAO,006Te00000QAqhnIAD,00kTe00001SHsVcIAL,GB300,AI Cloud,Reserve,5040,10.5,9.2,0.0,Tier 1,In Review,,Pending Resubmission,Change Requested,AWAITING_APPROVAL,2027-03-01,2027-06-01,Prepaid,0.0,eu-west3,Closed Lost,lost,3.03,2026-08-11,2026-09-02
2026-09-16,0QLTe0000086m6zOAA,0Q0Te000003JL8fKAG,006Te00000QF00kIAD,00kTe00001PzjeCIAR,VR,AI Cloud,,2000,7.0,0.0,,Tier 1,Draft,,,,,2027-05-01,2029-05-01,,,Europe,Discovery,draft,24.05,2026-08-11,2026-09-04
2026-09-16,0QLTe0000089uHiOAI,0Q0Te000003KqwoKAC,006Te00000QAjXwIAL,,VR,AI Cloud,Reserve,500,5.5,,,,Draft,,,,,2027-01-01,2029-01-01,Prepaid,,eu-north3,Discovery,draft,24.05,2026-08-13,2026-09-04
2026-09-16,0QLTe000008AMnROAW,0Q0Te000003L6LdKAK,006Te00000QLrVOIA1,00kTe00001QMbDfIAL,VR,AI Cloud,Reserve,2016,7.0,0.0,0.0,Tier 1,Draft,,,,,2027-05-01,2030-05-01,Prepaid,,eu-north3,Technical Validation,draft,36.05,2026-08-14,2026-09-04
2026-09-16,0QLTe000008CjMXOA0,0Q0Te000003MWHFKA4,006Te00000QRLr0IAH,00kTe00001QaCCBIA3,VR,AI Cloud,Reserve,2520,8.0,0.0,0.0,Tier 1,Draft,,,,,2027-06-01,2030-06-01,Prepaid,,eu-north3,Qualification,draft,36.05,2026-08-17,2026-09-04
2026-09-16,0QLTe000008IlGnOAK,0Q0Te000003PqePKAS,006Te00000QAjepIAD,00kTe00001RFGZXIA5,B300,AI Cloud,Reserve,4000,6.0,6.1,1.639344262295082,Tier 1,Draft,,,,,2026-12-31,2027-12-31,Prepaid,,eu-south1,Proposal / Negotiation,draft,12.01,2026-08-24,2026-08-24
2026-09-16,0QLTe000008Iq8POAS,0Q0Te000003HAKcKAO,006Te00000Q3LdBIAV,00kTe00001RGXmwIAH,VR,AI Cloud,Reserve,40176,12.75,0.0,0.0,Tier 1,Draft,,,,,2027-09-01,2030-09-01,Prepaid,,North America,Proposal / Negotiation,draft,36.05,2026-08-24,2026-09-04
2026-09-16,0QLTe000008L0I9OAK,0Q0Te000003QzanKAC,006Te00000QiyKrIAJ,00kTe00001RUmV0IAL,VR,AI Cloud,Reserve,8064,12.75,0.0,0.0,Tier 1,Draft,,,,,2027-09-01,2029-09-01,Prepaid,,North America,Discovery,draft,24.05,2026-08-26,2026-09-04
2026-09-16,0QLTe000008L2i9OAC,0Q0Te000003R1CnKAK,006Te00000Qj3h9IAB,00kTe00001RVBd8IAH,VR,AI Cloud,Reserve,2016,12.75,0.0,0.0,Tier 1,Draft,,,,,2027-03-01,2030-03-01,Prepaid,,North America,Discovery,draft,36.05,2026-08-26,2026-09-04
2026-09-16,0QLTe000008Op1ZOAS,0Q0Te000003TDmXKAW,006Te00000QeXXlIAN,00kTe00001RtrqRIAR,VR,AI Cloud,,10000,9.5,0.0,0.0,Tier 1,Draft,,,,,2027-11-01,2031-11-01,,,North America,Technical Validation,draft,48.06,2026-08-31,2026-09-04
2026-09-16,0QLTe000008Op81OAC,0Q0Te000003TDszKAG,006Te00000QeallIAB,00kTe00001RtohDIAR,VR,AI Cloud,,10000,9.5,0.0,0.0,Tier 1,Draft,,,,,2027-11-01,2030-11-01,,,North America,Discovery,draft,36.05,2026-08-31,2026-09-04
2026-09-16,0QLTe000008PZVpOAO,0Q0Te000003Td2fKAC,006Te00000QsnHhIAJ,00kTe00001S0DB9IAN,VR,AI Cloud,Reserve,10008,6.2,0.0,0.0,Tier 1,Draft,,,,,2027-04-01,2028-04-01,Prepaid,,APJ,Qualification,draft,12.04,2026-09-01,2026-09-04
2026-09-16,0QLTe000008PunBOAS,0Q0Te000003TibqKAC,006Te00000Qtj5gIAB,00kTe00001S13l0IAB,VR,AI Cloud,Reserve,10008,10.0,0.0,0.0,Tier 1,Draft,,,,,2027-07-01,2032-07-01,Postpaid,,North America,Proposal / Negotiation,draft,60.1,2026-09-01,2026-09-04
2026-09-16,0QLTe000008PvbBOAS,0Q0Te000003Tmp7KAC,006Te00000QtXpNIAV,00kTe00001S1DBEIA3,VR,AI Cloud,Reserve,6048,13.0,0.0,0.0,Tier 1,Draft,,,,,2027-06-01,2030-07-01,Prepaid,,North America,Discovery,draft,37.04,2026-09-01,2026-09-04
2026-09-16,0QLTe000008QlDBOA0,0Q0Te000003UGlZKAW,006Te00000QvqHSIAZ,00kTe00001SG0BdIAL,VR,AI Cloud,,16000,6.0,0.0,0.0,Tier 1,Draft,,Obsolete,Obsolete,,2027-05-03,2030-05-02,Prepaid,,eu-north3,Qualification,draft,36.02,2026-09-02,2026-09-04
2026-09-16,0QLTe0000083KDjOAM,0Q0Te000003HHVlKAO,006Te00000Q3uS3IAJ,,H100,AI Cloud,Reserve,64,2.1,3.09,32.03883495145631,Tier 3,In Review,,Obsolete,Obsolete,OBSOLETE,2026-08-01,2026-10-13,Prepaid,,eu-north1,Closed Won,signed,2.4,2026-08-06,2026-09-04
2026-09-16,0QLTe0000083KDmOAM,0Q0Te000003HHVlKAO,006Te00000Q3uS3IAJ,,H200,AI Cloud,Reserve,64,2.28,3.73,38.8739946380697,Tier 3,In Review,,Obsolete,Obsolete,OBSOLETE,2026-08-01,2026-10-13,Prepaid,,eu-north1,Closed Won,signed,2.4,2026-08-06,2026-09-04
2026-09-16,0QLTe0000086NgTOAU,0Q0Te000003J3rhKAC,006Te00000QAjUpIAL,00kTe00001RvKQCIA3,B300,AI Cloud,Reserve,32,5.7,6.1,6.557377049180328,Tier 2,In Review,,Pending Resubmission,Change Requested,AWAITING_APPROVAL,2026-08-06,2027-08-06,Prepaid,,me-west2,Technical Validation,proposal,12.01,2026-08-10,2026-09-04
2026-09-16,0QLTe0000083K5dOAE,0Q0Te000003HHNhKAO,006Te00000Q3MfxIAF,00kTe00001SYr33IAD,RTX6000,AI Cloud,Reserve,200,1.62,2.08,22.115384615384617,,In Review,,Obsolete,Obsolete,OBSOLETE,2026-11-30,2027-11-02,Prepaid,,eu-south1,Closed Lost,lost,11.09,2026-08-06,2026-09-04
2026-09-16,0QLTe0000086Nq9OAE,0Q0Te000003J41NKAS,006Te00000QAjXrIAL,00kTe00001RbcfKIAR,B300,AI Cloud,Reserve,576,5.0,6.1,18.0327868852459,Tier 3,In Review,,Pending Resubmission,Change Requested,AWAITING_APPROVAL,2026-11-23,2029-11-22,Prepaid,,eu-west2,Proposal / Negotiation,proposal,36.02,2026-08-10,2026-09-04
2026-09-16,0QLTe000008RqKTOA0,0Q0Te000003TbX7KAK,006Te00000QsgPtIAJ,00kTe00001SQP6zIAH,B200,AI Cloud,Reserve,24,6.1,5.93,0.0,Tier 1,In Review,Auto Approved,,,,2026-09-16,2027-03-15,Prepaid,,us-central1,Technical Validation,proposal,5.92,2026-09-03,2026-09-04
2026-09-16,0QLTe0000083EBYOA2,0Q0Te000003HEGAKA4,006Te00000Q3MMNIA3,00kTe00001SLUdmIAH,RTX6000,AI Cloud,Reserve,8,1.72,2.08,17.307692307692307,,In Review,,Pending Resubmission,Change Requested,AWAITING_APPROVAL,2026-09-01,2027-03-01,Prepaid,,uk-south2,Closed Lost,lost,5.95,2026-08-06,2026-09-04
2026-09-16,0QLTe000008SIdJOAW,0Q0Te000003VOE1KAO,006Te00000QzBNmIAN,00kTe00001SRywJIAT,B200,AI Cloud,Reserve,72,8.0,5.93,0.0,Tier 1,In Review,,Obsolete,Obsolete,OBSOLETE,2026-09-18,2026-10-10,Prepaid,0.0,us-central1,Closed Lost,lost,0.72,2026-09-03,2026-09-04
2026-09-16,0QLTe000008SsNROA0,0Q0Te000003VjlXKAS,006Te00000QszpcIAB,00kTe00001SXL8sIAH,B300,AI Cloud,Reserve,1024,6.2,6.1,0.0,Tier 1,In Review,,In Progress,Awaiting Approval,AWAITING_APPROVAL,2026-12-01,2027-11-30,Prepaid,30.0,me-west2,Proposal / Negotiation,proposal,11.97,2026-09-04,2026-09-04
2026-09-16,0QLTe000008GHmfOAG,0Q0Te000003OP6nKAG,006Te00000QAjY3IAL,00kTe00001R0QKEIA3,B200,AI Cloud,Reserve,32,5.5,5.93,7.251264755480607,Tier 2,In Review,Approved,In Progress,Awaiting Approval,AWAITING_APPROVAL,2026-09-16,2027-03-16,Prepaid,30.0,us-central1,Proposal / Negotiation,proposal,5.95,2026-08-21,2026-09-04
2026-09-16,0QLTe000008SPN3OAO,0Q0Te000003VTgjKAG,006Te00000Qyxr3IAB,00kTe00001SSzymIAD,B300,Token Factory,Reserve,24,6.0,6.1,1.639344262295082,Tier 1,Approved,Auto Approved,Approved,Approved,APPROVED,2026-09-10,2027-09-10,Prepaid,30.0,eu-west2,Proposal / Negotiation,proposal,12.01,2026-09-03,2026-09-04
2026-09-16,0QLTe000008S9whOAC,0Q0Te000003VMVZKA4,006Te00000QtR7KIAV,00kTe00001SRoy4IAD,B300,AI Cloud,Reserve,512,6.2,6.1,0.0,Tier 1,In Review,Auto Approved,In Progress,Awaiting Approval,AWAITING_APPROVAL,2026-12-01,2027-11-30,Prepaid,30.0,eu-south1,Proposal / Negotiation,proposal,11.97,2026-09-03,2026-09-04
2026-09-16,0QLTe0000083Ks1OAE,0Q0Te000003HIA5KAO,006Te00000Q3vtIIAR,00kTe00001Rv0KBIAZ,B300,AI Cloud,Reserve,16,5.1,6.1,16.39344262295082,,In Review,,Obsolete,Obsolete,OBSOLETE,2026-12-01,2027-12-01,Prepaid,,eu-south1,Closed Lost,lost,12.01,2026-08-06,2026-09-04
2026-09-16,0QLTe000008QjsvOAC,0Q0Te000003UGLlKAO,006Te00000Qve9uIAB,00kTe00001SFcMgIAL,B300,AI Cloud,Reserve,512,6.1,6.1,0.0,Tier 1,Draft,,,,,2026-12-28,2027-12-28,Prepaid,,North America,Qualification,draft,12.01,2026-09-02,2026-09-04
2026-09-16,0QLTe000008SCsrOAG,0Q0Te000003VL85KAG,006Te00000QtWJtIAN,00kTe00001SRDpdIAH,B200,AI Cloud,Reserve,48,5.95,5.93,0.0,Tier 1,In Review,Auto Approved,In Progress,Awaiting Approval,AWAITING_APPROVAL,2026-10-01,2027-09-30,Prepaid,0.0,us-central1,Proposal / Negotiation,proposal,11.97,2026-09-03,2026-09-04
2026-09-16,0QLTe000008EDbuOAG,0Q0Te000003NKfRKAW,006Te00000QUI70IAH,00kTe00001QlgB5IAJ,B200,AI Cloud,Reserve,8,5.93,5.93,0.0,Tier 2,In Review,,Pending Resubmission,Obsolete,OBSOLETE,2026-08-19,2026-08-28,,0.0,us-central1,Proposal / Negotiation,proposal,0.3,2026-08-19,2026-09-03
2026-09-16,0QLTe000008EDbvOAG,0Q0Te000003NKfRKAW,006Te00000QUI70IAH,00kTe00001QlgB6IAJ,B300,AI Cloud,Reserve,8,6.1,6.1,0.0,Tier 2,In Review,,Pending Resubmission,Obsolete,OBSOLETE,2026-08-19,2026-08-28,,0.0,eu-north2,Proposal / Negotiation,proposal,0.3,2026-08-19,2026-09-03
2026-09-16,0QLTe000008RyRhOAK,0Q0Te000003VF4HKAW,006Te00000Qyb5lIAB,00kTe00001SQfn7IAD,H100,AI Cloud,Reserve,20000,3.09,3.09,0.0,Tier 2,In Review,,Obsolete,Obsolete,OBSOLETE,2026-09-12,2026-10-02,,0.0,eu-north1,Proposal / Negotiation,proposal,0.66,2026-09-03,2026-09-04
2026-09-16,0QLTe000008SE3ROAW,0Q0Te000003VF4HKAW,006Te00000Qyb5lIAB,00kTe00001SRiUwIAL,H200,AI Cloud,Reserve,8,3.73,3.73,0.0,Tier 2,In Review,,Obsolete,Obsolete,OBSOLETE,2026-09-11,2027-10-02,,0.0,North America,Proposal / Negotiation,proposal,12.7,2026-09-03,2026-09-04
2026-09-16,0QLTe000008SE3SOAW,0Q0Te000003VF4HKAW,006Te00000Qyb5lIAB,00kTe00001SRiUxIAL,B200,AI Cloud,Reserve,8,5.93,5.93,0.0,Tier 2,In Review,,Obsolete,Obsolete,OBSOLETE,2026-09-13,2026-11-05,,0.0,North America,Proposal / Negotiation,proposal,1.74,2026-09-03,2026-09-04
2026-09-16,0QLTe000008SE3TOAW,0Q0Te000003VF4HKAW,006Te00000Qyb5lIAB,00kTe00001SRiUyIAL,B300,AI Cloud,Reserve,8,6.1,6.1,0.0,Tier 2,In Review,,Obsolete,Obsolete,OBSOLETE,2026-09-11,2026-10-02,,0.0,uk-south1,Proposal / Negotiation,proposal,0.69,2026-09-03,2026-09-04
2026-09-16,0QLTe000008S8ndOAC,0Q0Te000003VJELKA4,006Te00000QyuefIAB,00kTe00001SRI59IAH,H200,AI Cloud,Reserve,8,3.73,3.73,0.0,Tier 2,In Review,,Obsolete,Obsolete,OBSOLETE,2026-09-11,2027-10-09,,0.0,eu-north1,Proposal / Negotiation,proposal,12.93,2026-09-03,2026-09-04
2026-09-16,0QLTe000008S8neOAC,0Q0Te000003VJELKA4,006Te00000QyuefIAB,00kTe00001SRI5AIAX,H100,AI Cloud,Reserve,8,3.09,3.09,0.0,Tier 2,In Review,,Obsolete,Obsolete,OBSOLETE,2026-09-11,2026-10-09,,0.0,eu-north1,Proposal / Negotiation,proposal,0.92,2026-09-03,2026-09-04
2026-09-16,0QLTe000008S8nfOAC,0Q0Te000003VJELKA4,006Te00000QyuefIAB,00kTe00001SRI5BIAX,B200,AI Cloud,Reserve,8,5.93,5.93,0.0,Tier 2,In Review,,Obsolete,Obsolete,OBSOLETE,2026-09-11,2026-10-09,,0.0,us-central1,Proposal / Negotiation,proposal,0.92,2026-09-03,2026-09-04
2026-09-16,0QLTe000008SAUTOA4,0Q0Te000003VJELKA4,006Te00000QyuefIAB,00kTe00001SRN9jIAH,H200,AI Cloud,Reserve,16,3.73,3.73,0.0,Tier 2,In Review,,Obsolete,Obsolete,OBSOLETE,2026-09-11,2026-10-09,,0.0,North America,Proposal / Negotiation,proposal,0.92,2026-09-03,2026-09-04
2026-09-16,0QLTe0000088ltDOAQ,0Q0Te000003KGJpKAO,006Te00000QHSiVIAX,00kTe00001SM3MDIA1,B300,AI Cloud,Testing,16,7.1,6.1,0.0,Tier 1,In Review,,Obsolete,Obsolete,OBSOLETE,2026-07-20,2026-07-25,,0.0,uk-south1,Closed Lost,lost,0.16,2026-08-12,2026-09-04
2026-09-16,0QLTe0000088ltEOAQ,0Q0Te000003KGJpKAO,006Te00000QHSiVIAX,00kTe00001SM3MEIA1,B300,AI Cloud,Testing,16,7.85,6.1,0.0,Tier 1,In Review,,Obsolete,Obsolete,OBSOLETE,2026-08-03,2026-08-08,,0.0,uk-south1,Closed Lost,lost,0.16,2026-08-12,2026-09-04
2026-09-16,0QLTe0000083WOZOA2,0Q0Te000003HQ9GKAW,006Te00000Q7eLzIAJ,,B200,AI Cloud,Testing,16,5.5,5.93,7.251264755480607,,Draft,,Obsolete,Obsolete,OBSOLETE,2026-02-13,2026-03-04,,,me-west1,Closed Lost,lost,0.62,2026-08-07,2026-09-04
2026-09-16,0QLTe0000084rsLOAQ,0Q0Te000003IAonKAG,006Te00000QAjeqIAD,00kTe00001RvA3lIAF,RTX6000,AI Cloud,Reserve,1024,1.62,2.08,22.115384615384617,,In Review,,Obsolete,Obsolete,OBSOLETE,2026-09-01,2027-09-01,Prepaid,,uk-south2,Closed Lost,lost,12.01,2026-08-08,2026-09-04
2026-09-16,0QLTe0000084qLDOAY,0Q0Te000003I9ccKAC,006Te00000QAjbwIAD,00kTe00001RvGgOIAV,B200,AI Cloud,Reserve,128,5.3,5.93,10.623946037099493,Tier 2,In Review,,Pending Resubmission,Change Requested,AWAITING_APPROVAL,2026-11-30,2027-11-30,Prepaid,,me-west1,Discovery,proposal,12.01,2026-08-08,2026-09-03
2026-09-16,0QLTe0000083L4vOAE,0Q0Te000003HILNKA4,006Te00000Q3wORIAZ,00kTe00001RuuOKIAZ,B300,AI Cloud,Testing,16,6.1,6.1,0.0,Tier 2,In Review,,Pending Resubmission,Awaiting Approval,AWAITING_APPROVAL,2026-08-10,2026-08-25,,,uk-south1,Technical Validation,proposal,0.49,2026-08-06,2026-09-03
2026-09-16,0QLTe0000083L4yOAE,0Q0Te000003HILNKA4,006Te00000Q3wORIAZ,00kTe00001RuuONIAZ,B300,AI Cloud,Reserve,176,5.6,6.1,8.19672131147541,Tier 2,In Review,,Pending Resubmission,Change Requested,AWAITING_APPROVAL,2026-12-15,2027-12-16,Prepaid,,eu-south1,Technical Validation,proposal,12.04,2026-08-06,2026-09-03
2026-09-16,0QLTe000008SJXlOAO,0Q0Te000003VP6rKAG,006Te00000QzF82IAF,00kTe00001SSKuPIAX,RTX6000,AI Cloud,Reserve,88,1.9231,2.0,3.8461538461538463,Tier 2,Draft,,,,,2026-09-15,2027-09-15,Prepaid,,uk-south2,Discovery,draft,12.01,2026-09-03,2026-09-03
2026-09-16,0QLTe0000089oSPOAY,0Q0Te000003KmefKAC,006Te00000QGWhhIAH,00kTe00001QHhWFIA1,B200,AI Cloud,Reserve,64,5.75,5.93,3.0354131534569984,Tier 1,Draft,,Obsolete,Obsolete,,2026-11-01,2027-11-01,Prepaid,,us-central1,Closed Lost,lost,12.01,2026-08-13,2026-09-03
2026-09-16,0QLTe0000083CHnOAM,0Q0Te000003HAXWKA4,006Te00000Q3MVGIA3,,GB300,AI Cloud,Reserve,720,6.1,9.2,33.69565217391305,Tier 3,In Review,,Pending Resubmission,Obsolete,OBSOLETE,2026-12-01,2027-12-02,Prepaid,,me-west1,Proposal / Negotiation,proposal,12.04,2026-08-06,2026-09-03
2026-09-16,0QLTe0000083GRuOAM,0Q0Te000003HDaDKAW,006Te00000Q3LdwIAF,00kTe00001S133VIAR,B300,AI Cloud,Testing,32,7.1,6.1,0.0,Tier 1,In Review,Auto Approved,In Progress,Approved,APPROVED,2026-06-30,2026-07-11,,,uk-south1,Proposal / Negotiation,proposal,0.36,2026-08-06,2026-09-02
2026-09-16,0QLTe0000083H9NOAU,0Q0Te000003HEHlKAO,006Te00000Q3LnwIAF,00kTe00001QMGpyIAH,B300,AI Cloud,Reserve,96,5.5,6.1,9.836065573770492,Tier 2,In Review,,Pending Resubmission,Obsolete,OBSOLETE,2026-11-19,2027-11-19,Prepaid,,eu-south1,Technical Validation,proposal,12.01,2026-08-06,2026-09-03
2026-09-16,0QLTe0000083HR9OAM,0Q0Te000003HEZWKA4,006Te00000Q3Lz3IAF,00kTe00001S0y1yIAB,GB300,AI Cloud,Testing,144,9.2,9.2,0.0,,In Review,,In Progress,Awaiting Approval,AWAITING_APPROVAL,2026-09-15,2026-09-26,,,eu-north1,Discovery,proposal,0.36,2026-08-06,2026-09-01
2026-09-16,0QLTe0000083HXZOA2,0Q0Te000003HEfxKAG,006Te00000Q3LvbIAF,00kTe00001Q1aHlIAJ,H100,AI Cloud,Reserve,24,2.77,3.09,10.35598705501618,Tier 2,In Review,,Pending Resubmission,Change Requested,APPROVED,2026-08-06,2027-02-06,Prepaid,,eu-north1,Closed Won,signed,6.05,2026-08-06,2026-09-03
2026-09-16,0QLTe0000083HZBOA2,0Q0Te000003HEhZKAW,006Te00000Q3LvlIAF,,RTX6000,AI Cloud,Testing,16,1.8,2.08,13.461538461538462,Tier 1,Draft,,Approved,Approved,APPROVED,2026-07-23,2026-08-14,,,us-central1,Technical Validation,draft,0.72,2026-08-06,2026-09-02
2026-09-16,0QLTe0000083HZEOA2,0Q0Te000003HEhZKAW,006Te00000Q3LvlIAF,,RTX6000,AI Cloud,Testing,80,2.08,2.08,0.0,Tier 1,Draft,,Approved,Approved,APPROVED,2026-09-01,2027-03-01,,,uk-south2,Technical Validation,draft,5.95,2026-08-06,2026-09-02
2026-09-16,0QLTe0000083INDOA2,0Q0Te000003HFddKAG,006Te00000Q3M9yIAF,00kTe00001RaXOxIAN,B200,AI Cloud,Testing,16,5.5,5.93,7.251264755480607,,In Review,,In Progress,Approved,APPROVED,2025-08-11,2025-08-18,,,us-central1,Closed Lost,lost,0.23,2026-08-06,2026-08-27
2026-09-16,0QLTe0000083INEOA2,0Q0Te000003HFddKAG,006Te00000Q3M9yIAF,00kTe00001RaXOyIAN,B300,AI Cloud,Testing,32,7.0984,6.1,0.0,,In Review,,In Progress,Approved,APPROVED,2026-06-29,2026-07-13,,,uk-south1,Closed Lost,lost,0.46,2026-08-06,2026-08-27
2026-09-16,0QLTe0000083INFOA2,0Q0Te000003HFddKAG,006Te00000Q3M9yIAF,00kTe00001RaXOzIAN,B300,AI Cloud,Testing,16,7.0984,6.1,0.0,,In Review,,In Progress,Approved,APPROVED,2025-12-08,2025-12-15,,,uk-south1,Closed Lost,lost,0.23,2026-08-06,2026-08-27
2026-09-16,0QLTe0000083INGOA2,0Q0Te000003HFddKAG,006Te00000Q3M9yIAF,00kTe00001RaXP0IAN,B300,AI Cloud,Reserve,24,5.5,6.1,9.836065573770492,,In Review,,In Progress,Obsolete,OBSOLETE,2026-11-02,2027-11-02,Prepaid,,eu-south1,Closed Lost,lost,12.01,2026-08-06,2026-08-27
2026-09-16,0QLTe0000083INIOA2,0Q0Te000003HFddKAG,006Te00000Q3M9yIAF,00kTe00001RaXP2IAN,H200,AI Cloud,Reserve,80,2.9,3.73,22.25201072386059,,In Review,,In Progress,Obsolete,OBSOLETE,2026-11-24,2027-11-25,Prepaid,,eu-west1,Closed Lost,lost,12.04,2026-08-06,2026-08-27
2026-09-16,0QLTe0000083J39OAE,0Q0Te000003HGEjKAO,006Te00000Q3MMrIAN,00kTe00001RaXLYIA3,B300,AI Cloud,Reserve,512,5.52,6.1,9.508196721311476,,In Review,,In Progress,Awaiting Approval,AWAITING_APPROVAL,2026-08-07,2027-08-08,Prepaid,,us-north1,Closed Lost,lost,12.04,2026-08-06,2026-08-27
2026-09-16,0QLTe0000083J3HOAU,0Q0Te000003HGEjKAO,006Te00000Q3MMrIAN,00kTe00001RaXOuIAN,B300,AI Cloud,Testing,16,7.1,6.1,0.0,,In Review,,In Progress,Approved,APPROVED,2026-05-22,2026-06-01,,,uk-south1,Closed Lost,lost,0.33,2026-08-06,2026-08-27
2026-09-16,0QLTe0000083Kf7OAE,0Q0Te000003HHxBKAW,006Te00000Q3vqDIAR,00kTe00001RaXVSIA3,B300,AI Cloud,Reserve,512,3.93,6.1,35.57377049180328,Tier 1,In Review,,In Progress,Rejected,REJECTED,2026-07-31,2028-07-31,Postpaid,,us-north1,Closed Lost,lost,24.05,2026-08-06,2026-08-27
2026-09-16,0QLTe0000083KfBOAU,0Q0Te000003HHxBKAW,006Te00000Q3vqDIAR,00kTe00001RaXVWIA3,H100,AI Cloud,Testing,32,2.95,3.09,4.53074433656958,Tier 1,In Review,,In Progress,Approved,APPROVED,2025-12-23,2026-01-21,,,eu-north1,Closed Lost,lost,0.95,2026-08-06,2026-08-27
2026-09-16,0QLTe0000083KvFOAU,0Q0Te000003HIDJKA4,006Te00000Q3vtpIAB,00kTe00001QH9yiIAD,B300,AI Cloud,Reserve,512,5.6,6.1,8.19672131147541,Tier 2,In Review,,Pending Resubmission,Change Requested,AWAITING_APPROVAL,2026-11-15,2029-11-15,Prepaid,,eu-south1,Technical Validation,proposal,36.05,2026-08-06,2026-09-03
2026-09-16,0QLTe0000083YVEOA2,0Q0Te000003HRtJKAW,006Te00000Q7enzIAB,00kTe00001Rv3jXIAR,L40S,AI Cloud,Testing,4,1.35,1.35,0.0,,In Review,,In Progress,Not Required,,2026-02-17,2026-03-29,,,eu-north1,Technical Validation,proposal,1.32,2026-08-07,2026-09-03
2026-09-16,0QLTe0000086Mm9OAE,0Q0Te000003J3JpKAK,006Te00000Q3LvlIAF,00kTe00001SLxxXIAT,RTX6000,AI Cloud,Testing,16,1.8,2.08,13.461538461538462,,In Review,,In Progress,Approved,,2026-07-23,2026-08-14,,,us-central1,Technical Validation,proposal,0.72,2026-08-10,2026-09-02
2026-09-16,0QLTe0000086MmAOAU,0Q0Te000003J3JpKAK,006Te00000Q3LvlIAF,00kTe00001SLxxYIAT,RTX6000,AI Cloud,Testing,80,2.08,2.08,0.0,,In Review,,In Progress,Approved,,2026-09-01,2027-03-01,,,uk-south2,Technical Validation,proposal,5.95,2026-08-10,2026-09-02
2026-09-16,0QLTe0000086N3lOAE,0Q0Te000003J3DNKA0,006Te00000Q3LbIIAV,00kTe00001QNzGMIA1,B200,Token Factory,Reserve,24,5.3,5.93,10.623946037099493,Tier 2,In Review,,Pending Resubmission,Obsolete,OBSOLETE,2026-08-20,2027-08-22,Prepaid,,North America,Closed Lost,lost,12.07,2026-08-10,2026-09-03
2026-09-16,0QLTe0000088lA4OAI,0Q0Te000003KGN3KAO,006Te00000QHZTpIAP,00kTe00001SSWpUIAX,H100,AI Cloud,Testing,16,2.95,3.09,4.53074433656958,,In Review,,In Progress,Approved,APPROVED,2026-04-01,2026-05-01,,,eu-north1,Technical Validation,proposal,0.99,2026-08-12,2026-09-03
2026-09-16,0QLTe0000088lA5OAI,0Q0Te000003KGN3KAO,006Te00000QHZTpIAP,00kTe00001SSWpVIAX,H200,AI Cloud,Reserve,32,3.2,3.73,14.20911528150134,,In Review,,In Progress,Awaiting Approval,AWAITING_APPROVAL,2026-05-24,2027-02-24,Prepaid,,eu-north1,Technical Validation,proposal,9.08,2026-08-12,2026-09-03
2026-09-16,0QLTe0000088lA6OAI,0Q0Te000003KGN3KAO,006Te00000QHZTpIAP,00kTe00001SSWpWIAX,H100,AI Cloud,Testing,16,2.95,3.09,4.53074433656958,,In Review,,In Progress,Approved,APPROVED,2026-01-01,2026-04-01,,,eu-north1,Technical Validation,proposal,2.96,2026-08-12,2026-09-03
2026-09-16,0QLTe0000088lpxOAA,0Q0Te000003KGGbKAO,006Te00000QHCCPIA5,00kTe00001RvFqbIAF,H100,AI Cloud,Reserve,24,3.09,3.09,0.0,,Draft,,Approved,Approved,APPROVED,2026-06-18,2026-09-23,,,eu-north1,Technical Validation,draft,3.19,2026-08-12,2026-09-03
2026-09-16,0QLTe0000088lrZOAQ,0Q0Te000003KGIDKA4,006Te00000QHSiUIAX,00kTe00001RvHXLIA3,L40S,AI Cloud,Testing,8,1.35,1.35,0.0,,Draft,,Approved,Not Required,,2025-11-20,2025-12-11,,,eu-north1,Technical Validation,draft,0.69,2026-08-12,2026-09-03
2026-09-16,0QLTe000008MGpWOAW,0Q0Te000003RhAPKA0,006Te00000Q3MfkIAF,00kTe00001Rg3S6IAJ,GB300,AI Cloud,Reserve,4968,4.9,9.2,46.739130434782616,Tier 3,Draft,,,,,2026-12-01,2027-12-01,Prepaid,,me-west3,Proposal / Negotiation,draft,12.01,2026-08-28,2026-08-28
2026-09-16,0QLTe000008OhbtOAC,0Q0Te000003T9nlKAC,006Te00000Qa2FdIAJ,00kTe00001Rt9VuIAJ,B300,AI Cloud,Reserve,16,6.1,6.1,0.0,Tier 2,Draft,,,,,2026-12-31,2027-12-31,,,Europe,Technical Validation,draft,12.01,2026-08-31,2026-09-03
2026-09-16,0QLTe000008Oi89OAC,0Q0Te000003TABxKAO,006Te00000QAk8bIAD,00kTe00001RtGKDIA3,B300,AI Cloud,Reserve,24,5.7,6.1,6.557377049180328,Tier 1,Draft,,,,,2026-12-01,2028-12-01,Prepaid,,eu-south1,Proposal / Negotiation,draft,24.05,2026-08-31,2026-08-31
2026-09-16,0QLTe000008P1vaOAC,0Q0Te000003TMQ1KAO,006Te00000QAjV3IAL,00kTe00001RxFXiIAN,B200,AI Cloud,Reserve,32,5.25,5.93,11.467116357504215,Tier 1,In Review,Auto Approved,In Progress,Awaiting Approval,AWAITING_APPROVAL,2026-09-15,2027-09-16,Prepaid,30.0,us-central1,Proposal / Negotiation,proposal,12.04,2026-08-31,2026-09-01
2026-09-16,0QLTe000008SKVROA4,0Q0Te000003VOYzKAO,006Te00000QzBAtIAN,00kTe00001SSNNbIAP,B200,AI Cloud,Reserve,8,5.93,5.93,0.0,Tier 2,Draft,,,Technical Error,,2026-10-01,2026-10-30,,,us-central1,Proposal / Negotiation,draft,0.95,2026-09-03,2026-09-03
2026-09-16,0QLTe000008GwmbOAC,0Q0Te000003OipNKAS,006Te00000QaQoDIAV,00kTe00001R4HRpIAN,RTX6000,AI Cloud,Reserve,40,2.0,2.0,0.0,Tier 1,Ops Review In Progress,Auto Approved,Approved,Approved,APPROVED,2026-09-10,2027-09-10,Prepaid,30.0,us-central1,Closed Won,signed,12.01,2026-08-21,2026-09-03
2026-09-16,0QLTe0000083BK6OAM,0Q0Te000003H9tCKAS,006Te00000Q3MSqIAN,,B300,AI Cloud,Reserve,80,6.2,6.1,0.0,Tier 1,In Review,,Obsolete,Obsolete,OBSOLETE,2026-11-15,2027-11-15,Prepaid,,eu-south1,Proposal / Negotiation,proposal,12.01,2026-08-06,2026-09-03
2026-09-16,0QLTe000008SHxNOAW,0Q0Te000003VNjNKAW,006Te00000QhlhRIAR,00kTe00001SROB6IAP,GB300,AI Cloud,Reserve,288,5.41,9.2,41.195652173913054,Tier 3,In Review,,In Progress,Awaiting Approval,AWAITING_APPROVAL,2026-11-30,2029-12-01,Prepaid,30.0,eu-west3,Proposal / Negotiation,proposal,36.09,2026-09-03,2026-09-03
2026-09-16,0QLTe000008KINbOAO,0Q0Te000003Qh9FKAS,006Te00000QhlhRIAR,,GB300,AI Cloud,Reserve,288,5.15,9.2,44.02173913043478,Tier 3,Draft,,Obsolete,Obsolete,,2026-10-30,2029-10-30,Prepaid,,eu-west3,Proposal / Negotiation,draft,36.05,2026-08-26,2026-09-03
2026-09-16,0QLTe0000086O33OAE,0Q0Te000003J4FtKAK,006Te00000QAjcHIAT,00kTe00001SMEBMIA5,H100,Token Factory,Reserve,64,2.1,3.09,32.03883495145631,Tier 2,In Review,,Approved,Approved,APPROVED,2026-02-09,2026-08-11,Postpaid,0.0,eu-north1,Closed Lost,lost,6.02,2026-08-10,2026-09-03
2026-09-16,0QLTe000008S5BSOA0,0Q0Te000003VIIHKA4,006Te00000QybVZIAZ,00kTe00001SR6dRIAT,B200,Token Factory,Reserve,72,5.93,5.93,0.0,Tier 2,In Review,,Obsolete,Obsolete,OBSOLETE,2026-10-02,2026-10-10,,0.0,North America,Closed Lost,lost,0.26,2026-09-03,2026-09-03
2026-09-16,0QLTe000008S5BTOA0,0Q0Te000003VIIHKA4,006Te00000QybVZIAZ,00kTe00001SR6dSIAT,B300,Token Factory,Reserve,8,6.1,6.1,0.0,Tier 1,In Review,,Obsolete,Obsolete,OBSOLETE,2026-10-02,2026-10-10,,0.0,North America,Closed Lost,lost,0.26,2026-09-03,2026-09-03
2026-09-16,0QLTe0000084rifOAA,0Q0Te000003IAf7KAG,006Te00000QAjbBIAT,,B300,AI Cloud,Testing,32,7.85,6.1,0.0,Tier 1,Draft,,Obsolete,Obsolete,OBSOLETE,2026-08-06,2026-08-26,,,uk-south1,Closed Lost,lost,0.66,2026-08-08,2026-09-03
2026-09-16,0QLTe0000083IqDOAU,0Q0Te000003HG1pKAG,006Te00000Q3MIMIA3,00kTe00001RuZCMIA3,B200,Token Factory,Testing,32,7.15,5.93,0.0,Tier 1,In Review,,Pending Resubmission,Approved,APPROVED,2026-07-17,2026-08-01,,,tf-us1,Qualification,proposal,0.49,2026-08-06,2026-09-03
2026-09-16,0QLTe0000083IqEOAU,0Q0Te000003HG1pKAG,006Te00000Q3MIMIA3,00kTe00001RuZCNIA3,B200,Token Factory,Reserve,200,7.15,5.93,0.0,Tier 1,In Review,,Pending Resubmission,Change Requested,AWAITING_APPROVAL,2026-08-31,2027-09-01,Postpaid,,tf-us2,Qualification,proposal,12.04,2026-08-06,2026-09-03
2026-09-16,0QLTe0000083GekOAE,0Q0Te000003HDlWKAW,006Te00000Q3LrJIAV,00kTe00001R3m82IAB,B300,AI Cloud,Reserve,96,6.0,6.1,1.639344262295082,Tier 2,Approved,Approved,Approved,Approved,APPROVED,2026-09-01,2027-09-01,Prepaid,0.0,eu-west2,Proposal / Negotiation,proposal,12.01,2026-08-06,2026-09-03
2026-09-16,0QLTe0000083GelOAE,0Q0Te000003HDlWKAW,006Te00000Q3LrJIAV,00kTe00001R3m83IAB,B200,AI Cloud,Testing,128,5.93,5.93,0.0,Tier 1,Approved,Approved,Approved,Approved,APPROVED,2026-07-31,2026-08-05,,,us-central1,Proposal / Negotiation,proposal,0.16,2026-08-06,2026-09-03
2026-09-16,0QLTe000008RCmrOAG,0Q0Te000003UmlRKAS,006Te00000QwpkjIAB,00kTe00001SKE2GIAX,B200,AI Cloud,Reserve,8,5.75,5.93,3.0354131534569984,Tier 1,Draft,,,,,2026-09-09,2027-09-09,Prepaid,,me-west1,Technical Validation,draft,12.01,2026-09-02,2026-09-02
2026-09-16,0QLTe0000084rXNOAY,0Q0Te000003IATpKAO,006Te00000QAjXhIAL,00kTe00001PxDowIAF,B300,AI Cloud,Reserve,64,5.76,6.1,5.573770491803279,Tier 2,In Review,,Pending Resubmission,Obsolete,OBSOLETE,2026-11-30,2029-11-30,Prepaid,0.0,eu-west2,Closed Lost,lost,36.05,2026-08-08,2026-09-03
2026-09-16,0QLTe000008RhVhOAK,0Q0Te000003V7EnKAK,006Te00000Qy46bIAB,00kTe00001SPO8SIAX,B300,AI Cloud,Reserve,16,6.1,6.1,0.0,Tier 2,Ops Review In Progress,Auto Approved,Obsolete,Obsolete,OBSOLETE,2026-09-25,2026-10-08,Prepaid,0.0,eu-north2,Closed Lost,lost,0.43,2026-09-03,2026-09-03
2026-09-16,0QLTe0000083JHdOAM,0Q0Te000003HGTFKA4,006Te00000Q3MV5IAN,,H100,AI Cloud,Reserve,8,2.4,3.09,22.33009708737864,Tier 2,In Review,,Obsolete,Obsolete,OBSOLETE,2026-09-01,2028-09-02,Prepaid,,eu-north1,Agreement Signing,proposal,24.08,2026-08-06,2026-09-03
2026-09-16,0QLTe000008QhmIOAS,0Q0Te000003UG0nKAG,006Te00000QAjcvIAD,00kTe00001SFgxfIAD,B300,AI Cloud,Reserve,400,6.1,6.1,0.0,Tier 2,In Review,Recalled,,,,2026-12-01,2027-12-01,Postpaid,,eu-south1,Technical Validation,proposal,12.01,2026-09-02,2026-09-02
2026-09-16,0QLTe000008AOCXOA4,0Q0Te000003L74nKAC,006Te00000QM3rWIAT,00kTe00001QN7HmIAL,B300,AI Cloud,Reserve,64,5.5,6.1,9.836065573770492,Tier 2,Draft,,,,,2027-01-29,2028-01-29,Prepaid,,uk-south1,Proposal / Negotiation,draft,12.01,2026-08-14,2026-09-03
2026-09-16,0QLTe000008RkDROA0,0Q0Te000003V8ArKAK,006Te00000Qw4NdIAJ,00kTe00001SPyoMIAT,B300,AI Cloud,Reserve,64,5.5,6.1,9.836065573770492,Tier 2,Draft,,,,,2027-01-31,2028-01-31,Prepaid,,uk-south1,Qualification,draft,12.01,2026-09-03,2026-09-03
2026-09-16,0QLTe000008O9S9OAK,0Q0Te000003SwfFKAS,006Te00000Qq3XVIAZ,00kTe00001RrSCvIAN,B200,AI Cloud,Reserve,104,5.45,5.93,8.094435075885329,Tier 1,Draft,,Obsolete,Obsolete,,2026-09-07,2027-09-07,Prepaid,,us-central1,Closed Lost,lost,12.01,2026-08-31,2026-09-03
2026-09-16,0QLTe000008Re9dOAC,0Q0Te000003QYvZKAW,006Te00000QJA38IAH,00kTe00001SPd0nIAD,B300,AI Cloud,Reserve,8,7.0,6.1,0.0,Tier 1,In Review,,,,,2026-09-04,2027-09-05,,,eu-north2,Proposal / Negotiation,proposal,12.04,2026-09-03,2026-09-03
2026-09-16,0QLTe000008Re9eOAC,0Q0Te000003QYvZKAW,006Te00000QJA38IAH,00kTe00001SPd0oIAD,B200,AI Cloud,Reserve,8,5.93,5.93,0.0,Tier 2,In Review,,,,,2026-09-04,2029-09-05,,,us-central1,Proposal / Negotiation,proposal,36.09,2026-09-03,2026-09-03
2026-09-16,0QLTe0000083YADOA2,0Q0Te000003HRV7KAO,006Te00000Q7czNIAR,00kTe00001RaMWUIA3,GB300,AI Cloud,Reserve,72,7.5,9.2,18.47826086956522,,In Review,,Obsolete,Obsolete,OBSOLETE,2027-01-01,2028-01-02,Prepaid,,North America,Closed Lost,lost,12.04,2026-08-07,2026-09-03
2026-09-16,0QLTe0000083IztOAE,0Q0Te000003HGBVKA4,006Te00000Q3MMkIAN,00kTe00001SM3k8IAD,GB300,AI Cloud,Reserve,72,9.2,0.0,0.0,,In Review,,Not Required,Not Required,,,,,,uk-south2,Qualification,proposal,,2026-08-06,2026-09-02
2026-09-16,0QLTe0000083GreOAE,0Q0Te000003HDyQKAW,006Te00000Q3LqIIAV,00kTe00001SMQp8IAH,B300,AI Cloud,Reserve,32,6.1,6.1,0.0,Tier 2,In Review,,In Progress,Approved,APPROVED,2026-07-10,2026-07-21,,,uk-south1,Proposal / Negotiation,proposal,0.36,2026-08-06,2026-09-02
2026-09-16,0QLTe0000083GEzOAM,0Q0Te000003HDOvKAO,006Te00000Q3LdCIAV,00kTe00001SM03SIAT,B300,AI Cloud,Testing,32,6.1,6.1,0.0,,In Review,,Pending Resubmission,Change Requested,,2026-06-15,2026-06-30,,,uk-south1,Closed Lost,lost,0.49,2026-08-06,2026-09-02
2026-09-16,0QLTe0000083HsXOAU,0Q0Te000003HF2XKAW,006Te00000Q3Lz4IAF,00kTe00001SM03MIAT,RTX6000,AI Cloud,Testing,2,2.08,2.08,0.0,,In Review,,Pending Resubmission,Change Requested,,2026-07-23,2026-08-07,,,us-central1,Closed Lost,lost,0.49,2026-08-06,2026-09-02
2026-09-16,0QLTe0000083HsYOAU,0Q0Te000003HF2XKAW,006Te00000Q3Lz4IAF,00kTe00001SM03NIAT,B200,AI Cloud,Testing,8,5.93,5.93,0.0,,In Review,,Pending Resubmission,Change Requested,,2026-07-23,2026-08-07,,,us-central1,Closed Lost,lost,0.49,2026-08-06,2026-09-02
2026-09-16,0QLTe0000083K2SOAU,0Q0Te000003HHIsKAO,006Te00000Q3vttIAB,00kTe00001Rv4QwIAJ,RTX6000,AI Cloud,Reserve,768,1.61,2.08,22.596153846153847,,In Review,,Pending Resubmission,Change Requested,OBSOLETE,2026-09-01,2027-09-01,Prepaid,,uk-south2,Closed Lost,lost,12.01,2026-08-06,2026-09-02
2026-09-16,0QLTe0000088dNlOAI,0Q0Te000003KAZNKA4,006Te00000QHCMPIA5,00kTe00001SM5fQIAT,H200,AI Cloud,Testing,72,4.5,3.73,0.0,,In Review,,Pending Resubmission,Change Requested,REJECTED,2026-07-13,2026-07-18,,,us-central1,Closed Lost,lost,0.16,2026-08-12,2026-09-02
2026-09-16,0QLTe0000089uMXOAY,0Q0Te000003Kr1dKAC,006Te00000QAqnxIAD,00kTe00001SM5fOIAT,B300,AI Cloud,Reserve,32,6.1,6.1,0.0,,In Review,,Pending Resubmission,Change Requested,,2026-12-15,2027-12-14,Prepaid,,eu-south1,Closed Lost,lost,11.97,2026-08-13,2026-09-02
2026-09-16,0QLTe0000086OKnOAM,0Q0Te000003J4ZFKA0,006Te00000QAkuWIAT,00kTe00001SMEBNIA5,H100,AI Cloud,Reserve,144,2.55,3.09,17.475728155339805,Tier 2,In Review,,In Progress,Awaiting Approval,AWAITING_APPROVAL,2026-08-05,2027-08-05,Prepaid,0.0,eu-north1,Closed Lost,lost,12.01,2026-08-10,2026-09-02
2026-09-16,0QLTe0000086OO1OAM,0Q0Te000003J4cTKAS,006Te00000QAkuYIAT,00kTe00001SMEBLIA5,H100,AI Cloud,Reserve,16,2.45,3.09,20.71197411003236,Tier 2,In Review,,In Progress,Awaiting Approval,AWAITING_APPROVAL,2026-06-01,2027-06-01,Postpaid,0.0,eu-north1,Closed Lost,lost,12.01,2026-08-10,2026-09-02
2026-09-16,0QLTe0000086NyDOAU,0Q0Te000003J49RKAS,006Te00000QAjbtIAD,00kTe00001SMEBOIA5,B200,AI Cloud,Testing,16,5.35,5.93,9.780775716694773,,In Review,,Pending Resubmission,Change Requested,APPROVED,2026-07-10,2026-07-16,,,us-central1,Closed Lost,lost,0.2,2026-08-10,2026-09-02
2026-09-16,0QLTe0000086NyEOAU,0Q0Te000003J49RKAS,006Te00000QAjbtIAD,00kTe00001SMEBPIA5,B200,AI Cloud,Reserve,512,5.35,5.93,9.780775716694773,,In Review,,Pending Resubmission,Change Requested,AWAITING_APPROVAL,2026-08-06,2029-08-06,Prepaid,,us-central1,Closed Lost,lost,36.05,2026-08-10,2026-09-02
2026-09-16,0QLTe0000084rCQOAY,0Q0Te000003IAAUKA4,006Te00000QAjeuIAD,00kTe00001SM56FIAT,H200,AI Cloud,Reserve,336,3.06,3.73,17.962466487935657,Tier 2,In Review,,In Progress,Awaiting Approval,AWAITING_APPROVAL,2026-09-21,2027-09-22,Prepaid,0.0,us-central1,Closed Lost,lost,12.04,2026-08-08,2026-09-02
2026-09-16,0QLTe0000084rHHOAY,0Q0Te000003IAGwKAO,006Te00000QAjXnIAL,00kTe00001SM99IIAT,B300,AI Cloud,Reserve,1024,5.75,6.1,5.737704918032787,Tier 2,In Review,,Pending Resubmission,Change Requested,AWAITING_APPROVAL,2026-12-01,2027-12-01,Prepaid,,North America,Closed Lost,lost,12.01,2026-08-08,2026-09-02
2026-09-16,0QLTe0000086NbdOAE,0Q0Te000003J3mrKAC,006Te00000QAjUXIA1,00kTe00001SM99TIAT,B200,Token Factory,Reserve,32,7.15,5.93,0.0,,In Review,,Pending Resubmission,Change Requested,APPROVED,2026-07-16,2026-07-24,,,tf-us2,Closed Lost,lost,0.26,2026-08-10,2026-09-02
2026-09-16,0QLTe0000086NerOAE,0Q0Te000003J3q5KAC,006Te00000QAjUjIAL,00kTe00001SM99SIAT,B200,AI Cloud,Reserve,640,6.0,5.93,0.0,,In Review,,Pending Resubmission,Change Requested,AWAITING_APPROVAL,2026-09-01,2027-09-02,Postpaid,,us-central1,Closed Lost,lost,12.04,2026-08-10,2026-09-02
2026-09-16,0QLTe0000084rAnOAI,0Q0Te000003IA7FKAW,006Te00000QAcBSIA1,00kTe00001SM566IAD,B200,AI Cloud,Reserve,128,5.93,5.93,0.0,Tier 1,In Review,,Pending Resubmission,Change Requested,AWAITING_APPROVAL,2026-08-27,2029-08-27,Prepaid,0.0,us-central1,Closed Lost,lost,36.05,2026-08-08,2026-09-02
2026-09-16,0QLTe0000083YTbOAM,0Q0Te000003HRriKAG,006Te00000Q7gCUIAZ,00kTe00001SM567IAD,B200,AI Cloud,Reserve,640,5.06,5.93,14.671163575042158,Tier 2,In Review,,Pending Resubmission,Change Requested,,2026-09-01,2027-09-02,Postpaid,,us-central1,Closed Lost,lost,12.04,2026-08-07,2026-09-02
2026-09-16,0QLTe0000083KnBOAU,0Q0Te000003HI5FKAW,006Te00000Q3vroIAB,00kTe00001SLlv7IAD,B300,AI Cloud,Reserve,2000,5.1,6.1,16.39344262295082,Tier 2,In Review,,In Progress,Awaiting Approval,AWAITING_APPROVAL,2026-12-15,2028-12-16,Prepaid,0.0,eu-south1,Closed Lost,lost,24.08,2026-08-06,2026-09-02
2026-09-16,0QLTe0000083L05OAE,0Q0Te000003HII9KAO,006Te00000Q3wOPIAZ,00kTe00001SLlv8IAD,B300,AI Cloud,Reserve,3072,4.7,6.1,22.950819672131146,Tier 3,In Review,,In Progress,Awaiting Approval,AWAITING_APPROVAL,2026-12-15,2027-12-15,Prepaid,0.0,eu-south1,Closed Lost,lost,12.01,2026-08-06,2026-09-02
2026-09-16,0QLTe0000083J9cOAE,0Q0Te000003HIMzKAO,006Te00000Q3xF3IAJ,00kTe00001SM56CIAT,B200,AI Cloud,Reserve,16,5.8,5.93,2.1922428330522767,,In Review,,Pending Resubmission,Change Requested,APPROVED,2026-08-06,2027-08-06,Prepaid,,us-central1,Closed Lost,lost,12.01,2026-08-06,2026-09-02
2026-09-16,0QLTe0000083L1hOAE,0Q0Te000003HIJlKAO,006Te00000Q3wOQIAZ,00kTe00001SM569IAD,B300,AI Cloud,Testing,8,6.1,6.1,0.0,,In Review,,Pending Resubmission,Change Requested,REJECTED,2026-07-13,2026-07-18,,,uk-south1,Closed Lost,lost,0.16,2026-08-06,2026-09-02
2026-09-16,0QLTe0000083L1iOAE,0Q0Te000003HIJlKAO,006Te00000Q3wOQIAZ,00kTe00001SM56AIAT,B300,AI Cloud,Testing,8,6.1,6.1,0.0,,In Review,,Pending Resubmission,Change Requested,AWAITING_APPROVAL,2026-07-13,2026-07-18,,,uk-south1,Closed Lost,lost,0.16,2026-08-06,2026-09-02
2026-09-16,0QLTe0000083L1jOAE,0Q0Te000003HIJlKAO,006Te00000Q3wOQIAZ,00kTe00001SM56BIAT,B300,AI Cloud,Reserve,1000,5.2,6.1,14.754098360655737,,In Review,,Pending Resubmission,Change Requested,OBSOLETE,2026-12-15,2027-12-15,Prepaid,,me-west1,Closed Lost,lost,12.01,2026-08-06,2026-09-02
2026-09-16,0QLTe0000083L6XOAU,0Q0Te000003HIQDKA4,006Te00000Q3xwUIAR,00kTe00001SM568IAD,B200,AI Cloud,Testing,256,5.93,,,,In Review,,Pending Resubmission,Change Requested,APPROVED,2026-06-16,2026-07-01,NO PAYMENT,,me-west1,Closed Lost,lost,0.49,2026-08-06,2026-09-02
2026-09-16,0QLTe0000083KwtOAE,0Q0Te000003HIEwKAO,006Te00000Q3vu4IAB,00kTe00001SLlvBIAT,B200,AI Cloud,Reserve,256,4.7,5.93,20.741989881956155,Tier 2,In Review,,In Progress,Awaiting Approval,AWAITING_APPROVAL,2026-07-15,2028-07-15,Prepaid,0.0,me-west1,Closed Lost,lost,24.05,2026-08-06,2026-09-02
2026-09-16,0QLTe0000083KbtOAE,0Q0Te000003HHtxKAG,006Te00000Q3vn1IAB,00kTe00001SLlv9IAD,B300,AI Cloud,Reserve,256,5.5,6.1,9.836065573770492,,In Review,,Pending Resubmission,Change Requested,OBSOLETE,2026-12-15,2027-12-16,Prepaid,,eu-south1,Closed Lost,lost,12.04,2026-08-06,2026-09-02
2026-09-16,0QLTe0000083KbuOAE,0Q0Te000003HHtxKAG,006Te00000Q3vn1IAB,00kTe00001SLlvAIAT,B300,AI Cloud,Testing,8,7.0984,6.1,0.0,,In Review,,Pending Resubmission,Change Requested,OBSOLETE,2026-05-17,2026-05-28,,,uk-south1,Closed Lost,lost,0.36,2026-08-06,2026-09-02
2026-09-16,0QLTe0000086NN7OAM,0Q0Te000003J3WjKAK,006Te00000Q3vj1IAB,00kTe00001SLlv6IAD,H200,AI Cloud,Reserve,128,3.3,3.73,11.528150134048257,,In Review,,Pending Resubmission,Change Requested,AWAITING_APPROVAL,2026-09-21,2027-09-23,Prepaid,,us-central1,Closed Lost,lost,12.07,2026-08-10,2026-09-02
2026-09-16,0QLTe0000083I8gOAE,0Q0Te000003HFIgKAO,006Te00000Q3vqdIAB,00kTe00001SM4BmIAL,H200,AI Cloud,Testing,8,3.5,3.73,6.166219839142091,Tier 1,In Review,,Pending Resubmission,Awaiting Approval,AWAITING_APPROVAL,2025-10-31,2025-11-11,,,eu-north1,Closed Lost,lost,0.36,2026-08-06,2026-09-02
2026-09-16,0QLTe0000083I8jOAE,0Q0Te000003HFIgKAO,006Te00000Q3vqdIAB,00kTe00001SM4BpIAL,H200,AI Cloud,Testing,40,3.73,3.73,0.0,Tier 1,In Review,,Pending Resubmission,Change Requested,APPROVED,2025-07-21,2025-08-05,,,eu-north1,Closed Lost,lost,0.49,2026-08-06,2026-09-02
2026-09-16,0QLTe0000083I8kOAE,0Q0Te000003HFIgKAO,006Te00000Q3vqdIAB,00kTe00001SM4BqIAL,H200,AI Cloud,Reserve,72,1.85,3.73,50.402144772117964,Tier 3,In Review,,Pending Resubmission,Change Requested,AWAITING_APPROVAL,2026-02-02,2026-08-08,Postpaid,,eu-north1,Closed Lost,lost,6.15,2026-08-06,2026-09-02
2026-09-16,0QLTe0000083F18OAE,0Q0Te000003HCHaKAO,006Te00000Q3ve6IAB,00kTe00001SMQrXIAX,H100,AI Cloud,Reserve,40,2.45,3.09,20.71197411003236,Tier 2,In Review,,Pending Resubmission,Change Requested,AWAITING_APPROVAL,2026-08-01,2027-08-02,Prepaid,,eu-north1,Closed Lost,lost,12.04,2026-08-06,2026-09-02
2026-09-16,0QLTe0000083JfsOAE,0Q0Te000003HGrSKAW,006Te00000Q3vgwIAB,00kTe00001SMQrYIAX,H200,AI Cloud,Reserve,512,3.0,3.73,19.571045576407506,Tier 2,In Review,,Pending Resubmission,Change Requested,OBSOLETE,2026-09-01,2027-08-29,Prepaid,,North America,Closed Lost,lost,11.91,2026-08-06,2026-09-02
2026-09-16,0QLTe0000086NQLOA2,0Q0Te000003J3ZxKAK,006Te00000Q3vqSIAR,00kTe00001SM3dnIAD,B300,AI Cloud,Reserve,1152,4.5,6.1,26.229508196721312,,Draft,,Obsolete,Awaiting Approval,AWAITING_APPROVAL,2026-12-17,2029-12-18,Prepaid,,me-west1,Closed Lost,lost,36.09,2026-08-10,2026-09-02
2026-09-16,0QLTe0000086NQMOA2,0Q0Te000003J3ZxKAK,006Te00000Q3vqSIAR,00kTe00001SM3doIAD,B200,AI Cloud,Reserve,1496,4.3,5.93,27.487352445193928,,Draft,,Obsolete,Awaiting Approval,,2026-08-06,2029-08-07,Prepaid,,us-central1,Closed Lost,lost,36.09,2026-08-10,2026-09-02
2026-09-16,0QLTe0000083JUYOA2,0Q0Te000003HGgAKAW,006Te00000Q3MfhIAF,00kTe00001SMQrRIAX,H200,AI Cloud,Reserve,1024,2.02,3.73,45.84450402144772,,In Review,,Pending Resubmission,Change Requested,AWAITING_APPROVAL,2026-04-01,2028-04-01,Prepaid,,us-central1,Closed Lost,lost,24.05,2026-08-06,2026-09-02
2026-09-16,0QLTe0000083KLlOAM,0Q0Te000003HHfRKAW,006Te00000Q3vdIIAR,00kTe00001SMQrWIAX,H200,AI Cloud,Reserve,800,2.85,3.73,23.592493297587133,,In Review,,Pending Resubmission,Change Requested,OBSOLETE,2027-01-01,2027-07-02,Prepaid,,us-central1,Closed Lost,lost,5.99,2026-08-06,2026-09-02
2026-09-16,0QLTe0000083E6hOAE,0Q0Te000003HHKTKA4,006Te00000Q3MfmIAF,00kTe00001SM2fBIAT,H200,AI Cloud,Reserve,784,2.51,3.73,32.707774798927616,,In Review,,In Progress,Awaiting Approval,,2026-08-01,2027-08-01,Prepaid,,APJ,Closed Lost,lost,12.01,2026-08-06,2026-09-02
2026-09-16,0QLTe0000083JxZOAU,0Q0Te000003HHCPKA4,006Te00000Q3MfJIAV,00kTe00001SLhLRIA1,B300,AI Cloud,Reserve,464,5.5,6.1,9.836065573770492,,In Review,,Obsolete,Obsolete,OBSOLETE,2026-08-01,2027-08-01,Prepaid,,eu-west2,Closed Lost,lost,12.01,2026-08-06,2026-09-02
2026-09-16,0QLTe0000083Jr7OAE,0Q0Te000003HH4LKAW,006Te00000Q3MdXIAV,00kTe00001SM5d6IAD,B300,AI Cloud,Reserve,2000,5.3,6.1,13.114754098360656,Tier 2,In Review,,In Progress,Awaiting Approval,AWAITING_APPROVAL,2026-12-21,2028-12-22,Postpaid,0.0,eu-south1,Closed Lost,lost,24.08,2026-08-06,2026-09-02
2026-09-16,0QLTe0000083JsjOAE,0Q0Te000003HH7ZKAW,006Te00000Q3MdYIAV,00kTe00001SMSY5IAP,B200,Token Factory,Testing,128,5.5,5.93,7.251264755480607,Tier 1,In Review,,In Progress,Awaiting Approval,AWAITING_APPROVAL,2026-05-01,2026-05-29,Postpaid,0.0,me-west1,Closed Lost,lost,0.92,2026-08-06,2026-09-02
2026-09-16,0QLTe0000083JskOAE,0Q0Te000003HH7ZKAW,006Te00000Q3MdYIAV,00kTe00001SMSY6IAP,B200,Token Factory,Testing,128,3.2,5.93,46.03709949409781,Tier 1,In Review,,In Progress,Awaiting Approval,AWAITING_APPROVAL,2026-03-30,2026-04-26,Postpaid,0.0,me-west1,Closed Lost,lost,0.89,2026-08-06,2026-09-02
2026-09-16,0QLTe0000083INLOA2,0Q0Te000003HFdeKAG,006Te00000Q3MaHIAV,00kTe00001SMSY8IAP,B300,AI Cloud,Testing,8,7.1,6.1,0.0,,In Review,,Pending Resubmission,Change Requested,APPROVED,2026-06-24,2026-07-01,,,uk-south1,Closed Lost,lost,0.23,2026-08-06,2026-09-02
2026-09-16,0QLTe0000083INMOA2,0Q0Te000003HFdeKAG,006Te00000Q3MaHIAV,00kTe00001SMSY9IAP,B300,AI Cloud,Reserve,128,5.1,6.1,16.39344262295082,,In Review,,Pending Resubmission,Change Requested,OBSOLETE,2026-11-02,2027-11-01,Prepaid,,eu-south1,Closed Lost,lost,11.97,2026-08-06,2026-09-02
2026-09-16,0QLTe0000083INNOA2,0Q0Te000003HFdeKAG,006Te00000Q3MaHIAV,00kTe00001SMSYAIA5,B300,AI Cloud,Testing,16,7.1,6.1,0.0,,In Review,,Pending Resubmission,Change Requested,APPROVED,2026-06-10,2026-06-13,,,uk-south1,Closed Lost,lost,0.1,2026-08-06,2026-09-02
2026-09-16,0QLTe0000083JhROAU,0Q0Te000003HGt3KAG,006Te00000Q3MaIIAV,00kTe00001SMSY7IAP,H200,AI Cloud,Reserve,64,3.73,3.73,0.0,Tier 3,In Review,,Pending Resubmission,Change Requested,REJECTED,2026-09-21,2027-09-22,Prepaid,,us-central1,Closed Lost,lost,12.04,2026-08-06,2026-09-02
2026-09-16,0QLTe0000083HUMOA2,0Q0Te000003HEckKAG,006Te00000Q3MSxIAN,00kTe00001SMJhtIAH,B300,AI Cloud,Reserve,1200,5.6,6.1,8.19672131147541,Tier 2,In Review,,Pending Resubmission,Change Requested,OBSOLETE,2026-11-15,2027-11-15,Prepaid,,eu-south1,Closed Lost,lost,12.01,2026-08-06,2026-09-02
2026-09-16,0QLTe0000083JUXOA2,0Q0Te000003HGg9KAG,006Te00000Q3MXSIA3,00kTe00001SMJhwIAH,B200,AI Cloud,Reserve,64,4.99,5.93,15.85160202360877,Tier 2,In Review,,Pending Resubmission,Change Requested,OBSOLETE,2026-08-31,2027-09-01,Prepaid,,us-central1,Closed Lost,lost,12.04,2026-08-06,2026-09-02
2026-09-16,0QLTe0000083F2kOAE,0Q0Te000003HCJCKA4,006Te00000Q3M7YIAV,00kTe00001SMJhxIAH,B300,AI Cloud,Reserve,3000,4.6,6.1,24.59016393442623,,In Review,,Pending Resubmission,Change Requested,OBSOLETE,2027-01-31,2030-02-01,Prepaid,,uk-south1,Closed Lost,lost,36.09,2026-08-06,2026-09-02
2026-09-16,0QLTe0000083Gi4OAE,0Q0Te000003HDolKAG,006Te00000Q3MCcIAN,00kTe00001SMJhsIAH,B200,AI Cloud,Reserve,512,4.5,5.93,24.114671163575043,,In Review,Auto Approved,Pending Resubmission,Change Requested,AWAITING_APPROVAL,2026-08-06,2029-08-08,Prepaid,,us-central1,Closed Lost,lost,36.12,2026-08-06,2026-09-02
2026-09-16,0QLTe0000083IF7OAM,0Q0Te000003HFTxKAO,006Te00000Q3M4xIAF,00kTe00001SMJhuIAH,B200,AI Cloud,Testing,16,5.5,5.93,7.251264755480607,,In Review,,Pending Resubmission,Change Requested,AWAITING_APPROVAL,2025-12-11,2025-12-19,,,us-central1,Closed Lost,lost,0.26,2026-08-06,2026-09-02
2026-09-16,0QLTe0000083IF8OAM,0Q0Te000003HFTxKAO,006Te00000Q3M4xIAF,00kTe00001SMJhvIAH,H100,AI Cloud,Testing,16,2.95,3.09,4.53074433656958,,In Review,,Pending Resubmission,Change Requested,AWAITING_APPROVAL,2025-12-11,2025-12-19,,,eu-north1,Closed Lost,lost,0.26,2026-08-06,2026-09-02
2026-09-16,0QLTe0000086eKjOAI,0Q0Te000003JGXBKA4,006Te00000Q3M4VIAV,00kTe00001SM1rnIAD,H100,AI Cloud,Reserve,8,2.75,3.09,11.003236245954692,,Draft,,,,,2026-08-04,2027-08-04,Postpaid,,North America,Closed Lost,lost,12.01,2026-08-11,2026-09-02
2026-09-16,0QLTe0000083I3pOAE,0Q0Te000003HFDpKAO,006Te00000Q3M2oIAF,00kTe00001SM9RQIA1,B200,AI Cloud,Reserve,512,4.7,5.93,20.741989881956155,Tier 3,In Review,,Pending Resubmission,Change Requested,AWAITING_APPROVAL,2026-09-01,2029-09-02,Prepaid,,us-central1,Closed Lost,lost,36.09,2026-08-06,2026-09-02
2026-09-16,0QLTe0000083IBtOAM,0Q0Te000003HFLtKAO,006Te00000Q3M4UIAV,00kTe00001SM9RRIA1,H200,AI Cloud,Reserve,128,3.15,3.73,15.549597855227882,Tier 2,In Review,,Pending Resubmission,Change Requested,OBSOLETE,2026-08-12,2027-08-13,Postpaid,,us-central1,Closed Lost,lost,12.04,2026-08-06,2026-09-02
2026-09-16,0QLTe0000083FacOAE,0Q0Te000003HCmEKAW,006Te00000Q3M0wIAF,00kTe00001SM9RUIA1,B200,Token Factory,Testing,8,7.15,5.93,0.0,,In Review,,Pending Resubmission,Change Requested,APPROVED,2026-07-23,2026-08-09,,,tf-us2,Closed Lost,lost,0.56,2026-08-06,2026-09-02
2026-09-16,0QLTe0000083FadOAE,0Q0Te000003HCmEKAW,006Te00000Q3M0wIAF,00kTe00001SM9RVIA1,B200,Token Factory,Reserve,4,5.93,5.93,0.0,,In Review,,Pending Resubmission,Change Requested,APPROVED,2026-06-25,2026-07-24,Postpaid,,tf-us2,Closed Lost,lost,0.95,2026-08-06,2026-09-02
2026-09-16,0QLTe0000083I0bOAE,0Q0Te000003HFAbKAO,006Te00000Q3M2fIAF,00kTe00001SM9RWIA1,B200,AI Cloud,Reserve,512,5.5,5.93,7.251264755480607,,In Review,,Pending Resubmission,Change Requested,AWAITING_APPROVAL,2026-09-01,2027-04-01,Postpaid,,us-central1,Closed Lost,lost,6.97,2026-08-06,2026-09-02
2026-09-16,0QLTe0000083HqvOAE,0Q0Te000003HF0vKAG,006Te00000Q3LyvIAF,00kTe00001SMQUaIAP,B300,AI Cloud,Reserve,512,5.3,6.1,13.114754098360656,Tier 2,In Review,,Pending Resubmission,Change Requested,OBSOLETE,2026-11-30,2028-12-01,Prepaid,,eu-south1,Closed Lost,lost,24.08,2026-08-06,2026-09-02
2026-09-16,0QLTe0000083Hu9OAE,0Q0Te000003HF49KAG,006Te00000Q3M0DIAV,00kTe00001SMQUbIAP,B300,Token Factory,Reserve,400,4.7,6.1,22.950819672131146,Tier 2,In Review,,Pending Resubmission,Change Requested,OBSOLETE,2026-08-28,2026-11-01,Postpaid,,North America,Closed Lost,lost,2.14,2026-08-06,2026-09-02
2026-09-16,0QLTe0000083HKfOAM,0Q0Te000003HET3KAO,006Te00000Q3LrKIAV,00kTe00001SMQUXIA5,H200,Token Factory,Testing,6,3.5,3.73,6.166219839142091,,In Review,,Pending Resubmission,Change Requested,APPROVED,2026-04-20,2026-05-30,,,us-central1,Closed Lost,lost,1.32,2026-08-06,2026-09-02
2026-09-16,0QLTe0000083HULOA2,0Q0Te000003HEcjKAG,006Te00000Q3LvYIAV,00kTe00001SMQUZIA5,H200,Token Factory,Reserve,8,3.0,3.73,19.571045576407506,,In Review,,Pending Resubmission,Change Requested,APPROVED,2026-07-22,2027-07-23,Prepaid,,tf-us1,Closed Lost,lost,12.04,2026-08-06,2026-09-02
2026-09-16,0QLTe0000083HirOAE,0Q0Te000003HEsrKAG,006Te00000Q3Lx8IAF,00kTe00001SMQUYIA5,B300,AI Cloud,Reserve,1000,5.46,6.1,10.491803278688524,,In Review,,Pending Resubmission,Change Requested,OBSOLETE,2027-01-01,2028-01-02,Prepaid,,me-west2,Closed Lost,lost,12.04,2026-08-06,2026-09-02
2026-09-16,0QLTe0000083GrdOAE,0Q0Te000003HDyPKAW,006Te00000Q3LlnIAF,00kTe00001SM80dIAD,B200,AI Cloud,Reserve,400,5.1,5.93,13.996627318718382,Tier 2,In Review,,Pending Resubmission,Change Requested,REJECTED,2026-08-10,2027-08-11,Prepaid,,us-central1,Closed Lost,lost,12.04,2026-08-06,2026-09-02
2026-09-16,0QLTe0000083GurOAE,0Q0Te000003HE1dKAG,006Te00000Q3Lm0IAF,00kTe00001SM80eIAD,H200,AI Cloud,Reserve,40,3.73,3.73,0.0,Tier 2,In Review,,Pending Resubmission,Change Requested,AWAITING_APPROVAL,2026-09-01,2027-09-01,Prepaid,,North America,Closed Lost,lost,12.01,2026-08-06,2026-09-02
2026-09-16,0QLTe0000083EAZOA2,0Q0Te000003HE86KAG,006Te00000Q3Lr1IAF,00kTe00001SMDnvIAH,H100,AI Cloud,Reserve,8,2.0,3.09,35.275080906148865,Tier 3,In Review,,Pending Resubmission,Change Requested,APPROVED,2026-04-06,2026-10-07,Prepaid,,eu-north1,Closed Lost,lost,6.05,2026-08-06,2026-09-02
2026-09-16,0QLTe0000083E3SOAU,0Q0Te000003HBlKKAW,006Te00000Q3LmJIAV,00kTe00001SMDnuIAH,B300,AI Cloud,Reserve,88,5.6,6.1,8.19672131147541,,In Review,,Pending Resubmission,Change Requested,OBSOLETE,2026-09-01,2027-03-02,Prepaid,,us-central1,Closed Lost,lost,5.99,2026-08-06,2026-09-02
2026-09-16,0QLTe0000083H4XOAU,0Q0Te000003HEBJKA4,006Te00000Q3LnhIAF,00kTe00001SMDnwIAH,RTX6000,AI Cloud,Reserve,64,1.62,2.08,22.115384615384617,,In Review,,Pending Resubmission,Change Requested,OBSOLETE,2026-06-15,2027-06-15,Prepaid,,us-central1,Closed Lost,lost,12.01,2026-08-06,2026-09-02
2026-09-16,0QLTe0000083H69OAE,0Q0Te000003HECvKAO,006Te00000Q3LnnIAF,00kTe00001SMDo0IAH,B200,AI Cloud,Testing,8,7.15,,,,In Review,,Pending Resubmission,Change Requested,APPROVED,2026-07-22,2026-08-06,NO PAYMENT,,tf-ca1,Closed Lost,lost,0.49,2026-08-06,2026-09-02
2026-09-16,0QLTe0000083G5FOAU,0Q0Te000003HBLWKA4,006Te00000Q3La6IAF,00kTe00001SM80bIAD,H200,Token Factory,Reserve,8,3.8,3.73,0.0,,In Review,,Pending Resubmission,Change Requested,APPROVED,2026-07-25,2026-08-25,Prepaid,,tf-us1,Closed Lost,lost,1.02,2026-08-06,2026-09-02
2026-09-16,0QLTe0000083GjZOAU,0Q0Te000003HDqLKAW,006Te00000Q3Lj5IAF,00kTe00001SM80cIAD,H100,AI Cloud,PAYG,8,2.95,3.85,23.376623376623378,,In Review,,Pending Resubmission,Change Requested,,2026-05-06,2026-05-14,,,North America,Closed Lost,lost,0.26,2026-08-06,2026-09-02
2026-09-16,0QLTe0000083Gy5OAE,0Q0Te000003HE3FKAW,006Te00000Q3Lm9IAF,00kTe00001SM80fIAD,B200,AI Cloud,Reserve,8,7.15,,,,In Review,,Pending Resubmission,Change Requested,,,,Prepaid,,Nemax,Closed Lost,lost,,2026-08-06,2026-09-02
2026-09-16,0QLTe0000083G22OAE,0Q0Te000003HDC2KAO,006Te00000Q3vqfIAB,00kTe00001SMM7oIAH,B200,AI Cloud,Reserve,512,5.5,5.93,7.251264755480607,Tier 2,In Review,,Pending Resubmission,Change Requested,AWAITING_APPROVAL,2026-08-06,2027-02-08,,,us-central1,Closed Lost,lost,6.12,2026-08-06,2026-09-02
2026-09-16,0QLTe0000083GQEOA2,0Q0Te000003HDYcKAO,006Te00000Q3LlSIAV,00kTe00001SMM7pIAH,H200,AI Cloud,Reserve,256,1.9,3.73,49.061662198391424,Tier 3,In Review,,Pending Resubmission,Change Requested,AWAITING_APPROVAL,2026-01-12,2027-01-12,Postpaid,,eu-north1,Closed Lost,lost,12.01,2026-08-06,2026-09-02
2026-09-16,0QLTe0000083Fp9OAE,0Q0Te000003HD0kKAG,006Te00000Q3LafIAF,00kTe00001SMM7vIAH,B200,Token Factory,Testing,16,5.5,5.93,7.251264755480607,,In Review,,Pending Resubmission,Change Requested,APPROVED,2026-03-20,2026-04-04,,,me-west1,Closed Lost,lost,0.49,2026-08-06,2026-09-02
2026-09-16,0QLTe0000083GZtOAM,0Q0Te000003HDgfKAG,006Te00000Q3LfPIAV,00kTe00001SMM7nIAH,GB300,AI Cloud,Reserve,504,5.15,5.15,0.0,,In Review,,Pending Resubmission,Change Requested,OBSOLETE,2026-08-31,2029-09-01,Prepaid,,eu-west3,Closed Lost,lost,36.09,2026-08-06,2026-09-02
2026-09-16,0QLTe0000083FynOAE,0Q0Te000003HD8nKAG,006Te00000Q3LQCIA3,00kTe00001SLh2EIAT,B200,Token Factory,Testing,8,5.93,5.93,0.0,Tier 1,In Review,,Pending Resubmission,Change Requested,PENDING_SALES_ACTION,2026-06-17,2026-06-25,,,us-central1,Closed Lost,lost,0.26,2026-08-06,2026-09-02
2026-09-16,0QLTe0000083FsLOAU,0Q0Te000003HD3xKAG,006Te00000Q3LDYIA3,00kTe00001SLh2FIAT,H100,AI Cloud,Reserve,16,2.55,3.09,17.475728155339805,Tier 2,In Review,,Pending Resubmission,Change Requested,OBSOLETE,2026-06-01,2026-10-01,Prepaid,,eu-north1,Closed Lost,lost,4.01,2026-08-06,2026-09-02
2026-09-16,0QLTe0000083FsMOAU,0Q0Te000003HD3xKAG,006Te00000Q3LDYIA3,00kTe00001SLh2GIAT,H200,AI Cloud,Reserve,16,3.0,3.73,19.571045576407506,Tier 2,In Review,,Pending Resubmission,Change Requested,OBSOLETE,2026-06-22,2027-06-22,Prepaid,,eu-west1,Closed Lost,lost,12.01,2026-08-06,2026-09-02
2026-09-16,0QLTe0000083FtxOAE,0Q0Te000003HD5ZKAW,006Te00000Q3LQ5IAN,00kTe00001SLh2HIAT,H200,AI Cloud,Reserve,256,3.0,3.73,19.571045576407506,Tier 2,In Review,,Pending Resubmission,Change Requested,AWAITING_APPROVAL,2026-08-12,2027-08-13,Prepaid,,us-central1,Closed Lost,lost,12.04,2026-08-06,2026-09-02
2026-09-16,0QLTe000008GsFyOAK,0Q0Te000003LG01KAG,006Te00000QMjM5IAL,00kTe00001R47ECIAZ,B200,AI Cloud,Reserve,128,8.0,5.93,0.0,Tier 2,In Review,In Progress,Obsolete,Obsolete,OBSOLETE,2026-09-10,2026-12-10,Prepaid,30.0,us-central1,Closed Lost,lost,2.99,2026-08-21,2026-09-02
2026-09-16,0QLTe0000083FifOAE,0Q0Te000003HCuHKAW,006Te00000Q3KcXIAV,00kTe00001SLh2IIAT,B200,AI Cloud,PAYG,32,5.93,7.15,17.062937062937063,,In Review,,Pending Resubmission,Change Requested,,,,,,Europe,Closed Lost,lost,,2026-08-06,2026-09-02
2026-09-16,0QLTe0000083FnVOAU,0Q0Te000003HCz7KAG,006Te00000Q3L3zIAF,00kTe00001SLh2DIAT,H200,AI Cloud,Reserve,32,3.3,3.73,11.528150134048257,,In Review,,Pending Resubmission,Change Requested,AWAITING_APPROVAL,2026-07-15,2027-07-15,Prepaid,,eu-west1,Closed Lost,lost,12.01,2026-08-06,2026-09-02
2026-09-16,0QLTe0000086OUUOA2,0Q0Te000003J4ivKAC,006Te00000QAqhlIAD,00kTe00001RbcfJIAR,B300,AI Cloud,Reserve,128,5.61,6.1,8.032786885245901,Tier 2,In Review,,Pending Resubmission,Obsolete,OBSOLETE,2026-10-01,2027-10-01,Prepaid,,eu-west2,Closed Lost,lost,12.01,2026-08-10,2026-09-02
2026-09-16,0QLTe0000086MhCOAU,0Q0Te000003J3GbKAK,006Te00000Q3LlxIAF,00kTe00001SLx4oIAD,B300,AI Cloud,Reserve,512,5.1,6.1,16.39344262295082,Tier 2,In Review,,Pending Resubmission,Change Requested,,2026-11-30,2028-12-01,Prepaid,,eu-south1,Closed Lost,lost,24.08,2026-08-10,2026-09-02
2026-09-16,0QLTe0000086MhDOAU,0Q0Te000003J3GbKAK,006Te00000Q3LlxIAF,00kTe00001SLx4pIAD,H100,AI Cloud,Testing,32,3.85,3.09,0.0,Tier 1,In Review,,Pending Resubmission,Change Requested,APPROVED,2026-08-12,2026-08-27,,,eu-north1,Closed Lost,lost,0.49,2026-08-10,2026-09-02
2026-09-16,0QLTe0000083HpJOAU,0Q0Te000003HEzJKAW,006Te00000Q3LyuIAF,00kTe00001SLyDTIA1,B300,AI Cloud,Reserve,256,5.2,6.1,14.754098360655737,Tier 3,In Review,,Pending Resubmission,Change Requested,,2026-08-01,2027-08-02,Prepaid,,eu-west2,Closed Lost,lost,12.04,2026-08-06,2026-09-02
2026-09-16,0QLTe0000086NTZOA2,0Q0Te000003J3dBKAS,006Te00000Q3vrfIAB,00kTe00001SM7VzIAL,B300,AI Cloud,Testing,16,7.85,6.1,0.0,Tier 1,In Review,,Pending Resubmission,Change Requested,,2026-09-01,2026-09-16,,,uk-south2,Closed Lost,lost,0.49,2026-08-10,2026-09-02
2026-09-16,0QLTe0000086NTaOAM,0Q0Te000003J3dBKAS,006Te00000Q3vrfIAB,00kTe00001SM7W0IAL,B300,AI Cloud,Reserve,96,7.85,6.1,0.0,Tier 1,In Review,,Pending Resubmission,Change Requested,AWAITING_APPROVAL,2026-12-01,2027-12-01,Postpaid,,eu-south1,Closed Lost,lost,12.01,2026-08-10,2026-09-02
2026-09-16,0QLTe0000086N5NOAU,0Q0Te000003J3EzKAK,006Te00000Q3LljIAF,00kTe00001SLxD7IAL,B300,AI Cloud,Reserve,752,6.1,6.1,0.0,Tier 3,In Review,,Obsolete,Obsolete,OBSOLETE,2026-08-28,2027-08-29,Postpaid,,us-north1,Closed Lost,lost,12.04,2026-08-10,2026-09-02
2026-09-16,0QLTe0000086N5OOAU,0Q0Te000003J3EzKAK,006Te00000Q3LljIAF,00kTe00001SLxD8IAL,B200,AI Cloud,Testing,16,7.15,5.93,0.0,Tier 3,In Review,,Obsolete,Approved,,2026-07-24,2026-08-08,,,tf-ca1,Closed Lost,lost,0.49,2026-08-10,2026-09-02
2026-09-16,0QLTe000008RG0sOAG,0Q0Te000003UpEfKAK,006Te00000QwxTmIAJ,00kTe00001SLBQ9IAP,B300,AI Cloud,Reserve,1496,5.4601,6.1,10.49,Tier 2,Draft,,,,,2026-11-23,2027-11-23,Postpaid,,uk-south1,Qualification,draft,12.01,2026-09-02,2026-09-02
2026-09-16,0QLTe000008MmEHOA0,0Q0Te000003RvgPKAS,006Te00000QiTnLIAV,00kTe00001RhqSCIAZ,B300,AI Cloud,Reserve,512,6.1,6.1,0.0,Tier 1,In Review,,In Progress,Awaiting Approval,AWAITING_APPROVAL,2026-11-20,2027-11-21,Postpaid,30.0,eu-south1,Proposal / Negotiation,proposal,12.04,2026-08-28,2026-09-02
2026-09-16,0QLTe000008AzSDOA0,0Q0Te000003KsovKAC,006Te00000QLBntIAH,00kTe00001QRnTKIA1,B300,Token Factory,Reserve,400,5.25,6.1,13.934426229508198,Tier 2,In Review,Approved,Pending Resubmission,Change Requested,OBSOLETE,2026-08-31,2028-02-28,Prepaid,30.0,us-north1,Closed Won,signed,17.96,2026-08-15,2026-08-31
2026-09-16,0QLTe000008PXlsOAG,0Q0Te000003ThPdKAK,006Te00000QslEHIAZ,00kTe00001S0pBgIAJ,H100,Token Factory,Reserve,2,2.3,3.09,25.566343042071196,Tier 2,In Review,In Progress,Approved,Approved,APPROVED,2026-09-03,2027-09-03,Prepaid,0.0,eu-north1,Proposal / Negotiation,proposal,12.01,2026-09-01,2026-09-02
2026-09-16,0QLTe0000083FltOAE,0Q0Te000003HCxVKAW,006Te00000Q3L3wIAF,00kTe00001RJF3hIAH,GB300,AI Cloud,Reserve,504,5.796,9.2,37.0,Tier 3,In Review,,Pending Resubmission,Change Requested,AWAITING_APPROVAL,2026-11-30,2027-12-01,Prepaid,,us-south1,Technical Validation,proposal,12.04,2026-08-06,2026-09-02
2026-09-16,0QLTe000008Cp3mOAC,0Q0Te000003MaJFKA0,006Te00000Q3LLuIAN,00kTe00001Qc2ZoIAJ,H200,AI Cloud,Reserve,8,3.3011,3.73,11.5,Tier 1,In Review,,Pending Resubmission,Change Requested,,2026-10-31,2027-09-30,Prepaid,,eu-north1,Proposal / Negotiation,proposal,10.99,2026-08-17,2026-09-02
2026-09-16,0QLTe000008Cq6HOAS,0Q0Te000003MaJFKA0,006Te00000Q3LLuIAN,00kTe00001QbgUnIAJ,H100,AI Cloud,Reserve,8,2.4566,3.09,20.5,Tier 1,In Review,,Pending Resubmission,Change Requested,,2026-09-30,2027-09-30,Prepaid,,eu-north1,Proposal / Negotiation,proposal,12.01,2026-08-17,2026-09-02
2026-09-16,0QLTe000008OeKfOAK,0Q0Te000003T8i1KAC,006Te00000Qqvw5IAB,00kTe00001Rt50hIAB,B300,Token Factory,Reserve,60,5.87,6.1,3.7704918032786887,Tier 1,In Review,,Obsolete,Obsolete,OBSOLETE,2026-09-18,2027-09-18,Postpaid,0.0,eu-west2,Closed Lost,lost,12.01,2026-08-31,2026-09-02
2026-09-16,0QLTe0000088vJ8OAI,0Q0Te000003KNbRKAW,006Te00000Q3MMxIAN,00kTe00001QE2zoIAD,B300,AI Cloud,Reserve,600,4.85,6.1,20.491803278688526,Tier 3,Ops Review In Progress,Auto Approved,Approved,Approved,APPROVED,2026-11-30,2027-05-30,Prepaid,30.0,me-west2,Closed Won,signed,5.95,2026-08-13,2026-09-01
2026-09-16,0QLTe000008Dg1fOAC,0Q0Te000003KNbRKAW,006Te00000Q3MMxIAN,00kTe00001QfugrIAB,B300,AI Cloud,Reserve,1440,4.85,6.1,20.491803278688526,Tier 3,Ops Review In Progress,Auto Approved,Approved,Approved,APPROVED,2027-05-30,2028-05-30,Prepaid,30.0,me-west2,Closed Won,signed,12.04,2026-08-18,2026-09-01
2026-09-16,0QLTe000008DkbVOAS,0Q0Te000003KNbRKAW,006Te00000Q3MMxIAN,00kTe00001QgIwcIAF,B300,AI Cloud,Reserve,176,4.85,6.1,20.491803278688526,Tier 3,Ops Review In Progress,Auto Approved,Approved,Approved,APPROVED,2028-05-30,2028-10-30,Prepaid,30.0,me-west2,Closed Won,signed,5.03,2026-08-18,2026-09-01
2026-09-16,0QLTe0000083Hm5OAE,0Q0Te000003HEw5KAG,006Te00000Q3LyeIAF,00kTe00001SJ2CNIA1,RTX6000,AI Cloud,Reserve,8,1.62,2.08,22.115384615384617,Tier 3,In Review,,Pending Resubmission,Change Requested,,2026-06-29,2027-06-30,Postpaid,,us-central1,Closed Lost,lost,12.04,2026-08-06,2026-09-02
2026-09-16,0QLTe0000086O7tOAE,0Q0Te000003J4MLKA0,006Te00000QAjd8IAD,00kTe00001RvLCXIA3,B300,AI Cloud,Reserve,64,5.9,6.1,3.278688524590164,,In Review,,In Progress,Awaiting Approval,AWAITING_APPROVAL,2026-09-01,2027-09-01,Prepaid,0.0,eu-west2,Technical Validation,proposal,12.01,2026-08-10,2026-09-02
2026-09-16,0QLTe0000086O7uOAE,0Q0Te000003J4MLKA0,006Te00000QAjd8IAD,00kTe00001RvLCYIA3,H200,AI Cloud,Reserve,64,3.25,3.73,12.868632707774799,,In Review,,In Progress,Awaiting Approval,AWAITING_APPROVAL,2026-09-01,2027-09-01,Prepaid,,us-central1,Technical Validation,proposal,12.01,2026-08-10,2026-08-31
2026-09-16,0QLTe0000083Y8bOAE,0Q0Te000003HRTVKA4,006Te00000Q7czHIAR,00kTe00001RvL3NIAV,B200,AI Cloud,Reserve,8,5.7225,5.93,3.4991568296795954,,In Review,,In Progress,Awaiting Approval,AWAITING_APPROVAL,2027-08-05,2028-08-05,Postpaid,,tf-ca1,Technical Validation,proposal,12.04,2026-08-07,2026-09-01
2026-09-16,0QLTe0000083Y8cOAE,0Q0Te000003HRTVKA4,006Te00000Q7czHIAR,00kTe00001RvL3OIAV,B200,AI Cloud,Testing,8,7.5075,5.93,0.0,,In Review,,In Progress,Awaiting Approval,AWAITING_APPROVAL,2026-07-24,2026-07-27,,0.0,North America,Technical Validation,proposal,0.1,2026-08-07,2026-09-02
2026-09-16,0QLTe0000083W6oOAE,0Q0Te000003HRmrKAG,006Te00000Q7eMFIAZ,00kTe00001RvK7VIAV,B300,AI Cloud,Reserve,8,7.85,6.1,0.0,,In Review,,In Progress,Awaiting Approval,AWAITING_APPROVAL,2026-07-29,2026-10-08,Prepaid,0.0,eu-west2,Technical Validation,proposal,2.34,2026-08-07,2026-09-02
2026-09-16,0QLTe0000083JkfOAE,0Q0Te000003HGufKAG,006Te00000Q3MaJIAV,00kTe00001RvGMyIAN,H100,AI Cloud,Reserve,80,3.09,3.09,0.0,,In Review,,In Progress,Awaiting Approval,AWAITING_APPROVAL,2026-12-31,2028-01-01,Prepaid,0.0,eu-north1,Technical Validation,proposal,12.04,2026-08-06,2026-09-02
2026-09-16,0QLTe0000083FkHOAU,0Q0Te000003HCvtKAG,006Te00000Q3L3sIAF,00kTe00001SIFh6IAH,H200,AI Cloud,PAYG,8,3.5,4.5,22.22222222222222,Tier 3,In Review,,Pending Resubmission,Change Requested,,2026-03-21,2026-03-29,Prepaid,,MEA,Closed Lost,lost,0.26,2026-08-06,2026-09-02
2026-09-16,0QLTe0000083GGXOA2,0Q0Te000003HDQXKA4,006Te00000Q3LdSIAV,00kTe00001S6xqAIAR,B300,AI Cloud,Reserve,16,5.4,6.1,11.475409836065573,Tier 2,In Review,,In Progress,Awaiting Approval,AWAITING_APPROVAL,2026-07-06,2027-07-06,Prepaid,0.0,eu-west2,Closed Lost,lost,12.01,2026-08-06,2026-09-02
2026-09-16,0QLTe0000083GGYOA2,0Q0Te000003HDQXKA4,006Te00000Q3LdSIAV,00kTe00001S6xqBIAR,B300,AI Cloud,Testing,16,7.1,6.1,0.0,Tier 1,In Review,,In Progress,Approved,APPROVED,2026-07-20,2026-07-23,,,uk-south1,Closed Lost,lost,0.1,2026-08-06,2026-09-02
2026-09-16,0QLTe0000083Fh3OAE,0Q0Te000003HCsfKAG,006Te00000Q3KcWIAV,00kTe00001Rv9lSIAR,B300,AI Cloud,Reserve,96,5.2,6.1,14.754098360655737,,In Review,,In Progress,Awaiting Approval,AWAITING_APPROVAL,2026-08-05,2029-08-05,Postpaid,0.0,eu-west2,Discovery,proposal,36.05,2026-08-06,2026-09-02
2026-09-16,0QLTe0000083Iv3OAE,0Q0Te000003HG6fKAG,006Te00000Q3MJnIAN,00kTe00001SItubIAD,B300,AI Cloud,Reserve,16,5.75,6.1,5.737704918032787,Tier 3,In Review,,Pending Resubmission,Change Requested,,2026-08-01,2027-02-01,Prepaid,,eu-west2,Closed Lost,lost,6.05,2026-08-06,2026-09-02
2026-09-16,0QLTe0000083KOzOAM,0Q0Te000003HHifKAG,006Te00000Q3vdpIAB,00kTe00001SIIKZIA5,B200,AI Cloud,Reserve,16,2.5,5.93,57.841483979763915,Tier 3,In Review,,Pending Resubmission,Change Requested,,2026-08-01,2026-11-01,Postpaid,,me-west1,Closed Lost,lost,3.03,2026-08-06,2026-09-02
2026-09-16,0QLTe0000083G0POAU,0Q0Te000003HDAPKA4,006Te00000Q3LQLIA3,00kTe00001S6xq8IAB,B300,AI Cloud,Reserve,512,5.1,6.1,16.39344262295082,Tier 2,In Review,,In Progress,Awaiting Approval,AWAITING_APPROVAL,2026-08-12,2028-08-12,Postpaid,0.0,eu-west2,Closed Lost,lost,24.05,2026-08-06,2026-09-02
2026-09-16,0QLTe0000083I5SOAU,0Q0Te000003HFFSKA4,006Te00000Q3vs4IAB,00kTe00001SIjpcIAD,H100,AI Cloud,Reserve,40,2.5,3.09,19.093851132686083,Tier 2,In Review,,Pending Resubmission,Change Requested,,2026-08-05,2027-08-05,Postpaid,,Europe,Closed Lost,lost,12.01,2026-08-06,2026-09-02
2026-09-16,0QLTe0000083GejOAE,0Q0Te000003HDlVKAW,006Te00000Q3LiWIAV,00kTe00001SIaZyIAL,H100,AI Cloud,Reserve,64,1.85,3.09,40.1294498381877,Tier 3,In Review,,Pending Resubmission,Change Requested,,2026-02-02,2026-08-03,Postpaid,,North America,Closed Lost,lost,5.99,2026-08-06,2026-09-02
2026-09-16,0QLTe0000083HNtOAM,0Q0Te000003HEWHKA4,006Te00000Q3LtoIAF,00kTe00001SJ4BQIA1,H200,AI Cloud,Reserve,64,2.75,3.73,26.273458445040216,Tier 2,In Review,,Pending Resubmission,Change Requested,,2026-08-12,2028-02-13,Prepaid,,us-central1,Closed Lost,lost,18.09,2026-08-06,2026-09-02
2026-09-16,0QLTe0000083VcCOAU,0Q0Te000003HRenKAG,006Te00000Q7eLsIAJ,00kTe00001SIPeaIAH,B300,AI Cloud,Reserve,64,4.5,6.1,26.229508196721312,Tier 3,In Review,,Pending Resubmission,Change Requested,,2026-08-20,2029-08-21,Prepaid,,eu-west2,Closed Lost,lost,36.09,2026-08-07,2026-09-02
2026-09-16,0QLTe0000083HSjOAM,0Q0Te000003HEb7KAG,006Te00000Q3LvVIAV,00kTe00001SHipIIAT,H200,AI Cloud,Reserve,128,2.7,3.73,27.613941018766756,Tier 2,In Review,,Pending Resubmission,Change Requested,,2026-08-01,2027-08-02,Prepaid,,Europe,Closed Lost,lost,12.04,2026-08-06,2026-09-02
2026-09-16,0QLTe0000083GbVOAU,0Q0Te000003HDiHKAW,006Te00000Q3LfVIAV,00kTe00001Rv2x1IAB,B300,AI Cloud,Reserve,40,5.2,6.1,14.754098360655737,,In Review,,In Progress,Awaiting Approval,AWAITING_APPROVAL,2026-08-01,2027-08-02,Prepaid,0.0,eu-west2,Technical Validation,proposal,12.04,2026-08-06,2026-09-02
2026-09-16,0QLTe0000083EQ4OAM,0Q0Te000003HEknKAG,006Te00000Q3LvpIAF,00kTe00001S6xqCIAR,B300,AI Cloud,Reserve,8,5.75,6.1,5.737704918032787,Tier 2,In Review,,Pending Resubmission,Awaiting Approval,AWAITING_APPROVAL,2026-08-01,2027-09-01,Prepaid,0.0,eu-west2,Closed Lost,lost,13.03,2026-08-06,2026-09-02
2026-09-16,0QLTe0000083EQ5OAM,0Q0Te000003HEknKAG,006Te00000Q3LvpIAF,00kTe00001S6xqDIAR,B200,AI Cloud,Reserve,8,5.5,5.93,7.251264755480607,Tier 2,In Review,,Pending Resubmission,Awaiting Approval,AWAITING_APPROVAL,2026-08-06,2027-08-06,Prepaid,,us-central1,Closed Lost,lost,12.01,2026-08-06,2026-09-02
2026-09-16,0QLTe0000086OPdOAM,0Q0Te000003J4e5KAC,006Te00000QAkucIAD,00kTe00001SIXr2IAH,B200,AI Cloud,Reserve,64,5.5,5.93,7.251264755480607,Tier 2,In Review,,Pending Resubmission,Change Requested,AWAITING_APPROVAL,2026-08-06,2027-08-06,Prepaid,,us-central1,Closed Lost,lost,12.01,2026-08-10,2026-09-02
2026-09-16,0QLTe0000083GObOAM,0Q0Te000003HDWzKAO,006Te00000Q3LdmIAF,00kTe00001SJ1nuIAD,H200,AI Cloud,Reserve,128,2.75,3.73,26.273458445040216,Tier 2,In Review,,Pending Resubmission,Change Requested,,2026-08-24,2028-08-24,Prepaid,,us-central1,Closed Lost,lost,24.05,2026-08-06,2026-09-02
2026-09-16,0QLTe0000083IwfOAE,0Q0Te000003HG8HKAW,006Te00000Q3MJoIAN,00kTe00001SIkwlIAD,B300,AI Cloud,Reserve,128,5.2,6.1,14.754098360655737,Tier 3,In Review,,Pending Resubmission,Change Requested,,2026-12-15,2027-12-15,Prepaid,,eu-south1,Closed Lost,lost,12.01,2026-08-06,2026-09-02
2026-09-16,0QLTe0000083FE2OAM,0Q0Te000003HCSsKAO,006Te00000Q3L3uIAF,00kTe00001SIX95IAH,GB300,AI Cloud,Reserve,72,7.0,0.0,0.0,Tier 1,In Review,,Not Required,Not Required,,2026-10-01,2027-10-01,Prepaid,,eu-west3,Closed Lost,lost,12.01,2026-08-06,2026-09-02
2026-09-16,0QLTe0000083L9lOAE,0Q0Te000003HITRKA4,006Te00000Q3yK6IAJ,00kTe00001SJ1qzIAD,B200,AI Cloud,Reserve,640,5.06,5.93,14.671163575042158,Tier 2,In Review,,Pending Resubmission,Change Requested,,2026-09-01,2027-09-02,Postpaid,,us-central1,Closed Lost,lost,12.04,2026-08-06,2026-09-02
2026-09-16,0QLTe0000083L89OAE,0Q0Te000003HIRpKAO,006Te00000Q3yEzIAJ,00kTe00001SIEXhIAP,B200,AI Cloud,Reserve,640,5.06,5.93,14.671163575042158,Tier 2,In Review,,Pending Resubmission,Change Requested,,2026-09-01,2027-09-02,Postpaid,,us-central1,Closed Lost,lost,12.04,2026-08-06,2026-09-02
2026-09-16,0QLTe0000083GlBOAU,0Q0Te000003HDrxKAG,006Te00000Q3Lj8IAF,00kTe00001RuxG3IAJ,B200,Token Factory,Testing,16,7.35,5.93,0.0,,Draft,,Obsolete,Obsolete,OBSOLETE,2026-06-22,2026-06-30,Postpaid,,tf-us2,Closed Lost,lost,0.26,2026-08-06,2026-09-02
2026-09-16,0QLTe000008QCfGOAW,0Q0Te000003TzETKA0,006Te00000QuKgFIAV,00kTe00001S6BXkIAN,B300,AI Cloud,Reserve,256,6.25,6.1,0.0,Tier 1,In Review,,In Progress,Awaiting Approval,AWAITING_APPROVAL,2026-11-30,2027-12-01,Postpaid,30.0,eu-south1,Proposal / Negotiation,proposal,12.04,2026-09-01,2026-09-02
2026-09-16,0QLTe0000083FAoOAM,0Q0Te000003HCPeKAO,006Te00000Q3Ld8IAF,00kTe00001SIAouIAH,GB300,AI Cloud,Reserve,72,5.25,9.2,0.0,Tier 1,In Review,,Pending Resubmission,Change Requested,,2027-03-31,2030-04-01,Postpaid,,us-south1,Closed Lost,lost,36.09,2026-08-06,2026-09-02
2026-09-16,0QLTe0000083YWnOAM,0Q0Te000003HRuvKAG,006Te00000Q7gCDIAZ,00kTe00001SIIvBIAX,B300,AI Cloud,Reserve,1000,5.5,6.1,9.836065573770492,Tier 2,In Review,,Pending Resubmission,Change Requested,,2026-08-30,2031-08-30,Prepaid,,us-north1,Closed Lost,lost,60.07,2026-08-07,2026-09-02
2026-09-16,0QLTe0000083BrxOAE,0Q0Te000003HAE9KAO,006Te00000Q3B6EIAV,00kTe00001SIGHEIA5,B300,AI Cloud,Reserve,4000,5.35,6.1,12.295081967213115,Tier 2,In Review,,Pending Resubmission,Change Requested,,2026-12-15,2027-12-16,Prepaid,,North America,Closed Lost,lost,12.04,2026-08-06,2026-09-02
2026-09-16,0QLTe0000086NDROA2,0Q0Te000003J3OfKAK,006Te00000Q3MGaIAN,00kTe00001RKsp4IAD,B200,Token Factory,Reserve,120,5.0089,5.45,8.094435075885329,Tier 2,In Review,,In Progress,Awaiting Approval,AWAITING_APPROVAL,2026-10-15,2027-10-15,Postpaid,0.0,tf-ca1,Technical Validation,proposal,12.01,2026-08-10,2026-09-02
2026-09-16,0QLTe0000086b57OAA,0Q0Te000003JDxVKAW,006Te00000QAjV8IAL,00kTe00001RbcfMIAR,B300,AI Cloud,Testing,32,1.0,6.1,83.60655737704919,Tier 1,Draft,,Obsolete,Obsolete,OBSOLETE,2026-07-08,2026-07-18,,,uk-south1,Closed Lost,lost,0.33,2026-08-11,2026-09-02
2026-09-16,0QLTe0000086b58OAA,0Q0Te000003JDxVKAW,006Te00000QAjV8IAL,00kTe00001RbcfNIAR,B300,AI Cloud,Reserve,64,5.56,6.1,8.852459016393443,Tier 1,Draft,,Obsolete,Obsolete,,2026-08-05,2027-08-05,Postpaid,,eu-west2,Closed Lost,lost,12.01,2026-08-11,2026-09-02
2026-09-16,0QLTe0000086NmvOAE,0Q0Te000003J3y9KAC,006Te00000QAjXoIAL,00kTe00001S6xq7IAB,B300,AI Cloud,Reserve,80,5.56,6.1,8.852459016393443,Tier 2,Draft,,Obsolete,Obsolete,OBSOLETE,2026-08-20,2027-08-20,Prepaid,,eu-west2,Closed Lost,lost,12.01,2026-08-10,2026-09-02
2026-09-16,0QLTe0000083Dk6OAE,0Q0Te000003HBWoKAO,006Te00000Q3Lr8IAF,00kTe00001S6xq9IAB,GB300,AI Cloud,Reserve,5184,5.5,9.2,40.21739130434783,Tier 3,In Review,,In Progress,Awaiting Approval,AWAITING_APPROVAL,2026-06-30,2027-06-30,Postpaid,0.0,eu-west3,Closed Lost,lost,12.01,2026-08-06,2026-09-02
2026-09-16,0QLTe0000083ILZOA2,0Q0Te000003HBi6KAG,006Te00000Q3M9uIAF,00kTe00001S7D7nIAF,H100,AI Cloud,Reserve,96,2.95,3.09,4.53074433656958,Tier 2,In Review,,Pending Resubmission,Change Requested,AWAITING_APPROVAL,2027-05-31,2028-06-01,Prepaid,,eu-north1,Qualification,proposal,12.07,2026-08-06,2026-09-02
2026-09-16,0QLTe0000086OCjOAM,0Q0Te000003J4RBKA0,006Te00000QAjdcIAD,00kTe00001S6YLPIA3,H100,AI Cloud,Reserve,48,2.95,3.09,4.53074433656958,Tier 2,In Review,,Pending Resubmission,Change Requested,AWAITING_APPROVAL,2026-11-01,2027-11-02,Prepaid,,eu-north1,Discovery,proposal,12.04,2026-08-10,2026-09-02
2026-09-16,0QLTe0000083He2OAE,0Q0Te000003HEo1KAG,006Te00000Q3LwzIAF,,B300,AI Cloud,Reserve,112,5.05,,,,In Review,,In Progress,Awaiting Approval,AWAITING_APPROVAL,2026-08-10,2027-02-10,Prepaid,,eu-west2,Proposal / Negotiation,proposal,6.05,2026-08-06,2026-09-02
2026-09-16,0QLTe0000083Jj5OAE,0Q0Te000003HH17KAG,006Te00000Q3MdKIAV,00kTe00001S6xqEIAR,B200,Token Factory,,16,5.2,,,,Draft,,Obsolete,Awaiting Approval,AWAITING_APPROVAL,2026-11-16,2027-05-17,NO PAYMENT,,me-west1,Closed Lost,lost,5.99,2026-08-06,2026-09-02
2026-09-16,0QLTe0000086dzmOAA,0Q0Te000003JGP7KAO,006Te00000QAjY3IAL,,B300,AI Cloud,Reserve,24,6.1,,,,Draft,,,Awaiting Approval,AWAITING_APPROVAL,2026-08-20,2027-08-20,Prepaid,,eu-west2,Proposal / Negotiation,draft,12.01,2026-08-11,2026-09-02
2026-09-16,0QLTe000008R0qXOAS,0Q0Te000003UPldKAG,006Te00000Q3MGMIA3,00kTe00001SHzJNIA1,B300,AI Cloud,Reserve,96,5.58,6.1,8.524590163934427,Tier 1,In Review,Auto Approved,In Progress,Awaiting Approval,AWAITING_APPROVAL,2026-12-01,2028-06-01,Prepaid,30.0,me-west2,Proposal / Negotiation,proposal,18.03,2026-09-02,2026-09-02
2026-09-16,0QLTe000008IqWcOAK,0Q0Te000003Pv7pKAC,006Te00000QeGLeIAN,00kTe00001RGllhIAD,B300,AI Cloud,Reserve,256,5.56,6.1,8.852459016393443,Tier 2,Signed by Customer,Approved,Approved,Approved,APPROVED,2026-08-20,2027-08-20,Prepaid,0.0,eu-west2,Proposal / Negotiation,signed,12.01,2026-08-24,2026-08-25
2026-09-16,0QLTe0000083IOnOAM,0Q0Te000003HFfFKAW,006Te00000Q3MA0IAN,00kTe00001RvFvAIAV,B200,Token Factory,Testing,16,7.15,5.93,0.0,,Draft,,Obsolete,Obsolete,OBSOLETE,2026-07-27,2026-08-11,,,tf-ca1,Closed Lost,lost,0.49,2026-08-06,2026-09-02
2026-09-16,0QLTe0000084rp7OAA,0Q0Te000003IAlZKAW,006Te00000QAjcvIAD,,B300,AI Cloud,Reserve,200,7.85,6.1,0.0,,In Review,,Obsolete,Obsolete,OBSOLETE,2026-12-01,2027-12-01,Postpaid,,eu-south1,Technical Validation,proposal,12.01,2026-08-08,2026-09-02
2026-09-16,0QLTe0000084rp8OAA,0Q0Te000003IAlZKAW,006Te00000QAjcvIAD,,B300,AI Cloud,Testing,16,7.85,6.1,0.0,,In Review,,Obsolete,Obsolete,OBSOLETE,2026-09-01,2026-10-01,,,uk-south2,Technical Validation,proposal,0.99,2026-08-08,2026-09-02
2026-09-16,0QLTe0000083K0nOAE,0Q0Te000003HHFdKAO,006Te00000Q3MfWIAV,,B300,AI Cloud,Testing,16,7.85,6.1,0.0,,In Review,,Obsolete,Obsolete,OBSOLETE,2026-08-17,2026-09-01,,,uk-south2,Technical Validation,proposal,0.49,2026-08-06,2026-09-02
2026-09-16,0QLTe0000088dUDOAY,0Q0Te000003KAhRKAW,006Te00000QHEEVIA5,00kTe00001RuvXoIAJ,B300,AI Cloud,Testing,24,7.85,6.1,0.0,,Draft,,Obsolete,Obsolete,OBSOLETE,2026-08-06,2026-09-01,,,uk-south1,Closed Lost,lost,0.86,2026-08-12,2026-09-02
2026-09-16,0QLTe0000088dUEOAY,0Q0Te000003KAhRKAW,006Te00000QHEEVIA5,00kTe00001RuvXpIAJ,B300,AI Cloud,Testing,16,7.85,6.1,0.0,,Draft,,Obsolete,Obsolete,OBSOLETE,2026-08-10,2026-09-01,,,eu-west2,Closed Lost,lost,0.72,2026-08-12,2026-09-02
2026-09-16,0QLTe0000084rVlOAI,0Q0Te000003IASDKA4,006Te00000QAjXWIA1,00kTe00001RvLKdIAN,H200,AI Cloud,Reserve,256,3.0,3.73,19.571045576407506,,In Review,,Obsolete,Obsolete,OBSOLETE,2026-09-16,2028-03-17,Prepaid,,us-central1,Closed Lost,lost,18.03,2026-08-08,2026-09-02
2026-09-16,0QLTe000008QOuvOAG,0Q0Te000003U7GrKAK,006Te00000QvAdCIAV,00kTe00001SDAAbIAP,B200,AI Cloud,Reserve,24,5.35,5.93,9.780775716694773,Tier 2,Draft,,,,,2026-10-01,2027-10-01,Prepaid,,us-central1,Discovery,draft,12.01,2026-09-02,2026-09-02
2026-09-16,0QLTe0000083EBXOA2,0Q0Te000003HEG9KAO,006Te00000Q3LnuIAF,00kTe00001RSA5iIAH,B300,AI Cloud,Reserve,48,5.002,6.1,18.0,Tier 3,In Review,,Pending Resubmission,Change Requested,AWAITING_APPROVAL,2026-12-01,2029-12-01,Prepaid,,eu-west2,Discovery,proposal,36.05,2026-08-06,2026-09-01
2026-09-16,0QLTe0000083GzhOAE,0Q0Te000003HE4rKAG,006Te00000Q3LmEIAV,00kTe00001RuyCcIAJ,B300,AI Cloud,Reserve,120,5.5,6.1,9.836065573770492,,In Review,,Obsolete,Obsolete,OBSOLETE,2026-08-18,2027-08-19,Prepaid,,eu-west2,Closed Lost,lost,12.04,2026-08-06,2026-09-01
2026-09-16,0QLTe0000083IAHOA2,0Q0Te000003HFKHKA4,006Te00000Q3M4JIAV,00kTe00001Q96y3IAB,B300,AI Cloud,Reserve,512,6.0,6.1,1.639344262295082,Tier 2,In Review,,Pending Resubmission,Change Requested,AWAITING_APPROVAL,2026-12-01,2027-12-01,Prepaid,,eu-west2,Proposal / Negotiation,proposal,12.01,2026-08-06,2026-09-01
2026-09-16,0QLTe0000083K2POAU,0Q0Te000003HHIrKAO,006Te00000Q3MfkIAF,,GB300,AI Cloud,Testing,72,9.2,9.2,0.0,,In Review,,Obsolete,Obsolete,OBSOLETE,2026-05-25,2026-06-02,,,eu-west3,Proposal / Negotiation,proposal,0.26,2026-08-06,2026-09-01
2026-09-16,0QLTe0000083K2QOAU,0Q0Te000003HHIrKAO,006Te00000Q3MfkIAF,,GB300,AI Cloud,Reserve,0,4.9,9.2,46.73913043478261,,In Review,,Obsolete,Obsolete,OBSOLETE,2026-09-01,2029-09-01,Prepaid,,eu-west3,Proposal / Negotiation,proposal,36.05,2026-08-06,2026-09-01
2026-09-16,0QLTe0000083K2ROAU,0Q0Te000003HHIrKAO,006Te00000Q3MfkIAF,,GB300,AI Cloud,Reserve,0,4.0,9.2,56.52173913043478,,In Review,,Obsolete,Obsolete,OBSOLETE,2026-09-01,2029-09-01,Prepaid,,eu-west3,Proposal / Negotiation,proposal,36.05,2026-08-06,2026-09-01
2026-09-16,0QLTe0000086MXXOA2,0Q0Te000003J2sQKAS,006Te00000Q3LrJIAV,,B300,AI Cloud,Reserve,32,6.9,,,,In Review,,In Progress,Approved,APPROVED,2026-08-05,2026-09-01,Prepaid,,uk-south1,Proposal / Negotiation,proposal,0.89,2026-08-10,2026-08-27
2026-09-16,0QLTe0000086MXZOA2,0Q0Te000003J2sQKAS,006Te00000Q3LrJIAV,,B300,AI Cloud,Reserve,96,6.0,,,,In Review,,In Progress,Awaiting Approval,,2026-08-10,2027-09-10,Prepaid,,eu-west2,Proposal / Negotiation,proposal,13.03,2026-08-10,2026-09-01
2026-09-16,0QLTe0000086NjhOAE,0Q0Te000003J3uvKAC,006Te00000QAjV8IAL,,B300,AI Cloud,Reserve,64,5.56,6.1,8.852459016393443,,In Review,,Obsolete,Obsolete,OBSOLETE,2026-08-05,2027-08-05,Postpaid,,eu-west2,Closed Lost,lost,12.01,2026-08-10,2026-09-01
2026-09-16,0QLTe0000086b1vOAA,0Q0Te000003JDuHKAW,006Te00000Q3LrJIAV,,B300,AI Cloud,Reserve,96,6.0,,,,Draft,,,,,2026-08-10,2027-09-09,Prepaid,,eu-west2,Proposal / Negotiation,draft,12.99,2026-08-11,2026-09-01
2026-09-16,0QLTe0000086b1xOAA,0Q0Te000003JDuHKAW,006Te00000Q3LrJIAV,,B300,AI Cloud,Reserve,32,6.9,,,,Draft,,,,,2026-08-10,2027-09-10,Prepaid,,uk-south1,Proposal / Negotiation,draft,13.03,2026-08-11,2026-08-27
2026-09-16,0QLTe000008G3VBOA0,0Q0Te000003OFKLKA4,006Te00000QTdS1IAL,,B300,Token Factory,Reserve,256,5.9,6.1,3.278688524590164,Tier 1,In Review,Auto Approved,Obsolete,Obsolete,OBSOLETE,2026-09-18,2027-09-19,Prepaid,50.0,us-north1,Proposal / Negotiation,proposal,12.04,2026-08-20,2026-09-01
2026-09-16,0QLTe0000083J4tOAE,0Q0Te000003HGGMKA4,006Te00000Q3MaOIAV,00kTe00001RaMWWIA3,GB300,AI Cloud,Reserve,1008,6.1,9.2,33.69565217391305,Tier 3,In Review,,Pending Resubmission,Change Requested,AWAITING_APPROVAL,2026-10-01,2027-10-02,Prepaid,,eu-west3,Proposal / Negotiation,proposal,12.04,2026-08-06,2026-09-01
2026-09-16,0QLTe0000084rqjOAA,0Q0Te000003IAnBKAW,006Te00000QAjd4IAD,00kTe00001RaMWTIA3,GB300,AI Cloud,Reserve,2016,5.0,9.2,45.65217391304348,,In Review,,Pending Resubmission,Change Requested,AWAITING_APPROVAL,2026-11-30,2029-12-01,Prepaid,,me-west3,Proposal / Negotiation,proposal,36.09,2026-08-08,2026-09-01
2026-09-16,0QLTe000008Q5sHOAS,0Q0Te000003Tsw9KAC,006Te00000QuP81IAF,00kTe00001S2iuaIAB,GB300,AI Cloud,Reserve,5040,11.0,9.2,0.0,Tier 1,Draft,,,,,2026-11-01,2027-02-01,Prepaid,,me-west3,Discovery,draft,3.03,2026-09-01,2026-09-01
2026-09-16,0QLTe000008Q5p3OAC,0Q0Te000003TsuXKAS,006Te00000QuJvUIAV,00kTe00001S3471IAB,B300,AI Cloud,Reserve,64,7.2,6.1,0.0,Tier 1,Draft,,,,,2026-11-30,2027-05-30,Prepaid,,me-west2,Qualification,draft,5.95,2026-09-01,2026-09-01
2026-09-16,0QLTe0000083CjCOAU,0Q0Te000003HAkQKAW,006Te00000Q3LQYIA3,00kTe00001S2hwJIAR,GB300,AI Cloud,Reserve,144,9.2,0.0,0.0,Tier 1,In Review,,Not Required,Not Required,,2027-01-07,2027-01-08,,,uk-south2,Qualification,proposal,0.03,2026-08-06,2026-09-01
2026-09-16,0QLTe0000083IVHOA2,0Q0Te000003HFiVKAW,006Te00000Q3xWlIAJ,00kTe00001RvG6JIAV,B200,AI Cloud,Testing,8,5.5,5.93,7.251264755480607,,In Review,,In Progress,Approved,APPROVED,2025-08-04,2025-08-12,,,us-central1,Qualification,proposal,0.26,2026-08-06,2026-09-01
2026-09-16,0QLTe0000083IVIOA2,0Q0Te000003HFiVKAW,006Te00000Q3xWlIAJ,00kTe00001RvG6KIAV,H100,AI Cloud,Reserve,64,1.8,3.09,41.74757281553398,,In Review,,In Progress,Awaiting Approval,AWAITING_APPROVAL,2025-10-13,2026-09-01,Postpaid,,eu-north1,Qualification,proposal,10.62,2026-08-06,2026-09-01
2026-09-16,0QLTe0000083IVKOA2,0Q0Te000003HFiVKAW,006Te00000Q3xWlIAJ,00kTe00001RvG6MIAV,H100,AI Cloud,Testing,8,2.95,3.09,4.53074433656958,,In Review,,In Progress,Approved,APPROVED,2025-07-28,2025-08-05,,,eu-north1,Qualification,proposal,0.26,2026-08-06,2026-09-01
2026-09-16,0QLTe0000083IVLOA2,0Q0Te000003HFiVKAW,006Te00000Q3xWlIAJ,00kTe00001RvG6NIAV,H100,AI Cloud,PAYG,64,1.8,3.85,53.246753246753244,,In Review,,In Progress,Awaiting Approval,,2025-10-13,2026-09-01,Postpaid,,Europe,Qualification,proposal,10.62,2026-08-06,2026-09-01
2026-09-16,0QLTe0000083KFJOA2,0Q0Te000003HHXNKA4,006Te00000Q3vblIAB,00kTe00001QAH5EIAX,H200,AI Cloud,Reserve,400,2.432,3.73,34.8,Tier 3,In Review,In Progress,Pending Resubmission,Change Requested,AWAITING_APPROVAL,2026-09-30,2027-09-30,Prepaid,,us-central1,Proposal / Negotiation,proposal,12.01,2026-08-06,2026-09-01
2026-09-16,0QLTe0000083KNNOA2,0Q0Te000003HHh3KAG,006Te00000Q3vdaIAB,00kTe00001RxhDKIAZ,B300,AI Cloud,Reserve,96,7.85,6.1,0.0,Tier 1,In Review,,Pending Resubmission,Change Requested,AWAITING_APPROVAL,2027-01-31,2028-02-01,Prepaid,,eu-south1,Technical Validation,proposal,12.04,2026-08-06,2026-09-01
2026-09-16,0QLTe0000083GWfOAM,0Q0Te000003HDdRKAW,006Te00000Q3LfGIAV,00kTe00001Ruu6MIAR,RTX6000,AI Cloud,PAYG,8,1.8,1.8,0.0,,In Review,,In Progress,Awaiting Approval,,2026-04-14,2026-04-15,Prepaid,,us-central1,Qualification,proposal,0.03,2026-08-06,2026-09-01
2026-09-16,0QLTe0000083CxkOAE,0Q0Te000003HAvkKAG,006Te00000Q3MN7IAN,00kTe00001RulreIAB,H100,AI Cloud,PAYG,8,3.85,3.85,0.0,,In Review,,In Progress,Awaiting Approval,,2026-06-29,2026-07-01,Postpaid,,Europe,Proposal / Negotiation,proposal,0.07,2026-08-06,2026-09-01
2026-09-16,0QLTe0000083GlDOAU,0Q0Te000003HDrzKAG,006Te00000Q3vgzIAB,00kTe00001RvN7vIAF,H100,AI Cloud,PAYG,8,2.95,3.85,23.376623376623378,,In Review,,In Progress,Awaiting Approval,,2029-01-01,2029-01-09,Postpaid,,Europe,Qualification,proposal,0.26,2026-08-06,2026-09-01
2026-09-16,0QLTe0000083DLuOAM,0Q0Te000003HBF4KAO,006Te00000Q3vdPIAR,00kTe00001RvBdpIAF,H100,AI Cloud,PAYG,8,2.95,3.85,23.376623376623378,,In Review,,In Progress,Awaiting Approval,,2029-01-01,2029-01-09,Postpaid,,Europe,Qualification,proposal,0.26,2026-08-06,2026-09-01
2026-09-16,0QLTe0000086NRxOAM,0Q0Te000003J3bZKAS,006Te00000Q3vqXIAR,,H100,AI Cloud,Reserve,96,2.4,3.09,22.33009708737864,Tier 3,In Review,,In Progress,Awaiting Approval,AWAITING_APPROVAL,2026-12-01,2029-12-02,Prepaid,,eu-north1,Technical Validation,proposal,36.09,2026-08-10,2026-09-01
2026-09-16,0QLTe0000083IobOAE,0Q0Te000003HG0DKAW,006Te00000Q3MICIA3,00kTe00001RuzEWIAZ,B200,Token Factory,PAYG,4,5.93,7.4,19.864864864864863,,Draft,,Approved,Approved,,2026-06-15,2026-07-19,Postpaid,,North America,Technical Validation,draft,1.12,2026-08-06,2026-09-01
2026-09-16,0QLTe0000083IjlOAE,0Q0Te000003HFvNKAW,006Te00000Q3MCsIAN,00kTe00001Rv8PlIAJ,B200,Token Factory,PAYG,8,7.35,7.4,0.6756756756756757,,Draft,,Approved,Approved,,2026-08-03,2026-08-18,Postpaid,,Europe,Discovery,draft,0.49,2026-08-06,2026-09-01
2026-09-16,0QLTe0000083I0dOAE,0Q0Te000003HFAcKAO,006Te00000Q3vs3IAB,00kTe00001RvLvVIAV,RTX6000,AI Cloud,PAYG,8,1.8,1.8,0.0,,In Review,,In Progress,Awaiting Approval,,2026-09-01,2027-09-01,,,eu-south1,Technical Validation,proposal,12.01,2026-08-06,2026-09-01
2026-09-16,0QLTe0000083IyKOAU,0Q0Te000003HG9uKAG,006Te00000Q3MfrIAF,00kTe00001RvF78IAF,RTX6000,AI Cloud,PAYG,8,1.8,1.8,0.0,,In Review,,In Progress,Awaiting Approval,,2026-09-01,2027-09-01,,,eu-south1,Qualification,proposal,12.01,2026-08-06,2026-09-01
2026-09-16,0QLTe0000089uBFOAY,0Q0Te000003KqqLKAS,006Te00000QAjV9IAL,00kTe00001RWkmaIAD,H100,AI Cloud,PAYG,16,3.85,3.85,0.0,Tier 1,Draft,,,,,2026-11-30,2027-11-30,,,North America,Proposal / Negotiation,draft,12.01,2026-08-13,2026-09-01
2026-09-16,0QLTe0000083JCnOAM,0Q0Te000003HGQ1KAO,006Te00000Q3MT7IAN,00kTe00001Rv7JoIAJ,H100,Token Factory,PAYG,16,3.85,4.05,4.938271604938271,,In Review,,In Progress,Awaiting Approval,,2026-10-01,2027-10-01,Prepaid,,Europe,Technical Validation,proposal,12.01,2026-08-06,2026-09-01
2026-09-16,0QLTe0000083HyzOAE,0Q0Te000003HF8zKAG,006Te00000Q3M0gIAF,00kTe00001RvFv7IAF,H100,AI Cloud,PAYG,48,2.77,3.85,28.051948051948052,,In Review,,In Progress,Awaiting Approval,,2026-09-01,2027-03-03,Postpaid,,Europe,Proposal / Negotiation,proposal,6.02,2026-08-06,2026-09-01
2026-09-16,0QLTe0000083Hz0OAE,0Q0Te000003HF8zKAG,006Te00000Q3M0gIAF,00kTe00001RvFv8IAF,H100,AI Cloud,Testing,32,3.85,3.09,0.0,,In Review,,In Progress,Awaiting Approval,AWAITING_APPROVAL,2026-08-01,2026-08-17,,,eu-north1,Proposal / Negotiation,proposal,0.53,2026-08-06,2026-09-01
2026-09-16,0QLTe0000083JnuOAE,0Q0Te000003HGzWKAW,006Te00000Q3vtwIAB,00kTe00001RtizoIAB,B300,AI Cloud,Reserve,3000,5.8,6.1,4.918032786885246,,In Review,,In Progress,Awaiting Approval,AWAITING_APPROVAL,2026-12-15,2029-12-16,Prepaid,,eu-south1,Proposal / Negotiation,proposal,36.09,2026-08-06,2026-09-01
2026-09-16,0QLTe0000083GDJOA2,0Q0Te000003HDNJKA4,006Te00000Q3LbHIAV,00kTe00001Rv64HIAR,B200,AI Cloud,Testing,32,5.93,5.93,0.0,,Draft,,Obsolete,Obsolete,OBSOLETE,2026-07-29,2026-08-13,,,tf-ca1,Closed Lost,lost,0.49,2026-08-06,2026-09-01
2026-09-16,0QLTe000008PiXVOA0,0Q0Te000003Th6HKAS,006Te00000QslEHIAZ,,H100,Token Factory,Reserve,16,2.3,3.09,25.566343042071196,Tier 2,In Review,In Progress,,,,2026-09-03,2027-09-03,Prepaid,,eu-north1,Proposal / Negotiation,proposal,12.01,2026-09-01,2026-09-01
2026-09-16,0QLTe000008Ph0LOAS,0Q0Te000003TgLVKA0,006Te00000QmsQXIAZ,00kTe00001S0P1GIAV,B300,AI Cloud,Reserve,1152,4.7,6.1,22.950819672131146,Tier 2,Draft,,,,,2026-12-15,2029-11-15,Prepaid,,me-west2,Proposal / Negotiation,draft,35.07,2026-09-01,2026-09-01
2026-09-16,0QLTe0000086OELOA2,0Q0Te000003J4SnKAK,006Te00000QAjddIAD,00kTe00001RvEqOIAV,GB300,AI Cloud,Reserve,30024,4.9,9.2,46.73913043478261,Tier 3,In Review,,Pending Resubmission,Change Requested,AWAITING_APPROVAL,2026-12-15,2027-12-15,Prepaid,,me-west1,Qualification,proposal,12.01,2026-08-10,2026-09-01
2026-09-16,0QLTe0000086M7rOAE,0Q0Te000003J2h8KAC,006Te00000QAjeiIAD,00kTe00001Rv7lCIAR,GB300,AI Cloud,Reserve,20016,4.9,9.2,46.73913043478261,Tier 3,In Review,,Pending Resubmission,Change Requested,AWAITING_APPROVAL,2027-03-15,2028-03-15,Prepaid,,me-west1,Qualification,proposal,12.04,2026-08-10,2026-09-01
2026-09-16,0QLTe000008CpLVOA0,0Q0Te000003MZi9KAG,006Te00000QRUZKIA5,00kTe00001QbrqiIAB,B200,AI Cloud,Reserve,8,4.8,5.93,19.05564924114671,Tier 1,Draft,,,,,2026-09-01,2028-09-01,Prepaid,,us-central1,Proposal / Negotiation,draft,24.05,2026-08-17,2026-09-01
2026-09-16,0QLTe000008PPQ1OAO,0Q0Te000003TYFtKAO,006Te00000QsUTZIA3,00kTe00001RzkCNIAZ,B200,AI Cloud,Reserve,128,5.93,5.93,0.0,Tier 2,In Review,Approved,,,,2027-02-17,2027-02-19,Prepaid,,us-central1,Technical Validation,proposal,0.07,2026-09-01,2026-09-01
2026-09-16,0QLTe000008EpAvOAK,0Q0Te000003NYQfKAO,006Te00000QAjbhIAD,00kTe00001Qn5tYIAR,B200,AI Cloud,Reserve,224,5.1591,5.93,13.0,Tier 3,Ops Review In Progress,Auto Approved,Approved,Approved,APPROVED,2026-08-01,2026-08-20,Prepaid,0.0,me-west1,Closed Won,signed,0.62,2026-08-19,2026-08-31
2026-09-16,0QLTe000008EpAwOAK,0Q0Te000003NYQfKAO,006Te00000QAjbhIAD,00kTe00001Qn5tZIAR,B200,AI Cloud,Reserve,40,5.1591,5.93,13.0,Tier 3,Ops Review In Progress,Auto Approved,Approved,Approved,APPROVED,2026-08-05,2026-08-20,Prepaid,0.0,me-west1,Closed Won,signed,0.49,2026-08-19,2026-08-31
2026-09-16,0QLTe0000089ovSOAQ,0Q0Te000003KnFmKAK,006Te00000QKtMLIA1,00kTe00001QHvdhIAD,B300,AI Cloud,Reserve,32,6.9,6.1,0.0,Tier 2,Ops Review In Progress,Approved,Approved,Approved,APPROVED,2026-08-05,2026-09-01,Postpaid,0.0,uk-south1,Closed Won,signed,0.89,2026-08-13,2026-09-01
2026-09-16,0QLTe0000089pDBOAY,0Q0Te000003KnFmKAK,006Te00000QKtMLIA1,00kTe00001QHt9KIAT,B200,AI Cloud,Reserve,128,6.5,5.93,0.0,Tier 2,Ops Review In Progress,Approved,Approved,Approved,APPROVED,2026-08-02,2026-09-01,Postpaid,0.0,us-central1,Closed Won,signed,0.99,2026-08-13,2026-09-01
2026-09-16,0QLTe0000083FPJOA2,0Q0Te000003HCcXKAW,006Te00000Q3IJ0IAN,00kTe00001Rv7ZfIAJ,H100,AI Cloud,Reserve,16,2.6,3.09,15.857605177993527,,In Review,,Obsolete,Obsolete,OBSOLETE,2026-10-12,2027-10-12,Prepaid,,eu-north1,Closed Lost,lost,12.01,2026-08-06,2026-09-01
2026-09-16,0QLTe0000083E8VOAU,0Q0Te000003HGwJKAW,006Te00000Q3vqMIAR,00kTe00001RvLSnIAN,RTX6000,AI Cloud,Reserve,16,1.7,2.08,18.26923076923077,,In Review,,Obsolete,Obsolete,OBSOLETE,2026-09-15,2027-09-15,Prepaid,,eu-south1,Closed Lost,lost,12.01,2026-08-06,2026-09-01
2026-09-16,0QLTe0000083YBqOAM,0Q0Te000003HRWjKAO,006Te00000Q7d2TIAR,,RTX6000,AI Cloud,Testing,16,2.08,2.08,0.0,Tier 1,Draft,,Obsolete,Obsolete,OBSOLETE,2026-07-21,2026-08-12,,,us-central1,Closed Lost,lost,0.72,2026-08-07,2026-09-01
2026-09-16,0QLTe0000086NVBOA2,0Q0Te000003J3enKAC,006Te00000Q7d2TIAR,00kTe00001RvB9DIAV,RTX6000,AI Cloud,Testing,16,2.08,2.08,0.0,,Draft,,Obsolete,Obsolete,,2026-07-21,2026-08-12,,,us-central1,Closed Lost,lost,0.72,2026-08-10,2026-09-01
2026-09-16,0QLTe0000086NVCOA2,0Q0Te000003J3enKAC,006Te00000Q7d2TIAR,00kTe00001RvB9EIAV,RTX6000,AI Cloud,Testing,8,1.8,2.08,13.461538461538462,,Draft,,Obsolete,Obsolete,OBSOLETE,2026-08-12,2026-08-20,,,us-central1,Closed Lost,lost,0.26,2026-08-10,2026-09-01
2026-09-16,0QLTe0000083Dx1OAE,0Q0Te000003HFc2KAG,006Te00000Q3MAtIAN,00kTe00001RutwjIAB,B200,Token Factory,Testing,24,7.15,5.93,0.0,,Draft,,Rejected,Approved,APPROVED,2026-07-24,2026-08-08,,,tf-us2,Proposal / Negotiation,draft,0.49,2026-08-06,2026-08-31
2026-09-16,0QLTe0000083Dx2OAE,0Q0Te000003HFc2KAG,006Te00000Q3MAtIAN,00kTe00001RutwkIAB,B200,Token Factory,Testing,24,7.15,5.93,0.0,,Draft,,Rejected,Rejected,REJECTED,2026-07-24,2026-08-08,,,tf-us1,Proposal / Negotiation,draft,0.49,2026-08-06,2026-09-01
2026-09-16,0QLTe0000083HMHOA2,0Q0Te000003HEUfKAO,006Te00000Q3LrLIAV,,B200,Token Factory,Reserve,104,5.0,,,,Draft,,,Rejected,REJECTED,2026-08-25,2027-01-25,Postpaid,,tf-us2,Proposal / Negotiation,draft,5.03,2026-08-06,2026-09-01
2026-09-16,0QLTe0000083HMIOA2,0Q0Te000003HEUfKAO,006Te00000Q3LrLIAV,,B200,Token Factory,Testing,104,7.15,,,,Draft,,,Approved,APPROVED,2026-07-16,2026-09-18,Postpaid,,tf-ca1,Proposal / Negotiation,draft,2.11,2026-08-06,2026-08-27
2026-09-16,0QLTe0000086O9VOAU,0Q0Te000003J4NxKAK,006Te00000QAjdUIAT,00kTe00001RvL32IAF,H200,AI Cloud,Reserve,16,3.0,3.73,19.571045576407506,,Draft,,Obsolete,Obsolete,OBSOLETE,2026-08-05,2026-10-02,Prepaid,,eu-west1,Closed Lost,lost,1.91,2026-08-10,2026-09-01
2026-09-16,0QLTe0000084r5yOAA,0Q0Te000003IA2QKAW,006Te00000QAjXmIAL,00kTe00001QE7cEIAT,B200,AI Cloud,Reserve,128,4.65,5.93,21.58516020236088,Tier 3,In Review,Approved,Pending Resubmission,Change Requested,APPROVED,2026-08-17,2027-02-16,Prepaid,100.0,us-central1,Closed Won,signed,6.02,2026-08-08,2026-09-01
2026-09-16,0QLTe0000083CkqOAE,0Q0Te000003HHcEKAW,006Te00000Q3vtqIAB,,B200,AI Cloud,Reserve,512,4.5,,,,In Review,,Obsolete,Obsolete,OBSOLETE,2026-08-10,2027-08-10,Prepaid,,us-central1,Closed Lost,lost,12.01,2026-08-06,2026-09-01
2026-09-16,0QLTe000008LGmjOAG,0Q0Te000003RBthKAG,006Te00000Q3vtqIAB,00kTe00001RZ9MwIAL,B200,AI Cloud,Reserve,512,4.5,5.93,24.114671163575043,Tier 3,Draft,,Obsolete,Obsolete,,2026-09-15,2027-09-15,Prepaid,,us-central1,Closed Lost,lost,12.01,2026-08-27,2026-09-01
2026-09-16,0QLTe000008AtWVOA0,0Q0Te000003LMAIKA4,006Te00000QAjV3IAL,,H200,AI Cloud,Reserve,40,2.95,2.95,0.0,Tier 1,In Review,Auto Approved,Obsolete,Obsolete,OBSOLETE,2026-09-15,2027-09-15,Prepaid,30.0,us-central1,Proposal / Negotiation,proposal,12.01,2026-08-14,2026-08-31
2026-09-16,0QLTe000008JrIXOA0,0Q0Te000003QOcrKAG,006Te00000QAjXeIAL,00kTe00001RwsDPIAZ,B300,AI Cloud,Reserve,928,5.47,6.1,10.327868852459016,Tier 3,In Review,,Pending Resubmission,Change Requested,AWAITING_APPROVAL,2026-08-25,2026-10-20,Prepaid,0.0,us-north1,Closed Won,signed,1.84,2026-08-25,2026-08-31
2026-09-16,0QLTe0000083HnhOAE,0Q0Te000003HExhKAG,006Te00000Q3LysIAF,00kTe00001RvBZzIAN,H100,AI Cloud,Reserve,64,3.09,3.09,0.0,,In Review,,Obsolete,Obsolete,OBSOLETE,2026-08-01,2027-08-02,Prepaid,,eu-north1,Closed Lost,lost,12.04,2026-08-06,2026-08-31
2026-09-16,0QLTe0000083HniOAE,0Q0Te000003HExhKAG,006Te00000Q3LysIAF,00kTe00001RvBa0IAF,B300,AI Cloud,Testing,16,7.1,6.1,0.0,,In Review,,Obsolete,Obsolete,OBSOLETE,2026-06-08,2026-06-16,,,uk-south1,Closed Lost,lost,0.26,2026-08-06,2026-08-31
2026-09-16,0QLTe0000083YOjOAM,0Q0Te000003HRjdKAG,006Te00000Q7eMEIAZ,00kTe00001RvHzOIAV,B200,AI Cloud,Testing,8,5.5,5.93,7.251264755480607,,Draft,,Approved,Approved,APPROVED,2026-01-25,2026-02-09,,,us-central1,Technical Validation,draft,0.49,2026-08-07,2026-08-31
2026-09-16,0QLTe0000083YTZOA2,0Q0Te000003HRrhKAG,006Te00000Q7eMiIAJ,00kTe00001RvH42IAF,B200,AI Cloud,Testing,8,5.5,5.93,7.251264755480607,,In Review,,In Progress,Awaiting Approval,AWAITING_APPROVAL,2025-10-20,2025-11-13,,,us-central1,Proposal / Negotiation,proposal,0.79,2026-08-07,2026-08-31
2026-09-16,0QLTe0000083YTaOAM,0Q0Te000003HRrhKAG,006Te00000Q7eMiIAJ,00kTe00001RvH43IAF,H200,AI Cloud,Testing,8,3.5,3.73,6.166219839142091,,In Review,,In Progress,Awaiting Approval,AWAITING_APPROVAL,2025-10-20,2025-11-30,,,us-central1,Proposal / Negotiation,proposal,1.35,2026-08-07,2026-08-31
2026-09-16,0QLTe0000086MUIOA2,0Q0Te000003J3i1KAC,006Te00000QAjUKIA1,00kTe00001RvK1PIAV,B200,AI Cloud,Reserve,512,5.1,5.93,13.996627318718382,,In Review,,In Progress,Awaiting Approval,AWAITING_APPROVAL,2026-08-27,2027-08-28,Postpaid,,us-central1,Qualification,proposal,12.04,2026-08-10,2026-08-31
2026-09-16,0QLTe0000086NYPOA2,0Q0Te000003J3jdKAC,006Te00000QAjUMIA1,00kTe00001RutFwIAJ,H200,AI Cloud,Reserve,80,2.65,3.73,28.9544235924933,,In Review,,In Progress,Awaiting Approval,AWAITING_APPROVAL,2026-12-15,2027-12-15,Prepaid,,us-central1,Technical Validation,proposal,12.01,2026-08-10,2026-08-31
2026-09-16,0QLTe0000084rE1OAI,0Q0Te000003IADhKAO,006Te00000QAjUcIAL,00kTe00001Rv0IzIAJ,B300,AI Cloud,Reserve,64,7.85,6.1,0.0,,In Review,,In Progress,Awaiting Approval,AWAITING_APPROVAL,2026-09-30,2027-09-30,Prepaid,,me-west1,Proposal / Negotiation,proposal,12.01,2026-08-08,2026-08-31
2026-09-16,0QLTe0000084rKTOAY,0Q0Te000003IAIXKA4,006Te00000QAjUkIAL,00kTe00001Rv8OGIAZ,B300,AI Cloud,Reserve,32,5.8,6.1,4.918032786885246,,In Review,,In Progress,Awaiting Approval,AWAITING_APPROVAL,2026-09-01,2027-09-02,Prepaid,,eu-west2,Qualification,proposal,12.04,2026-08-08,2026-08-31
2026-09-16,0QLTe0000083YRxOAM,0Q0Te000003HRoTKAW,006Te00000Q7eMJIAZ,00kTe00001RulohIAB,B300,AI Cloud,Reserve,512,5.3,6.1,13.114754098360656,,In Review,,In Progress,Awaiting Approval,AWAITING_APPROVAL,2026-12-21,2027-12-22,Prepaid,,eu-south1,Technical Validation,proposal,12.04,2026-08-07,2026-08-31
2026-09-16,0QLTe0000083YRyOAM,0Q0Te000003HRoTKAW,006Te00000Q7eMJIAZ,00kTe00001RuloiIAB,B300,AI Cloud,Reserve,1480,5.3,6.1,13.114754098360656,,In Review,,In Progress,Awaiting Approval,AWAITING_APPROVAL,2026-09-01,2027-09-01,Prepaid,,us-north1,Technical Validation,proposal,12.01,2026-08-07,2026-08-31
2026-09-16,0QLTe0000083YJtOAM,0Q0Te000003HRgPKAW,006Te00000Q7eM9IAJ,00kTe00001Rv8FBIAZ,H200,Token Factory,Reserve,64,3.5,3.73,6.166219839142091,,Draft,,Rejected,Rejected,REJECTED,2026-02-20,2026-03-07,,,eu-west1,Qualification,draft,0.49,2026-08-07,2026-08-31
2026-09-16,0QLTe0000083WzfOAE,0Q0Te000003HQduKAG,006Te00000Q7eLgIAJ,00kTe00001RvFPBIA3,H200,AI Cloud,Testing,8,3.5,3.73,6.166219839142091,,In Review,,In Progress,Awaiting Approval,AWAITING_APPROVAL,2025-07-15,2025-12-16,,,eu-north1,Technical Validation,proposal,5.07,2026-08-07,2026-08-31
2026-09-16,0QLTe0000083YDROA2,0Q0Te000003HRYLKA4,006Te00000Q7eLLIAZ,00kTe00001RvLvZIAV,B200,AI Cloud,Testing,16,5.5,5.93,7.251264755480607,,Draft,,Rejected,Rejected,REJECTED,2026-06-01,2026-12-02,,,me-west1,Technical Validation,draft,6.05,2026-08-07,2026-08-31
2026-09-16,0QLTe0000083XHOOA2,0Q0Te000003HQkMKAW,006Te00000Q7d4AIAR,00kTe00001RvO9YIAV,B300,AI Cloud,Reserve,128,5.67,6.1,7.049180327868853,,In Review,,In Progress,Awaiting Approval,AWAITING_APPROVAL,2027-08-02,2028-08-02,Prepaid,,eu-west2,Technical Validation,proposal,12.04,2026-08-07,2026-08-31
2026-09-16,0QLTe0000083LBNOA2,0Q0Te000003HIV3KAO,006Te00000Q3yNyIAJ,00kTe00001RvLxlIAF,B200,AI Cloud,Reserve,96,5.1,5.93,13.996627318718382,,In Review,,In Progress,Awaiting Approval,AWAITING_APPROVAL,2027-01-26,2028-01-27,Prepaid,,us-central1,Proposal / Negotiation,proposal,12.04,2026-08-06,2026-08-31
2026-09-16,0QLTe0000083K42OAE,0Q0Te000003HHM6KAO,006Te00000Q3vsGIAR,,B300,AI Cloud,Reserve,1000,5.0,,,,In Review,,In Progress,Awaiting Approval,AWAITING_APPROVAL,2027-04-01,2029-04-02,Prepaid,,uk-south2,Technical Validation,proposal,24.08,2026-08-06,2026-08-27
2026-09-16,0QLTe0000083K43OAE,0Q0Te000003HHM6KAO,006Te00000Q3vsGIAR,,RTX6000,AI Cloud,Reserve,100,1.6,,,,In Review,,In Progress,Awaiting Approval,AWAITING_APPROVAL,2027-04-01,2029-04-02,Prepaid,,uk-south2,Technical Validation,proposal,24.08,2026-08-06,2026-08-27
2026-09-16,0QLTe0000083Fm0OAE,0Q0Te000003HCxYKAW,006Te00000Q3wc2IAB,00kTe00001Rv7gjIAB,B300,AI Cloud,Reserve,2000,5.46,6.1,10.491803278688524,,In Review,,In Progress,Awaiting Approval,AWAITING_APPROVAL,2026-12-31,2028-01-01,Postpaid,,eu-south1,Qualification,proposal,12.04,2026-08-06,2026-08-31
2026-09-16,0QLTe0000083Fm1OAE,0Q0Te000003HCxYKAW,006Te00000Q3wc2IAB,00kTe00001Rv7gkIAB,B300,AI Cloud,Testing,32,7.85,6.1,0.0,,In Review,,In Progress,Awaiting Approval,AWAITING_APPROVAL,2026-08-12,2026-08-27,,,uk-south1,Qualification,proposal,0.49,2026-08-06,2026-08-31
2026-09-16,0QLTe0000083KlZOAU,0Q0Te000003HI3dKAG,006Te00000Q3vqhIAB,,RTX6000,AI Cloud,Reserve,100,1.62,,,,In Review,,In Progress,Awaiting Approval,AWAITING_APPROVAL,2026-09-01,2027-09-02,,,uk-south2,Technical Validation,proposal,12.04,2026-08-06,2026-08-27
2026-09-16,0QLTe0000083KyTOAU,0Q0Te000003HIGXKA4,006Te00000Q3vvfIAB,00kTe00001RvE1eIAF,H100,AI Cloud,Reserve,64,2.5,3.09,19.093851132686083,,In Review,,In Progress,Awaiting Approval,AWAITING_APPROVAL,2026-09-01,2027-09-02,Prepaid,,eu-north1,Proposal / Negotiation,proposal,12.04,2026-08-06,2026-08-31
2026-09-16,0QLTe0000083IVGOA2,0Q0Te000003HFiUKAW,006Te00000Q3vtxIAB,00kTe00001RvJZHIA3,B200,AI Cloud,Reserve,56,5.8,5.93,2.1922428330522767,,Draft,,Approved,Approved,APPROVED,2026-08-06,2027-02-07,Prepaid,,us-central1,Closed Won,signed,6.09,2026-08-06,2026-08-31
2026-09-16,0QLTe0000083KqPOAU,0Q0Te000003HI8TKAW,006Te00000Q3vsMIAR,00kTe00001RuuJVIAZ,B300,AI Cloud,Reserve,32,3.5,6.1,42.622950819672134,,Draft,,Approved,,,2026-07-01,2026-07-18,Prepaid,,uk-south1,Proposal / Negotiation,draft,0.56,2026-08-06,2026-08-31
2026-09-16,0QLTe0000083KqQOAU,0Q0Te000003HI8TKAW,006Te00000Q3vsMIAR,00kTe00001RuuJWIAZ,B300,AI Cloud,Reserve,32,3.5,6.1,42.622950819672134,,Draft,,Approved,Approved,APPROVED,2026-07-01,2026-07-18,Prepaid,,uk-south1,Proposal / Negotiation,draft,0.56,2026-08-06,2026-08-31
2026-09-16,0QLTe0000083KiLOAU,0Q0Te000003HI0PKAW,006Te00000Q3vqbIAB,,B300,AI Cloud,Reserve,100,6.05,,,,In Review,,In Progress,Awaiting Approval,AWAITING_APPROVAL,2026-05-01,2027-05-01,Prepaid,,uk-south1,Technical Validation,proposal,12.01,2026-08-06,2026-08-27
2026-09-16,0QLTe0000083FxCOAU,0Q0Te000003HD7CKAW,006Te00000Q3vqaIAB,00kTe00001RvMaDIAV,H200,AI Cloud,Reserve,16,2.95,3.73,20.91152815013405,,In Review,,In Progress,Awaiting Approval,AWAITING_APPROVAL,2027-01-01,2028-01-01,Prepaid,,us-central1,Discovery,proposal,12.01,2026-08-06,2026-08-31
2026-09-16,0QLTe0000083DsAOAU,0Q0Te000003HBdGKAW,006Te00000Q3vqWIAR,,B300,AI Cloud,Reserve,100,7.1,,,,In Review,,In Progress,Awaiting Approval,AWAITING_APPROVAL,2027-01-01,2028-01-02,Prepaid,,eu-west2,Technical Validation,proposal,12.04,2026-08-06,2026-08-27
2026-09-16,0QLTe0000083KYfOAM,0Q0Te000003HHqjKAG,006Te00000Q3vilIAB,00kTe00001RvGYgIAN,B200,AI Cloud,Reserve,8,2.5,5.93,57.841483979763915,,In Review,,In Progress,Awaiting Approval,AWAITING_APPROVAL,2026-08-01,2027-12-01,Postpaid,,me-west1,Technical Validation,proposal,16.02,2026-08-06,2026-08-31
2026-09-16,0QLTe0000083KdVOAU,0Q0Te000003HHvZKAW,006Te00000Q3vqBIAR,00kTe00001RvL8sIAF,B300,AI Cloud,Testing,8,6.1,6.1,0.0,,In Review,,In Progress,Awaiting Approval,AWAITING_APPROVAL,2026-06-22,2026-06-27,,,uk-south1,Technical Validation,proposal,0.16,2026-08-06,2026-08-31
2026-09-16,0QLTe0000083KdWOAU,0Q0Te000003HHvZKAW,006Te00000Q3vqBIAR,00kTe00001RvL8tIAF,B200,AI Cloud,Reserve,1000,4.8,5.93,19.05564924114671,,In Review,,In Progress,Awaiting Approval,AWAITING_APPROVAL,2026-08-01,2027-08-01,Prepaid,,eu-north1,Technical Validation,proposal,12.01,2026-08-06,2026-08-31
2026-09-16,0QLTe0000083HB0OAM,0Q0Te000003HEJOKA4,006Te00000Q3vn2IAB,00kTe00001RuzG4IAJ,RTX6000,AI Cloud,Reserve,16,1.8,2.08,13.461538461538462,,In Review,,In Progress,Awaiting Approval,AWAITING_APPROVAL,2026-11-30,2027-12-01,Prepaid,,eu-south1,Technical Validation,proposal,12.04,2026-08-06,2026-08-31
2026-09-16,0QLTe0000083KaHOAU,0Q0Te000003HHsLKAW,006Te00000Q3vn0IAB,00kTe00001Rv7M9IAJ,B200,AI Cloud,Testing,16,5.5,5.93,7.251264755480607,,In Review,,In Progress,Approved,APPROVED,2026-03-09,2026-03-30,,,me-west1,Proposal / Negotiation,proposal,0.69,2026-08-06,2026-08-31
2026-09-16,0QLTe0000083KaIOAU,0Q0Te000003HHsLKAW,006Te00000Q3vn0IAB,00kTe00001Rv7MAIAZ,B200,AI Cloud,Reserve,160,3.4,5.93,42.66441821247892,,In Review,,In Progress,Awaiting Approval,AWAITING_APPROVAL,2026-11-02,2027-11-02,Prepaid,,me-west1,Proposal / Negotiation,proposal,12.01,2026-08-06,2026-08-31
2026-09-16,0QLTe0000083H7nOAE,0Q0Te000003HEEZKA4,006Te00000Q3vjBIAR,00kTe00001RvL34IAF,H100,AI Cloud,Testing,16,2.95,3.09,4.53074433656958,,In Review,,In Progress,Awaiting Approval,AWAITING_APPROVAL,2026-02-16,2026-03-16,,,eu-north1,Technical Validation,proposal,0.92,2026-08-06,2026-08-31
2026-09-16,0QLTe0000083FlxOAE,0Q0Te000003HCxXKAW,006Te00000Q3vmuIAB,00kTe00001RvIugIAF,H100,AI Cloud,Reserve,8,2.0,3.09,35.275080906148865,,In Review,,In Progress,Awaiting Approval,AWAITING_APPROVAL,2026-11-02,2026-12-02,Prepaid,,eu-north1,Qualification,proposal,0.99,2026-08-06,2026-08-31
2026-09-16,0QLTe0000083FlyOAE,0Q0Te000003HCxXKAW,006Te00000Q3vmuIAB,00kTe00001RvIuhIAF,H100,AI Cloud,Testing,16,2.95,3.09,4.53074433656958,,In Review,,In Progress,Awaiting Approval,AWAITING_APPROVAL,2026-04-13,2026-04-27,,,eu-north1,Qualification,proposal,0.46,2026-08-06,2026-08-31
2026-09-16,0QLTe0000083FlzOAE,0Q0Te000003HCxXKAW,006Te00000Q3vmuIAB,00kTe00001RvIuiIAF,H100,AI Cloud,Reserve,16,2.0,3.09,35.275080906148865,,In Review,,In Progress,Awaiting Approval,AWAITING_APPROVAL,2026-10-05,2027-10-06,Prepaid,,eu-north1,Qualification,proposal,12.04,2026-08-06,2026-08-31
2026-09-16,0QLTe0000083KX3OAM,0Q0Te000003HHp7KAG,006Te00000Q3vh1IAB,00kTe00001RvL4dIAF,H100,AI Cloud,Testing,8,2.95,3.09,4.53074433656958,,In Review,,In Progress,Awaiting Approval,AWAITING_APPROVAL,2025-12-04,2025-12-16,,,eu-north1,Technical Validation,proposal,0.39,2026-08-06,2026-08-31
2026-09-16,0QLTe0000083KX4OAM,0Q0Te000003HHp7KAG,006Te00000Q3vh1IAB,00kTe00001RvL4eIAF,H200,AI Cloud,Testing,8,3.5,3.73,6.166219839142091,,In Review,,In Progress,Awaiting Approval,AWAITING_APPROVAL,2025-12-04,2025-12-16,,,eu-north1,Technical Validation,proposal,0.39,2026-08-06,2026-08-31
2026-09-16,0QLTe0000083CWJOA2,0Q0Te000003HAcMKAW,006Te00000Q3vioIAB,00kTe00001RuzCbIAJ,RTX6000,AI Cloud,Reserve,32,1.68,2.08,19.23076923076923,,In Review,,In Progress,Awaiting Approval,AWAITING_APPROVAL,2026-06-01,2027-06-02,Prepaid,,us-central1,Technical Validation,proposal,12.04,2026-08-06,2026-08-31
2026-09-16,0QLTe0000083KSDOA2,0Q0Te000003HHkHKAW,006Te00000Q3vdvIAB,00kTe00001RvKLyIAN,RTX6000,AI Cloud,Reserve,64,1.4,2.08,32.69230769230769,,In Review,,In Progress,Awaiting Approval,AWAITING_APPROVAL,2026-04-27,2027-04-28,Prepaid,,us-central1,Technical Validation,proposal,12.04,2026-08-06,2026-08-31
2026-09-16,0QLTe0000083HFqOAM,0Q0Te000003HEOEKA4,006Te00000Q3vbsIAB,00kTe00001RvLvCIAV,H200,AI Cloud,Reserve,40,2.15,3.73,42.35924932975871,,Draft,,Approved,Approved,APPROVED,2026-11-01,2028-01-01,Postpaid,,us-central1,Discovery,draft,14.01,2026-08-06,2026-08-31
2026-09-16,0QLTe0000083KIXOA2,0Q0Te000003HHabKAG,006Te00000Q3vbqIAB,00kTe00001RurZGIAZ,H200,AI Cloud,Reserve,16,2.15,3.73,42.35924932975871,,Draft,,Approved,Approved,APPROVED,2026-08-15,2027-10-01,Postpaid,,us-central1,Technical Validation,draft,13.55,2026-08-06,2026-08-31
2026-09-16,0QLTe0000089uETOAY,0Q0Te000003KqtZKAS,006Te00000QAjVHIA1,00kTe00001RvKrmIAF,H200,AI Cloud,Reserve,32,3.5,3.73,6.166219839142091,,Draft,,,,,2026-03-14,2026-03-15,,,eu-west1,Qualification,draft,0.03,2026-08-13,2026-08-31
2026-09-16,0QLTe0000084rYzOAI,0Q0Te000003IAVRKA4,006Te00000QAjXlIAL,00kTe00001Run4KIAR,H200,AI Cloud,Reserve,48,3.05,3.73,18.230563002680967,,In Review,,In Progress,Awaiting Approval,AWAITING_APPROVAL,2026-09-01,2027-09-01,Prepaid,,us-central1,Proposal / Negotiation,proposal,12.01,2026-08-08,2026-08-31
2026-09-16,0QLTe0000086NoXOAU,0Q0Te000003J3zlKAC,006Te00000QAjXpIAL,00kTe00001RvF31IAF,B300,AI Cloud,Reserve,560,5.56,6.1,8.852459016393443,,In Review,,In Progress,Awaiting Approval,AWAITING_APPROVAL,2026-11-30,2027-11-30,Prepaid,,me-west1,Qualification,proposal,12.01,2026-08-10,2026-08-31
2026-09-16,0QLTe0000086NrlOAE,0Q0Te000003J42zKAC,006Te00000QAjXtIAL,00kTe00001RvBj0IAF,H200,AI Cloud,Reserve,2000,1.9,3.73,49.061662198391424,,In Review,,In Progress,Awaiting Approval,AWAITING_APPROVAL,2027-02-01,2029-03-04,Prepaid,,eu-north1,Discovery,proposal,25.07,2026-08-10,2026-08-31
2026-09-16,0QLTe0000084rfROAQ,0Q0Te000003IAbtKAG,006Te00000QAjY2IAL,00kTe00001RutUPIAZ,B300,AI Cloud,Testing,24,7.85,6.1,0.0,,In Review,,In Progress,Awaiting Approval,AWAITING_APPROVAL,2026-08-06,2026-09-04,,,uk-south2,Technical Validation,proposal,0.95,2026-08-08,2026-08-31
2026-09-16,0QLTe0000084rh3OAA,0Q0Te000003IAdVKAW,006Te00000QAjY4IAL,00kTe00001RvL4cIAF,B200,AI Cloud,Reserve,8,5.0,5.93,15.682967959527824,,In Review,,In Progress,Awaiting Approval,AWAITING_APPROVAL,2026-12-01,2027-12-02,Prepaid,,us-central1,Qualification,proposal,12.04,2026-08-08,2026-08-31
2026-09-16,0QLTe0000086LDGOA2,0Q0Te000003J4EHKA0,006Te00000QAjcFIAT,00kTe00001RvBdoIAF,B200,AI Cloud,Reserve,512,5.5,5.93,7.251264755480607,,In Review,,In Progress,Awaiting Approval,AWAITING_APPROVAL,2026-08-31,2027-09-01,Prepaid,,,Qualification,proposal,12.04,2026-08-10,2026-08-31
2026-09-16,0QLTe0000084oeMOAQ,0Q0Te000003I8TeKAK,006Te00000QAjc2IAD,00kTe00001Rv5i7IAB,B300,AI Cloud,Reserve,64,5.16,6.1,15.40983606557377,,In Review,,In Progress,Awaiting Approval,AWAITING_APPROVAL,2026-11-30,2027-11-30,Prepaid,,me-west2,Qualification,proposal,12.01,2026-08-08,2026-08-31
2026-09-16,0QLTe0000084rnVOAQ,0Q0Te000003IAjxKAG,006Te00000QAjc3IAD,00kTe00001RuzCNIAZ,B300,AI Cloud,Reserve,16,7.85,6.1,0.0,,In Review,,In Progress,Awaiting Approval,AWAITING_APPROVAL,2026-09-01,2027-05-01,Prepaid,,eu-north2,Proposal / Negotiation,proposal,7.96,2026-08-08,2026-08-31
2026-09-16,0QLTe0000089uJJOAY,0Q0Te000003KqyPKAS,006Te00000QAjcAIAT,00kTe00001RvIgnIAF,H200,Token Factory,Reserve,100,2.0,3.73,46.38069705093834,,Draft,,,,,2026-01-31,2026-02-05,Postpaid,,Europe,Proposal / Negotiation,draft,0.16,2026-08-13,2026-08-31
2026-09-16,0QLTe0000086cyrOAA,0Q0Te000003JFJNKA4,006Te00000QAjcEIAT,00kTe00001RvAu3IAF,B300,AI Cloud,Reserve,24,6.1,6.1,0.0,,Draft,,Approved,Approved,APPROVED,2026-08-06,2026-08-28,Prepaid,,uk-south1,Proposal / Negotiation,draft,0.72,2026-08-11,2026-08-31
2026-09-16,0QLTe0000086O4fOAE,0Q0Te000003J4HVKA0,006Te00000QAjcMIAT,00kTe00001Rv7FRIAZ,B300,AI Cloud,Reserve,1000,5.1,6.1,16.39344262295082,,In Review,,In Progress,Awaiting Approval,AWAITING_APPROVAL,2026-11-15,2028-11-16,Prepaid,,eu-south1,Proposal / Negotiation,proposal,24.08,2026-08-10,2026-08-31
2026-09-16,0QLTe0000086O6HOAU,0Q0Te000003J4KjKAK,006Te00000QAjcuIAD,00kTe00001RvFwmIAF,B300,AI Cloud,Reserve,24,5.25,6.1,13.934426229508198,,In Review,,In Progress,Awaiting Approval,AWAITING_APPROVAL,2026-11-15,2027-11-15,Prepaid,,eu-south1,Technical Validation,proposal,12.01,2026-08-10,2026-08-31
2026-09-16,0QLTe0000084rVmOAI,0Q0Te000003IASEKA4,006Te00000QAjevIAD,00kTe00001RutB8IAJ,B200,AI Cloud,Testing,24,7.15,5.93,0.0,,In Review,,In Progress,Awaiting Approval,AWAITING_APPROVAL,2026-09-01,2027-03-02,,,us-central1,Technical Validation,proposal,5.99,2026-08-08,2026-08-31
2026-09-16,0QLTe0000086OFxOAM,0Q0Te000003J4UPKA0,006Te00000QAk1BIAT,00kTe00001RulLsIAJ,B200,AI Cloud,Reserve,256,5.0,5.93,15.682967959527824,,In Review,,In Progress,Awaiting Approval,AWAITING_APPROVAL,2026-09-01,2027-09-01,,,me-west1,Qualification,proposal,12.01,2026-08-10,2026-08-31
2026-09-16,0QLTe0000086OHZOA2,0Q0Te000003J4W1KAK,006Te00000QAk4mIAD,00kTe00001RvHcPIAV,H200,AI Cloud,Reserve,128,3.25,3.73,12.868632707774799,,In Review,,In Progress,Awaiting Approval,AWAITING_APPROVAL,2026-09-15,2027-09-15,Postpaid,,us-central1,Qualification,proposal,12.01,2026-08-10,2026-08-31
2026-09-16,0QLTe0000086ORFOA2,0Q0Te000003J4fhKAC,006Te00000QAkudIAD,00kTe00001RvBPnIAN,B200,AI Cloud,Reserve,8,5.0,5.93,15.682967959527824,,In Review,,In Progress,Awaiting Approval,AWAITING_APPROVAL,2027-06-19,2027-12-19,Prepaid,,me-west1,Discovery,proposal,6.02,2026-08-10,2026-08-31
2026-09-16,0QLTe0000088hpZOAQ,0Q0Te000003KDLxKAO,006Te00000QHCCNIA5,00kTe00001Rus5RIAR,B200,AI Cloud,Testing,8,5.5,5.93,7.251264755480607,,Draft,,Approved,Approved,APPROVED,2026-03-01,2026-03-23,,,me-west1,Technical Validation,draft,0.72,2026-08-12,2026-08-31
2026-09-16,0QLTe0000088hrBOAQ,0Q0Te000003KDNZKA4,006Te00000QHCCOIA5,00kTe00001RvEyOIAV,H200,AI Cloud,Testing,8,3.5,3.73,6.166219839142091,,Draft,,Approved,Approved,APPROVED,2026-02-18,2026-03-21,,,us-central1,Technical Validation,draft,1.02,2026-08-12,2026-08-31
2026-09-16,0QLTe0000088dPNOAY,0Q0Te000003KAazKAG,006Te00000QHCMRIA5,00kTe00001RvFXFIA3,H100,AI Cloud,Testing,16,2.95,3.09,4.53074433656958,,Draft,,Approved,Approved,APPROVED,2026-02-20,2026-03-07,,,eu-north1,Agreement Signing,draft,0.49,2026-08-12,2026-08-31
2026-09-16,0QLTe0000088hsnOAA,0Q0Te000003KDQnKAO,006Te00000QHCMTIA5,00kTe00001RvKVCIA3,B300,AI Cloud,Testing,16,6.1,6.1,0.0,,Draft,,Approved,Approved,APPROVED,2026-01-01,2026-04-01,,,uk-south1,Prospecting,draft,2.96,2026-08-12,2026-08-31
2026-09-16,0QLTe0000083H7mOAE,0Q0Te000003HEEYKA4,006Te00000Q3uYBIAZ,00kTe00001RurLhIAJ,H200,AI Cloud,Reserve,32,1.8,3.73,51.742627345844504,,In Review,,In Progress,Awaiting Approval,AWAITING_APPROVAL,2026-05-01,2027-05-01,Postpaid,,eu-north1,Qualification,proposal,12.01,2026-08-06,2026-08-31
2026-09-16,0QLTe0000083GV5OAM,0Q0Te000003HGxuKAG,006Te00000Q3uPAIAZ,00kTe00001Ruy28IAB,H100,AI Cloud,Reserve,200,2.26,3.09,26.86084142394822,,In Review,,In Progress,Awaiting Approval,AWAITING_APPROVAL,2027-01-01,2028-01-01,Prepaid,,eu-north1,Qualification,proposal,12.01,2026-08-06,2026-08-31
2026-09-16,0QLTe0000083KC5OAM,0Q0Te000003HHU9KAO,006Te00000Q3uHDIAZ,00kTe00001RuuRlIAJ,H200,AI Cloud,Reserve,24,1.8,3.73,51.742627345844504,,In Review,,In Progress,Awaiting Approval,AWAITING_APPROVAL,2026-04-06,2026-10-06,Prepaid,,eu-north1,Qualification,proposal,6.02,2026-08-06,2026-08-31
2026-09-16,0QLTe0000083HpKOAU,0Q0Te000003HEzKKAW,006Te00000Q3rpdIAB,00kTe00001Rv81vIAB,B300,AI Cloud,Reserve,256,5.5,6.1,9.836065573770492,,In Review,,In Progress,Awaiting Approval,AWAITING_APPROVAL,2026-10-01,2027-10-01,Prepaid,,Europe,Qualification,proposal,12.01,2026-08-06,2026-08-31
2026-09-16,0QLTe0000083KATOA2,0Q0Te000003HHSXKA4,006Te00000Q3MgDIAV,00kTe00001RvFjtIAF,B200,AI Cloud,Reserve,1024,4.3,5.93,27.487352445193928,,Draft,,Approved,Approved,APPROVED,2026-11-10,2029-11-10,Prepaid,,me-west1,Closed Won,signed,36.05,2026-08-06,2026-08-31
2026-09-16,0QLTe0000083K8rOAE,0Q0Te000003HHQvKAO,006Te00000Q3MgCIAV,00kTe00001RvFgnIAF,B300,AI Cloud,Reserve,1024,4.18,6.1,31.475409836065573,,In Review,,In Progress,Awaiting Approval,AWAITING_APPROVAL,2026-12-01,2029-12-01,Prepaid,,eu-south1,Proposal / Negotiation,proposal,36.05,2026-08-06,2026-08-31
2026-09-16,0QLTe0000083K41OAE,0Q0Te000003HHM5KAO,006Te00000Q3MfnIAF,00kTe00001Ruvn1IAB,B300,AI Cloud,Testing,32,7.85,6.1,0.0,,In Review,,In Progress,Awaiting Approval,AWAITING_APPROVAL,2026-08-01,2026-08-21,,,uk-south1,Technical Validation,proposal,0.66,2026-08-06,2026-08-31
2026-09-16,0QLTe0000083JMWOA2,0Q0Te000003HGY6KAO,006Te00000Q3MdFIAV,00kTe00001RvDmCIAV,B200,AI Cloud,Reserve,512,5.75,5.93,3.0354131534569984,,In Review,,In Progress,Awaiting Approval,AWAITING_APPROVAL,2026-12-01,2027-12-02,Postpaid,,us-central1,Technical Validation,proposal,12.04,2026-08-06,2026-08-31
2026-09-16,0QLTe0000083GlCOAU,0Q0Te000003HDryKAG,006Te00000Q3MdEIAV,00kTe00001RuzeAIAR,B300,AI Cloud,Testing,32,6.1,6.1,0.0,,In Review,,In Progress,Awaiting Approval,AWAITING_APPROVAL,2026-08-01,2026-08-21,,,uk-south1,Technical Validation,proposal,0.66,2026-08-06,2026-08-31
2026-09-16,0QLTe0000083I3qOAE,0Q0Te000003HFDqKAO,006Te00000Q3MaPIAV,00kTe00001Rv5rfIAB,B200,AI Cloud,Reserve,512,5.3,5.93,10.623946037099493,,Draft,,Approved,Approved,APPROVED,2026-08-06,2027-08-07,Prepaid,,us-central1,Closed Won,signed,12.04,2026-08-06,2026-08-31
2026-09-16,0QLTe0000083DqYOAU,0Q0Te000003HBbeKAG,006Te00000Q3MaDIAV,00kTe00001RvIbFIAV,B300,AI Cloud,Reserve,8,5.0,6.1,18.0327868852459,,In Review,,In Progress,Awaiting Approval,,,,Postpaid,,eu-south1,Technical Validation,proposal,,2026-08-06,2026-08-31
2026-09-16,0QLTe0000083JeDOAU,0Q0Te000003HGppKAG,006Te00000Q3MaCIAV,00kTe00001Rv7jKIAR,RTX6000,AI Cloud,Reserve,16,1.8,2.08,13.461538461538462,,Draft,,Obsolete,Obsolete,OBSOLETE,2026-09-01,2028-09-02,Postpaid,,us-central1,Technical Validation,draft,24.08,2026-08-06,2026-08-31
2026-09-16,0QLTe0000083JcbOAE,0Q0Te000003HGoDKAW,006Te00000Q3MaBIAV,00kTe00001RvIWPIA3,H200,AI Cloud,Testing,32,3.73,3.73,0.0,,In Review,,In Progress,Awaiting Approval,AWAITING_APPROVAL,2025-11-17,2025-11-25,,,eu-north1,Qualification,proposal,0.26,2026-08-06,2026-08-31
2026-09-16,0QLTe0000083JazOAE,0Q0Te000003HGmbKAG,006Te00000Q3MaAIAV,,RTX6000,AI Cloud,Reserve,20,1.68,,,,In Review,,In Progress,Awaiting Approval,AWAITING_APPROVAL,2026-05-01,2027-05-01,Prepaid,,uk-south1,Technical Validation,proposal,12.01,2026-08-06,2026-08-27
2026-09-16,0QLTe0000083JZNOA2,0Q0Te000003HGkzKAG,006Te00000Q3Ma7IAF,00kTe00001RvFNwIAN,B300,AI Cloud,Reserve,104,5.0,6.1,18.0327868852459,,In Review,,In Progress,Awaiting Approval,AWAITING_APPROVAL,2026-12-15,2027-12-15,Prepaid,,eu-south1,Qualification,proposal,12.01,2026-08-06,2026-08-31
2026-09-16,0QLTe0000083FihOAE,0Q0Te000003HCuJKAW,006Te00000Q3MXYIA3,00kTe00001Rv7MqIAJ,B300,AI Cloud,Reserve,2000,4.65,6.1,23.770491803278688,,In Review,,In Progress,Awaiting Approval,AWAITING_APPROVAL,2027-01-31,2030-02-01,Prepaid,,me-west1,Qualification,proposal,36.09,2026-08-06,2026-08-31
2026-09-16,0QLTe0000083JO5OAM,0Q0Te000003HGZhKAO,006Te00000Q3MXMIA3,00kTe00001RvI3PIAV,B300,AI Cloud,Testing,8,7.85,6.1,0.0,,In Review,,In Progress,Awaiting Approval,AWAITING_APPROVAL,2026-08-01,2026-08-09,,,uk-south1,Technical Validation,proposal,0.26,2026-08-06,2026-08-31
2026-09-16,0QLTe0000083JO6OAM,0Q0Te000003HGZhKAO,006Te00000Q3MXMIA3,00kTe00001RvI3QIAV,B300,AI Cloud,Reserve,64,5.56,6.1,8.852459016393443,,In Review,,In Progress,Awaiting Approval,AWAITING_APPROVAL,2026-11-15,2027-11-16,Prepaid,,eu-south1,Technical Validation,proposal,12.04,2026-08-06,2026-08-31
2026-09-16,0QLTe0000083Dx3OAE,0Q0Te000003HFc3KAG,006Te00000Q3MUsIAN,00kTe00001RvI7UIAV,B300,AI Cloud,Reserve,384,5.66,6.1,7.213114754098361,,In Review,,In Progress,Awaiting Approval,AWAITING_APPROVAL,2027-02-01,2027-10-01,Prepaid,,eu-south1,Proposal / Negotiation,proposal,7.96,2026-08-06,2026-08-31
2026-09-16,0QLTe0000083In6OAE,0Q0Te000003HFydKAG,006Te00000Q3MT9IAN,00kTe00001RuwiBIAR,B300,AI Cloud,Reserve,256,4.92,6.1,19.34426229508197,,In Review,,In Progress,Awaiting Approval,AWAITING_APPROVAL,2026-10-01,2028-10-02,Prepaid,,eu-west2,Qualification,proposal,24.08,2026-08-06,2026-08-31
2026-09-16,0QLTe0000083In7OAE,0Q0Te000003HFydKAG,006Te00000Q3MT9IAN,00kTe00001RuwiCIAR,B300,AI Cloud,Testing,16,7.0984,6.1,0.0,,In Review,,In Progress,Awaiting Approval,AWAITING_APPROVAL,2026-04-20,2026-05-05,,,uk-south1,Qualification,proposal,0.49,2026-08-06,2026-08-31
2026-09-16,0QLTe0000083JEPOA2,0Q0Te000003HCUUKA4,006Te00000Q3MTBIA3,00kTe00001RvGg7IAF,H100,Token Factory,Reserve,8,2.95,3.09,4.53074433656958,,In Review,,In Progress,Awaiting Approval,AWAITING_APPROVAL,2026-07-01,2028-07-01,Postpaid,,us-east1,Technical Validation,proposal,24.05,2026-08-06,2026-08-31
2026-09-16,0QLTe0000083JEQOA2,0Q0Te000003HCUUKA4,006Te00000Q3MTBIA3,00kTe00001RvGg8IAF,B200,Token Factory,Testing,2,5.93,5.93,0.0,,In Review,,In Progress,Approved,APPROVED,2026-07-02,2026-08-02,,,tf-ca1,Technical Validation,proposal,1.02,2026-08-06,2026-08-31
2026-09-16,0QLTe0000083Fu5OAE,0Q0Te000003HD5cKAG,006Te00000Q3MT6IAN,00kTe00001RutFgIAJ,B300,AI Cloud,Reserve,16,5.7,6.1,6.557377049180328,,In Review,,In Progress,Awaiting Approval,AWAITING_APPROVAL,2026-11-15,2027-11-15,Prepaid,,eu-south1,Qualification,proposal,12.01,2026-08-06,2026-08-31
2026-09-16,0QLTe0000083FPKOA2,0Q0Te000003HCcYKAW,006Te00000Q3MSrIAN,00kTe00001RulAWIAZ,B200,AI Cloud,Reserve,32,5.7,5.93,3.87858347386172,,Draft,,Approved,Approved,APPROVED,2026-08-06,2027-08-06,Prepaid,,us-central1,Closed Won,signed,12.01,2026-08-06,2026-08-31
2026-09-16,0QLTe0000083J7xOAE,0Q0Te000003HGLBKA4,006Te00000Q3MQ3IAN,00kTe00001Rv7s3IAB,B300,Token Factory,Reserve,10,7.85,6.1,0.0,,In Review,,In Progress,Awaiting Approval,AWAITING_APPROVAL,2026-12-01,2027-12-02,Prepaid,,uk-south2,Technical Validation,proposal,12.04,2026-08-06,2026-08-31
2026-09-16,0QLTe0000083DFSOA2,0Q0Te000003HB8cKAG,006Te00000Q3MPYIA3,,H100,AI Cloud,Reserve,30,3.09,,,,In Review,,In Progress,Awaiting Approval,AWAITING_APPROVAL,2027-01-01,2028-01-02,Prepaid,,eu-west2,Qualification,proposal,12.04,2026-08-06,2026-08-27
2026-09-16,0QLTe0000083In5OAE,0Q0Te000003HFycKAG,006Te00000Q3MNJIA3,00kTe00001RvEzFIAV,B300,AI Cloud,Reserve,256,5.0,6.1,18.0327868852459,,In Review,,In Progress,Awaiting Approval,AWAITING_APPROVAL,2027-02-01,2029-02-02,Prepaid,,eu-south1,Technical Validation,proposal,24.08,2026-08-06,2026-08-31
2026-09-16,0QLTe0000083J1VOAU,0Q0Te000003HGD7KAO,006Te00000Q3MMnIAN,00kTe00001RudbxIAB,B300,AI Cloud,Reserve,1000,5.15,6.1,15.573770491803279,,In Review,,In Progress,Awaiting Approval,AWAITING_APPROVAL,2026-12-30,2027-12-31,,,us-north1,Qualification,proposal,12.04,2026-08-06,2026-08-31
2026-09-16,0QLTe0000083IBuOAM,0Q0Te000003HFLuKAO,006Te00000Q3MJxIAN,00kTe00001RvGlYIAV,B200,Token Factory,Testing,24,5.5,5.93,7.251264755480607,,Draft,,Approved,Approved,APPROVED,2026-03-16,2026-04-01,,,me-west1,Qualification,draft,0.53,2026-08-06,2026-08-31
2026-09-16,0QLTe0000083HNuOAM,0Q0Te000003HEWIKA4,006Te00000Q3MJrIAN,00kTe00001Rus58IAB,B200,AI Cloud,Reserve,8,7.15,5.93,0.0,,In Review,,In Progress,Approved,APPROVED,2026-07-07,2027-07-07,Prepaid,,me-west1,Proposal / Negotiation,proposal,12.01,2026-08-06,2026-08-31
2026-09-16,0QLTe0000083HNvOAM,0Q0Te000003HEWIKA4,006Te00000Q3MJrIAN,00kTe00001Rus59IAB,B200,AI Cloud,Testing,8,5.93,5.93,0.0,,In Review,,In Progress,Awaiting Approval,AWAITING_APPROVAL,2026-07-07,2026-08-07,,,me-west1,Proposal / Negotiation,proposal,1.02,2026-08-06,2026-08-31
2026-09-16,0QLTe0000083IyHOAU,0Q0Te000003HG9tKAG,006Te00000Q3MJpIAN,00kTe00001RvAFbIAN,H100,Token Factory,Reserve,60,2.0,3.09,35.275080906148865,,In Review,,Approved,Pending Sales Action,PENDING_SALES_ACTION,2026-03-06,2026-04-18,Postpaid,,eu-north1,Technical Validation,proposal,1.41,2026-08-06,2026-08-31
2026-09-16,0QLTe0000083IyIOAU,0Q0Te000003HG9tKAG,006Te00000Q3MJpIAN,00kTe00001RvAFcIAN,H200,Token Factory,Reserve,60,2.8,3.73,24.932975871313673,,In Review,,Approved,Pending Sales Action,PENDING_SALES_ACTION,2026-04-17,2026-08-07,Postpaid,,us-central1,Technical Validation,proposal,3.68,2026-08-06,2026-08-31
2026-09-16,0QLTe0000083IyJOAU,0Q0Te000003HG9tKAG,006Te00000Q3MJpIAN,00kTe00001RvAFdIAN,H100,Token Factory,Testing,16,2.0,3.09,35.275080906148865,,In Review,,Approved,Approved,APPROVED,2026-03-02,2026-04-01,,,eu-north1,Technical Validation,proposal,0.99,2026-08-06,2026-08-31
2026-09-16,0QLTe0000083ItROAU,0Q0Te000003HG53KAG,006Te00000Q3MJcIAN,00kTe00001Rv73wIAB,B200,AI Cloud,Reserve,1000,5.0,5.93,15.682967959527824,,In Review,,In Progress,Awaiting Approval,AWAITING_APPROVAL,2026-10-01,2027-04-02,Prepaid,,North America,Qualification,proposal,6.02,2026-08-06,2026-08-31
2026-09-16,0QLTe0000083IrpOAE,0Q0Te000003HG3RKAW,006Te00000Q3MINIA3,00kTe00001Rv7iaIAB,B300,AI Cloud,Reserve,256,5.0,6.1,18.0327868852459,,In Review,,In Progress,Awaiting Approval,AWAITING_APPROVAL,2027-02-01,2028-08-02,Prepaid,,eu-west2,Technical Validation,proposal,18.03,2026-08-06,2026-08-31
2026-09-16,0QLTe0000083FqkOAE,0Q0Te000003HD2MKAW,006Te00000Q3MCxIAN,00kTe00001Rv1buIAB,H200,Token Factory,Reserve,288,2.46,3.73,34.048257372654156,,Draft,,Approved,Approved,APPROVED,2026-08-01,2026-08-24,Prepaid,,tf-us1,Discovery,draft,0.76,2026-08-06,2026-08-31
2026-09-16,0QLTe0000083IevOAE,0Q0Te000003HFqXKAW,006Te00000Q3MCdIAN,00kTe00001Rv73uIAB,H100,AI Cloud,Reserve,600,2.0,3.09,35.275080906148865,,In Review,,In Progress,Awaiting Approval,AWAITING_APPROVAL,2026-12-31,2028-01-01,Prepaid,,eu-north1,Technical Validation,proposal,12.04,2026-08-06,2026-08-31
2026-09-16,0QLTe0000083IewOAE,0Q0Te000003HFqXKAW,006Te00000Q3MCdIAN,00kTe00001Rv73vIAB,H100,AI Cloud,Testing,8,3.09,3.09,0.0,,In Review,,In Progress,Approved,APPROVED,2026-05-18,2026-06-01,,,eu-north1,Technical Validation,proposal,0.46,2026-08-06,2026-08-31
2026-09-16,0QLTe0000083IdJOAU,0Q0Te000003HFovKAG,006Te00000Q3MCWIA3,,B300,AI Cloud,Reserve,20,5.56,,,,Draft,,,,,2026-12-12,2027-12-13,Prepaid,,eu-south1,Technical Validation,draft,12.04,2026-08-06,2026-08-27
2026-09-16,0QLTe0000083IbhOAE,0Q0Te000003HFnJKAW,006Te00000Q3MBCIA3,00kTe00001RvDLkIAN,B200,AI Cloud,Testing,8,5.5,5.93,7.251264755480607,,Draft,,Rejected,Rejected,REJECTED,2026-07-27,2026-08-01,,,us-central1,Closed Won,signed,0.16,2026-08-06,2026-08-31
2026-09-16,0QLTe0000083IbiOAE,0Q0Te000003HFnJKAW,006Te00000Q3MBCIA3,00kTe00001RvDLlIAN,B200,AI Cloud,Reserve,64,5.75,5.93,3.0354131534569984,,Draft,,Rejected,Approved,APPROVED,2026-08-06,2027-08-06,Prepaid,,us-central1,Closed Won,signed,12.01,2026-08-06,2026-08-31
2026-09-16,0QLTe0000083IYTOA2,0Q0Te000003HFk5KAG,006Te00000Q3MB2IAN,00kTe00001RuueiIAB,GB300,AI Cloud,Reserve,9936,3.39,3.39,0.0,,In Review,,In Progress,Awaiting Approval,AWAITING_APPROVAL,2026-08-15,2030-08-16,Postpaid,,eu-north1,Discovery,proposal,48.09,2026-08-06,2026-08-31
2026-09-16,0QLTe0000083IS1OAM,0Q0Te000003HFgrKAG,006Te00000Q3MA7IAN,00kTe00001RvCwCIAV,B300,AI Cloud,Testing,32,7.85,6.1,0.0,,Draft,,Approved,Approved,APPROVED,2026-08-24,2026-09-06,,,uk-south1,Technical Validation,draft,0.43,2026-08-06,2026-08-31
2026-09-16,0QLTe0000083Dx0OAE,0Q0Te000003HFc1KAG,006Te00000Q3M8JIAV,00kTe00001RvFv9IAF,B300,AI Cloud,Testing,16,7.85,6.1,0.0,,Draft,,Approved,Approved,APPROVED,2026-07-20,2026-07-25,,,uk-south1,Discovery,draft,0.16,2026-08-06,2026-08-31
2026-09-16,0QLTe0000083IJxOAM,0Q0Te000003HFYnKAO,006Te00000Q3M88IAF,00kTe00001RumeKIAR,B300,AI Cloud,Reserve,512,5.1,6.1,16.39344262295082,,In Review,,In Progress,Awaiting Approval,AWAITING_APPROVAL,2026-12-15,2028-12-15,Prepaid,,eu-south1,Proposal / Negotiation,proposal,24.05,2026-08-06,2026-08-31
2026-09-16,0QLTe0000083IJyOAM,0Q0Te000003HFYnKAO,006Te00000Q3M88IAF,00kTe00001RumeLIAR,B300,AI Cloud,Testing,24,7.0984,6.1,0.0,,In Review,,In Progress,Approved,APPROVED,2026-02-23,2026-03-09,,,uk-south1,Proposal / Negotiation,proposal,0.46,2026-08-06,2026-08-31
2026-09-16,0QLTe0000083IIMOA2,0Q0Te000003HFXCKA4,006Te00000Q3M7vIAF,00kTe00001RunspIAB,B300,AI Cloud,Reserve,256,5.4,6.1,11.475409836065573,,In Review,,In Progress,Awaiting Approval,AWAITING_APPROVAL,2026-12-01,2027-12-02,Prepaid,,eu-south1,Qualification,proposal,12.04,2026-08-06,2026-08-31
2026-09-16,0QLTe0000083IGjOAM,0Q0Te000003HFVZKA4,006Te00000Q3M7lIAF,,B300,AI Cloud,Reserve,100,5.0,,,,In Review,,In Progress,Awaiting Approval,AWAITING_APPROVAL,2027-03-01,2029-03-01,,,eu-west2,Technical Validation,proposal,24.05,2026-08-06,2026-08-27
2026-09-16,0QLTe0000083EY6OAM,0Q0Te000003HFSLKA4,006Te00000Q3M4tIAF,00kTe00001Rv6CFIAZ,H200,AI Cloud,Reserve,8,3.73,3.73,0.0,,In Review,,In Progress,Awaiting Approval,AWAITING_APPROVAL,2026-04-08,2027-04-08,Postpaid,,eu-west1,Proposal / Negotiation,proposal,12.01,2026-08-06,2026-08-31
2026-09-16,0QLTe0000083EY7OAM,0Q0Te000003HFSLKA4,006Te00000Q3M4tIAF,00kTe00001Rv6CGIAZ,H200,AI Cloud,Testing,8,3.73,3.73,0.0,,In Review,,In Progress,Approved,APPROVED,2026-03-14,2026-03-18,,,eu-west1,Proposal / Negotiation,proposal,0.13,2026-08-06,2026-08-31
2026-09-16,0QLTe0000083IDVOA2,0Q0Te000003HFQjKAO,006Te00000Q3M4nIAF,00kTe00001RvF4kIAF,B300,AI Cloud,Reserve,64,3.7,6.1,39.34426229508197,,In Review,,In Progress,Awaiting Approval,AWAITING_APPROVAL,2026-10-01,2027-04-05,Prepaid,,eu-west2,Technical Validation,proposal,6.12,2026-08-06,2026-08-31
2026-09-16,0QLTe0000083DiUOAU,0Q0Te000003HFNVKA4,006Te00000Q3M4eIAF,00kTe00001RvCd0IAF,B300,AI Cloud,Reserve,10000,3.0,6.1,50.81967213114754,,In Review,,In Progress,Awaiting Approval,AWAITING_APPROVAL,2026-11-01,2027-11-01,Prepaid,,me-west2,Qualification,proposal,12.01,2026-08-06,2026-08-31
2026-09-16,0QLTe0000083DItOAM,0Q0Te000003HBBqKAO,006Te00000Q3M4LIAV,00kTe00001Rv1LfIAJ,H200,AI Cloud,Reserve,16,4.5,3.73,0.0,,In Review,,In Progress,Awaiting Approval,,,,Prepaid,,Europe,Qualification,proposal,,2026-08-06,2026-08-31
2026-09-16,0QLTe0000083I8fOAE,0Q0Te000003HFIfKAO,006Te00000Q3M37IAF,00kTe00001Rv0JrIAJ,B300,AI Cloud,Reserve,200,5.0,6.1,18.0327868852459,,In Review,,In Progress,Awaiting Approval,AWAITING_APPROVAL,2027-02-28,2028-03-01,Prepaid,,eu-south1,Qualification,proposal,12.07,2026-08-06,2026-08-31
2026-09-16,0QLTe0000083I2DOAU,0Q0Te000003HFCDKA4,006Te00000Q3M2gIAF,00kTe00001RuwNJIAZ,H100,AI Cloud,Reserve,8,2.5,3.09,19.093851132686083,,In Review,,Approved,Approved,APPROVED,2026-08-05,2027-08-05,Prepaid,,eu-north1,Closed Won,signed,12.01,2026-08-06,2026-08-31
2026-09-16,0QLTe0000083HvlOAE,0Q0Te000003HF5lKAG,006Te00000Q3M0FIAV,00kTe00001Rv41KIAR,H200,Token Factory,Reserve,2,3.5,3.73,6.166219839142091,,In Review,,,Pending Sales Action,PENDING_SALES_ACTION,2026-08-15,2027-08-15,Postpaid,,eu-north1,Technical Validation,proposal,12.01,2026-08-06,2026-08-31
2026-09-16,0QLTe0000083HfdOAE,0Q0Te000003HEpdKAG,006Te00000Q3Lx2IAF,00kTe00001RvFMJIA3,B300,AI Cloud,Reserve,24,3.7,6.1,39.34426229508197,,In Review,,In Progress,Awaiting Approval,AWAITING_APPROVAL,2026-07-01,2027-01-04,Prepaid,,eu-west2,Qualification,proposal,6.15,2026-08-06,2026-08-31
2026-09-16,0QLTe0000083HcPOAU,0Q0Te000003HEmPKAW,006Te00000Q3LwCIAV,00kTe00001RuymPIAR,H100,AI Cloud,Reserve,32,3.05,3.09,1.2944983818770226,,In Review,,In Progress,Awaiting Approval,AWAITING_APPROVAL,2026-11-30,2027-09-01,Postpaid,,us-central1,Qualification,proposal,9.05,2026-08-06,2026-08-31
2026-09-16,0QLTe0000083HVxOAM,0Q0Te000003HEeLKAW,006Te00000Q3LvZIAV,00kTe00001Rv3G5IAJ,H200,Token Factory,Testing,6,3.5,3.73,6.166219839142091,,Draft,,Approved,Approved,APPROVED,2026-04-29,2026-05-29,,,us-central1,Qualification,draft,0.99,2026-08-06,2026-08-31
2026-09-16,0QLTe0000083E55OAE,0Q0Te000003HBmxKAG,006Te00000Q3LvXIAV,00kTe00001RuxrLIAR,H100,AI Cloud,Reserve,80,2.85,3.09,7.766990291262136,,In Review,,In Progress,Awaiting Approval,AWAITING_APPROVAL,2026-08-17,2027-08-17,Prepaid,,eu-north1,Technical Validation,proposal,12.01,2026-08-06,2026-08-31
2026-09-16,0QLTe0000083CxjOAE,0Q0Te000003HAvjKAG,006Te00000Q3LrGIAV,00kTe00001RuvTDIAZ,B300,AI Cloud,Testing,16,7.1,6.1,0.0,,Draft,,Approved,Approved,APPROVED,2026-06-08,2026-06-12,,,uk-south1,Technical Validation,draft,0.13,2026-08-06,2026-08-31
2026-09-16,0QLTe0000083Dk7OAE,0Q0Te000003HBWpKAO,006Te00000Q3LrBIAV,00kTe00001RvCGRIA3,H200,AI Cloud,Reserve,1024,3.5,3.73,6.166219839142091,,In Review,,In Progress,Awaiting Approval,AWAITING_APPROVAL,2026-11-28,2027-11-28,Prepaid,,MEA,Qualification,proposal,12.01,2026-08-06,2026-08-31
2026-09-16,0QLTe0000083FcGOAU,0Q0Te000003HCnqKAG,006Te00000Q3LqpIAF,00kTe00001RutrvIAB,B300,Token Factory,Reserve,16,5.0,6.1,18.0327868852459,,In Review,,In Progress,Awaiting Approval,AWAITING_APPROVAL,2026-11-01,2027-11-02,Prepaid,,uk-south2,Qualification,proposal,12.04,2026-08-06,2026-08-31
2026-09-16,0QLTe0000083HFpOAM,0Q0Te000003HEODKA4,006Te00000Q3LqeIAF,00kTe00001RuwkRIAR,B200,AI Cloud,Reserve,384,3.0,5.93,49.4097807757167,,In Review,,In Progress,Awaiting Approval,AWAITING_APPROVAL,2026-10-01,2027-10-01,Postpaid,,me-west1,Technical Validation,proposal,12.01,2026-08-06,2026-08-31
2026-09-16,0QLTe0000083HCbOAM,0Q0Te000003HEKzKAO,006Te00000Q3LqUIAV,00kTe00001Rul4fIAB,H200,AI Cloud,Reserve,48,2.8,3.73,24.932975871313673,,In Review,,In Progress,Awaiting Approval,AWAITING_APPROVAL,2026-08-17,2027-08-18,Prepaid,,us-central1,Qualification,proposal,12.04,2026-08-06,2026-08-31
2026-09-16,0QLTe0000083HCcOAM,0Q0Te000003HEKzKAO,006Te00000Q3LqUIAV,00kTe00001Rul4gIAB,H100,AI Cloud,Reserve,64,3.09,3.09,0.0,,In Review,,In Progress,Awaiting Approval,AWAITING_APPROVAL,2026-07-13,2027-07-14,Prepaid,,eu-north1,Qualification,proposal,12.04,2026-08-06,2026-08-31
2026-09-16,0QLTe0000083HAzOAM,0Q0Te000003HEJNKA4,006Te00000Q3LnyIAF,00kTe00001RuKTiIAN,B300,AI Cloud,Reserve,1000,5.05,6.1,17.21311475409836,,In Review,,In Progress,Awaiting Approval,AWAITING_APPROVAL,2026-08-01,2027-08-02,Postpaid,,eu-west2,Technical Validation,proposal,12.04,2026-08-06,2026-08-31
2026-09-16,0QLTe0000083H7lOAE,0Q0Te000003HEEXKA4,006Te00000Q3LnqIAF,00kTe00001Rv2w2IAB,B300,AI Cloud,Reserve,256,3.85,6.1,36.885245901639344,,In Review,,In Progress,Awaiting Approval,AWAITING_APPROVAL,2026-07-01,2028-07-02,Prepaid,,us-north1,Technical Validation,proposal,24.08,2026-08-06,2026-08-31
2026-09-16,0QLTe0000083H2vOAE,0Q0Te000003HE9hKAG,006Te00000Q3LnfIAF,,GB300,AI Cloud,Reserve,1008,6.9444,,,,In Review,,In Progress,Awaiting Approval,,2026-11-30,2028-12-01,Prepaid,,Europe,Qualification,proposal,24.08,2026-08-06,2026-08-27
2026-09-16,0QLTe0000083GZuOAM,0Q0Te000003HDggKAG,006Te00000Q3LnLIAV,00kTe00001RvASbIAN,B300,AI Cloud,Reserve,256,5.6,6.1,8.19672131147541,,In Review,,In Progress,Awaiting Approval,AWAITING_APPROVAL,2026-12-15,2027-12-16,Prepaid,,eu-south1,Technical Validation,proposal,12.04,2026-08-06,2026-08-31
2026-09-16,0QLTe0000083GmnOAE,0Q0Te000003HDtZKAW,006Te00000Q3LlLIAV,00kTe00001Rv6quIAB,B200,AI Cloud,Reserve,16,5.31,5.93,10.45531197301855,,In Review,,In Progress,Awaiting Approval,AWAITING_APPROVAL,2026-08-06,2027-08-08,,,us-central1,Technical Validation,proposal,12.07,2026-08-06,2026-08-31
2026-09-16,0QLTe0000083GoPOAU,0Q0Te000003HDvBKAW,006Te00000Q3LlUIAV,00kTe00001Rv9mZIAR,H200,AI Cloud,Reserve,8,3.7,3.73,0.8042895442359249,,In Review,,In Progress,Awaiting Approval,AWAITING_APPROVAL,2026-10-01,2027-10-01,Prepaid,,us-central1,Technical Validation,proposal,12.01,2026-08-06,2026-08-31
2026-09-16,0QLTe0000083GhxOAE,0Q0Te000003HDojKAG,006Te00000Q3LioIAF,00kTe00001RvBzzIAF,B200,Token Factory,PAYG,1,5.93,7.4,19.864864864864863,,In Review,,In Progress,Awaiting Approval,,2026-07-18,,Postpaid,,Europe,Technical Validation,proposal,,2026-08-06,2026-08-31
2026-09-16,0QLTe0000083GMzOAM,0Q0Te000003HDVNKA4,006Te00000Q3LddIAF,00kTe00001Rv8KHIAZ,B300,AI Cloud,Reserve,16,4.9,6.1,19.672131147540984,,In Review,,In Progress,Awaiting Approval,AWAITING_APPROVAL,2026-10-05,2027-10-05,Prepaid,,eu-west2,Technical Validation,proposal,12.01,2026-08-06,2026-08-31
2026-09-16,0QLTe0000083GA5OAM,0Q0Te000003HDK5KAO,006Te00000Q3LajIAF,00kTe00001RustOIAR,B300,AI Cloud,Testing,16,6.1,6.1,0.0,,In Review,,In Progress,Awaiting Approval,AWAITING_APPROVAL,2026-07-30,2026-08-08,,,uk-south1,Technical Validation,proposal,0.3,2026-08-06,2026-08-31
2026-09-16,0QLTe0000083GA6OAM,0Q0Te000003HDK5KAO,006Te00000Q3LajIAF,00kTe00001RustPIAR,B300,AI Cloud,Reserve,256,5.5,6.1,9.836065573770492,,In Review,,In Progress,Awaiting Approval,AWAITING_APPROVAL,2026-11-01,2027-11-01,Prepaid,,uk-south1,Technical Validation,proposal,12.01,2026-08-06,2026-08-31
2026-09-16,0QLTe0000083G8TOAU,0Q0Te000003HDITKA4,006Te00000Q3LaiIAF,00kTe00001Rv2w1IAB,H100,AI Cloud,Reserve,32,2.95,3.09,4.53074433656958,,In Review,,In Progress,Awaiting Approval,AWAITING_APPROVAL,2026-10-01,2026-11-02,Prepaid,,eu-north1,Qualification,proposal,1.05,2026-08-06,2026-08-31
2026-09-16,0QLTe0000083EUsOAM,0Q0Te000003HDGrKAO,006Te00000Q3LacIAF,00kTe00001RvBUxIAN,B200,AI Cloud,Reserve,80,2.5,5.93,57.841483979763915,,In Review,,In Progress,Awaiting Approval,AWAITING_APPROVAL,2026-08-01,2026-11-01,Postpaid,,me-west1,Technical Validation,proposal,3.03,2026-08-06,2026-08-31
2026-09-16,0QLTe0000083FxBOAU,0Q0Te000003HD7BKAW,006Te00000Q3LQ9IAN,00kTe00001RuwjWIAR,H100,AI Cloud,Testing,16,3.09,3.09,0.0,,Draft,,Approved,Approved,APPROVED,2026-07-22,2026-07-25,,,eu-north1,Technical Validation,draft,0.1,2026-08-06,2026-08-31
2026-09-16,0QLTe0000083Fp7OAE,0Q0Te000003HD0jKAG,006Te00000Q3L46IAF,00kTe00001Rv6bSIAR,B300,AI Cloud,Testing,32,7.85,6.1,0.0,,Draft,,Approved,Approved,APPROVED,2026-07-21,2026-07-27,,,uk-south1,Discovery,draft,0.2,2026-08-06,2026-08-31
2026-09-16,0QLTe0000083Fp8OAE,0Q0Te000003HD0jKAG,006Te00000Q3L46IAF,00kTe00001Rv6bTIAR,B300,AI Cloud,Testing,32,7.1,6.1,0.0,,Draft,,Approved,Approved,APPROVED,2026-06-29,2026-07-21,,,uk-south1,Discovery,draft,0.72,2026-08-06,2026-08-31
2026-09-16,0QLTe0000083FfROAU,0Q0Te000003HCr3KAG,006Te00000Q3KcUIAV,00kTe00001RutvcIAB,B200,Token Factory,Reserve,80,3.4,5.93,42.66441821247892,,In Review,,,Pending Sales Action,PENDING_SALES_ACTION,2026-05-01,2027-05-02,Postpaid,,us-central1,Qualification,proposal,12.04,2026-08-06,2026-08-31
2026-09-16,0QLTe0000083FigOAE,0Q0Te000003HCuIKAW,006Te00000Q3L3qIAF,00kTe00001RvBLFIA3,B300,AI Cloud,Testing,32,6.1,6.1,0.0,,In Review,,In Progress,Awaiting Approval,AWAITING_APPROVAL,2026-08-01,2026-08-16,,,uk-south1,Technical Validation,proposal,0.49,2026-08-06,2026-08-31
2026-09-16,0QLTe0000083FdpOAE,0Q0Te000003HCpRKAW,006Te00000Q3KcTIAV,00kTe00001Rv8dbIAB,H200,Token Factory,Reserve,100,3.4,3.73,8.847184986595174,,In Review,,,Pending Sales Action,PENDING_SALES_ACTION,2026-05-01,2027-05-02,Postpaid,,eu-north2,Qualification,proposal,12.04,2026-08-06,2026-08-31
2026-09-16,0QLTe0000083FYzOAM,0Q0Te000003HCkbKAG,006Te00000Q3KcGIAV,00kTe00001RvAQnIAN,H200,AI Cloud,Reserve,128,2.95,3.73,20.91152815013405,,In Review,,In Progress,Awaiting Approval,AWAITING_APPROVAL,2026-09-01,2027-09-01,Prepaid,,us-central1,Qualification,proposal,12.01,2026-08-06,2026-08-31
2026-09-16,0QLTe0000083DtpOAE,0Q0Te000003HBetKAG,006Te00000Q3KcAIAV,00kTe00001Rv7pYIAR,B300,Token Factory,Testing,16,7.85,6.1,0.0,Tier 1,In Review,,Pending Resubmission,Change Requested,PENDING_SALES_ACTION,2026-08-03,2026-08-17,Postpaid,,uk-south1,Qualification,proposal,0.46,2026-08-06,2026-08-31
2026-09-16,0QLTe0000083DtqOAE,0Q0Te000003HBetKAG,006Te00000Q3KcAIAV,00kTe00001Rv7pZIAR,B200,Token Factory,Testing,24,7.15,5.93,0.0,Tier 1,In Review,,Pending Resubmission,Change Requested,PENDING_SALES_ACTION,2026-08-03,2026-08-17,Postpaid,,me-west1,Qualification,proposal,0.46,2026-08-06,2026-08-31
2026-09-16,0QLTe0000083FSXOA2,0Q0Te000003HCflKAG,006Te00000Q3KGAIA3,00kTe00001RunHEIAZ,B300,AI Cloud,Reserve,32,6.1,6.1,0.0,,In Review,,In Progress,Awaiting Approval,AWAITING_APPROVAL,2026-12-01,2027-06-08,Prepaid,,eu-south1,Qualification,proposal,6.22,2026-08-06,2026-08-31
2026-09-16,0QLTe0000083FSYOA2,0Q0Te000003HCflKAG,006Te00000Q3KGAIA3,00kTe00001RunHFIAZ,RTX6000,AI Cloud,Reserve,24,1.72,2.08,17.307692307692307,,In Review,,In Progress,Awaiting Approval,AWAITING_APPROVAL,2026-12-01,2027-06-08,Prepaid,,eu-south1,Qualification,proposal,6.22,2026-08-06,2026-08-31
2026-09-16,0QLTe0000083EAXOA2,0Q0Te000003HE85KAG,006Te00000Q3LnPIAV,00kTe00001RupUrIAJ,B200,Token Factory,Reserve,2000,5.26,5.93,11.298482293423271,Tier 2,In Review,,Pending Resubmission,Change Requested,OBSOLETE,2026-08-31,2027-09-01,Postpaid,,North America,Closed Lost,lost,12.04,2026-08-06,2026-08-31
2026-09-16,0QLTe0000083EAYOA2,0Q0Te000003HE85KAG,006Te00000Q3LnPIAV,00kTe00001RupUsIAJ,B200,Token Factory,Testing,16,7.15,5.93,0.0,Tier 1,In Review,,Pending Resubmission,Change Requested,APPROVED,2026-08-06,2026-08-13,,,us-central1,Closed Lost,lost,0.23,2026-08-06,2026-08-31
2026-09-16,0QLTe000008ImXpOAK,0Q0Te000003PpnDKAS,006Te00000QecM9IAJ,00kTe00001RFKHdIAP,B200,AI Cloud,Reserve,200,5.3,5.93,10.623946037099493,Tier 1,In Review,Auto Approved,,,,2026-09-18,2027-09-18,Prepaid,,us-central1,Proposal / Negotiation,proposal,12.01,2026-08-24,2026-08-31
2026-09-16,0QLTe000008GeUkOAK,0Q0Te000003OXIrKAO,006Te00000QAjUZIA1,00kTe00001R23TCIAZ,B200,AI Cloud,Reserve,16,5.337,5.93,10.0,Tier 2,Draft,,,,,2026-08-25,2027-02-26,Prepaid,,us-central1,Closed Lost,lost,6.09,2026-08-21,2026-08-31
2026-09-16,0QLTe000008CdCHOA0,0Q0Te000003MSojKAG,006Te00000QLCDhIAP,00kTe00001QZ0FmIAL,B300,Token Factory,,220,5.5,0.0,0.0,Tier 1,Draft,,Obsolete,Obsolete,,2026-09-18,2026-11-18,,,North America,Closed Lost,lost,2.01,2026-08-17,2026-08-31
2026-09-16,0QLTe0000083FNiOAM,0Q0Te000003HCavKAG,006Te00000Q3FbTIAV,00kTe00001Rb81BIAR,B300,AI Cloud,Reserve,32,7.0984,6.1,0.0,,In Review,,Rejected,Approved,APPROVED,2026-04-20,2026-06-01,,,uk-south1,Technical Validation,proposal,1.38,2026-08-06,2026-08-31
2026-09-16,0QLTe0000083FNkOAM,0Q0Te000003HCavKAG,006Te00000Q3FbTIAV,00kTe00001Rb81DIAR,H200,AI Cloud,Reserve,16,3.5,3.73,6.166219839142091,,In Review,,Rejected,Approved,APPROVED,2026-03-09,2026-09-26,,,us-central1,Technical Validation,proposal,6.61,2026-08-06,2026-08-31
2026-09-16,0QLTe0000083FNoOAM,0Q0Te000003HCavKAG,006Te00000Q3FbTIAV,00kTe00001Rb81HIAR,B200,AI Cloud,Testing,16,5.5,5.93,7.251264755480607,,In Review,,Rejected,Approved,APPROVED,2026-03-26,2026-05-01,,,me-west1,Technical Validation,proposal,1.18,2026-08-06,2026-08-31
2026-09-16,0QLTe0000083FNsOAM,0Q0Te000003HCavKAG,006Te00000Q3FbTIAV,00kTe00001Rb81LIAR,GB300,AI Cloud,Reserve,144,9.2,9.2,0.0,,In Review,,Rejected,Awaiting Approval,AWAITING_APPROVAL,2026-06-09,2026-07-24,,,eu-west2,Technical Validation,proposal,1.48,2026-08-06,2026-08-31
2026-09-16,0QLTe0000083FM5OAM,0Q0Te000003HCZJKA4,006Te00000Q3B6IIAV,00kTe00001Rb815IAB,GB300,AI Cloud,Reserve,288,9.2,9.2,0.0,Tier 1,In Review,,In Progress,Awaiting Approval,AWAITING_APPROVAL,2027-01-04,2029-01-05,Prepaid,,uk-south1,Technical Validation,proposal,24.08,2026-08-06,2026-08-31
2026-09-16,0QLTe0000083EgAOAU,0Q0Te000003HC34KAG,006Te00000Q3M7oIAF,00kTe00001QFdjPIAT,B300,AI Cloud,Reserve,64,5.56,6.1,8.852459016393443,Tier 2,In Review,,Obsolete,Obsolete,OBSOLETE,2026-11-15,2027-11-16,Prepaid,,eu-south1,Closed Lost,lost,12.04,2026-08-06,2026-08-31
2026-09-16,0QLTe0000083EbLOAU,0Q0Te000003HC1TKAW,006Te00000Q3KcVIAV,00kTe00001Rb818IAB,H200,AI Cloud,Testing,8,2.3,3.73,38.33780160857909,Tier 1,In Review,,Pending Resubmission,Approved,APPROVED,2025-11-17,2025-11-25,,,us-central1,Qualification,proposal,0.26,2026-08-06,2026-08-31
2026-09-16,0QLTe0000083EbMOAU,0Q0Te000003HC1TKAW,006Te00000Q3KcVIAV,00kTe00001Rb819IAB,H200,AI Cloud,Reserve,64,1.95,3.73,47.72117962466488,Tier 3,In Review,,Pending Resubmission,Awaiting Approval,AWAITING_APPROVAL,2026-04-08,2027-04-08,Postpaid,,eu-west1,Qualification,proposal,12.01,2026-08-06,2026-08-31
2026-09-16,0QLTe0000083E54OAE,0Q0Te000003HBmwKAG,006Te00000Q3LqcIAF,00kTe00001Rb816IAB,GB300,AI Cloud,Reserve,144,9.2,9.2,0.0,Tier 1,In Review,,In Progress,Awaiting Approval,AWAITING_APPROVAL,2026-11-28,2027-10-31,Prepaid,,Europe,Qualification,proposal,11.09,2026-08-06,2026-08-31
2026-09-16,0QLTe0000082NLhOAM,0Q0Te000003GnuHKAS,006Te00000Q3B64IAF,00kTe00001QOHs6IAH,B300,AI Cloud,Reserve,16,5.4,6.1,11.475409836065573,Tier 2,In Review,,In Progress,Awaiting Approval,AWAITING_APPROVAL,2027-06-01,2028-06-02,Prepaid,,eu-south1,Qualification,proposal,12.07,2026-08-06,2026-08-31
2026-09-16,0QLTe0000083KVSOA2,0Q0Te000003HHnWKAW,006Te00000Q3yNOIAZ,00kTe00001RusC9IAJ,B300,AI Cloud,Reserve,2000,5.4,6.1,11.475409836065573,,In Review,,In Progress,Awaiting Approval,AWAITING_APPROVAL,2026-11-30,2029-12-01,Prepaid,,me-west2,Proposal / Negotiation,proposal,36.09,2026-08-06,2026-08-31
2026-09-16,0QLTe0000086N6zOAE,0Q0Te000003J3IDKA0,006Te00000Q3LqnIAF,00kTe00001QOam0IAD,B300,AI Cloud,Reserve,712,5.75,6.1,5.737704918032787,Tier 2,In Review,,Pending Resubmission,Change Requested,AWAITING_APPROVAL,2027-01-01,2029-01-03,Prepaid,,me-west1,Technical Validation,proposal,24.11,2026-08-10,2026-08-31
2026-09-16,0QLTe000008OpO9OAK,0Q0Te000003TE4HKAW,006Te00000QrGSfIAN,00kTe00001RttsXIAR,B300,Token Factory,Reserve,400,5.25,6.1,13.934426229508198,Tier 2,Draft,,,,,2027-08-31,2028-08-29,Prepaid,,us-north1,Technical Validation,draft,11.97,2026-08-31,2026-08-31
2026-09-16,0QLTe0000083GJlOAM,0Q0Te000003HDTlKAO,006Te00000Q3LdcIAF,00kTe00001QXp9HIAT,GB300,AI Cloud,Reserve,72,5.7,9.2,38.04347826086956,Tier 3,In Review,,Pending Resubmission,Change Requested,AWAITING_APPROVAL,2026-12-01,2027-12-01,Prepaid,,me-west3,Qualification,proposal,12.01,2026-08-06,2026-08-31
2026-09-16,0QLTe0000084rvZOAQ,0Q0Te000003IAs1KAG,006Te00000QAjetIAD,00kTe00001RaMWRIA3,GB300,AI Cloud,Reserve,3960,6.0,9.2,34.78260869565217,,In Review,,In Progress,Awaiting Approval,AWAITING_APPROVAL,2026-12-31,2028-01-01,Postpaid,0.0,me-west3,Proposal / Negotiation,proposal,12.04,2026-08-08,2026-08-31
2026-09-16,0QLTe0000083DLvOAM,0Q0Te000003HBF5KAO,006Te00000Q3vjDIAR,00kTe00001Rb812IAB,RTX6000,AI Cloud,Reserve,96,1.75,2.08,15.865384615384615,Tier 3,In Review,,Pending Resubmission,Change Requested,AWAITING_APPROVAL,2026-10-30,2027-10-31,Prepaid,,uk-south2,Technical Validation,proposal,12.04,2026-08-06,2026-08-31
2026-09-16,0QLTe0000083DLxOAM,0Q0Te000003HBF5KAO,006Te00000Q3vjDIAR,00kTe00001Rb814IAB,H200,AI Cloud,Reserve,96,3.25,3.73,12.868632707774799,Tier 2,In Review,,Pending Resubmission,Change Requested,AWAITING_APPROVAL,2026-10-30,2027-10-31,Prepaid,,us-central1,Technical Validation,proposal,12.04,2026-08-06,2026-08-31
2026-09-16,0QLTe0000086NlJOAU,0Q0Te000003J3wXKAS,006Te00000QAjVBIA1,00kTe00001QIBxoIAH,B300,AI Cloud,Reserve,256,5.6,6.1,8.19672131147541,Tier 2,Ops Review Complete,Auto Approved,Approved,Approved,APPROVED,2026-08-01,2026-08-28,Prepaid,,eu-west2,Closed Won,signed,0.89,2026-08-10,2026-08-31
2026-09-16,0QLTe000008NjvtOAC,0Q0Te000003SdJFKA0,006Te00000QRYWTIA5,00kTe00001RpBHXIA3,B200,AI Cloud,Reserve,8,5.5,5.93,7.251264755480607,Tier 2,In Review,In Progress,Approved,Approved,APPROVED,2026-09-01,2026-10-01,Postpaid,0.0,me-west1,Proposal / Negotiation,proposal,0.99,2026-08-30,2026-08-31
2026-09-16,0QLTe000008MnofOAC,0Q0Te000003Rw9RKAS,006Te00000QmgIvIAJ,00kTe00001Ri3VHIAZ,B200,AI Cloud,Reserve,32,5.0,5.93,15.682967959527824,Tier 1,In Review,Auto Approved,,,,2026-09-01,2029-09-01,Prepaid,,us-central1,Technical Validation,proposal,36.05,2026-08-28,2026-08-28
2026-09-16,0QLTe0000086OJCOA2,0Q0Te000003J4XdKAK,006Te00000QAk8bIAD,,B300,AI Cloud,Reserve,24,5.7,6.1,6.557377049180328,Tier 2,In Review,,Pending Resubmission,Change Requested,AWAITING_APPROVAL,2026-12-21,2028-12-22,Prepaid,,eu-south1,Proposal / Negotiation,proposal,24.08,2026-08-10,2026-08-31
2026-09-16,0QLTe0000086OJDOA2,0Q0Te000003J4XdKAK,006Te00000QAk8bIAD,,B300,AI Cloud,Testing,16,7.0984,6.1,0.0,Tier 1,In Review,,Pending Resubmission,Approved,APPROVED,2026-02-02,2026-02-17,,,uk-south1,Proposal / Negotiation,proposal,0.49,2026-08-10,2026-08-31
2026-09-16,0QLTe000008HxgbOAC,0Q0Te000003PWfhKAG,006Te00000QdB4fIAF,00kTe00001RCQWdIAP,RTX6000,AI Cloud,Reserve,256,1.65,2.08,20.673076923076923,Tier 3,Draft,,,,,2026-11-30,2028-11-30,Prepaid,,uk-south2,Technical Validation,draft,24.05,2026-08-24,2026-08-31
2026-09-16,0QLTe000008Cp6zOAC,0Q0Te000003MZdJKAW,006Te00000QRYWTIA5,,B200,AI Cloud,Reserve,8,5.5,5.93,7.251264755480607,Tier 2,In Review,,Obsolete,Obsolete,OBSOLETE,2026-09-01,2027-03-01,Prepaid,0.0,us-central1,Proposal / Negotiation,proposal,5.95,2026-08-17,2026-08-31
2026-09-16,0QLTe000008HTQnOAO,0Q0Te000003HEMbKAO,006Te00000Q3LqVIAV,00kTe00001R9k5HIAR,B200,AI Cloud,Reserve,128,4.99,5.93,15.85160202360877,Tier 2,In Review,,Obsolete,Obsolete,,2026-09-01,2027-09-01,Prepaid,,us-central1,Closed Lost,lost,12.01,2026-08-23,2026-08-31
2026-09-16,0QLTe000008IrdxOAC,0Q0Te000003Por7KAC,006Te00000QeGLeIAN,,B300,AI Cloud,Reserve,256,5.56,6.1,8.852459016393443,Tier 2,In Review,Approved,,,,2026-08-20,2027-08-20,Prepaid,,eu-west2,Proposal / Negotiation,proposal,12.01,2026-08-24,2026-08-27
2026-09-16,0QLTe0000083E8LOAU,0Q0Te000003HGwIKAW,006Te00000Q3MfgIAF,00kTe00001RaXLMIA3,GB300,AI Cloud,Testing,144,6.9,9.2,25.0,Tier 1,Draft,,Rejected,Rejected,REJECTED,2026-06-25,2026-06-27,,,eu-west3,Closed Lost,lost,0.07,2026-08-06,2026-08-29
2026-09-16,0QLTe0000083E8UOAU,0Q0Te000003HGwIKAW,006Te00000Q3MfgIAF,00kTe00001RaXLVIA3,GB300,AI Cloud,Reserve,1008,4.0,9.2,56.52173913043478,Tier 1,Draft,,Rejected,Obsolete,OBSOLETE,2026-10-01,2028-10-01,Prepaid,,eu-west3,Closed Lost,lost,24.05,2026-08-06,2026-08-29
2026-09-16,0QLTe0000083JvxOAE,0Q0Te000003HH9BKAW,006Te00000Q3MdvIAF,,B200,Token Factory,Reserve,32,5.93,,,,In Review,,Rejected,Rejected,REJECTED,2026-08-01,2027-08-02,Postpaid,,Europe,Proposal / Negotiation,proposal,12.04,2026-08-06,2026-08-29
2026-09-16,0QLTe0000084rtyOAA,0Q0Te000003IAqPKAW,006Te00000QAjerIAD,00kTe00001QhxYRIAZ,B200,AI Cloud,Reserve,128,3.0,5.93,49.4097807757167,Tier 3,Signed by Customer,Approved,Approved,Approved,APPROVED,2026-09-01,2027-09-01,Prepaid,,us-central1,Closed Won,signed,12.01,2026-08-08,2026-08-28
2026-09-16,0QLTe000008L5w9OAC,0Q0Te000003R39lKAC,006Te00000QjDIHIA3,00kTe00001RWGKvIAP,B300,Token Factory,Reserve,256,5.9,6.1,3.278688524590164,Tier 1,Signed by Customer,Auto Approved,Approved,Approved,APPROVED,2026-08-29,2027-08-30,Prepaid,30.0,us-north1,Closed Won,signed,12.04,2026-08-26,2026-08-28
2026-09-16,0QLTe0000084rqkOAA,0Q0Te000003IAnCKAW,006Te00000QAjd7IAD,00kTe00001Rk8PIIAZ,GB300,AI Cloud,Reserve,4032,5.75,9.2,37.5,Tier 3,In Review,,Pending Resubmission,Change Requested,AWAITING_APPROVAL,2026-11-30,2027-11-30,Prepaid,,me-west1,Proposal / Negotiation,proposal,12.01,2026-08-08,2026-08-28
2026-09-16,0QLTe000008N0kHOAS,0Q0Te000003S28PKAS,006Te00000QLFDCIA5,00kTe00001RjlHQIAZ,GB300,AI Cloud,Reserve,2016,8.0,9.2,13.043478260869565,Tier 3,In Review,In Progress,In Progress,Awaiting Approval,AWAITING_APPROVAL,2026-12-14,2027-04-14,Prepaid,87.5,me-west3,Proposal / Negotiation,proposal,3.98,2026-08-28,2026-08-28
2026-09-16,0QLTe0000089yUzOAI,0Q0Te000003KuM5KAK,006Te00000QLFDCIA5,,GB300,AI Cloud,,2000,8.0,0.0,0.0,Tier 1,In Review,Auto Approved,,Not Required,,2026-11-01,2027-03-01,,,North America,Proposal / Negotiation,proposal,3.95,2026-08-13,2026-08-28
2026-09-16,0QLTe0000086M2sOAE,0Q0Te000003J2duKAC,006Te00000QAjUSIA1,00kTe00001QtcDJIAZ,GB300,AI Cloud,Reserve,144,5.4,9.2,41.30434782608695,Tier 3,Signed by Customer,Approved,Approved,Approved,APPROVED,2026-12-10,2028-12-10,Prepaid,0.0,eu-west3,Closed Won,signed,24.05,2026-08-10,2026-08-28
2026-09-16,0QLTe0000084rHGOAY,0Q0Te000003IAGvKAO,006Te00000QAjUiIAL,00kTe00001Rbk7PIAR,H200,AI Cloud,Reserve,344,3.25,3.73,12.868632707774799,,In Review,,Obsolete,Obsolete,OBSOLETE,2026-08-11,2027-08-12,Postpaid,,us-central1,Closed Lost,lost,12.04,2026-08-08,2026-08-28
2026-09-16,0QLTe000008Mo4nOAC,0Q0Te000003RwHVKA0,006Te00000QmRqBIAV,00kTe00001RhsteIAB,B300,Token Factory,Reserve,80,5.5,6.1,9.836065573770492,Tier 2,Draft,,,,,2026-12-01,2029-12-01,Prepaid,,eu-west2,Technical Validation,draft,36.05,2026-08-28,2026-08-28
2026-09-16,0QLTe000008GogzOAC,0Q0Te000003OdxlKAC,006Te00000QZCIhIAP,00kTe00001R2UwqIAF,H200,Token Factory,Reserve,16,3.0,3.73,19.571045576407506,Tier 2,Ops Review In Progress,Approved,Approved,Approved,APPROVED,2026-09-07,2027-09-06,Prepaid,0.0,tf-us1,Proposal / Negotiation,proposal,11.97,2026-08-21,2026-08-27
2026-09-16,0QLTe0000086anQOAQ,0Q0Te000003JDeAKAW,006Te00000Q7eLpIAJ,,B300,AI Cloud,Testing,16,6.1,6.1,0.0,,Draft,,Approved,Approved,APPROVED,2026-07-13,2026-07-27,,,uk-south1,Technical Validation,draft,0.46,2026-08-11,2026-08-27
2026-09-16,0QLTe0000086anROAQ,0Q0Te000003JDeAKAW,006Te00000Q7eLpIAJ,,B300,AI Cloud,Testing,16,6.1,6.1,0.0,,Draft,,Approved,Pending Sales Action,PENDING_SALES_ACTION,2026-07-31,2026-08-07,,,uk-south1,Technical Validation,draft,0.23,2026-08-11,2026-08-27
2026-09-16,0QLTe000008DesfOAC,0Q0Te000003MxnhKAC,006Te00000QRHp2IAH,00kTe00001QfnC6IAJ,H200,AI Cloud,Reserve,16,3.5,3.73,6.166219839142091,Tier 2,Ops Review In Progress,Approved,Approved,Approved,APPROVED,2026-08-17,2027-08-18,Postpaid,0.0,eu-west1,Closed Won,signed,12.04,2026-08-18,2026-08-27
2026-09-16,0QLTe0000083YF3OAM,0Q0Te000003HRZxKAO,006Te00000Q7eLhIAJ,,B200,AI Cloud,Testing,8,5.5,5.93,7.251264755480607,Tier 1,Draft,,Approved,Approved,APPROVED,2026-03-01,2026-04-01,,,me-west1,Qualification,draft,1.02,2026-08-07,2026-08-27
2026-09-16,0QLTe0000083YF5OAM,0Q0Te000003HRZxKAO,006Te00000Q7eLhIAJ,,B300,AI Cloud,Testing,8,7.0984,6.1,0.0,Tier 1,Draft,,Approved,Approved,APPROVED,2025-11-25,2026-01-02,,,uk-south1,Qualification,draft,1.25,2026-08-07,2026-08-27
2026-09-16,0QLTe0000083YLVOA2,0Q0Te000003HR5LKAW,006Te00000Q7eMCIAZ,,H200,AI Cloud,Testing,8,3.5,3.73,6.166219839142091,Tier 1,Draft,,Approved,Approved,APPROVED,2025-11-10,2025-11-25,,,eu-north1,Technical Validation,draft,0.49,2026-08-07,2026-08-27
2026-09-16,0QLTe0000083YN7OAM,0Q0Te000003HRi1KAG,006Te00000Q7eMDIAZ,,H200,AI Cloud,Testing,8,3.5,3.73,6.166219839142091,Tier 1,Draft,,Approved,Approved,APPROVED,2025-10-27,2025-11-11,,,us-central1,Technical Validation,draft,0.49,2026-08-07,2026-08-27
2026-09-16,0QLTe0000086NdFOAU,0Q0Te000003J3oTKAS,006Te00000QAjUhIAL,,B300,AI Cloud,Testing,32,7.85,6.1,0.0,Tier 1,In Review,,In Progress,Awaiting Approval,AWAITING_APPROVAL,2026-08-01,2026-08-16,,,uk-south1,Technical Validation,proposal,0.49,2026-08-10,2026-08-27
2026-09-16,0QLTe0000083HhGOAU,0Q0Te000003HErGKAW,006Te00000Q3M7wIAF,00kTe00001RaXL9IAN,B300,AI Cloud,Testing,8,7.0984,6.1,0.0,Tier 1,In Review,,In Progress,Approved,APPROVED,2026-04-07,2026-04-11,,,uk-south1,Closed Lost,lost,0.13,2026-08-06,2026-08-27
2026-09-16,0QLTe0000083HhHOAU,0Q0Te000003HErGKAW,006Te00000Q3M7wIAF,00kTe00001RaXLAIA3,B200,AI Cloud,Testing,8,5.5,5.93,7.251264755480607,Tier 1,In Review,,In Progress,Approved,APPROVED,2026-04-13,2026-04-16,,,us-central1,Closed Lost,lost,0.1,2026-08-06,2026-08-27
2026-09-16,0QLTe0000083HhJOAU,0Q0Te000003HErGKAW,006Te00000Q3M7wIAF,00kTe00001RaXLCIA3,B300,AI Cloud,Testing,8,7.0984,6.1,0.0,Tier 1,In Review,,In Progress,Approved,APPROVED,2026-03-20,2026-04-07,,,uk-south1,Closed Lost,lost,0.59,2026-08-06,2026-08-27
2026-09-16,0QLTe0000083HhKOAU,0Q0Te000003HErGKAW,006Te00000Q3M7wIAF,00kTe00001RaXLDIA3,B300,AI Cloud,Reserve,160,4.84,6.1,20.65573770491803,Tier 3,In Review,,In Progress,Awaiting Approval,AWAITING_APPROVAL,2026-07-01,2027-07-02,Prepaid,,us-north1,Closed Lost,lost,12.04,2026-08-06,2026-08-27
2026-09-16,0QLTe0000083HhLOAU,0Q0Te000003HErGKAW,006Te00000Q3M7wIAF,00kTe00001RaXLEIA3,B300,AI Cloud,Testing,32,7.0984,6.1,0.0,Tier 1,In Review,,In Progress,Approved,APPROVED,2026-05-18,2026-06-02,,,uk-south1,Closed Lost,lost,0.49,2026-08-06,2026-08-27
2026-09-16,0QLTe0000083HhQOAU,0Q0Te000003HErGKAW,006Te00000Q3M7wIAF,00kTe00001RaXLJIA3,RTX6000,AI Cloud,Testing,8,2.08,2.08,0.0,Tier 1,In Review,,In Progress,Approved,APPROVED,2026-04-13,2026-04-18,,,us-central1,Closed Lost,lost,0.16,2026-08-06,2026-08-27
2026-09-16,0QLTe0000083HRGOA2,0Q0Te000003HEZXKA4,006Te00000Q3MGMIA3,,B300,AI Cloud,Testing,32,7.0984,6.1,0.0,Tier 1,In Review,,Pending Resubmission,Approved,APPROVED,2026-04-22,2026-05-11,Prepaid,,uk-south1,Proposal / Negotiation,proposal,0.62,2026-08-06,2026-09-02
2026-09-16,0QLTe0000083HRIOA2,0Q0Te000003HEZXKA4,006Te00000Q3MGMIA3,,RTX6000,AI Cloud,Testing,16,2.08,2.08,0.0,Tier 1,In Review,,Pending Resubmission,Awaiting Approval,AWAITING_APPROVAL,2026-06-02,2026-07-13,,,us-central1,Proposal / Negotiation,proposal,1.35,2026-08-06,2026-09-02
2026-09-16,0QLTe0000083HRLOA2,0Q0Te000003HEZXKA4,006Te00000Q3MGMIA3,,B300,AI Cloud,Reserve,96,5.07,6.1,16.885245901639344,Tier 2,In Review,,Pending Resubmission,Change Requested,AWAITING_APPROVAL,2026-12-15,2029-12-15,Prepaid,,eu-south1,Proposal / Negotiation,proposal,36.05,2026-08-06,2026-09-02
2026-09-16,0QLTe0000083GA8OAM,0Q0Te000003HDK6KAO,006Te00000Q3MaQIAV,,B300,AI Cloud,Testing,32,7.0984,6.1,0.0,Tier 1,Draft,,Approved,Approved,APPROVED,2026-03-17,2026-03-25,,,uk-south1,Technical Validation,draft,0.26,2026-08-06,2026-08-27
2026-09-16,0QLTe0000083HR8OAM,0Q0Te000003HEZVKA4,006Te00000Q3LvRIAV,00kTe00001RaMWQIA3,B300,AI Cloud,Reserve,64,5.6,6.1,8.19672131147541,,In Review,,In Progress,Awaiting Approval,AWAITING_APPROVAL,2026-08-01,2027-05-02,Prepaid,,eu-west2,Closed Lost,lost,9.01,2026-08-06,2026-08-27
2026-09-16,0QLTe0000083DTyOAM,0Q0Te000003HFP7KAO,006Te00000Q3M4jIAF,00kTe00001RaMWVIA3,GB300,AI Cloud,Reserve,3024,5.62,9.2,38.91304347826087,Tier 3,In Review,,In Progress,Awaiting Approval,AWAITING_APPROVAL,2026-09-15,2027-09-16,Prepaid,,eu-west3,Closed Lost,lost,12.04,2026-08-06,2026-08-27
2026-09-16,0QLTe0000083F7aOAE,0Q0Te000003HHHFKA4,006Te00000Q3MfeIAF,00kTe00001RaXVoIAN,GB300,AI Cloud,Reserve,4824,4.0,9.2,56.52173913043478,Tier 3,Draft,,Obsolete,Obsolete,OBSOLETE,2026-11-25,2029-11-25,Prepaid,,us-central1,Closed Lost,lost,36.05,2026-08-06,2026-08-27
2026-09-16,0QLTe0000083FcFOAU,0Q0Te000003HCnpKAG,006Te00000Q3KcNIAV,,B300,AI Cloud,Testing,16,6.1,6.1,0.0,Tier 1,In Review,,In Progress,Awaiting Approval,AWAITING_APPROVAL,2026-07-30,2026-08-14,,,uk-south1,Technical Validation,proposal,0.49,2026-08-06,2026-08-27
2026-09-16,0QLTe0000083Fu3OAE,0Q0Te000003HD5bKAG,006Te00000Q3LquIAF,00kTe00001RaXVfIAN,B300,AI Cloud,Reserve,4096,5.21,6.1,14.59016393442623,,In Review,,In Progress,Awaiting Approval,AWAITING_APPROVAL,2027-01-01,2028-01-02,Prepaid,,North America,Qualification,proposal,12.04,2026-08-06,2026-08-27
2026-09-16,0QLTe0000083Fu4OAE,0Q0Te000003HD5bKAG,006Te00000Q3LquIAF,00kTe00001RaXVgIAN,GB300,AI Cloud,Reserve,4032,9.2,9.2,0.0,,In Review,,In Progress,Awaiting Approval,AWAITING_APPROVAL,2027-01-01,2028-01-02,Prepaid,,us-south1,Qualification,proposal,12.04,2026-08-06,2026-08-27
2026-09-16,0QLTe0000083G21OAE,0Q0Te000003HDC1KAO,006Te00000Q3LQcIAN,00kTe00001RaXVQIA3,GB300,AI Cloud,Reserve,72,6.1,9.2,33.69565217391305,Tier 3,In Review,,In Progress,Awaiting Approval,AWAITING_APPROVAL,2026-11-16,2027-11-17,Prepaid,,eu-west3,Proposal / Negotiation,proposal,12.04,2026-08-06,2026-08-27
2026-09-16,0QLTe0000083G3eOAE,0Q0Te000003HDDeKAO,006Te00000Q3Lb4IAF,00kTe00001RaXVFIA3,GB300,AI Cloud,Reserve,2160,5.9,9.2,35.869565217391305,,In Review,,In Progress,Awaiting Approval,AWAITING_APPROVAL,2027-02-01,2029-02-02,Prepaid,,us-south1,Technical Validation,proposal,24.08,2026-08-06,2026-08-27
2026-09-16,0QLTe0000083G6rOAE,0Q0Te000003HDFFKA4,006Te00000Q3LaBIAV,,GB300,AI Cloud,Reserve,1152,5.15,9.2,44.02173913043478,Tier 3,In Review,,In Progress,Awaiting Approval,AWAITING_APPROVAL,2027-01-01,2030-01-01,Prepaid,,eu-west3,Discovery,proposal,36.05,2026-08-06,2026-08-27
2026-09-16,0QLTe0000083GAEOA2,0Q0Te000003HDK7KAO,006Te00000Q3vs2IAB,00kTe00001RaXVmIAN,B300,AI Cloud,Reserve,64,5.75,6.1,5.737704918032787,,In Review,,Obsolete,Obsolete,OBSOLETE,2026-08-01,2027-08-02,Postpaid,,eu-west2,Closed Lost,lost,12.04,2026-08-06,2026-08-27
2026-09-16,0QLTe0000083GTROA2,0Q0Te000003HDbpKAG,006Te00000Q3LdxIAF,00kTe00001RaXVRIA3,GB300,AI Cloud,Reserve,5040,5.9,9.2,35.869565217391305,,Draft,,Obsolete,Obsolete,OBSOLETE,2027-02-01,2029-02-02,Prepaid,,us-south1,Closed Lost,lost,24.08,2026-08-06,2026-08-27
2026-09-16,0QLTe0000083GgLOAU,0Q0Te000003HDn7KAG,006Te00000Q3LicIAF,00kTe00001RaXVhIAN,GB300,AI Cloud,Reserve,144,9.2,9.2,0.0,,In Review,,In Progress,Awaiting Approval,AWAITING_APPROVAL,2027-01-01,2028-01-30,,,North America,Qualification,proposal,12.96,2026-08-06,2026-08-27
2026-09-16,0QLTe0000083GusOAE,0Q0Te000003HE1eKAG,006Te00000Q3LzEIAV,00kTe00001RbqZ5IAJ,GB300,AI Cloud,Reserve,576,5.83,9.2,36.630434782608695,,In Review,,In Progress,Awaiting Approval,AWAITING_APPROVAL,2026-10-01,2028-10-02,Prepaid,,eu-west3,Technical Validation,proposal,24.08,2026-08-06,2026-08-27
2026-09-16,0QLTe0000083Hm6OAE,0Q0Te000003HEw6KAG,006Te00000Q3Lz1IAF,00kTe00001RaXVJIA3,GB300,AI Cloud,Reserve,1080,6.05,9.2,34.23913043478261,,In Review,,In Progress,Awaiting Approval,AWAITING_APPROVAL,2027-10-02,2028-10-02,Prepaid,,eu-west3,Technical Validation,proposal,12.04,2026-08-06,2026-08-27
2026-09-16,0QLTe0000083IDWOA2,0Q0Te000003HFQkKAO,006Te00000Q3MNDIA3,00kTe00001RaMWSIA3,GB300,AI Cloud,Reserve,144,9.2,9.2,0.0,,In Review,,In Progress,Awaiting Approval,AWAITING_APPROVAL,2026-12-01,2027-12-02,Prepaid,,uk-south2,Qualification,proposal,12.04,2026-08-06,2026-08-27
2026-09-16,0QLTe0000083IDXOA2,0Q0Te000003HFQlKAO,006Te00000Q3MgMIAV,,B300,AI Cloud,Testing,32,7.1,6.1,0.0,,Draft,,Approved,Approved,APPROVED,2026-06-30,2026-07-18,,,uk-south1,Technical Validation,draft,0.59,2026-08-06,2026-08-27
2026-09-16,0QLTe0000083IgXOAU,0Q0Te000003HFs9KAG,006Te00000Q3MCnIAN,00kTe00001RaMWYIA3,GB300,AI Cloud,Reserve,504,6.1,9.2,33.69565217391305,Tier 3,In Review,,In Progress,Awaiting Approval,AWAITING_APPROVAL,2027-03-01,2028-03-01,Prepaid,,eu-west3,Qualification,proposal,12.04,2026-08-06,2026-08-27
2026-09-16,0QLTe0000083JSvOAM,0Q0Te000003HGeXKAW,006Te00000Q3MXRIA3,00kTe00001RaXVKIA3,GB300,AI Cloud,Reserve,7992,3.3,9.2,64.1304347826087,Tier 3,Draft,,Obsolete,Obsolete,OBSOLETE,2026-09-01,2028-09-02,Prepaid,,eu-west2,Closed Lost,lost,24.08,2026-08-06,2026-08-27
2026-09-16,0QLTe0000083JW9OAM,0Q0Te000003HGhlKAG,006Te00000Q3MXVIA3,,GB300,AI Cloud,Reserve,1008,9.2,9.2,0.0,,In Review,,In Progress,Awaiting Approval,AWAITING_APPROVAL,2026-07-08,2026-12-09,Prepaid,,eu-west3,Technical Validation,proposal,5.07,2026-08-06,2026-08-27
2026-09-16,0QLTe0000083JZOOA2,0Q0Te000003HGl0KAG,006Te00000Q3MfdIAF,00kTe00001RaXVnIAN,GB300,AI Cloud,Reserve,1656,4.0,9.2,56.52173913043478,Tier 3,Draft,,Obsolete,Obsolete,OBSOLETE,2026-12-15,2029-12-15,Prepaid,,me-west1,Closed Lost,lost,36.05,2026-08-06,2026-08-27
2026-09-16,0QLTe0000083KTpOAM,0Q0Te000003HHltKAG,006Te00000Q3vh0IAB,,H200,AI Cloud,Testing,8,3.5,3.73,6.166219839142091,,In Review,,In Progress,Awaiting Approval,AWAITING_APPROVAL,2025-10-17,2025-11-30,,,us-central1,Proposal / Negotiation,proposal,1.45,2026-08-06,2026-08-27
2026-09-16,0QLTe0000083KTqOAM,0Q0Te000003HHltKAG,006Te00000Q3vh0IAB,,B200,AI Cloud,Testing,8,5.5,5.93,7.251264755480607,,In Review,,In Progress,Awaiting Approval,AWAITING_APPROVAL,2025-10-15,2025-11-30,,,us-central1,Proposal / Negotiation,proposal,1.51,2026-08-06,2026-08-27
2026-09-16,0QLTe0000083KjyOAE,0Q0Te000003HI21KAG,006Te00000Q3vqeIAB,,B300,AI Cloud,Reserve,1024,5.56,6.1,8.852459016393443,,In Review,,Obsolete,Obsolete,OBSOLETE,2026-12-15,2027-12-17,Postpaid,,eu-south1,Closed Lost,lost,12.07,2026-08-06,2026-08-27
2026-09-16,0QLTe0000083KjzOAE,0Q0Te000003HI21KAG,006Te00000Q3vqeIAB,,B300,AI Cloud,Testing,16,6.1,6.1,0.0,,In Review,,Obsolete,Approved,APPROVED,2026-06-21,2026-06-30,,,uk-south1,Closed Lost,lost,0.3,2026-08-06,2026-08-27
2026-09-16,0QLTe0000083Kk0OAE,0Q0Te000003HI21KAG,006Te00000Q3vqeIAB,,RTX6000,AI Cloud,Testing,16,2.08,2.08,0.0,,In Review,,Obsolete,Approved,APPROVED,2026-07-13,2026-07-20,,,us-central1,Closed Lost,lost,0.23,2026-08-06,2026-08-27
2026-09-16,0QLTe0000083Kk1OAE,0Q0Te000003HI21KAG,006Te00000Q3vqeIAB,,RTX6000,AI Cloud,Reserve,500,1.74,2.08,16.346153846153847,,In Review,,Obsolete,Awaiting Approval,AWAITING_APPROVAL,2026-12-15,2027-12-17,Postpaid,,eu-south1,Closed Lost,lost,12.07,2026-08-06,2026-08-27
2026-09-16,0QLTe0000083KtdOAE,0Q0Te000003HIBhKAO,006Te00000Q3vtcIAB,,GB300,AI Cloud,Reserve,1008,6.14,9.2,33.26086956521739,,In Review,,In Progress,Awaiting Approval,AWAITING_APPROVAL,2026-09-01,2027-09-03,Postpaid,,eu-west3,Technical Validation,proposal,12.07,2026-08-06,2026-08-27
2026-09-16,0QLTe0000083Y3mOAE,0Q0Te000003HRq5KAG,006Te00000Q7eMLIAZ,,GB300,AI Cloud,Testing,72,9.2,9.2,0.0,,In Review,,In Progress,Awaiting Approval,AWAITING_APPROVAL,2026-07-27,2026-08-18,,,North America,Technical Validation,proposal,0.72,2026-08-07,2026-08-27
2026-09-16,0QLTe0000083YIHOA2,0Q0Te000003HRdBKAW,006Te00000Q7eLrIAJ,00kTe00001RaMWXIA3,GB300,AI Cloud,Reserve,1152,9.2,9.2,0.0,,In Review,,In Progress,Awaiting Approval,AWAITING_APPROVAL,2027-02-02,2028-02-04,,,North America,Discovery,proposal,12.07,2026-08-07,2026-08-27
2026-09-16,0QLTe0000083YYROA2,0Q0Te000003HRwXKAW,006Te00000Q7gCmIAJ,,B300,AI Cloud,Reserve,16,7.0984,6.1,0.0,Tier 2,In Review,,In Progress,Approved,APPROVED,2026-03-20,2026-03-28,,,uk-south1,Proposal / Negotiation,proposal,0.26,2026-08-07,2026-08-27
2026-09-16,0QLTe0000084rPKOAY,0Q0Te000003IAOzKAO,006Te00000QAjVJIA1,00kTe00001RaMWaIAN,H200,AI Cloud,Reserve,16,3.2,3.73,14.20911528150134,,In Review,,In Progress,Awaiting Approval,AWAITING_APPROVAL,2026-09-21,2027-09-23,Prepaid,,us-central1,Closed Lost,lost,12.07,2026-08-08,2026-08-27
2026-09-16,0QLTe0000086N0YOAU,0Q0Te000003J3AAKA0,006Te00000Q3LvbIAF,,H100,AI Cloud,Reserve,24,2.77,3.09,10.35598705501618,Tier 2,In Review,,In Progress,Awaiting Approval,,2026-08-05,2027-02-06,Prepaid,,Europe,Closed Won,signed,6.09,2026-08-10,2026-08-27
2026-09-16,0QLTe0000089p1tOAA,0Q0Te000003Kn7hKAC,006Te00000Q3vtlIAB,00kTe00001QHrxoIAD,RTX6000,AI Cloud,Reserve,8,2.08,2.08,0.0,Tier 1,Draft,,,,,2027-02-01,2028-02-01,Prepaid,,us-central1,Technical Validation,draft,12.01,2026-08-13,2026-08-27
2026-09-16,0QLTe0000089pI1OAI,0Q0Te000003Kn7hKAC,006Te00000Q3vtlIAB,00kTe00001QHKMWIA5,B200,AI Cloud,Reserve,8,5.93,5.93,0.0,Tier 2,Draft,,,,,2027-02-01,2028-02-01,Prepaid,,us-central1,Technical Validation,draft,12.01,2026-08-13,2026-08-27
2026-09-16,0QLTe0000083HvmOAE,0Q0Te000003HF5mKAG,006Te00000Q3M4TIAV,00kTe00001RM9YgIAL,B300,AI Cloud,Testing,32,7.85,6.1,0.0,Tier 1,In Review,,Pending Resubmission,Change Requested,APPROVED,2026-08-25,2026-09-05,,,uk-south1,Technical Validation,proposal,0.36,2026-08-06,2026-08-25
2026-09-16,0QLTe0000084r60OAA,0Q0Te000003IA2RKAW,006Te00000QAjbhIAD,,B200,AI Cloud,Reserve,224,5.1591,5.93,13.0,Tier 3,In Review,In Progress,In Progress,Obsolete,OBSOLETE,2026-08-01,2026-08-20,Prepaid,0.0,me-west1,Closed Won,signed,0.62,2026-08-08,2026-08-19
2026-09-16,0QLTe0000087YzdOAE,0Q0Te000003JfFRKA0,006Te00000QGQM9IAP,00kTe00001Q2youIAB,H200,AI Cloud,Reserve,64,2.95,2.95,0.0,Tier 2,In Review,Recalled,,,,2026-12-01,2027-11-30,Postpaid,,us-central1,Technical Validation,proposal,11.97,2026-08-11,2026-08-13
2026-09-16,0QLTe0000088XtROAU,0Q0Te000003HFdfKAG,006Te00000Q3rpmIAB,00kTe00001Q9Gu6IAF,B200,AI Cloud,Reserve,640,6.1,5.93,0.0,Tier 2,Signed by Customer,Approved,Approved,Approved,APPROVED,2026-09-01,2027-09-02,Postpaid,30.0,us-central1,Closed Won,signed,12.04,2026-08-12,2026-08-26
2026-09-16,0QLTe000008Ag6EOAS,0Q0Te000003LEhNKAW,006Te00000Q3vqeIAB,00kTe00001QNktmIAD,RTX6000,AI Cloud,Reserve,504,1.6501,2.08,20.67,Tier 3,Draft,,Obsolete,Obsolete,,2026-12-28,2028-12-29,Prepaid,,eu-south1,Closed Lost,lost,24.08,2026-08-14,2026-08-27
2026-09-16,0QLTe000008AgvpOAC,0Q0Te000003LEhNKAW,006Te00000Q3vqeIAB,00kTe00001QO0NmIAL,B300,AI Cloud,Reserve,1024,6.5,6.1,0.0,Tier 1,Draft,,Obsolete,Obsolete,,2026-12-28,2028-12-29,Prepaid,,eu-south1,Closed Lost,lost,24.08,2026-08-14,2026-08-18
2026-09-16,0QLTe000008AsFROA0,0Q0Te000003LJvaKAG,006Te00000QN67NIAT,00kTe00001QQBuyIAH,B300,AI Cloud,Reserve,1480,6.1,6.1,0.0,Tier 1,Draft,,,,,2026-09-02,2027-09-02,Prepaid,,us-north1,Proposal / Negotiation,draft,12.01,2026-08-14,2026-08-27
2026-09-16,0QLTe000008EogHOAS,0Q0Te000003IA2RKAW,006Te00000QAjbhIAD,,B200,AI Cloud,Reserve,40,5.1591,5.93,13.0,Tier 3,In Review,In Progress,In Progress,Awaiting Approval,AWAITING_APPROVAL,2026-08-05,2026-08-20,Prepaid,0.0,me-west1,Closed Won,signed,0.49,2026-08-19,2026-08-27
2026-09-16,0QLTe0000086b6jOAA,0Q0Te000003JDz7KAG,006Te00000QAjbaIAD,00kTe00001RbcfGIAR,B200,AI Cloud,Reserve,128,5.16,5.93,12.984822934232715,,Draft,,,,,2026-09-15,2027-09-15,Prepaid,,me-west1,Proposal / Negotiation,draft,12.01,2026-08-11,2026-08-27
2026-09-16,0QLTe0000086b6kOAA,0Q0Te000003JDz7KAG,006Te00000QAjbaIAD,00kTe00001RbcfHIAR,B300,AI Cloud,Testing,32,6.1,6.1,0.0,,Draft,,,Approved,APPROVED,2026-06-30,2026-07-11,,,uk-south1,Proposal / Negotiation,draft,0.36,2026-08-11,2026-08-27
2026-09-16,0QLTe0000086NwbOAE,0Q0Te000003J47pKAC,006Te00000QAjbhIAD,,B300,AI Cloud,Reserve,32,5.56,6.1,8.852459016393443,,Draft,,,,,2026-08-05,2026-08-21,Prepaid,,uk-south1,Closed Won,signed,0.53,2026-08-10,2026-08-27
2026-09-16,0QLTe0000086NwcOAE,0Q0Te000003J47pKAC,006Te00000QAjbhIAD,,B200,AI Cloud,Reserve,224,5.51,5.93,7.082630691399663,,Draft,,,,,2026-08-05,2026-08-22,Prepaid,,me-west1,Closed Won,signed,0.56,2026-08-10,2026-08-27
2026-09-16,0QLTe0000086NwdOAE,0Q0Te000003J47pKAC,006Te00000QAjbhIAD,,B200,AI Cloud,Reserve,40,5.5,5.93,7.251264755480607,,Draft,,,,,2026-08-05,2026-08-21,Prepaid,,me-west1,Closed Won,signed,0.53,2026-08-10,2026-08-27
2026-09-16,0QLTe0000086NwfOAE,0Q0Te000003J47pKAC,006Te00000QAjbhIAD,,B300,AI Cloud,Reserve,48,6.0,6.1,1.639344262295082,,Draft,,,,,2026-08-05,2026-08-22,Prepaid,,uk-south1,Closed Won,signed,0.56,2026-08-10,2026-08-27
2026-09-16,0QLTe0000084rNhOAI,0Q0Te000003IANNKA4,006Te00000QAjV3IAL,,H200,AI Cloud,Reserve,40,3.15,,,,Draft,,In Progress,Awaiting Approval,AWAITING_APPROVAL,2026-09-15,2027-09-15,Prepaid,,us-central1,Proposal / Negotiation,draft,12.01,2026-08-08,2026-08-27
2026-09-16,0QLTe0000084rdpOAA,0Q0Te000003IAaHKAW,006Te00000QAjY1IAL,,B200,AI Cloud,Reserve,8,5.25,,,,Draft,,In Progress,Awaiting Approval,AWAITING_APPROVAL,2026-08-06,2027-08-06,,,us-central1,Technical Validation,draft,12.01,2026-08-08,2026-08-27
2026-09-16,0QLTe0000086Hw4OAE,0Q0Te000003J0fKKAS,006Te00000Q3MPzIAN,,B300,AI Cloud,Reserve,64,5.73,,,Tier 3,In Review,,In Progress,Awaiting Approval,,2026-12-01,2027-12-01,Prepaid,,me-west2,Proposal / Negotiation,proposal,12.01,2026-08-10,2026-08-27
2026-09-16,0QLTe0000086Hw5OAE,0Q0Te000003J0fKKAS,006Te00000Q3MPzIAN,,H100,AI Cloud,Reserve,64,2.77,,,Tier 3,In Review,,In Progress,Awaiting Approval,,2026-08-05,2027-02-05,Prepaid,,Nemax,Proposal / Negotiation,proposal,6.05,2026-08-10,2026-08-27
2026-09-16,0QLTe0000086KlqOAE,0Q0Te000003J1puKAC,006Te00000Q3FbTIAV,,B200,AI Cloud,Testing,16,5.5,,,,Draft,,In Progress,Approved,,2026-03-26,2026-05-01,NO PAYMENT,,me-west1,Technical Validation,draft,1.18,2026-08-10,2026-08-27
2026-09-16,0QLTe0000086KlsOAE,0Q0Te000003J1puKAC,006Te00000Q3FbTIAV,,GB300,AI Cloud,Reserve,144,9.2,,,,Draft,,In Progress,Awaiting Approval,,2026-06-09,2026-07-24,NO PAYMENT,,eu-west2,Technical Validation,draft,1.48,2026-08-10,2026-08-27
2026-09-16,0QLTe0000086KltOAE,0Q0Te000003J1puKAC,006Te00000Q3FbTIAV,,H200,AI Cloud,Testing,16,4.5,,,,Draft,,In Progress,Approved,APPROVED,2026-08-05,2026-08-13,NO PAYMENT,,eu-north1,Technical Validation,draft,0.26,2026-08-10,2026-08-27
2026-09-16,0QLTe0000086KluOAE,0Q0Te000003J1puKAC,006Te00000Q3FbTIAV,,H200,AI Cloud,Testing,16,4.5,,,,Draft,,In Progress,Awaiting Approval,AWAITING_APPROVAL,2026-08-10,2026-08-31,NO PAYMENT,,eu-north1,Technical Validation,draft,0.69,2026-08-10,2026-08-27
2026-09-16,0QLTe0000086KlwOAE,0Q0Te000003J1puKAC,006Te00000Q3FbTIAV,,B300,AI Cloud,Reserve,32,7.0984,,,,Draft,,In Progress,Approved,,2026-04-20,2026-06-01,NO PAYMENT,,uk-south1,Technical Validation,draft,1.38,2026-08-10,2026-08-27
2026-09-16,0QLTe0000086Km3OAE,0Q0Te000003J1puKAC,006Te00000Q3FbTIAV,,H200,AI Cloud,Reserve,16,3.5,,,,Draft,,In Progress,Approved,,2026-03-09,2026-09-26,NO PAYMENT,,us-central1,Technical Validation,draft,6.61,2026-08-10,2026-08-27
2026-09-16,0QLTe0000086NADOA2,0Q0Te000003J3LRKA0,006Te00000Q3LyuIAF,,H200,AI Cloud,Reserve,256,3.22,,,,Draft,,Obsolete,Obsolete,OBSOLETE,2026-09-21,2027-09-22,Prepaid,,us-central1,Closed Lost,lost,12.04,2026-08-10,2026-09-02
2026-09-16,0QLTe0000086NLXOA2,0Q0Te000003J3V7KAK,006Te00000Q3rpmIAB,,B300,AI Cloud,Reserve,640,6.0,,,Tier 3,In Review,,In Progress,Awaiting Approval,,2026-09-01,2027-09-02,Postpaid,,us-central1,Closed Won,signed,12.04,2026-08-10,2026-08-27
2026-09-16,0QLTe0000086NuzOAE,0Q0Te000003J46DKAS,006Te00000QAjbaIAD,,B200,AI Cloud,Reserve,128,5.16,,,,Draft,,In Progress,Awaiting Approval,AWAITING_APPROVAL,2026-09-15,2027-09-15,Prepaid,,me-west1,Proposal / Negotiation,draft,12.01,2026-08-10,2026-08-27
2026-09-16,0QLTe0000086b3VOAQ,0Q0Te000003JDvtKAG,006Te00000Q7eLqIAJ,,B200,AI Cloud,Testing,24,5.93,5.93,0.0,,Draft,,,Approved,APPROVED,2026-07-14,2026-07-28,Postpaid,,us-central1,Technical Validation,draft,0.46,2026-08-11,2026-08-27
2026-09-16,0QLTe0000086b3WOAQ,0Q0Te000003JDvtKAG,006Te00000Q7eLqIAJ,,B200,AI Cloud,Testing,24,5.93,5.93,0.0,,Draft,,,,,2026-07-14,2026-07-28,Postpaid,,us-central1,Technical Validation,draft,0.46,2026-08-11,2026-08-27
2026-09-16,0QLTe0000088aRWOAY,0Q0Te000003KAj3KAG,006Te00000QHEEWIA5,,B300,AI Cloud,Testing,16,7.85,,,,Draft,,,Approved,APPROVED,2026-08-04,2026-08-22,NO PAYMENT,,eu-west2,Proposal / Negotiation,draft,0.59,2026-08-12,2026-08-27
2026-09-16,0QLTe0000084rKVOAY,0Q0Te000003IAIZKA4,006Te00000QAjVAIA1,00kTe00001QYab5IAD,GB300,AI Cloud,Reserve,2520,5.4,9.2,41.30434782608695,Tier 3,In Review,In Progress,In Progress,Awaiting Approval,AWAITING_APPROVAL,2026-11-30,2027-11-30,Prepaid,,me-west1,Technical Validation,proposal,12.01,2026-08-08,2026-08-27
2026-09-16,0QLTe0000083Jb1OAE,0Q0Te000003HGmcKAG,006Te00000Q3voJIAR,,H200,Token Factory,Reserve,80,2.46,,,Tier 1,Draft,,Approved,Approved,,2026-07-01,2026-08-05,Postpaid,,tf-us1,Closed Won,signed,1.15,2026-08-06,2026-08-27
2026-09-16,0QLTe0000083KFLOA2,0Q0Te000003HHXOKA4,006Te00000Q3vrfIAB,,B300,AI Cloud,Testing,16,7.85,,,,Draft,,Obsolete,Awaiting Approval,AWAITING_APPROVAL,2026-09-01,2026-09-16,NO PAYMENT,,uk-south2,Closed Lost,lost,0.49,2026-08-06,2026-09-02
2026-09-16,0QLTe0000083KgjOAE,0Q0Te000003HHynKAG,006Te00000Q3vqSIAR,,B200,AI Cloud,Reserve,1500,4.3,,,,Draft,,Obsolete,Awaiting Approval,,2026-08-06,2029-08-07,Prepaid,,us-central1,Closed Lost,lost,36.09,2026-08-06,2026-08-27
2026-09-16,0QLTe0000084psAOAQ,0Q0Te000003IAC5KAO,006Te00000QAjUZIA1,,B300,AI Cloud,Reserve,8,7.85,,,,In Review,,Obsolete,Awaiting Approval,AWAITING_APPROVAL,2026-08-25,2027-02-25,Prepaid,,me-west1,Closed Lost,lost,6.05,2026-08-08,2026-08-27
2026-09-16,0QLTe0000084rFhOAI,0Q0Te000003IAFKKA4,006Te00000QAjV2IAL,,B300,AI Cloud,Reserve,64,6.0,,,,In Review,,Obsolete,Obsolete,OBSOLETE,2026-08-20,2027-08-21,Prepaid,,eu-west2,Closed Lost,lost,12.04,2026-08-08,2026-08-27
2026-09-16,0QLTe0000083H1JOAU,0Q0Te000003HE6TKAW,006Te00000Q3LnNIAV,00kTe00001RFS79IAH,B300,AI Cloud,Reserve,3000,5.67,6.1,7.049180327868853,,In Review,,In Progress,Awaiting Approval,AWAITING_APPROVAL,2026-11-15,2027-11-16,Prepaid,,eu-south1,Technical Validation,proposal,12.04,2026-08-06,2026-08-27
2026-09-16,0QLTe0000083H2wOAE,0Q0Te000003HE9iKAG,006Te00000Q3MfpIAF,00kTe00001RWSHKIA5,B300,AI Cloud,Reserve,840,5.69,6.1,6.721311475409836,,In Review,,In Progress,Awaiting Approval,AWAITING_APPROVAL,2027-02-06,2027-08-29,Prepaid,,eu-south1,Proposal / Negotiation,proposal,6.71,2026-08-06,2026-08-27
2026-09-16,0QLTe0000083GtFOAU,0Q0Te000003HE01KAG,006Te00000Q3LlxIAF,,B300,AI Cloud,Reserve,512,5.1,,,,Draft,,Obsolete,Obsolete,OBSOLETE,2026-11-30,2028-12-01,Prepaid,,eu-south1,Closed Lost,lost,24.08,2026-08-06,2026-09-02
2026-09-16,0QLTe0000083HPVOA2,0Q0Te000003HEXtKAO,006Te00000Q3LtuIAF,,B200,Token Factory,Reserve,8,5.93,,,,Draft,,Approved,Approved,APPROVED,2026-06-26,2026-07-05,Postpaid,,tf-ca1,Proposal / Negotiation,draft,0.3,2026-08-06,2026-08-27
2026-09-16,0QLTe0000083IILOA2,0Q0Te000003HFXBKA4,006Te00000Q3M7qIAF,,B200,Token Factory,Reserve,64,4.9,,,,Draft,,In Progress,Awaiting Approval,AWAITING_APPROVAL,2026-10-01,2027-11-02,Prepaid,,us-north1,Discovery,draft,13.06,2026-08-06,2026-08-27
2026-09-16,0QLTe0000083EUuOAM,0Q0Te000003HDGtKAO,006Te00000Q3MPzIAN,,B300,AI Cloud,Reserve,64,5.73,,,,In Review,,Obsolete,Obsolete,OBSOLETE,2026-12-01,2027-12-01,Prepaid,,me-west2,Proposal / Negotiation,proposal,12.01,2026-08-06,2026-08-27
2026-09-16,0QLTe0000083EUvOAM,0Q0Te000003HDGtKAO,006Te00000Q3MPzIAN,,H100,AI Cloud,Reserve,64,2.77,,,,In Review,,Obsolete,Obsolete,OBSOLETE,2026-08-05,2027-02-05,Prepaid,,eu-north1,Proposal / Negotiation,proposal,6.05,2026-08-06,2026-08-27
2026-09-16,0QLTe0000083FabOAE,0Q0Te000003HCmDKAW,006Te00000Q3KcLIAV,00kTe00001QoW5bIAF,B300,AI Cloud,Reserve,40,5.2,6.1,14.754098360655737,Tier 1,In Review,Auto Approved,Pending Resubmission,Change Requested,AWAITING_APPROVAL,2026-12-01,2028-12-01,Prepaid,,eu-south1,Qualification,proposal,24.05,2026-08-06,2026-08-27
2026-09-16,0QLTe0000083FpBOAU,0Q0Te000003HD0lKAG,006Te00000Q3MMxIAN,,B300,AI Cloud,Reserve,1400,4.95,,,,In Review,,In Progress,Awaiting Approval,AWAITING_APPROVAL,2026-11-15,2028-10-16,Prepaid,,eu-south1,Closed Won,signed,23.06,2026-08-06,2026-08-27
2026-09-16,0QLTe0000083GJmOAM,0Q0Te000003HDTmKAO,006Te00000Q3LfIIAV,,GB300,AI Cloud,Reserve,1008,6.1,9.2,33.7,Tier 3,In Review,,Obsolete,Obsolete,OBSOLETE,2026-10-01,2027-10-01,Prepaid,30.0,eu-west3,Proposal / Negotiation,proposal,12.01,2026-08-06,2026-08-27
2026-09-16,0QLTe0000083GTSOA2,0Q0Te000003HDbqKAG,006Te00000Q3LljIAF,,B200,AI Cloud,Testing,16,7.15,,,,Draft,,Obsolete,Obsolete,OBSOLETE,2026-07-24,2026-08-08,NO PAYMENT,,tf-ca1,Closed Lost,lost,0.49,2026-08-06,2026-09-02
2026-09-16,0QLTe0000086Q3FOAU,0Q0Te000003J58jKAC,006Te00000QAjbhIAD,,B300,AI Cloud,Reserve,40,6.1,6.1,0.0,Tier 2,In Review,Approved,Obsolete,Awaiting Approval,AWAITING_APPROVAL,2026-08-11,2026-08-20,Prepaid,0.0,uk-south1,Closed Won,signed,0.3,2026-08-10,2026-08-17
2026-09-16,0QLTe000008Kz9BOAS,0Q0Te000003QxacKAC,006Te00000QihDaIAJ,00kTe00001RUxPBIA1,B200,AI Cloud,Reserve,360,6.1,5.93,0.0,Tier 1,In Review,Auto Approved,Pending Resubmission,Change Requested,AWAITING_APPROVAL,2026-09-14,2027-09-15,Postpaid,30.0,us-central1,Proposal / Negotiation,proposal,12.04,2026-08-26,2026-08-27
2026-09-16,0QLTe000008LUPuOAO,0Q0Te000003RHMPKA4,006Te00000QAjUWIA1,00kTe00001RZzrrIAD,B300,AI Cloud,Reserve,8,5.9,6.1,3.278688524590164,Tier 2,Draft,,,,,2026-09-14,2027-09-15,Postpaid,,eu-south1,Proposal / Negotiation,draft,12.04,2026-08-27,2026-08-27
2026-09-16,0QLTe000008LS6LOAW,0Q0Te000003RGa1KAG,006Te00000Q3MVGIA3,00kTe00001RZooPIAT,GB300,AI Cloud,Reserve,1080,6.1,9.2,33.69565217391305,Tier 3,Draft,,,,,2026-12-01,2027-12-01,Prepaid,,eu-west3,Proposal / Negotiation,draft,12.01,2026-08-27,2026-08-27
2026-09-16,0QLTe000008LGYDOA4,0Q0Te000003RBfBKAW,006Te00000Q3LwzIAF,00kTe00001RZ6nFIAT,B300,AI Cloud,,112,5.05,0.0,0.0,Tier 1,Draft,,,,,2026-11-30,2027-11-30,,,APJ,Proposal / Negotiation,draft,12.01,2026-08-27,2026-08-27
2026-09-16,0QLTe000008LGA1OAO,0Q0Te000003RBIbKAO,006Te00000Qi7bXIAR,00kTe00001RYzDvIAL,B300,AI Cloud,,1134,5.8,0.0,0.0,Tier 1,Draft,,,,,2026-11-30,2027-11-30,,,,Technical Validation,draft,12.01,2026-08-27,2026-08-27
2026-09-16,0QLTe0000089xnROAQ,0Q0Te000003Ktg9KAC,006Te00000QAjV2IAL,00kTe00001QKxR5IAL,B300,AI Cloud,Reserve,64,6.0,6.1,1.639344262295082,Tier 1,In Review,Auto Approved,Obsolete,Obsolete,OBSOLETE,2026-11-21,2027-11-21,Prepaid,30.0,me-west2,Closed Lost,lost,12.01,2026-08-13,2026-08-26
2026-09-16,0QLTe000008DwrBOAS,0Q0Te000003N6fiKAC,006Te00000QThc6IAD,00kTe00001Qim6xIAB,RTX6000,AI Cloud,Reserve,96,2.08,2.05,0.0,Tier 1,Draft,,Obsolete,Obsolete,,2026-12-01,2027-12-01,Postpaid,,uk-south2,Closed Lost,lost,12.01,2026-08-18,2026-08-26
2026-09-16,0QLTe0000089xibOAA,0Q0Te000003KtbJKAS,006Te00000QAjUOIA1,00kTe00001QKwjVIAT,B200,AI Cloud,Reserve,128,5.95,5.93,0.0,Tier 1,Draft,,,,,2026-10-26,2027-10-26,Postpaid,,us-central1,Proposal / Negotiation,draft,12.01,2026-08-13,2026-08-26
2026-09-16,0QLTe000008ChsbOAC,0Q0Te000003MVQ1KAO,006Te00000QRJZ3IAP,00kTe00001QZvauIAD,B300,AI Cloud,Reserve,1000,5.4,6.1,11.475409836065573,Tier 2,Draft,,,,,2026-11-30,2027-12-01,Prepaid,,eu-west2,Technical Validation,draft,12.04,2026-08-17,2026-08-26
2026-09-16,0QLTe000008Fw3tOAC,0Q0Te000003O9d7KAC,006Te00000Q3LfIIAV,00kTe00001Qvuu1IAB,GB300,AI Cloud,Reserve,1008,6.1,9.2,33.69565217391305,Tier 3,In Review,FLM Approved,In Progress,Awaiting Approval,AWAITING_APPROVAL,2026-11-16,2027-11-17,Prepaid,50.0,eu-west3,Proposal / Negotiation,proposal,12.04,2026-08-20,2026-08-24
2026-09-16,0QLTe0000089TZGOA2,0Q0Te000003Kcc6KAC,006Te00000QKD29IAH,00kTe00001QGLc6IAH,H100,Token Factory,Reserve,8,1.7304,3.09,44.0,Tier 2,Ready for Ops Review,Approved,Approved,Approved,APPROVED,2026-09-03,2026-11-03,Postpaid,0.0,eu-north1,Proposal / Negotiation,proposal,2.01,2026-08-13,2026-08-25
2026-09-16,0QLTe000008KtjiOAC,0Q0Te000003QwoDKAS,006Te00000Qgz6YIAR,00kTe00001RUOAoIAP,B300,AI Cloud,Reserve,2272,6.1,6.1,0.0,Tier 1,Draft,,,,,2026-11-01,2029-11-01,Postpaid,,eu-south1,Technical Validation,draft,36.05,2026-08-26,2026-08-26
2026-09-16,0QLTe0000086NBpOAM,0Q0Te000003J3N3KAK,006Te00000Q3M7qIAF,00kTe00001Qo7njIAB,B300,Token Factory,Reserve,72,8.0,6.1,0.0,,In Review,,In Progress,Awaiting Approval,AWAITING_APPROVAL,2026-10-01,2027-10-01,Prepaid,0.0,Europe,Discovery,proposal,12.01,2026-08-10,2026-08-26
2026-09-16,0QLTe000008CpyDOAS,0Q0Te000003MZocKAG,006Te00000Q3LrLIAV,00kTe00001QbtRHIAZ,B300,Token Factory,Reserve,96,6.0,6.1,1.639344262295082,Tier 1,Approved,Auto Approved,Approved,Approved,APPROVED,2026-09-01,2027-09-01,Prepaid,30.0,us-north1,Proposal / Negotiation,proposal,12.01,2026-08-17,2026-08-26
2026-09-16,0QLTe0000084m4gOAA,0Q0Te000003IB05KAG,006Te00000QAk8eIAD,00kTe00001PvufTIAR,H200,AI Cloud,Reserve,320,6.15,3.73,0.0,Tier 2,Ops Review Complete,Auto Approved,Approved,Approved,APPROVED,2026-09-21,2026-12-22,Prepaid,100.0,us-central1,Closed Won,signed,3.03,2026-08-08,2026-08-25
2026-09-16,0QLTe0000086NOjOAM,0Q0Te000003J3YLKA0,006Te00000Q3voJIAR,00kTe00001QtzD9IAJ,H200,Token Factory,Reserve,80,2.46,3.73,34.048257372654156,Tier 2,Approved,Approved,Approved,Approved,APPROVED,2026-08-01,2026-08-05,Postpaid,0.0,tf-us1,Closed Won,signed,0.13,2026-08-10,2026-08-26
2026-09-16,0QLTe0000086NOlOAM,0Q0Te000003J3YLKA0,006Te00000Q3voJIAR,00kTe00001QtzDBIAZ,H200,Token Factory,Reserve,90,2.46,3.73,34.048257372654156,Tier 2,Approved,Approved,Approved,Approved,APPROVED,2026-08-05,2027-07-01,Postpaid,0.0,tf-us1,Closed Won,signed,10.86,2026-08-10,2026-08-26
2026-09-16,0QLTe000008KLuvOAG,0Q0Te000003QhnZKAS,006Te00000Q3LalIAF,00kTe00001RRoyUIAT,B300,AI Cloud,Reserve,192,6.1,6.1,0.0,Tier 2,In Review,,In Progress,Awaiting Approval,AWAITING_APPROVAL,2026-08-27,2028-08-27,Postpaid,0.0,eu-west2,Closed Won,signed,24.05,2026-08-26,2026-08-26
2026-09-16,0QLTe000008KJhrOAG,0Q0Te000003Qi5JKAS,006Te00000Q3LqjIAF,00kTe00001RRnTVIA1,B300,AI Cloud,Reserve,128,6.1,6.1,0.0,Tier 2,In Review,,In Progress,Awaiting Approval,AWAITING_APPROVAL,2026-08-27,2027-08-27,Postpaid,0.0,eu-west2,Closed Won,signed,12.01,2026-08-26,2026-08-26
2026-09-16,0QLTe0000083G3dOAE,0Q0Te000003HDDdKAO,006Te00000Q3LQdIAN,00kTe00001QvaBzIAJ,B200,AI Cloud,Reserve,24,5.5,5.93,7.251264755480607,Tier 2,In Review,,Pending Resubmission,Change Requested,AWAITING_APPROVAL,2026-12-01,2027-12-01,Prepaid,,us-central1,Proposal / Negotiation,proposal,12.01,2026-08-06,2026-08-26
2026-09-16,0QLTe000008AYBtOAO,0Q0Te000003LBQ9KAO,006Te00000QM5wfIAD,00kTe00001QNhRQIA1,B200,AI Cloud,Reserve,48,4.5,5.93,24.114671163575043,Tier 1,In Review,Submitted,In Progress,Awaiting Approval,AWAITING_APPROVAL,2026-09-01,2029-09-01,Prepaid,50.0,us-central1,Proposal / Negotiation,proposal,36.05,2026-08-14,2026-08-26
2026-09-16,0QLTe000008KQg5OAG,0Q0Te000003QjfhKAC,006Te00000QhvTtIAJ,00kTe00001RSRYJIA5,B300,AI Cloud,Reserve,256,6.0,6.1,1.639344262295082,Tier 1,Draft,,,,,2026-12-01,2028-12-01,Prepaid,,me-west2,Technical Validation,draft,24.05,2026-08-26,2026-08-26
2026-09-16,0QLTe0000083HkTOAU,0Q0Te000003HEuTKAW,006Te00000Q3Lx9IAF,00kTe00001Q6VGDIA3,B300,Token Factory,Reserve,64,5.8,6.1,4.918032786885246,,In Review,,Obsolete,Obsolete,OBSOLETE,2026-12-01,2027-06-02,Prepaid,,eu-south1,Closed Lost,lost,6.02,2026-08-06,2026-08-26
2026-09-16,0QLTe000008AKk1OAG,0Q0Te000003L5RBKA0,006Te00000QAjUtIAL,00kTe00001QWm0PIAT,B200,AI Cloud,Reserve,64,5.2,5.93,12.310286677908937,Tier 1,Draft,,,,,2026-10-30,2027-10-30,Prepaid,,us-central1,Technical Validation,draft,12.01,2026-08-14,2026-08-26
2026-09-16,0QLTe000008Cm97OAC,0Q0Te000003MXYIKA4,006Te00000QRR6nIAH,00kTe00001Qb0eHIAR,B200,AI Cloud,Reserve,32,4.75,5.93,19.898819561551434,Tier 2,Draft,,,,,2026-11-15,2028-11-15,Prepaid,,us-central1,Proposal / Negotiation,draft,24.05,2026-08-17,2026-08-26
2026-09-16,0QLTe000008Cm98OAC,0Q0Te000003MXYIKA4,006Te00000QRR6nIAH,00kTe00001Qb0eIIAR,B300,AI Cloud,Reserve,32,5.15,6.1,15.573770491803279,Tier 2,Draft,,,,,2026-11-15,2028-11-15,Prepaid,,uk-south1,Proposal / Negotiation,draft,24.05,2026-08-17,2026-08-26
2026-09-16,0QLTe000008Jyn3OAC,0Q0Te000003QS8bKAG,006Te00000Qgsg9IAB,00kTe00001RN4WCIA1,B300,AI Cloud,Reserve,8,5.8,6.1,4.918032786885246,Tier 1,Draft,,,,,2026-09-28,2027-09-27,Prepaid,,eu-west2,Technical Validation,draft,11.97,2026-08-25,2026-08-25
2026-09-16,0QLTe0000084p0wOAA,0Q0Te000003I8qEKAS,006Te00000QAjbZIAT,00kTe00001QQIadIAH,H200,AI Cloud,Reserve,128,3.5,3.73,6.166219839142091,Tier 2,In Review,,Pending Resubmission,Obsolete,OBSOLETE,2026-10-15,2027-10-15,Postpaid,,us-central1,Closed Lost,lost,12.01,2026-08-08,2026-08-25
2026-09-16,0QLTe000008FzZeOAK,0Q0Te000003OD5dKAG,006Te00000Q7eLnIAJ,,B200,AI Cloud,Reserve,128,4.99,5.93,15.85160202360877,Tier 3,In Review,Approved,In Progress,Rejected,REJECTED,2026-08-26,2027-02-27,Prepaid,100.0,us-central1,Closed Won,signed,6.09,2026-08-20,2026-08-25
2026-09-16,0QLTe000008J1yHOAS,0Q0Te000003Q265KAC,006Te00000Qdo7dIAB,00kTe00001RJUTxIAP,B300,AI Cloud,Reserve,128,6.1,6.1,0.0,Tier 2,Draft,,,,,2026-11-30,2027-02-28,Prepaid,,me-west2,Discovery,draft,2.96,2026-08-25,2026-08-25
2026-09-16,0QLTe000008Izy5OAC,0Q0Te000003Q0gzKAC,006Te00000Qf9pxIAB,00kTe00001RJ9pSIAT,B300,AI Cloud,Reserve,2000,6.1,6.1,0.0,Tier 1,Draft,,,,,2026-12-31,2028-12-31,Prepaid,,eu-west2,Discovery,draft,24.05,2026-08-25,2026-08-25
2026-09-16,0QLTe000008AM7VOAW,0Q0Te000003Jc6HKAS,006Te00000QGAqtIAH,00kTe00001QMl7QIAT,B200,AI Cloud,Reserve,8,5.93,5.93,0.0,Tier 2,In Review,Auto Approved,,,,2026-08-14,2026-08-18,Prepaid,,us-central1,Proposal / Negotiation,proposal,0.13,2026-08-14,2026-08-25
2026-09-16,0QLTe000008FXezOAG,0Q0Te000003NyzRKAS,006Te00000QAjY3IAL,,B200,AI Cloud,Reserve,48,5.35,5.93,9.780775716694773,Tier 2,Draft,,,,,2026-09-01,2027-03-01,Postpaid,,us-central1,Proposal / Negotiation,draft,5.95,2026-08-20,2026-08-21
2026-09-16,0QLTe000008GbgXOAS,0Q0Te000003OYEvKAO,006Te00000QZggXIAT,00kTe00001R1d2XIAR,B300,AI Cloud,Reserve,512,6.0,6.1,1.639344262295082,Tier 1,Draft,,,,,2026-11-30,2028-11-30,Prepaid,,me-west2,Discovery,draft,24.05,2026-08-21,2026-08-24
2026-09-16,0QLTe000008HxWvOAK,0Q0Te000003PWSnKAO,006Te00000QdAJtIAN,00kTe00001RCRdtIAH,B300,AI Cloud,Reserve,512,6.0,6.1,1.639344262295082,Tier 1,Draft,,,,,2027-04-01,2028-04-01,Prepaid,,me-west2,Discovery,draft,12.04,2026-08-24,2026-08-24
2026-09-16,0QLTe000008HxofOAC,0Q0Te000003PWnlKAG,006Te00000QdBpRIAV,00kTe00001RCXZdIAP,GB300,AI Cloud,Reserve,288,6.1,0.0,0.0,Tier 1,Draft,,Not Required,Not Required,,2026-11-16,2027-11-16,Prepaid,,eu-west3,Discovery,draft,12.01,2026-08-24,2026-08-24
2026-09-16,0QLTe000008Ir9JOAS,0Q0Te000003PujdKAC,006Te00000QennpIAB,00kTe00001RGhLtIAL,H100,AI Cloud,Reserve,16,3.09,3.09,0.0,Tier 2,Draft,,,,,2026-12-01,2027-12-01,Postpaid,,eu-north1,Discovery,draft,12.01,2026-08-24,2026-08-24
2026-09-16,0QLTe000008IjdBOAS,0Q0Te000003Pq3JKAS,006Te00000QAjesIAD,00kTe00001RF9yzIAD,B300,AI Cloud,Reserve,3000,5.67,6.1,7.049180327868853,Tier 2,Draft,,,,,2026-12-31,2027-12-31,Prepaid,,me-west2,Discovery,draft,12.01,2026-08-24,2026-08-24
2026-09-16,0QLTe000008DuuDOAS,0Q0Te000003N5oTKAS,006Te00000QTZpqIAH,00kTe00001QiNYDIA3,RTX6000,AI Cloud,Reserve,64,2.08,2.0,0.0,Tier 1,Draft,,,,,2026-10-02,2027-10-04,Prepaid,,uk-south2,Discovery,draft,12.07,2026-08-18,2026-08-24
2026-09-16,0QLTe000008IfRVOA0,0Q0Te000003PoPhKAK,006Te00000QeNdFIAV,00kTe00001RE8mwIAD,B300,AI Cloud,Reserve,0,5.56,0.0,,Tier 2,In Review,Auto Approved,Not Required,Not Required,,2026-08-20,2027-08-20,Prepaid,,eu-west2,Proposal / Negotiation,proposal,12.01,2026-08-24,2026-08-24
2026-09-16,0QLTe000008HvWkOAK,0Q0Te000003PVN3KAO,006Te00000QLNU5IAP,00kTe00001RBwCkIAL,RTX6000,AI Cloud,,24,1.85,0.0,0.0,Tier 1,Draft,,,,,2026-12-31,2027-12-31,,,North America,Technical Validation,draft,12.01,2026-08-24,2026-08-24
2026-09-16,0QLTe000008GuMbOAK,0Q0Te000003KnSfKAK,006Te00000QKq9xIAD,00kTe00001R3tajIAB,B200,Token Factory,Reserve,14,5.36,5.93,9.612141652613827,Tier 2,In Review,Approved,,,,2026-08-31,2027-08-31,Prepaid,,tf-us2,Technical Validation,proposal,12.01,2026-08-21,2026-08-23
2026-09-16,0QLTe000008GsvtOAC,0Q0Te000003OgfVKAS,006Te00000QaIXJIA3,00kTe00001R3mZYIAZ,B300,Token Factory,PAYG,162,8.1,8.1,0.0,Tier 1,Draft,,Obsolete,Obsolete,,2026-08-26,2026-09-03,Prepaid,,North America,Closed Lost,lost,0.26,2026-08-21,2026-08-21
2026-09-16,0QLTe000008DvzxOAC,0Q0Te000003N6PZKA0,006Te00000QThLyIAL,,B200,AI Cloud,Reserve,592,2.45,5.93,58.68465430016863,Tier 3,In Review,Approved,In Progress,Obsolete,OBSOLETE,2026-08-20,2026-09-01,Postpaid,0.0,me-west1,Closed Won,signed,0.39,2026-08-18,2026-08-21
2026-09-16,0QLTe000008DvzyOAC,0Q0Te000003N6PZKA0,006Te00000QThLyIAL,,B200,AI Cloud,Reserve,848,2.45,5.93,58.68465430016863,Tier 3,In Review,Approved,In Progress,Awaiting Approval,AWAITING_APPROVAL,2026-09-01,2026-10-01,Postpaid,0.0,me-west1,Closed Won,signed,0.99,2026-08-18,2026-08-21
2026-09-16,0QLTe0000083IVFOA2,0Q0Te000003HFiTKAW,006Te00000Q3MAoIAN,00kTe00001Q0hBxIAJ,B300,AI Cloud,Reserve,248,5.6,6.1,8.19672131147541,Tier 2,In Review,,Pending Resubmission,Change Requested,AWAITING_APPROVAL,2026-12-01,2027-12-01,Prepaid,,me-west2,Proposal / Negotiation,proposal,12.01,2026-08-06,2026-08-21
2026-09-16,0QLTe000008DpL3OAK,0Q0Te000003MzRMKA0,006Te00000QTPNVIA5,00kTe00001QgsEjIAJ,B300,AI Cloud,Reserve,256,5.56,6.1,8.852459016393443,Tier 1,In Review,Auto Approved,Obsolete,Obsolete,,2026-08-20,2027-08-20,Prepaid,,eu-west2,Closed Lost,lost,12.01,2026-08-18,2026-08-20
2026-09-16,0QLTe0000083YGfOAM,0Q0Te000003HRbZKAW,006Te00000Q7eLnIAJ,,B200,AI Cloud,Reserve,128,4.99,5.93,15.85160202360877,Tier 1,In Review,,Pending Resubmission,Obsolete,OBSOLETE,2026-08-24,2027-02-25,Postpaid,0.0,us-central1,Closed Won,signed,6.09,2026-08-07,2026-08-20
2026-09-16,0QLTe000008Fyk1OAC,0Q0Te000003OBevKAG,006Te00000QY1u0IAD,00kTe00001QwPOjIAN,GB300,AI Cloud,Reserve,20016,9.2,9.2,0.0,Tier 1,Draft,,,,,2027-01-01,2028-01-01,Postpaid,,us-south1,Discovery,draft,12.01,2026-08-20,2026-08-20
2026-09-16,0QLTe000008FybxOAC,0Q0Te000003OBWrKAO,006Te00000QVw7BIAT,00kTe00001QwTgVIAV,B200,Token Factory,Reserve,100,5.93,5.93,0.0,Tier 1,Draft,,,,,2026-10-01,2027-10-01,Prepaid,,North America,Technical Validation,draft,12.01,2026-08-20,2026-08-20
2026-09-16,0QLTe0000087gPJOAY,0Q0Te000003JhnVKAS,006Te00000QAk1DIAT,00kTe00001Q5VmtIAF,GB300,AI Cloud,Reserve,5040,11.0,0.0,0.0,Tier 1,Draft,,Not Required,Not Required,,2026-10-15,2027-02-12,Prepaid,,eu-west3,Closed Won,signed,3.95,2026-08-11,2026-08-20
2026-09-16,0QLTe000008FFjhOAG,0Q0Te000003NqXGKA0,006Te00000QWo9BIAT,00kTe00001Qt4hvIAB,B200,AI Cloud,Reserve,32,5.55,5.93,6.408094435075886,Tier 1,Draft,,,,,2026-11-30,2027-11-30,Prepaid,,APJ,Discovery,draft,12.01,2026-08-20,2026-08-20
2026-09-16,0QLTe000008FS0zOAG,0Q0Te000003Nw6PKAS,006Te00000QX8StIAL,00kTe00001Qthw5IAB,H200,AI Cloud,Reserve,32,3.73,3.73,0.0,Tier 1,Draft,,,,,2026-12-01,2027-12-01,Postpaid,,North America,Discovery,draft,12.01,2026-08-20,2026-08-20
2026-09-16,0QLTe000008EwFeOAK,0Q0Te000003NcpFKAS,006Te00000QAjdLIAT,00kTe00001QoGkgIAF,B300,AI Cloud,Reserve,400,4.8,6.1,21.311475409836067,Tier 1,Draft,,Obsolete,Obsolete,,2026-08-20,2029-08-02,Prepaid,,eu-west2,Closed Lost,lost,35.46,2026-08-19,2026-08-19
2026-09-16,0QLTe000008EwFfOAK,0Q0Te000003NcpFKAS,006Te00000QAjdLIAT,00kTe00001QoGkhIAF,GB300,AI Cloud,Reserve,432,5.43,9.2,40.97826086956522,Tier 3,Draft,,Obsolete,Obsolete,,2026-11-16,2029-10-02,Prepaid,,eu-west3,Closed Lost,lost,34.57,2026-08-19,2026-08-19
2026-09-16,0QLTe000008Ec41OAC,0Q0Te000003NTE5KAO,006Te00000QUqYVIA1,00kTe00001Qmg77IAB,B200,Token Factory,Reserve,32,5.93,6.2,4.354838709677419,Tier 1,Draft,,,,,2026-11-01,2027-10-31,Postpaid,,tf-us2,Discovery,draft,11.97,2026-08-19,2026-08-19
2026-09-16,0QLTe000008AaiLOAS,0Q0Te000003LCajKAG,006Te00000QMUeoIAH,00kTe00001QNYnDIAX,B300,AI Cloud,Reserve,64,6.0,6.1,1.639344262295082,Tier 1,Draft,,,,,2026-12-01,2027-12-01,Prepaid,,me-west2,Technical Validation,draft,12.01,2026-08-14,2026-08-17
2026-09-16,0QLTe000008AfIDOA0,0Q0Te000003LEB7KAO,006Te00000QAjY1IAL,00kTe00001QO66PIAT,B200,AI Cloud,Reserve,8,5.5,5.93,7.251264755480607,Tier 2,In Review,Approved,,,,2026-12-01,2027-08-31,Prepaid,,us-central1,Technical Validation,proposal,8.98,2026-08-14,2026-08-17
2026-09-16,0QLTe000008ClTDOA0,0Q0Te000003MXMzKAO,006Te00000QRPZfIAP,00kTe00001QaYSjIAN,B300,AI Cloud,Reserve,1024,7.5,6.1,0.0,Tier 2,Draft,,,,,2026-11-15,2027-01-15,Prepaid,,uk-south1,Proposal / Negotiation,draft,2.01,2026-08-17,2026-08-17
2026-09-16,0QLTe0000089sZFOAY,0Q0Te000003Kpe9KAC,006Te00000QL1rlIAD,00kTe00001QIoSRIA1,H100,AI Cloud,Testing,8,3.09,3.09,0.0,Tier 1,In Review,Auto Approved,,Technical Error,,2026-08-17,2026-09-11,,,North America,Technical Validation,proposal,0.82,2026-08-13,2026-08-14
2026-09-16,0QLTe0000089sZGOAY,0Q0Te000003Kpe9KAC,006Te00000QL1rlIAD,00kTe00001QIoSSIA1,H200,AI Cloud,Testing,8,3.73,3.73,0.0,Tier 1,In Review,Auto Approved,,Technical Error,,2026-08-17,2026-09-11,,,North America,Technical Validation,proposal,0.82,2026-08-13,2026-08-14
2026-09-16,0QLTe0000088lYDOAY,0Q0Te000003KG25KAG,006Te00000Q3LdTIAV,,B200,AI Cloud,Reserve,544,3.75,5.93,36.762226,Tier 3,Draft,,,,,2026-11-30,2029-11-29,Prepaid,,us-central1,Proposal / Negotiation,draft,36.02,2026-08-12,2026-08-12
2026-09-16,0QLTe0000087YunOAE,0Q0Te000003Jg0DKAS,006Te00000QGOtrIAH,00kTe00001Q2jKDIAZ,GB300,AI Cloud,Reserve,4032,6.0,9.2,34.78260869565217,Tier 3,Draft,,,,,2026-11-01,2027-11-01,Prepaid,,eu-west3,Discovery,draft,12.01,2026-08-11,2026-08-11
