date,provider,gpu_model,region,consumption_type,state,metric_type,metric_value
2026-08-12,lambda,B200,global,on_demand,sold_out,regions_with_capacity,0.0
2026-08-12,lambda,H100,global,on_demand,limited,regions_with_capacity,3.0
2026-08-12,lambda,H100,us-south-2,on_demand,available,regions_with_capacity,1.0
2026-08-12,lambda,H100,us-south-3,on_demand,available,regions_with_capacity,1.0
2026-08-12,lambda,H100,us-southeast-1,on_demand,available,regions_with_capacity,1.0
2026-08-12,coreweave,GB300,global,on_demand,limited,listed_offering,2.0
2026-08-12,coreweave,GB300,CA-EAST-01A,on_demand,available,listed_offering,1.0
2026-08-12,coreweave,GB300,US-WEST-01A,on_demand,available,listed_offering,1.0
2026-08-12,coreweave,GB200,global,on_demand,available,listed_offering,6.0
2026-08-12,coreweave,GB200,CA-EAST-01A,on_demand,available,listed_offering,1.0
2026-08-12,coreweave,GB200,US-EAST-01A,on_demand,available,listed_offering,1.0
2026-08-12,coreweave,GB200,US-EAST-02A,on_demand,available,listed_offering,1.0
2026-08-12,coreweave,GB200,US-EAST-08A,on_demand,available,listed_offering,1.0
2026-08-12,coreweave,GB200,US-EAST-13A,on_demand,available,listed_offering,1.0
2026-08-12,coreweave,GB200,US-WEST-01A,on_demand,available,listed_offering,1.0
2026-08-12,coreweave,B300,global,on_demand,available,listed_offering,4.0
2026-08-12,coreweave,B300,US-CENTRAL-06A,on_demand,available,listed_offering,1.0
2026-08-12,coreweave,B300,US-EAST-13A,on_demand,available,listed_offering,1.0
2026-08-12,coreweave,B300,US-WEST-01A,on_demand,available,listed_offering,1.0
2026-08-12,coreweave,B300,US-WEST-10A,on_demand,available,listed_offering,1.0
2026-08-12,coreweave,B200,global,on_demand,available,listed_offering,6.0
2026-08-12,coreweave,B200,EU-SOUTH-04A,on_demand,available,listed_offering,1.0
2026-08-12,coreweave,B200,US-CENTRAL-06A,on_demand,available,listed_offering,1.0
2026-08-12,coreweave,B200,US-CENTRAL-07A,on_demand,available,listed_offering,1.0
2026-08-12,coreweave,B200,US-EAST-13A,on_demand,available,listed_offering,1.0
2026-08-12,coreweave,B200,US-WEST-01A,on_demand,available,listed_offering,1.0
2026-08-12,coreweave,B200,US-WEST-09B,on_demand,available,listed_offering,1.0
2026-08-12,coreweave,H200,global,on_demand,available,listed_offering,7.0
2026-08-12,coreweave,H200,EU-SOUTH-03B,on_demand,available,listed_offering,1.0
2026-08-12,coreweave,H200,RNO2A,on_demand,available,listed_offering,1.0
2026-08-12,coreweave,H200,US-EAST-01A,on_demand,available,listed_offering,1.0
2026-08-12,coreweave,H200,US-EAST-02A,on_demand,available,listed_offering,1.0
2026-08-12,coreweave,H200,US-EAST-04A,on_demand,available,listed_offering,1.0
2026-08-12,coreweave,H200,US-EAST-08A,on_demand,available,listed_offering,1.0
2026-08-12,coreweave,H200,US-WEST-04A,on_demand,available,listed_offering,1.0
2026-08-12,coreweave,H100,global,on_demand,available,listed_offering,7.0
2026-08-12,coreweave,H100,RNO2A,on_demand,available,listed_offering,1.0
2026-08-12,coreweave,H100,US-EAST-01A,on_demand,available,listed_offering,1.0
2026-08-12,coreweave,H100,US-EAST-04A,on_demand,available,listed_offering,1.0
2026-08-12,coreweave,H100,US-EAST-06A,on_demand,available,listed_offering,1.0
2026-08-12,coreweave,H100,US-WEST-01A,on_demand,available,listed_offering,1.0
2026-08-12,coreweave,H100,US-WEST-04A,on_demand,available,listed_offering,1.0
2026-08-12,coreweave,H100,US-WEST-09B,on_demand,available,listed_offering,1.0
2026-08-12,coreweave,RTX6000,global,on_demand,available,listed_offering,10.0
2026-08-12,coreweave,RTX6000,EU-SOUTH-04A,on_demand,available,listed_offering,1.0
2026-08-12,coreweave,RTX6000,US-CENTRAL-06A,on_demand,available,listed_offering,1.0
2026-08-12,coreweave,RTX6000,US-EAST-01A,on_demand,available,listed_offering,1.0
2026-08-12,coreweave,RTX6000,US-EAST-04A,on_demand,available,listed_offering,1.0
2026-08-12,coreweave,RTX6000,US-EAST-06A,on_demand,available,listed_offering,1.0
2026-08-12,coreweave,RTX6000,US-EAST-13A,on_demand,available,listed_offering,1.0
2026-08-12,coreweave,RTX6000,US-EAST-14A,on_demand,available,listed_offering,1.0
2026-08-12,coreweave,RTX6000,US-WEST-04A,on_demand,available,listed_offering,1.0
2026-08-12,coreweave,RTX6000,US-WEST-09B,on_demand,available,listed_offering,1.0
2026-08-12,coreweave,RTX6000,US-WEST-10A,on_demand,available,listed_offering,1.0
2026-08-12,coreweave,L40S,global,on_demand,limited,listed_offering,1.0
2026-08-12,coreweave,L40S,US-EAST-04A,on_demand,available,listed_offering,1.0
2026-08-12,gcp,B200,global,on_demand,available,listed_offering,11.0
2026-08-12,gcp,B200,asia-northeast1,on_demand,available,listed_offering,1.0
2026-08-12,gcp,B200,asia-southeast1,on_demand,available,listed_offering,1.0
2026-08-12,gcp,B200,europe-north1,on_demand,available,listed_offering,1.0
2026-08-12,gcp,B200,europe-west4,on_demand,available,listed_offering,1.0
2026-08-12,gcp,B200,us-central1,on_demand,available,listed_offering,1.0
2026-08-12,gcp,B200,us-east1,on_demand,available,listed_offering,1.0
2026-08-12,gcp,B200,us-east4,on_demand,available,listed_offering,1.0
2026-08-12,gcp,B200,us-south1,on_demand,available,listed_offering,1.0
2026-08-12,gcp,B200,us-west2,on_demand,available,listed_offering,1.0
2026-08-12,gcp,B200,us-west3,on_demand,available,listed_offering,2.0
2026-08-12,gcp,GB200,global,on_demand,available,listed_offering,5.0
2026-08-12,gcp,GB200,europe-west4,on_demand,available,listed_offering,1.0
2026-08-12,gcp,GB200,us-central1,on_demand,available,listed_offering,2.0
2026-08-12,gcp,GB200,us-east1,on_demand,available,listed_offering,1.0
2026-08-12,gcp,GB200,us-east4,on_demand,available,listed_offering,1.0
2026-08-12,gcp,GB300,global,on_demand,available,listed_offering,5.0
2026-08-12,gcp,GB300,us-central1,on_demand,available,listed_offering,1.0
2026-08-12,gcp,GB300,us-east4,on_demand,available,listed_offering,2.0
2026-08-12,gcp,GB300,us-east5,on_demand,available,listed_offering,2.0
2026-08-12,gcp,H100,global,on_demand,available,listed_offering,23.0
2026-08-12,gcp,H100,asia-east1,on_demand,available,listed_offering,1.0
2026-08-12,gcp,H100,asia-northeast1,on_demand,available,listed_offering,1.0
2026-08-12,gcp,H100,asia-northeast3,on_demand,available,listed_offering,1.0
2026-08-12,gcp,H100,asia-south1,on_demand,available,listed_offering,1.0
2026-08-12,gcp,H100,asia-southeast1,on_demand,available,listed_offering,2.0
2026-08-12,gcp,H100,australia-southeast1,on_demand,available,listed_offering,1.0
2026-08-12,gcp,H100,europe-west1,on_demand,available,listed_offering,2.0
2026-08-12,gcp,H100,europe-west3,on_demand,available,listed_offering,1.0
2026-08-12,gcp,H100,europe-west4,on_demand,available,listed_offering,2.0
2026-08-12,gcp,H100,northamerica-northeast2,on_demand,available,listed_offering,1.0
2026-08-12,gcp,H100,us-central1,on_demand,available,listed_offering,3.0
2026-08-12,gcp,H100,us-east4,on_demand,available,listed_offering,3.0
2026-08-12,gcp,H100,us-east5,on_demand,available,listed_offering,1.0
2026-08-12,gcp,H100,us-west1,on_demand,available,listed_offering,2.0
2026-08-12,gcp,H100,us-west4,on_demand,available,listed_offering,1.0
2026-08-12,gcp,H200,global,on_demand,available,listed_offering,8.0
2026-08-12,gcp,H200,asia-south1,on_demand,available,listed_offering,1.0
2026-08-12,gcp,H200,asia-south2,on_demand,available,listed_offering,1.0
2026-08-12,gcp,H200,europe-west1,on_demand,available,listed_offering,1.0
2026-08-12,gcp,H200,europe-west4,on_demand,available,listed_offering,1.0
2026-08-12,gcp,H200,us-central1,on_demand,available,listed_offering,1.0
2026-08-12,gcp,H200,us-east4,on_demand,available,listed_offering,1.0
2026-08-12,gcp,H200,us-south1,on_demand,available,listed_offering,1.0
2026-08-12,gcp,H200,us-west1,on_demand,available,listed_offering,1.0
2026-08-12,gcp,RTX6000,global,on_demand,available,listed_offering,40.0
2026-08-12,gcp,RTX6000,asia-east1,on_demand,available,listed_offering,1.0
2026-08-12,gcp,RTX6000,asia-south1,on_demand,available,listed_offering,1.0
2026-08-12,gcp,RTX6000,asia-south2,on_demand,available,listed_offering,2.0
2026-08-12,gcp,RTX6000,asia-southeast1,on_demand,available,listed_offering,2.0
2026-08-12,gcp,RTX6000,asia-southeast2,on_demand,available,listed_offering,2.0
2026-08-12,gcp,RTX6000,europe-north1,on_demand,available,listed_offering,3.0
2026-08-12,gcp,RTX6000,europe-west1,on_demand,available,listed_offering,1.0
2026-08-12,gcp,RTX6000,europe-west10,on_demand,available,listed_offering,1.0
2026-08-12,gcp,RTX6000,europe-west2,on_demand,available,listed_offering,3.0
2026-08-12,gcp,RTX6000,europe-west4,on_demand,available,listed_offering,3.0
2026-08-12,gcp,RTX6000,europe-west8,on_demand,available,listed_offering,2.0
2026-08-12,gcp,RTX6000,me-central2,on_demand,available,listed_offering,1.0
2026-08-12,gcp,RTX6000,us-central1,on_demand,available,listed_offering,3.0
2026-08-12,gcp,RTX6000,us-east1,on_demand,available,listed_offering,2.0
2026-08-12,gcp,RTX6000,us-east4,on_demand,available,listed_offering,2.0
2026-08-12,gcp,RTX6000,us-east5,on_demand,available,listed_offering,3.0
2026-08-12,gcp,RTX6000,us-south1,on_demand,available,listed_offering,2.0
2026-08-12,gcp,RTX6000,us-west1,on_demand,available,listed_offering,3.0
2026-08-12,gcp,RTX6000,us-west3,on_demand,available,listed_offering,1.0
2026-08-12,gcp,RTX6000,us-west4,on_demand,available,listed_offering,2.0
2026-08-12,azure,H100,global,on_demand,available,listed_offering,24.0
2026-08-12,azure,H100,global,spot,available,listed_offering,24.0
2026-08-12,azure,H200,global,on_demand,available,listed_offering,31.0
2026-08-12,azure,H200,global,spot,available,listed_offering,31.0
2026-08-12,azure,GB200,global,on_demand,available,listed_offering,19.0
2026-08-12,azure,GB200,global,spot,available,listed_offering,19.0
2026-08-12,aws,L40S,me-central-1,spot,available,stock_status_label,0.0
2026-08-12,aws,H100,ap-southeast-3,spot,available,stock_status_label,0.0
2026-08-12,aws,H200,ap-southeast-3,spot,available,stock_status_label,0.0
2026-08-12,aws,H200,eu-south-2,spot,available,stock_status_label,1.0
2026-08-12,aws,L40S,eu-south-2,spot,available,stock_status_label,0.0
2026-08-12,aws,H100,us-west-1,spot,available,stock_status_label,0.0
2026-08-12,aws,H200,us-west-1,spot,available,stock_status_label,0.0
2026-08-12,aws,H100,eu-north-1,spot,available,stock_status_label,0.0
2026-08-12,aws,H200,eu-north-1,spot,available,stock_status_label,0.0
2026-08-12,aws,L40S,eu-north-1,spot,available,stock_status_label,3.0
2026-08-12,aws,H100,ca-central-1,spot,available,stock_status_label,0.0
2026-08-12,aws,H100,eu-west-2,spot,available,stock_status_label,1.0
2026-08-12,aws,H100,sa-east-1,spot,available,stock_status_label,0.0
2026-08-12,aws,H100,ap-south-1,spot,available,stock_status_label,0.0
2026-08-12,aws,H200,ap-south-1,spot,available,stock_status_label,0.0
2026-08-12,aws,H200,ap-northeast-2,spot,available,stock_status_label,0.0
2026-08-12,aws,L40S,ap-northeast-2,spot,available,stock_status_label,2.0
2026-08-12,aws,H100,us-east-2,spot,available,stock_status_label,2.0
2026-08-12,aws,H200,us-east-2,spot,available,stock_status_label,1.0
2026-08-12,aws,B200,us-east-2,spot,available,stock_status_label,1.0
2026-08-12,aws,L40S,us-east-2,spot,available,stock_status_label,1.0
2026-08-12,aws,L40S,eu-central-1,spot,limited,stock_status_label,4.0
2026-08-12,aws,H100,ap-southeast-2,spot,available,stock_status_label,0.0
2026-08-12,aws,H100,ap-northeast-1,spot,available,stock_status_label,0.0
2026-08-12,aws,H200,ap-northeast-1,spot,available,stock_status_label,0.0
2026-08-12,aws,L40S,ap-northeast-1,spot,limited,stock_status_label,4.0
2026-08-12,aws,H100,us-west-2,spot,available,stock_status_label,0.0
2026-08-12,aws,H200,us-west-2,spot,available,stock_status_label,0.0
2026-08-12,aws,B200,us-west-2,spot,available,stock_status_label,2.0
2026-08-12,aws,B300,us-west-2,spot,available,stock_status_label,0.0
2026-08-12,aws,L40S,us-west-2,spot,available,stock_status_label,0.0
2026-08-12,aws,H100,us-east-1,spot,available,stock_status_label,0.0
2026-08-12,aws,H200,us-east-1,spot,available,stock_status_label,0.0
2026-08-12,aws,B200,us-east-1,spot,available,stock_status_label,2.0
2026-08-12,aws,L40S,us-east-1,spot,available,stock_status_label,2.0
2026-08-12,aws,B200,global,spot,available,regions_with_capacity,3.0
2026-08-12,aws,H200,global,spot,available,regions_with_capacity,10.0
2026-08-12,aws,B300,global,spot,available,regions_with_capacity,1.0
2026-08-12,aws,L40S,global,spot,available,regions_with_capacity,9.0
2026-08-12,aws,H100,global,spot,available,regions_with_capacity,12.0
2026-08-12,crusoe,B200,global,on_demand,available,listed_offering,3.0
2026-08-12,crusoe,B300,global,on_demand,limited,listed_offering,1.0
2026-08-12,crusoe,GB200,global,on_demand,limited,listed_offering,1.0
2026-08-12,crusoe,H100,global,on_demand,available,listed_offering,3.0
2026-08-12,crusoe,H200,global,on_demand,limited,listed_offering,1.0
2026-08-12,crusoe,L40S,global,on_demand,available,listed_offering,2.0
2026-08-12,runpod,B200,global,on_demand,limited,stock_status_label,0.0
2026-08-12,runpod,B300,global,on_demand,sold_out,stock_status_label,0.0
2026-08-12,runpod,H100,global,on_demand,limited,stock_status_label,1.0
2026-08-12,runpod,H100,global,on_demand,limited,stock_status_label,0.0
2026-08-12,runpod,H100,global,on_demand,limited,stock_status_label,0.0
2026-08-12,runpod,H200,global,on_demand,limited,stock_status_label,1.0
2026-08-12,runpod,H200,global,on_demand,sold_out,stock_status_label,0.0
2026-08-12,runpod,L40S,global,on_demand,sold_out,stock_status_label,0.0
2026-08-12,runpod,RTX6000,global,on_demand,sold_out,stock_status_label,0.0
2026-08-12,runpod,RTX6000,global,on_demand,limited,stock_status_label,1.0
2026-08-12,runpod,RTX6000,global,on_demand,sold_out,stock_status_label,0.0
2026-08-12,runpod,H100,AP-IN-1,on_demand,available,stock_status_label,2.0
2026-08-12,runpod,H100,AP-IN-2,on_demand,sold_out,stock_status_label,0.0
2026-08-12,runpod,H200,AP-JP-1,on_demand,available,stock_status_label,1.0
2026-08-12,runpod,H100,AP-JP-1,on_demand,available,stock_status_label,1.0
2026-08-12,runpod,H100,CA-MTL-1,on_demand,available,stock_status_label,1.0
2026-08-12,runpod,RTX6000,CA-MTL-3,on_demand,sold_out,stock_status_label,0.0
2026-08-12,runpod,H200,CA-MTL-3,on_demand,available,stock_status_label,1.0
2026-08-12,runpod,H200,CA-MTL-4,on_demand,sold_out,stock_status_label,0.0
2026-08-12,runpod,RTX6000,EU-CZ-1,on_demand,sold_out,stock_status_label,0.0
2026-08-12,runpod,RTX6000,EU-CZ-1,on_demand,available,stock_status_label,1.0
2026-08-12,runpod,H200,EU-FR-1,on_demand,sold_out,stock_status_label,0.0
2026-08-12,runpod,H100,EU-FR-1,on_demand,available,stock_status_label,1.0
2026-08-12,runpod,B300,EU-NL-1,on_demand,sold_out,stock_status_label,0.0
2026-08-12,runpod,L40S,EU-NL-1,on_demand,sold_out,stock_status_label,0.0
2026-08-12,runpod,H100,EU-NL-1,on_demand,available,stock_status_label,1.0
2026-08-12,runpod,RTX6000,EU-NL-1,on_demand,available,stock_status_label,1.0
2026-08-12,runpod,RTX6000,EU-RO-1,on_demand,sold_out,stock_status_label,0.0
2026-08-12,runpod,B200,EU-RO-1,on_demand,available,stock_status_label,1.0
2026-08-12,runpod,RTX6000,EU-RO-1,on_demand,available,stock_status_label,1.0
2026-08-12,runpod,RTX6000,EUR-IS-1,on_demand,available,stock_status_label,1.0
2026-08-12,runpod,B300,EUR-IS-1,on_demand,available,stock_status_label,1.0
2026-08-12,runpod,H100,EUR-IS-1,on_demand,sold_out,stock_status_label,0.0
2026-08-12,runpod,RTX6000,EUR-IS-1,on_demand,sold_out,stock_status_label,0.0
2026-08-12,runpod,RTX6000,EUR-IS-2,on_demand,sold_out,stock_status_label,0.0
2026-08-12,runpod,H200,EUR-IS-2,on_demand,available,stock_status_label,1.0
2026-08-12,runpod,L40S,EUR-IS-2,on_demand,sold_out,stock_status_label,0.0
2026-08-12,runpod,H100,EUR-IS-3,on_demand,available,stock_status_label,1.0
2026-08-12,runpod,H200,EUR-IS-4,on_demand,available,stock_status_label,1.0
2026-08-12,runpod,H200,EUR-IS-5,on_demand,available,stock_status_label,1.0
2026-08-12,runpod,H100,EUR-NO-2,on_demand,available,stock_status_label,1.0
2026-08-12,runpod,H100,US-CA-2,on_demand,available,stock_status_label,1.0
2026-08-12,runpod,B200,US-CA-2,on_demand,available,stock_status_label,1.0
2026-08-12,runpod,H200,US-CA-2,on_demand,available,stock_status_label,1.0
2026-08-12,runpod,H100,US-CA-2,on_demand,sold_out,stock_status_label,0.0
2026-08-12,runpod,RTX6000,US-CA-2,on_demand,sold_out,stock_status_label,0.0
2026-08-12,runpod,H200,US-GA-2,on_demand,available,stock_status_label,1.0
2026-08-12,runpod,H100,US-GA-2,on_demand,available,stock_status_label,1.0
2026-08-12,runpod,H100,US-GA-2,on_demand,sold_out,stock_status_label,0.0
2026-08-12,runpod,L40S,US-IL-1,on_demand,sold_out,stock_status_label,0.0
2026-08-12,runpod,H100,US-KS-2,on_demand,sold_out,stock_status_label,0.0
2026-08-12,runpod,H100,US-KS-2,on_demand,available,stock_status_label,1.0
2026-08-12,runpod,H100,US-KS-2,on_demand,available,stock_status_label,1.0
2026-08-12,runpod,RTX6000,US-KS-2,on_demand,sold_out,stock_status_label,0.0
2026-08-12,runpod,H200,US-MD-1,on_demand,sold_out,stock_status_label,0.0
2026-08-12,runpod,L40S,US-MO-1,on_demand,sold_out,stock_status_label,0.0
2026-08-12,runpod,H100,US-MO-1,on_demand,available,stock_status_label,1.0
2026-08-12,runpod,RTX6000,US-MO-2,on_demand,available,stock_status_label,1.0
2026-08-12,runpod,RTX6000,US-NC-1,on_demand,available,stock_status_label,1.0
2026-08-12,runpod,H200,US-NC-1,on_demand,available,stock_status_label,1.0
2026-08-12,runpod,L40S,US-NC-1,on_demand,sold_out,stock_status_label,0.0
2026-08-12,runpod,RTX6000,US-NC-2,on_demand,available,stock_status_label,1.0
2026-08-12,runpod,B200,US-NC-2,on_demand,available,stock_status_label,1.0
2026-08-12,runpod,RTX6000,US-NE-1,on_demand,sold_out,stock_status_label,0.0
2026-08-12,runpod,H100,US-NE-1,on_demand,available,stock_status_label,1.0
2026-08-12,runpod,B200,US-NE-1,on_demand,available,stock_status_label,1.0
2026-08-12,runpod,RTX6000,US-PA-1,on_demand,available,stock_status_label,1.0
2026-08-12,runpod,H200,US-PA-1,on_demand,sold_out,stock_status_label,0.0
2026-08-12,runpod,L40S,US-TX-3,on_demand,sold_out,stock_status_label,0.0
2026-08-12,runpod,L40S,US-TX-4,on_demand,sold_out,stock_status_label,0.0
2026-08-12,runpod,B200,US-TX-6,on_demand,sold_out,stock_status_label,0.0
2026-08-12,runpod,B300,US-WA-2,on_demand,sold_out,stock_status_label,0.0
2026-08-12,vast,H100,global,on_demand,available,offer_depth_gpus,60.0
2026-08-12,vast,H200,global,on_demand,available,offer_depth_gpus,81.0
2026-08-12,vast,B200,global,on_demand,available,offer_depth_gpus,62.0
2026-08-12,vast,B300,global,on_demand,available,offer_depth_gpus,31.0
2026-08-12,vast,GB200,global,on_demand,not_offered,offer_depth_gpus,0.0
2026-08-12,vast,L40S,global,on_demand,available,offer_depth_gpus,106.0
2026-08-12,vast,RTX6000,global,on_demand,available,offer_depth_gpus,112.0
2026-08-12,scaleway,B300,fr-par-2,on_demand,sold_out,stock_status_label,0.0
2026-08-12,scaleway,H100,fr-par-2,on_demand,available,stock_status_label,2.0
2026-08-12,scaleway,H100,pl-waw-2,on_demand,limited,stock_status_label,1.0
2026-08-12,scaleway,L40S,fr-par-2,on_demand,limited,stock_status_label,1.0
2026-08-12,scaleway,L40S,pl-waw-2,on_demand,limited,stock_status_label,1.0
2026-08-12,scaleway,B300,global,on_demand,sold_out,regions_with_capacity,0.0
2026-08-12,scaleway,H100,global,on_demand,available,regions_with_capacity,1.0
2026-08-12,scaleway,L40S,global,on_demand,limited,regions_with_capacity,0.0
2026-08-12,voltage_park,H100,global,on_demand,sold_out,stock_level,0.0
2026-08-12,gmi,GB200,global,on_demand,available,stock_status_label,2.0
2026-08-12,gmi,GB300,global,on_demand,limited,stock_status_label,1.0
2026-08-12,gmi,H100,global,on_demand,available,stock_status_label,2.0
2026-08-12,gmi,H200,global,on_demand,available,stock_status_label,2.0
2026-08-12,gmi,B200,global,on_demand,limited,stock_status_label,1.0
2026-08-12,sfcompute,H100,global,reserved_short,available,clearing_price_usd,1.94
2026-08-12,sfcompute,H200,global,reserved_short,unknown,clearing_price_usd,
2026-08-12,sfcompute,B200,global,reserved_short,unknown,clearing_price_usd,
2026-08-12,crusoe,L40S,global,on_demand,available,regions_with_capacity,1.0
2026-08-12,hyperstack,H100,global,on_demand,sold_out,regions_with_capacity,0.0
2026-08-12,hyperstack,RTX6000,global,on_demand,sold_out,regions_with_capacity,0.0
2026-08-12,lambda,B200,global,on_demand,sold_out,regions_with_capacity,0.0
2026-08-12,lambda,H100,global,on_demand,available,regions_with_capacity,4.0
2026-08-12,nebius,H100,global,on_demand,sold_out,regions_with_capacity,0.0
2026-08-12,nebius,H200,global,on_demand,sold_out,regions_with_capacity,0.0
2026-08-12,scaleway,B300,global,on_demand,sold_out,regions_with_capacity,0.0
2026-08-12,scaleway,H100,global,on_demand,available,regions_with_capacity,2.0
2026-08-12,scaleway,L40S,global,on_demand,available,regions_with_capacity,1.0
2026-08-12,verda,B200,global,on_demand,sold_out,regions_with_capacity,0.0
2026-08-12,verda,B300,global,on_demand,sold_out,regions_with_capacity,0.0
2026-08-12,verda,H100,global,on_demand,sold_out,regions_with_capacity,0.0
2026-08-12,verda,H200,global,on_demand,available,regions_with_capacity,1.0
2026-08-12,verda,L40S,global,on_demand,sold_out,regions_with_capacity,0.0
2026-08-12,verda,RTX6000,global,on_demand,limited,regions_with_capacity,1.0
2026-08-12,voltage_park,H100,global,on_demand,sold_out,regions_with_capacity,0.0
2026-08-12,nebius,B200,global,on_demand,available,listed_offering,2.0
2026-08-12,nebius,B200,me-west1,on_demand,available,listed_offering,1.0
2026-08-12,nebius,B200,us-central1,on_demand,available,listed_offering,1.0
2026-08-12,nebius,B300,global,on_demand,available,listed_offering,2.0
2026-08-12,nebius,B300,eu-west2,on_demand,available,listed_offering,1.0
2026-08-12,nebius,B300,uk-south1,on_demand,available,listed_offering,1.0
2026-08-12,nebius,H100,global,on_demand,available,listed_offering,1.0
2026-08-12,nebius,H100,eu-north1,on_demand,available,listed_offering,1.0
2026-08-12,nebius,H200,global,on_demand,available,listed_offering,4.0
2026-08-12,nebius,H200,eu-north1,on_demand,available,listed_offering,1.0
2026-08-12,nebius,H200,eu-north2,on_demand,available,listed_offering,1.0
2026-08-12,nebius,H200,eu-west1,on_demand,available,listed_offering,1.0
2026-08-12,nebius,H200,us-central1,on_demand,available,listed_offering,1.0
2026-08-12,nebius,L40S,global,on_demand,available,listed_offering,1.0
2026-08-12,nebius,L40S,eu-north1,on_demand,available,listed_offering,1.0
2026-08-12,nebius,RTX6000,global,on_demand,available,listed_offering,1.0
2026-08-12,nebius,RTX6000,us-central1,on_demand,available,listed_offering,1.0
2026-08-12,hyperstack,H200,CANADA-1,on_demand,limited,stock_level,8.0
2026-08-12,hyperstack,H100,CANADA-1,on_demand,available,stock_level,75.0
2026-08-12,hyperstack,H100,CANADA-1,on_demand,available,stock_level,75.0
2026-08-12,hyperstack,H100,CANADA-1,on_demand,limited,stock_level,2.0
2026-08-12,hyperstack,L40S,CANADA-1,on_demand,limited,stock_level,7.0
2026-08-12,hyperstack,B200,CANADA-1,on_demand,sold_out,stock_level,0.0
2026-08-12,hyperstack,H100,CANADA-1,on_demand,sold_out,stock_level,0.0
2026-08-12,hyperstack,H100,CANADA-1,on_demand,sold_out,stock_level,0.0
2026-08-12,hyperstack,L40S,CANADA-1,on_demand,available,stock_level,10.0
2026-08-12,hyperstack,H200,global,on_demand,limited,stock_level,8.0
2026-08-12,hyperstack,H100,global,on_demand,available,stock_level,75.0
2026-08-12,hyperstack,L40S,global,on_demand,available,stock_level,10.0
2026-08-12,hyperstack,B200,global,on_demand,sold_out,stock_level,0.0
2026-08-12,together,B200,ca-west-1,on_demand,available,stock_level,5.0
2026-08-12,together,B200,us-east-3,on_demand,available,stock_level,5.0
2026-08-12,together,B200,us-west-3,on_demand,unknown,stock_level,0.0
2026-08-12,together,GB300,us-south-3,on_demand,available,stock_level,5.0
2026-08-12,together,H100,ca-east-1,on_demand,unknown,stock_level,0.0
2026-08-12,together,H100,eu-central-1,on_demand,unknown,stock_level,0.0
2026-08-12,together,H100,eu-north-1,on_demand,unknown,stock_level,0.0
2026-08-12,together,H100,us-central-4,on_demand,available,stock_level,5.0
2026-08-12,together,H100,us-central-5,on_demand,unknown,stock_level,0.0
2026-08-12,together,H100,us-central-6,on_demand,unknown,stock_level,0.0
2026-08-12,together,H100,us-east-1,on_demand,unknown,stock_level,0.0
2026-08-12,together,H100,us-east-4,on_demand,available,stock_level,5.0
2026-08-12,together,H200,us-central-8,on_demand,available,stock_level,5.0
2026-08-12,together,H200,global,on_demand,available,regions_with_capacity,1.0
2026-08-12,together,B200,global,on_demand,available,regions_with_capacity,2.0
2026-08-12,together,GB300,global,on_demand,available,regions_with_capacity,1.0
2026-08-12,together,H100,global,on_demand,available,regions_with_capacity,2.0
2026-08-12,verda,H200,FIN-03,on_demand,available,binary,8.0
2026-08-12,verda,RTX6000,FIN-03,on_demand,available,binary,8.0
2026-08-12,verda,B200,global,on_demand,sold_out,binary,0.0
2026-08-12,verda,GB300,global,on_demand,sold_out,binary,0.0
2026-08-12,verda,B300,global,on_demand,sold_out,binary,0.0
2026-08-12,verda,L40S,global,on_demand,sold_out,binary,0.0
2026-08-12,verda,H100,global,on_demand,sold_out,binary,0.0
2026-08-12,verda,H200,FIN-03,spot,limited,binary,1.0
2026-08-12,verda,RTX6000,FIN-03,spot,available,binary,8.0
2026-08-13,lambda,B200,global,on_demand,sold_out,regions_with_capacity,0.0
2026-08-13,lambda,H100,global,on_demand,limited,regions_with_capacity,4.0
2026-08-13,lambda,H100,us-south-2,on_demand,available,regions_with_capacity,1.0
2026-08-13,lambda,H100,us-south-3,on_demand,available,regions_with_capacity,1.0
2026-08-13,lambda,H100,us-southeast-1,on_demand,available,regions_with_capacity,1.0
2026-08-13,lambda,H100,us-west-3,on_demand,available,regions_with_capacity,1.0
2026-08-13,coreweave,GB300,global,on_demand,available,listed_offering,4.0
2026-08-13,coreweave,GB300,CA-EAST-01A,on_demand,available,listed_offering,1.0
2026-08-13,coreweave,GB300,US-CENTRAL-07A,on_demand,available,listed_offering,1.0
2026-08-13,coreweave,GB300,US-CENTRAL-09A,on_demand,available,listed_offering,1.0
2026-08-13,coreweave,GB300,US-WEST-01A,on_demand,available,listed_offering,1.0
2026-08-13,coreweave,GB200,global,on_demand,available,listed_offering,6.0
2026-08-13,coreweave,GB200,CA-EAST-01A,on_demand,available,listed_offering,1.0
2026-08-13,coreweave,GB200,US-EAST-01A,on_demand,available,listed_offering,1.0
2026-08-13,coreweave,GB200,US-EAST-02A,on_demand,available,listed_offering,1.0
2026-08-13,coreweave,GB200,US-EAST-08A,on_demand,available,listed_offering,1.0
2026-08-13,coreweave,GB200,US-EAST-13A,on_demand,available,listed_offering,1.0
2026-08-13,coreweave,GB200,US-WEST-01A,on_demand,available,listed_offering,1.0
2026-08-13,coreweave,B300,global,on_demand,available,listed_offering,4.0
2026-08-13,coreweave,B300,US-CENTRAL-06A,on_demand,available,listed_offering,1.0
2026-08-13,coreweave,B300,US-EAST-13A,on_demand,available,listed_offering,1.0
2026-08-13,coreweave,B300,US-WEST-01A,on_demand,available,listed_offering,1.0
2026-08-13,coreweave,B300,US-WEST-10A,on_demand,available,listed_offering,1.0
2026-08-13,coreweave,B200,global,on_demand,available,listed_offering,5.0
2026-08-13,coreweave,B200,EU-SOUTH-04A,on_demand,available,listed_offering,1.0
2026-08-13,coreweave,B200,US-CENTRAL-07A,on_demand,available,listed_offering,1.0
2026-08-13,coreweave,B200,US-EAST-13A,on_demand,available,listed_offering,1.0
2026-08-13,coreweave,B200,US-EAST-15A,on_demand,available,listed_offering,1.0
2026-08-13,coreweave,B200,US-WEST-09B,on_demand,available,listed_offering,1.0
2026-08-13,coreweave,H200,global,on_demand,available,listed_offering,7.0
2026-08-13,coreweave,H200,EU-SOUTH-03B,on_demand,available,listed_offering,1.0
2026-08-13,coreweave,H200,RNO2A,on_demand,available,listed_offering,1.0
2026-08-13,coreweave,H200,US-EAST-01A,on_demand,available,listed_offering,1.0
2026-08-13,coreweave,H200,US-EAST-02A,on_demand,available,listed_offering,1.0
2026-08-13,coreweave,H200,US-EAST-04A,on_demand,available,listed_offering,1.0
2026-08-13,coreweave,H200,US-EAST-08A,on_demand,available,listed_offering,1.0
2026-08-13,coreweave,H200,US-WEST-04A,on_demand,available,listed_offering,1.0
2026-08-13,coreweave,H100,global,on_demand,available,listed_offering,10.0
2026-08-13,coreweave,H100,RNO2A,on_demand,available,listed_offering,1.0
2026-08-13,coreweave,H100,US-CENTRAL-06A,on_demand,available,listed_offering,1.0
2026-08-13,coreweave,H100,US-EAST-01A,on_demand,available,listed_offering,1.0
2026-08-13,coreweave,H100,US-EAST-02A,on_demand,available,listed_offering,1.0
2026-08-13,coreweave,H100,US-EAST-04A,on_demand,available,listed_offering,1.0
2026-08-13,coreweave,H100,US-EAST-06A,on_demand,available,listed_offering,1.0
2026-08-13,coreweave,H100,US-WEST-01A,on_demand,available,listed_offering,1.0
2026-08-13,coreweave,H100,US-WEST-02B,on_demand,available,listed_offering,1.0
2026-08-13,coreweave,H100,US-WEST-04A,on_demand,available,listed_offering,1.0
2026-08-13,coreweave,H100,US-WEST-09B,on_demand,available,listed_offering,1.0
2026-08-13,coreweave,RTX6000,global,on_demand,available,listed_offering,10.0
2026-08-13,coreweave,RTX6000,EU-SOUTH-04A,on_demand,available,listed_offering,1.0
2026-08-13,coreweave,RTX6000,US-EAST-01A,on_demand,available,listed_offering,1.0
2026-08-13,coreweave,RTX6000,US-EAST-04A,on_demand,available,listed_offering,1.0
2026-08-13,coreweave,RTX6000,US-EAST-06A,on_demand,available,listed_offering,1.0
2026-08-13,coreweave,RTX6000,US-EAST-13A,on_demand,available,listed_offering,1.0
2026-08-13,coreweave,RTX6000,US-EAST-14A,on_demand,available,listed_offering,1.0
2026-08-13,coreweave,RTX6000,US-WEST-01A,on_demand,available,listed_offering,1.0
2026-08-13,coreweave,RTX6000,US-WEST-04A,on_demand,available,listed_offering,1.0
2026-08-13,coreweave,RTX6000,US-WEST-09B,on_demand,available,listed_offering,1.0
2026-08-13,coreweave,RTX6000,US-WEST-10A,on_demand,available,listed_offering,1.0
2026-08-13,coreweave,L40S,global,on_demand,limited,listed_offering,1.0
2026-08-13,coreweave,L40S,US-EAST-04A,on_demand,available,listed_offering,1.0
2026-08-13,gcp,B200,global,on_demand,available,listed_offering,11.0
2026-08-13,gcp,B200,asia-northeast1,on_demand,available,listed_offering,1.0
2026-08-13,gcp,B200,asia-southeast1,on_demand,available,listed_offering,1.0
2026-08-13,gcp,B200,europe-north1,on_demand,available,listed_offering,1.0
2026-08-13,gcp,B200,europe-west4,on_demand,available,listed_offering,1.0
2026-08-13,gcp,B200,us-central1,on_demand,available,listed_offering,1.0
2026-08-13,gcp,B200,us-east1,on_demand,available,listed_offering,1.0
2026-08-13,gcp,B200,us-east4,on_demand,available,listed_offering,1.0
2026-08-13,gcp,B200,us-south1,on_demand,available,listed_offering,1.0
2026-08-13,gcp,B200,us-west2,on_demand,available,listed_offering,1.0
2026-08-13,gcp,B200,us-west3,on_demand,available,listed_offering,2.0
2026-08-13,gcp,GB200,global,on_demand,available,listed_offering,5.0
2026-08-13,gcp,GB200,europe-west4,on_demand,available,listed_offering,1.0
2026-08-13,gcp,GB200,us-central1,on_demand,available,listed_offering,2.0
2026-08-13,gcp,GB200,us-east1,on_demand,available,listed_offering,1.0
2026-08-13,gcp,GB200,us-east4,on_demand,available,listed_offering,1.0
2026-08-13,gcp,GB300,global,on_demand,available,listed_offering,5.0
2026-08-13,gcp,GB300,us-central1,on_demand,available,listed_offering,1.0
2026-08-13,gcp,GB300,us-east4,on_demand,available,listed_offering,2.0
2026-08-13,gcp,GB300,us-east5,on_demand,available,listed_offering,2.0
2026-08-13,gcp,H100,global,on_demand,available,listed_offering,23.0
2026-08-13,gcp,H100,asia-east1,on_demand,available,listed_offering,1.0
2026-08-13,gcp,H100,asia-northeast1,on_demand,available,listed_offering,1.0
2026-08-13,gcp,H100,asia-northeast3,on_demand,available,listed_offering,1.0
2026-08-13,gcp,H100,asia-south1,on_demand,available,listed_offering,1.0
2026-08-13,gcp,H100,asia-southeast1,on_demand,available,listed_offering,2.0
2026-08-13,gcp,H100,australia-southeast1,on_demand,available,listed_offering,1.0
2026-08-13,gcp,H100,europe-west1,on_demand,available,listed_offering,2.0
2026-08-13,gcp,H100,europe-west3,on_demand,available,listed_offering,1.0
2026-08-13,gcp,H100,europe-west4,on_demand,available,listed_offering,2.0
2026-08-13,gcp,H100,northamerica-northeast2,on_demand,available,listed_offering,1.0
2026-08-13,gcp,H100,us-central1,on_demand,available,listed_offering,3.0
2026-08-13,gcp,H100,us-east4,on_demand,available,listed_offering,3.0
2026-08-13,gcp,H100,us-east5,on_demand,available,listed_offering,1.0
2026-08-13,gcp,H100,us-west1,on_demand,available,listed_offering,2.0
2026-08-13,gcp,H100,us-west4,on_demand,available,listed_offering,1.0
2026-08-13,gcp,H200,global,on_demand,available,listed_offering,8.0
2026-08-13,gcp,H200,asia-south1,on_demand,available,listed_offering,1.0
2026-08-13,gcp,H200,asia-south2,on_demand,available,listed_offering,1.0
2026-08-13,gcp,H200,europe-west1,on_demand,available,listed_offering,1.0
2026-08-13,gcp,H200,europe-west4,on_demand,available,listed_offering,1.0
2026-08-13,gcp,H200,us-central1,on_demand,available,listed_offering,1.0
2026-08-13,gcp,H200,us-east4,on_demand,available,listed_offering,1.0
2026-08-13,gcp,H200,us-south1,on_demand,available,listed_offering,1.0
2026-08-13,gcp,H200,us-west1,on_demand,available,listed_offering,1.0
2026-08-13,gcp,RTX6000,global,on_demand,available,listed_offering,39.0
2026-08-13,gcp,RTX6000,asia-east1,on_demand,available,listed_offering,1.0
2026-08-13,gcp,RTX6000,asia-south1,on_demand,available,listed_offering,1.0
2026-08-13,gcp,RTX6000,asia-south2,on_demand,available,listed_offering,2.0
2026-08-13,gcp,RTX6000,asia-southeast1,on_demand,available,listed_offering,2.0
2026-08-13,gcp,RTX6000,asia-southeast2,on_demand,available,listed_offering,2.0
2026-08-13,gcp,RTX6000,europe-north1,on_demand,available,listed_offering,3.0
2026-08-13,gcp,RTX6000,europe-west1,on_demand,available,listed_offering,1.0
2026-08-13,gcp,RTX6000,europe-west10,on_demand,available,listed_offering,1.0
2026-08-13,gcp,RTX6000,europe-west2,on_demand,available,listed_offering,2.0
2026-08-13,gcp,RTX6000,europe-west4,on_demand,available,listed_offering,3.0
2026-08-13,gcp,RTX6000,europe-west8,on_demand,available,listed_offering,2.0
2026-08-13,gcp,RTX6000,me-central2,on_demand,available,listed_offering,1.0
2026-08-13,gcp,RTX6000,us-central1,on_demand,available,listed_offering,3.0
2026-08-13,gcp,RTX6000,us-east1,on_demand,available,listed_offering,2.0
2026-08-13,gcp,RTX6000,us-east4,on_demand,available,listed_offering,2.0
2026-08-13,gcp,RTX6000,us-east5,on_demand,available,listed_offering,3.0
2026-08-13,gcp,RTX6000,us-south1,on_demand,available,listed_offering,2.0
2026-08-13,gcp,RTX6000,us-west1,on_demand,available,listed_offering,3.0
2026-08-13,gcp,RTX6000,us-west3,on_demand,available,listed_offering,1.0
2026-08-13,gcp,RTX6000,us-west4,on_demand,available,listed_offering,2.0
2026-08-13,azure,H100,global,on_demand,available,listed_offering,24.0
2026-08-13,azure,H100,global,spot,available,listed_offering,24.0
2026-08-13,azure,H200,global,on_demand,available,listed_offering,31.0
2026-08-13,azure,H200,global,spot,available,listed_offering,31.0
2026-08-13,azure,GB200,global,on_demand,available,listed_offering,19.0
2026-08-13,azure,GB200,global,spot,available,listed_offering,19.0
2026-08-13,aws,L40S,me-central-1,spot,available,stock_status_label,0.0
2026-08-13,aws,H100,ap-southeast-3,spot,available,stock_status_label,0.0
2026-08-13,aws,H200,ap-southeast-3,spot,available,stock_status_label,0.0
2026-08-13,aws,H200,eu-south-2,spot,available,stock_status_label,1.0
2026-08-13,aws,L40S,eu-south-2,spot,available,stock_status_label,0.0
2026-08-13,aws,H100,us-west-1,spot,available,stock_status_label,0.0
2026-08-13,aws,H200,us-west-1,spot,available,stock_status_label,0.0
2026-08-13,aws,H100,eu-north-1,spot,available,stock_status_label,0.0
2026-08-13,aws,H200,eu-north-1,spot,available,stock_status_label,0.0
2026-08-13,aws,L40S,eu-north-1,spot,available,stock_status_label,3.0
2026-08-13,aws,H100,ca-central-1,spot,available,stock_status_label,0.0
2026-08-13,aws,H100,eu-west-2,spot,available,stock_status_label,1.0
2026-08-13,aws,H100,sa-east-1,spot,available,stock_status_label,0.0
2026-08-13,aws,H100,ap-south-1,spot,available,stock_status_label,0.0
2026-08-13,aws,H200,ap-south-1,spot,available,stock_status_label,0.0
2026-08-13,aws,H200,ap-northeast-2,spot,available,stock_status_label,0.0
2026-08-13,aws,L40S,ap-northeast-2,spot,available,stock_status_label,2.0
2026-08-13,aws,H100,us-east-2,spot,available,stock_status_label,2.0
2026-08-13,aws,H200,us-east-2,spot,available,stock_status_label,1.0
2026-08-13,aws,B200,us-east-2,spot,available,stock_status_label,1.0
2026-08-13,aws,L40S,us-east-2,spot,available,stock_status_label,1.0
2026-08-13,aws,L40S,eu-central-1,spot,limited,stock_status_label,4.0
2026-08-13,aws,H100,ap-southeast-2,spot,available,stock_status_label,0.0
2026-08-13,aws,H100,ap-northeast-1,spot,available,stock_status_label,0.0
2026-08-13,aws,H200,ap-northeast-1,spot,available,stock_status_label,0.0
2026-08-13,aws,L40S,ap-northeast-1,spot,limited,stock_status_label,4.0
2026-08-13,aws,H100,us-west-2,spot,available,stock_status_label,0.0
2026-08-13,aws,H200,us-west-2,spot,available,stock_status_label,0.0
2026-08-13,aws,B200,us-west-2,spot,available,stock_status_label,2.0
2026-08-13,aws,B300,us-west-2,spot,available,stock_status_label,0.0
2026-08-13,aws,L40S,us-west-2,spot,available,stock_status_label,0.0
2026-08-13,aws,H100,us-east-1,spot,available,stock_status_label,0.0
2026-08-13,aws,H200,us-east-1,spot,available,stock_status_label,0.0
2026-08-13,aws,B200,us-east-1,spot,available,stock_status_label,2.0
2026-08-13,aws,L40S,us-east-1,spot,available,stock_status_label,2.0
2026-08-13,aws,L40S,global,spot,available,regions_with_capacity,9.0
2026-08-13,aws,H200,global,spot,available,regions_with_capacity,10.0
2026-08-13,aws,H100,global,spot,available,regions_with_capacity,12.0
2026-08-13,aws,B200,global,spot,available,regions_with_capacity,3.0
2026-08-13,aws,B300,global,spot,available,regions_with_capacity,1.0
2026-08-13,crusoe,B200,global,on_demand,available,listed_offering,3.0
2026-08-13,crusoe,B300,global,on_demand,limited,listed_offering,1.0
2026-08-13,crusoe,GB200,global,on_demand,limited,listed_offering,1.0
2026-08-13,crusoe,H100,global,on_demand,available,listed_offering,3.0
2026-08-13,crusoe,H200,global,on_demand,limited,listed_offering,1.0
2026-08-13,crusoe,L40S,global,on_demand,available,listed_offering,2.0
2026-08-13,runpod,B200,global,on_demand,limited,stock_status_label,0.0
2026-08-13,runpod,B300,global,on_demand,sold_out,stock_status_label,0.0
2026-08-13,runpod,H100,global,on_demand,limited,stock_status_label,0.0
2026-08-13,runpod,H100,global,on_demand,limited,stock_status_label,0.0
2026-08-13,runpod,H100,global,on_demand,sold_out,stock_status_label,0.0
2026-08-13,runpod,H200,global,on_demand,limited,stock_status_label,0.0
2026-08-13,runpod,H200,global,on_demand,sold_out,stock_status_label,0.0
2026-08-13,runpod,L40S,global,on_demand,limited,stock_status_label,0.0
2026-08-13,runpod,RTX6000,global,on_demand,sold_out,stock_status_label,0.0
2026-08-13,runpod,RTX6000,global,on_demand,limited,stock_status_label,1.0
2026-08-13,runpod,RTX6000,global,on_demand,limited,stock_status_label,0.0
2026-08-13,runpod,H100,AP-IN-1,on_demand,available,stock_status_label,1.0
2026-08-13,runpod,H100,AP-IN-2,on_demand,available,stock_status_label,1.0
2026-08-13,runpod,H200,AP-JP-1,on_demand,available,stock_status_label,1.0
2026-08-13,runpod,H100,AP-JP-1,on_demand,sold_out,stock_status_label,0.0
2026-08-13,runpod,H100,CA-MTL-1,on_demand,available,stock_status_label,1.0
2026-08-13,runpod,RTX6000,CA-MTL-3,on_demand,available,stock_status_label,1.0
2026-08-13,runpod,H200,CA-MTL-3,on_demand,available,stock_status_label,1.0
2026-08-13,runpod,H200,CA-MTL-4,on_demand,sold_out,stock_status_label,0.0
2026-08-13,runpod,RTX6000,EU-CZ-1,on_demand,available,stock_status_label,1.0
2026-08-13,runpod,RTX6000,EU-CZ-1,on_demand,available,stock_status_label,1.0
2026-08-13,runpod,H200,EU-FR-1,on_demand,available,stock_status_label,1.0
2026-08-13,runpod,H100,EU-FR-1,on_demand,available,stock_status_label,1.0
2026-08-13,runpod,B300,EU-NL-1,on_demand,available,stock_status_label,1.0
2026-08-13,runpod,L40S,EU-NL-1,on_demand,available,stock_status_label,1.0
2026-08-13,runpod,H100,EU-NL-1,on_demand,available,stock_status_label,1.0
2026-08-13,runpod,RTX6000,EU-NL-1,on_demand,available,stock_status_label,1.0
2026-08-13,runpod,RTX6000,EU-RO-1,on_demand,available,stock_status_label,1.0
2026-08-13,runpod,B200,EU-RO-1,on_demand,sold_out,stock_status_label,0.0
2026-08-13,runpod,RTX6000,EU-RO-1,on_demand,available,stock_status_label,1.0
2026-08-13,runpod,RTX6000,EUR-IS-1,on_demand,available,stock_status_label,1.0
2026-08-13,runpod,B300,EUR-IS-1,on_demand,available,stock_status_label,1.0
2026-08-13,runpod,H100,EUR-IS-1,on_demand,sold_out,stock_status_label,0.0
2026-08-13,runpod,RTX6000,EUR-IS-1,on_demand,available,stock_status_label,1.0
2026-08-13,runpod,RTX6000,EUR-IS-2,on_demand,available,stock_status_label,1.0
2026-08-13,runpod,H200,EUR-IS-2,on_demand,sold_out,stock_status_label,0.0
2026-08-13,runpod,L40S,EUR-IS-2,on_demand,available,stock_status_label,1.0
2026-08-13,runpod,H100,EUR-IS-3,on_demand,available,stock_status_label,1.0
2026-08-13,runpod,H200,EUR-IS-4,on_demand,available,stock_status_label,1.0
2026-08-13,runpod,H200,EUR-IS-5,on_demand,sold_out,stock_status_label,0.0
2026-08-13,runpod,H100,EUR-NO-2,on_demand,available,stock_status_label,1.0
2026-08-13,runpod,H100,US-CA-2,on_demand,available,stock_status_label,1.0
2026-08-13,runpod,B200,US-CA-2,on_demand,available,stock_status_label,1.0
2026-08-13,runpod,H200,US-CA-2,on_demand,available,stock_status_label,1.0
2026-08-13,runpod,H100,US-CA-2,on_demand,sold_out,stock_status_label,0.0
2026-08-13,runpod,RTX6000,US-CA-2,on_demand,sold_out,stock_status_label,0.0
2026-08-13,runpod,H200,US-GA-2,on_demand,available,stock_status_label,1.0
2026-08-13,runpod,H100,US-GA-2,on_demand,available,stock_status_label,1.0
2026-08-13,runpod,H100,US-GA-2,on_demand,available,stock_status_label,1.0
2026-08-13,runpod,L40S,US-IL-1,on_demand,sold_out,stock_status_label,0.0
2026-08-13,runpod,H100,US-KS-2,on_demand,sold_out,stock_status_label,0.0
2026-08-13,runpod,H100,US-KS-2,on_demand,available,stock_status_label,1.0
2026-08-13,runpod,H100,US-KS-2,on_demand,sold_out,stock_status_label,0.0
2026-08-13,runpod,RTX6000,US-KS-2,on_demand,available,stock_status_label,1.0
2026-08-13,runpod,H200,US-MD-1,on_demand,sold_out,stock_status_label,0.0
2026-08-13,runpod,L40S,US-MO-1,on_demand,available,stock_status_label,1.0
2026-08-13,runpod,H100,US-MO-1,on_demand,available,stock_status_label,1.0
2026-08-13,runpod,RTX6000,US-MO-2,on_demand,available,stock_status_label,1.0
2026-08-13,runpod,RTX6000,US-NC-1,on_demand,available,stock_status_label,1.0
2026-08-13,runpod,H200,US-NC-1,on_demand,available,stock_status_label,1.0
2026-08-13,runpod,L40S,US-NC-1,on_demand,sold_out,stock_status_label,0.0
2026-08-13,runpod,RTX6000,US-NC-2,on_demand,available,stock_status_label,2.0
2026-08-13,runpod,B200,US-NC-2,on_demand,available,stock_status_label,1.0
2026-08-13,runpod,RTX6000,US-NE-1,on_demand,available,stock_status_label,1.0
2026-08-13,runpod,H100,US-NE-1,on_demand,available,stock_status_label,1.0
2026-08-13,runpod,B200,US-NE-1,on_demand,available,stock_status_label,1.0
2026-08-13,runpod,RTX6000,US-PA-1,on_demand,available,stock_status_label,1.0
2026-08-13,runpod,H200,US-PA-1,on_demand,sold_out,stock_status_label,0.0
2026-08-13,runpod,L40S,US-TX-3,on_demand,available,stock_status_label,1.0
2026-08-13,runpod,L40S,US-TX-4,on_demand,available,stock_status_label,1.0
2026-08-13,runpod,B200,US-TX-6,on_demand,sold_out,stock_status_label,0.0
2026-08-13,runpod,B300,US-WA-2,on_demand,sold_out,stock_status_label,0.0
2026-08-13,vast,H100,global,on_demand,available,offer_depth_gpus,102.0
2026-08-13,vast,H200,global,on_demand,available,offer_depth_gpus,85.0
2026-08-13,vast,B200,global,on_demand,available,offer_depth_gpus,40.0
2026-08-13,vast,B300,global,on_demand,available,offer_depth_gpus,41.0
2026-08-13,vast,GB200,global,on_demand,not_offered,offer_depth_gpus,0.0
2026-08-13,vast,L40S,global,on_demand,available,offer_depth_gpus,124.0
2026-08-13,vast,RTX6000,global,on_demand,available,offer_depth_gpus,69.0
2026-08-13,scaleway,B300,fr-par-2,on_demand,sold_out,stock_status_label,0.0
2026-08-13,scaleway,H100,fr-par-2,on_demand,available,stock_status_label,2.0
2026-08-13,scaleway,H100,pl-waw-2,on_demand,limited,stock_status_label,1.0
2026-08-13,scaleway,L40S,fr-par-2,on_demand,limited,stock_status_label,1.0
2026-08-13,scaleway,L40S,pl-waw-2,on_demand,limited,stock_status_label,1.0
2026-08-13,scaleway,B300,global,on_demand,sold_out,regions_with_capacity,0.0
2026-08-13,scaleway,H100,global,on_demand,available,regions_with_capacity,1.0
2026-08-13,scaleway,L40S,global,on_demand,limited,regions_with_capacity,0.0
2026-08-13,voltage_park,H100,global,on_demand,sold_out,stock_level,0.0
2026-08-13,gmi,GB200,global,on_demand,available,stock_status_label,2.0
2026-08-13,gmi,GB300,global,on_demand,limited,stock_status_label,1.0
2026-08-13,gmi,H100,global,on_demand,available,stock_status_label,2.0
2026-08-13,gmi,H200,global,on_demand,available,stock_status_label,2.0
2026-08-13,gmi,B200,global,on_demand,limited,stock_status_label,1.0
2026-08-13,sfcompute,H100,global,reserved_short,available,clearing_price_usd,2.13
2026-08-13,sfcompute,H200,global,reserved_short,unknown,clearing_price_usd,
2026-08-13,sfcompute,B200,global,reserved_short,unknown,clearing_price_usd,
2026-08-13,crusoe,L40S,global,on_demand,sold_out,regions_with_capacity,0.0
2026-08-13,hyperstack,H100,global,on_demand,limited,regions_with_capacity,1.0
2026-08-13,hyperstack,RTX6000,global,on_demand,sold_out,regions_with_capacity,0.0
2026-08-13,lambda,B200,global,on_demand,sold_out,regions_with_capacity,0.0
2026-08-13,lambda,H100,global,on_demand,available,regions_with_capacity,4.0
2026-08-13,nebius,H100,global,on_demand,sold_out,regions_with_capacity,0.0
2026-08-13,nebius,H200,global,on_demand,sold_out,regions_with_capacity,0.0
2026-08-13,scaleway,B300,global,on_demand,sold_out,regions_with_capacity,0.0
2026-08-13,scaleway,H100,global,on_demand,available,regions_with_capacity,2.0
2026-08-13,scaleway,L40S,global,on_demand,available,regions_with_capacity,1.0
2026-08-13,verda,B200,global,on_demand,sold_out,regions_with_capacity,0.0
2026-08-13,verda,B300,global,on_demand,available,regions_with_capacity,1.0
2026-08-13,verda,H100,global,on_demand,limited,regions_with_capacity,1.0
2026-08-13,verda,H200,global,on_demand,sold_out,regions_with_capacity,0.0
2026-08-13,verda,L40S,global,on_demand,sold_out,regions_with_capacity,0.0
2026-08-13,verda,RTX6000,global,on_demand,available,regions_with_capacity,2.0
2026-08-13,voltage_park,H100,global,on_demand,sold_out,regions_with_capacity,0.0
2026-08-13,nebius,B200,global,on_demand,available,listed_offering,2.0
2026-08-13,nebius,B200,me-west1,on_demand,available,listed_offering,1.0
2026-08-13,nebius,B200,us-central1,on_demand,available,listed_offering,1.0
2026-08-13,nebius,B300,global,on_demand,available,listed_offering,2.0
2026-08-13,nebius,B300,eu-west2,on_demand,available,listed_offering,1.0
2026-08-13,nebius,B300,uk-south1,on_demand,available,listed_offering,1.0
2026-08-13,nebius,H100,global,on_demand,available,listed_offering,1.0
2026-08-13,nebius,H100,eu-north1,on_demand,available,listed_offering,1.0
2026-08-13,nebius,H200,global,on_demand,available,listed_offering,4.0
2026-08-13,nebius,H200,eu-north1,on_demand,available,listed_offering,1.0
2026-08-13,nebius,H200,eu-north2,on_demand,available,listed_offering,1.0
2026-08-13,nebius,H200,eu-west1,on_demand,available,listed_offering,1.0
2026-08-13,nebius,H200,us-central1,on_demand,available,listed_offering,1.0
2026-08-13,nebius,L40S,global,on_demand,available,listed_offering,1.0
2026-08-13,nebius,L40S,eu-north1,on_demand,available,listed_offering,1.0
2026-08-13,nebius,RTX6000,global,on_demand,available,listed_offering,1.0
2026-08-13,nebius,RTX6000,us-central1,on_demand,available,listed_offering,1.0
2026-08-13,hyperstack,B200,CANADA-1,on_demand,sold_out,stock_level,0.0
2026-08-13,hyperstack,L40S,CANADA-1,on_demand,available,stock_level,25.0
2026-08-13,hyperstack,L40S,CANADA-1,on_demand,limited,stock_level,6.0
2026-08-13,hyperstack,H100,CANADA-1,on_demand,available,stock_level,100.0
2026-08-13,hyperstack,H200,CANADA-1,on_demand,sold_out,stock_level,0.0
2026-08-13,hyperstack,H100,CANADA-1,on_demand,available,stock_level,75.0
2026-08-13,hyperstack,H100,CANADA-1,on_demand,limited,stock_level,8.0
2026-08-13,hyperstack,H100,CANADA-1,on_demand,limited,stock_level,8.0
2026-08-13,hyperstack,H100,CANADA-1,on_demand,sold_out,stock_level,0.0
2026-08-13,hyperstack,B200,global,on_demand,sold_out,stock_level,0.0
2026-08-13,hyperstack,L40S,global,on_demand,available,stock_level,25.0
2026-08-13,hyperstack,H100,global,on_demand,available,stock_level,100.0
2026-08-13,hyperstack,H200,global,on_demand,sold_out,stock_level,0.0
2026-08-13,together,B200,ca-west-1,on_demand,available,stock_level,5.0
2026-08-13,together,B200,us-east-3,on_demand,available,stock_level,5.0
2026-08-13,together,B200,us-west-3,on_demand,unknown,stock_level,0.0
2026-08-13,together,GB300,us-south-3,on_demand,available,stock_level,5.0
2026-08-13,together,H100,ca-east-1,on_demand,unknown,stock_level,0.0
2026-08-13,together,H100,eu-central-1,on_demand,unknown,stock_level,0.0
2026-08-13,together,H100,eu-north-1,on_demand,unknown,stock_level,0.0
2026-08-13,together,H100,us-central-4,on_demand,available,stock_level,5.0
2026-08-13,together,H100,us-central-5,on_demand,unknown,stock_level,0.0
2026-08-13,together,H100,us-central-6,on_demand,unknown,stock_level,0.0
2026-08-13,together,H100,us-east-1,on_demand,unknown,stock_level,0.0
2026-08-13,together,H100,us-east-4,on_demand,available,stock_level,5.0
2026-08-13,together,H200,us-central-8,on_demand,available,stock_level,5.0
2026-08-13,together,B200,global,on_demand,available,regions_with_capacity,2.0
2026-08-13,together,GB300,global,on_demand,available,regions_with_capacity,1.0
2026-08-13,together,H200,global,on_demand,available,regions_with_capacity,1.0
2026-08-13,together,H100,global,on_demand,available,regions_with_capacity,2.0
2026-08-13,verda,H100,FIN-01,on_demand,limited,binary,1.0
2026-08-13,verda,RTX6000,FIN-01,on_demand,limited,binary,4.0
2026-08-13,verda,H100,FIN-02,on_demand,limited,binary,1.0
2026-08-13,verda,B300,FIN-03,on_demand,limited,binary,2.0
2026-08-13,verda,H200,FIN-03,on_demand,limited,binary,1.0
2026-08-13,verda,RTX6000,FIN-03,on_demand,limited,binary,4.0
2026-08-13,verda,GB300,global,on_demand,sold_out,binary,0.0
2026-08-13,verda,L40S,global,on_demand,sold_out,binary,0.0
2026-08-13,verda,B200,global,on_demand,sold_out,binary,0.0
2026-08-13,verda,H100,FIN-01,spot,limited,binary,1.0
2026-08-13,verda,RTX6000,FIN-01,spot,limited,binary,4.0
2026-08-13,verda,L40S,FIN-01,spot,available,binary,8.0
2026-08-13,verda,H100,FIN-02,spot,limited,binary,1.0
2026-08-13,verda,B300,FIN-03,spot,limited,binary,2.0
2026-08-13,verda,H200,FIN-03,spot,limited,binary,1.0
2026-08-13,verda,RTX6000,FIN-03,spot,limited,binary,4.0
2026-08-14,lambda,B200,global,on_demand,sold_out,regions_with_capacity,0.0
2026-08-14,lambda,H100,global,on_demand,limited,regions_with_capacity,4.0
2026-08-14,lambda,H100,us-south-2,on_demand,available,regions_with_capacity,1.0
2026-08-14,lambda,H100,us-south-3,on_demand,available,regions_with_capacity,1.0
2026-08-14,lambda,H100,us-southeast-1,on_demand,available,regions_with_capacity,1.0
2026-08-14,lambda,H100,us-west-3,on_demand,available,regions_with_capacity,1.0
2026-08-14,coreweave,GB300,global,on_demand,available,listed_offering,4.0
2026-08-14,coreweave,GB300,CA-EAST-01A,on_demand,available,listed_offering,1.0
2026-08-14,coreweave,GB300,US-CENTRAL-07A,on_demand,available,listed_offering,1.0
2026-08-14,coreweave,GB300,US-CENTRAL-09A,on_demand,available,listed_offering,1.0
2026-08-14,coreweave,GB300,US-WEST-01A,on_demand,available,listed_offering,1.0
2026-08-14,coreweave,GB200,global,on_demand,available,listed_offering,6.0
2026-08-14,coreweave,GB200,CA-EAST-01A,on_demand,available,listed_offering,1.0
2026-08-14,coreweave,GB200,US-EAST-01A,on_demand,available,listed_offering,1.0
2026-08-14,coreweave,GB200,US-EAST-02A,on_demand,available,listed_offering,1.0
2026-08-14,coreweave,GB200,US-EAST-08A,on_demand,available,listed_offering,1.0
2026-08-14,coreweave,GB200,US-EAST-13A,on_demand,available,listed_offering,1.0
2026-08-14,coreweave,GB200,US-WEST-01A,on_demand,available,listed_offering,1.0
2026-08-14,coreweave,B300,global,on_demand,available,listed_offering,4.0
2026-08-14,coreweave,B300,US-CENTRAL-06A,on_demand,available,listed_offering,1.0
2026-08-14,coreweave,B300,US-EAST-13A,on_demand,available,listed_offering,1.0
2026-08-14,coreweave,B300,US-WEST-01A,on_demand,available,listed_offering,1.0
2026-08-14,coreweave,B300,US-WEST-10A,on_demand,available,listed_offering,1.0
2026-08-14,coreweave,B200,global,on_demand,available,listed_offering,5.0
2026-08-14,coreweave,B200,EU-SOUTH-04A,on_demand,available,listed_offering,1.0
2026-08-14,coreweave,B200,US-CENTRAL-07A,on_demand,available,listed_offering,1.0
2026-08-14,coreweave,B200,US-EAST-13A,on_demand,available,listed_offering,1.0
2026-08-14,coreweave,B200,US-EAST-15A,on_demand,available,listed_offering,1.0
2026-08-14,coreweave,B200,US-WEST-09B,on_demand,available,listed_offering,1.0
2026-08-14,coreweave,H200,global,on_demand,available,listed_offering,7.0
2026-08-14,coreweave,H200,EU-SOUTH-03B,on_demand,available,listed_offering,1.0
2026-08-14,coreweave,H200,RNO2A,on_demand,available,listed_offering,1.0
2026-08-14,coreweave,H200,US-EAST-01A,on_demand,available,listed_offering,1.0
2026-08-14,coreweave,H200,US-EAST-02A,on_demand,available,listed_offering,1.0
2026-08-14,coreweave,H200,US-EAST-04A,on_demand,available,listed_offering,1.0
2026-08-14,coreweave,H200,US-EAST-08A,on_demand,available,listed_offering,1.0
2026-08-14,coreweave,H200,US-WEST-04A,on_demand,available,listed_offering,1.0
2026-08-14,coreweave,H100,global,on_demand,available,listed_offering,10.0
2026-08-14,coreweave,H100,RNO2A,on_demand,available,listed_offering,1.0
2026-08-14,coreweave,H100,US-CENTRAL-06A,on_demand,available,listed_offering,1.0
2026-08-14,coreweave,H100,US-EAST-01A,on_demand,available,listed_offering,1.0
2026-08-14,coreweave,H100,US-EAST-02A,on_demand,available,listed_offering,1.0
2026-08-14,coreweave,H100,US-EAST-04A,on_demand,available,listed_offering,1.0
2026-08-14,coreweave,H100,US-EAST-06A,on_demand,available,listed_offering,1.0
2026-08-14,coreweave,H100,US-WEST-01A,on_demand,available,listed_offering,1.0
2026-08-14,coreweave,H100,US-WEST-02B,on_demand,available,listed_offering,1.0
2026-08-14,coreweave,H100,US-WEST-04A,on_demand,available,listed_offering,1.0
2026-08-14,coreweave,H100,US-WEST-09B,on_demand,available,listed_offering,1.0
2026-08-14,coreweave,RTX6000,global,on_demand,available,listed_offering,10.0
2026-08-14,coreweave,RTX6000,EU-SOUTH-04A,on_demand,available,listed_offering,1.0
2026-08-14,coreweave,RTX6000,US-EAST-01A,on_demand,available,listed_offering,1.0
2026-08-14,coreweave,RTX6000,US-EAST-04A,on_demand,available,listed_offering,1.0
2026-08-14,coreweave,RTX6000,US-EAST-06A,on_demand,available,listed_offering,1.0
2026-08-14,coreweave,RTX6000,US-EAST-13A,on_demand,available,listed_offering,1.0
2026-08-14,coreweave,RTX6000,US-EAST-14A,on_demand,available,listed_offering,1.0
2026-08-14,coreweave,RTX6000,US-WEST-01A,on_demand,available,listed_offering,1.0
2026-08-14,coreweave,RTX6000,US-WEST-04A,on_demand,available,listed_offering,1.0
2026-08-14,coreweave,RTX6000,US-WEST-09B,on_demand,available,listed_offering,1.0
2026-08-14,coreweave,RTX6000,US-WEST-10A,on_demand,available,listed_offering,1.0
2026-08-14,coreweave,L40S,global,on_demand,limited,listed_offering,1.0
2026-08-14,coreweave,L40S,US-EAST-04A,on_demand,available,listed_offering,1.0
2026-08-14,gcp,B200,global,on_demand,available,listed_offering,11.0
2026-08-14,gcp,B200,asia-northeast1,on_demand,available,listed_offering,1.0
2026-08-14,gcp,B200,asia-southeast1,on_demand,available,listed_offering,1.0
2026-08-14,gcp,B200,europe-north1,on_demand,available,listed_offering,1.0
2026-08-14,gcp,B200,europe-west4,on_demand,available,listed_offering,1.0
2026-08-14,gcp,B200,us-central1,on_demand,available,listed_offering,1.0
2026-08-14,gcp,B200,us-east1,on_demand,available,listed_offering,1.0
2026-08-14,gcp,B200,us-east4,on_demand,available,listed_offering,1.0
2026-08-14,gcp,B200,us-south1,on_demand,available,listed_offering,1.0
2026-08-14,gcp,B200,us-west2,on_demand,available,listed_offering,1.0
2026-08-14,gcp,B200,us-west3,on_demand,available,listed_offering,2.0
2026-08-14,gcp,GB200,global,on_demand,available,listed_offering,5.0
2026-08-14,gcp,GB200,europe-west4,on_demand,available,listed_offering,1.0
2026-08-14,gcp,GB200,us-central1,on_demand,available,listed_offering,2.0
2026-08-14,gcp,GB200,us-east1,on_demand,available,listed_offering,1.0
2026-08-14,gcp,GB200,us-east4,on_demand,available,listed_offering,1.0
2026-08-14,gcp,GB300,global,on_demand,available,listed_offering,5.0
2026-08-14,gcp,GB300,us-central1,on_demand,available,listed_offering,1.0
2026-08-14,gcp,GB300,us-east4,on_demand,available,listed_offering,2.0
2026-08-14,gcp,GB300,us-east5,on_demand,available,listed_offering,2.0
2026-08-14,gcp,H100,global,on_demand,available,listed_offering,23.0
2026-08-14,gcp,H100,asia-east1,on_demand,available,listed_offering,1.0
2026-08-14,gcp,H100,asia-northeast1,on_demand,available,listed_offering,1.0
2026-08-14,gcp,H100,asia-northeast3,on_demand,available,listed_offering,1.0
2026-08-14,gcp,H100,asia-south1,on_demand,available,listed_offering,1.0
2026-08-14,gcp,H100,asia-southeast1,on_demand,available,listed_offering,2.0
2026-08-14,gcp,H100,australia-southeast1,on_demand,available,listed_offering,1.0
2026-08-14,gcp,H100,europe-west1,on_demand,available,listed_offering,2.0
2026-08-14,gcp,H100,europe-west3,on_demand,available,listed_offering,1.0
2026-08-14,gcp,H100,europe-west4,on_demand,available,listed_offering,2.0
2026-08-14,gcp,H100,northamerica-northeast2,on_demand,available,listed_offering,1.0
2026-08-14,gcp,H100,us-central1,on_demand,available,listed_offering,3.0
2026-08-14,gcp,H100,us-east4,on_demand,available,listed_offering,3.0
2026-08-14,gcp,H100,us-east5,on_demand,available,listed_offering,1.0
2026-08-14,gcp,H100,us-west1,on_demand,available,listed_offering,2.0
2026-08-14,gcp,H100,us-west4,on_demand,available,listed_offering,1.0
2026-08-14,gcp,H200,global,on_demand,available,listed_offering,8.0
2026-08-14,gcp,H200,asia-south1,on_demand,available,listed_offering,1.0
2026-08-14,gcp,H200,asia-south2,on_demand,available,listed_offering,1.0
2026-08-14,gcp,H200,europe-west1,on_demand,available,listed_offering,1.0
2026-08-14,gcp,H200,europe-west4,on_demand,available,listed_offering,1.0
2026-08-14,gcp,H200,us-central1,on_demand,available,listed_offering,1.0
2026-08-14,gcp,H200,us-east4,on_demand,available,listed_offering,1.0
2026-08-14,gcp,H200,us-south1,on_demand,available,listed_offering,1.0
2026-08-14,gcp,H200,us-west1,on_demand,available,listed_offering,1.0
2026-08-14,gcp,RTX6000,global,on_demand,available,listed_offering,39.0
2026-08-14,gcp,RTX6000,asia-east1,on_demand,available,listed_offering,1.0
2026-08-14,gcp,RTX6000,asia-south1,on_demand,available,listed_offering,1.0
2026-08-14,gcp,RTX6000,asia-south2,on_demand,available,listed_offering,2.0
2026-08-14,gcp,RTX6000,asia-southeast1,on_demand,available,listed_offering,2.0
2026-08-14,gcp,RTX6000,asia-southeast2,on_demand,available,listed_offering,2.0
2026-08-14,gcp,RTX6000,europe-north1,on_demand,available,listed_offering,3.0
2026-08-14,gcp,RTX6000,europe-west1,on_demand,available,listed_offering,1.0
2026-08-14,gcp,RTX6000,europe-west10,on_demand,available,listed_offering,1.0
2026-08-14,gcp,RTX6000,europe-west2,on_demand,available,listed_offering,2.0
2026-08-14,gcp,RTX6000,europe-west4,on_demand,available,listed_offering,3.0
2026-08-14,gcp,RTX6000,europe-west8,on_demand,available,listed_offering,2.0
2026-08-14,gcp,RTX6000,me-central2,on_demand,available,listed_offering,1.0
2026-08-14,gcp,RTX6000,us-central1,on_demand,available,listed_offering,3.0
2026-08-14,gcp,RTX6000,us-east1,on_demand,available,listed_offering,2.0
2026-08-14,gcp,RTX6000,us-east4,on_demand,available,listed_offering,2.0
2026-08-14,gcp,RTX6000,us-east5,on_demand,available,listed_offering,3.0
2026-08-14,gcp,RTX6000,us-south1,on_demand,available,listed_offering,2.0
2026-08-14,gcp,RTX6000,us-west1,on_demand,available,listed_offering,3.0
2026-08-14,gcp,RTX6000,us-west3,on_demand,available,listed_offering,1.0
2026-08-14,gcp,RTX6000,us-west4,on_demand,available,listed_offering,2.0
2026-08-14,azure,H100,global,on_demand,available,listed_offering,24.0
2026-08-14,azure,H100,global,spot,available,listed_offering,24.0
2026-08-14,azure,H200,global,on_demand,available,listed_offering,31.0
2026-08-14,azure,H200,global,spot,available,listed_offering,31.0
2026-08-14,azure,GB200,global,on_demand,available,listed_offering,19.0
2026-08-14,azure,GB200,global,spot,available,listed_offering,19.0
2026-08-14,aws,L40S,me-central-1,spot,available,stock_status_label,0.0
2026-08-14,aws,H100,ap-southeast-3,spot,available,stock_status_label,0.0
2026-08-14,aws,H200,ap-southeast-3,spot,available,stock_status_label,0.0
2026-08-14,aws,H200,eu-south-2,spot,available,stock_status_label,1.0
2026-08-14,aws,L40S,eu-south-2,spot,available,stock_status_label,0.0
2026-08-14,aws,H100,us-west-1,spot,available,stock_status_label,0.0
2026-08-14,aws,H200,us-west-1,spot,available,stock_status_label,0.0
2026-08-14,aws,H100,eu-north-1,spot,available,stock_status_label,0.0
2026-08-14,aws,H200,eu-north-1,spot,available,stock_status_label,0.0
2026-08-14,aws,L40S,eu-north-1,spot,available,stock_status_label,3.0
2026-08-14,aws,H100,ca-central-1,spot,available,stock_status_label,0.0
2026-08-14,aws,H100,eu-west-2,spot,available,stock_status_label,1.0
2026-08-14,aws,H100,sa-east-1,spot,available,stock_status_label,0.0
2026-08-14,aws,H100,ap-south-1,spot,available,stock_status_label,0.0
2026-08-14,aws,H200,ap-south-1,spot,available,stock_status_label,0.0
2026-08-14,aws,H200,ap-northeast-2,spot,available,stock_status_label,0.0
2026-08-14,aws,L40S,ap-northeast-2,spot,available,stock_status_label,2.0
2026-08-14,aws,H100,us-east-2,spot,available,stock_status_label,2.0
2026-08-14,aws,H200,us-east-2,spot,available,stock_status_label,1.0
2026-08-14,aws,B200,us-east-2,spot,available,stock_status_label,1.0
2026-08-14,aws,L40S,us-east-2,spot,available,stock_status_label,1.0
2026-08-14,aws,L40S,eu-central-1,spot,limited,stock_status_label,4.0
2026-08-14,aws,H100,ap-southeast-2,spot,available,stock_status_label,0.0
2026-08-14,aws,H100,ap-northeast-1,spot,available,stock_status_label,0.0
2026-08-14,aws,H200,ap-northeast-1,spot,available,stock_status_label,0.0
2026-08-14,aws,L40S,ap-northeast-1,spot,limited,stock_status_label,4.0
2026-08-14,aws,H100,us-west-2,spot,available,stock_status_label,0.0
2026-08-14,aws,H200,us-west-2,spot,available,stock_status_label,0.0
2026-08-14,aws,B200,us-west-2,spot,available,stock_status_label,2.0
2026-08-14,aws,B300,us-west-2,spot,available,stock_status_label,0.0
2026-08-14,aws,L40S,us-west-2,spot,available,stock_status_label,0.0
2026-08-14,aws,H100,us-east-1,spot,available,stock_status_label,0.0
2026-08-14,aws,H200,us-east-1,spot,available,stock_status_label,0.0
2026-08-14,aws,B200,us-east-1,spot,available,stock_status_label,2.0
2026-08-14,aws,L40S,us-east-1,spot,available,stock_status_label,2.0
2026-08-14,aws,L40S,global,spot,available,regions_with_capacity,9.0
2026-08-14,aws,B300,global,spot,available,regions_with_capacity,1.0
2026-08-14,aws,H100,global,spot,available,regions_with_capacity,12.0
2026-08-14,aws,H200,global,spot,available,regions_with_capacity,10.0
2026-08-14,aws,B200,global,spot,available,regions_with_capacity,3.0
2026-08-14,crusoe,B200,global,on_demand,available,listed_offering,3.0
2026-08-14,crusoe,B300,global,on_demand,limited,listed_offering,1.0
2026-08-14,crusoe,GB200,global,on_demand,limited,listed_offering,1.0
2026-08-14,crusoe,H100,global,on_demand,available,listed_offering,3.0
2026-08-14,crusoe,H200,global,on_demand,limited,listed_offering,1.0
2026-08-14,crusoe,L40S,global,on_demand,available,listed_offering,2.0
2026-08-14,runpod,B200,global,on_demand,limited,stock_status_label,0.0
2026-08-14,runpod,B300,global,on_demand,sold_out,stock_status_label,0.0
2026-08-14,runpod,H100,global,on_demand,limited,stock_status_label,0.0
2026-08-14,runpod,H100,global,on_demand,limited,stock_status_label,0.0
2026-08-14,runpod,H100,global,on_demand,sold_out,stock_status_label,0.0
2026-08-14,runpod,H200,global,on_demand,limited,stock_status_label,0.0
2026-08-14,runpod,H200,global,on_demand,sold_out,stock_status_label,0.0
2026-08-14,runpod,L40S,global,on_demand,limited,stock_status_label,1.0
2026-08-14,runpod,RTX6000,global,on_demand,sold_out,stock_status_label,0.0
2026-08-14,runpod,RTX6000,global,on_demand,limited,stock_status_label,1.0
2026-08-14,runpod,RTX6000,global,on_demand,sold_out,stock_status_label,0.0
2026-08-14,runpod,H100,AP-IN-1,on_demand,available,stock_status_label,1.0
2026-08-14,runpod,H100,AP-IN-2,on_demand,available,stock_status_label,1.0
2026-08-14,runpod,H200,AP-JP-1,on_demand,available,stock_status_label,1.0
2026-08-14,runpod,H100,AP-JP-1,on_demand,available,stock_status_label,1.0
2026-08-14,runpod,H100,CA-MTL-1,on_demand,available,stock_status_label,1.0
2026-08-14,runpod,RTX6000,CA-MTL-3,on_demand,sold_out,stock_status_label,0.0
2026-08-14,runpod,H200,CA-MTL-3,on_demand,available,stock_status_label,1.0
2026-08-14,runpod,H200,CA-MTL-4,on_demand,sold_out,stock_status_label,0.0
2026-08-14,runpod,RTX6000,EU-CZ-1,on_demand,sold_out,stock_status_label,0.0
2026-08-14,runpod,RTX6000,EU-CZ-1,on_demand,available,stock_status_label,1.0
2026-08-14,runpod,H200,EU-FR-1,on_demand,available,stock_status_label,1.0
2026-08-14,runpod,H100,EU-FR-1,on_demand,available,stock_status_label,1.0
2026-08-14,runpod,B300,EU-NL-1,on_demand,sold_out,stock_status_label,0.0
2026-08-14,runpod,L40S,EU-NL-1,on_demand,available,stock_status_label,1.0
2026-08-14,runpod,H100,EU-NL-1,on_demand,available,stock_status_label,1.0
2026-08-14,runpod,RTX6000,EU-NL-1,on_demand,available,stock_status_label,1.0
2026-08-14,runpod,RTX6000,EU-RO-1,on_demand,sold_out,stock_status_label,0.0
2026-08-14,runpod,B200,EU-RO-1,on_demand,sold_out,stock_status_label,0.0
2026-08-14,runpod,RTX6000,EU-RO-1,on_demand,available,stock_status_label,1.0
2026-08-14,runpod,RTX6000,EUR-IS-1,on_demand,available,stock_status_label,1.0
2026-08-14,runpod,H100,EUR-IS-1,on_demand,sold_out,stock_status_label,0.0
2026-08-14,runpod,RTX6000,EUR-IS-1,on_demand,sold_out,stock_status_label,0.0
2026-08-14,runpod,B300,EUR-IS-1,on_demand,sold_out,stock_status_label,0.0
2026-08-14,runpod,RTX6000,EUR-IS-2,on_demand,available,stock_status_label,1.0
2026-08-14,runpod,H200,EUR-IS-2,on_demand,available,stock_status_label,1.0
2026-08-14,runpod,L40S,EUR-IS-2,on_demand,available,stock_status_label,1.0
2026-08-14,runpod,H100,EUR-IS-3,on_demand,available,stock_status_label,1.0
2026-08-14,runpod,H200,EUR-IS-4,on_demand,available,stock_status_label,1.0
2026-08-14,runpod,H200,EUR-IS-5,on_demand,available,stock_status_label,1.0
2026-08-14,runpod,H100,EUR-NO-2,on_demand,available,stock_status_label,1.0
2026-08-14,runpod,L40S,OC-AU-1,on_demand,available,stock_status_label,1.0
2026-08-14,runpod,H100,US-CA-2,on_demand,available,stock_status_label,1.0
2026-08-14,runpod,B200,US-CA-2,on_demand,available,stock_status_label,1.0
2026-08-14,runpod,H200,US-CA-2,on_demand,available,stock_status_label,1.0
2026-08-14,runpod,H100,US-CA-2,on_demand,sold_out,stock_status_label,0.0
2026-08-14,runpod,RTX6000,US-CA-2,on_demand,sold_out,stock_status_label,0.0
2026-08-14,runpod,H200,US-GA-2,on_demand,available,stock_status_label,1.0
2026-08-14,runpod,H100,US-GA-2,on_demand,available,stock_status_label,1.0
2026-08-14,runpod,H100,US-GA-2,on_demand,available,stock_status_label,1.0
2026-08-14,runpod,L40S,US-IL-1,on_demand,sold_out,stock_status_label,0.0
2026-08-14,runpod,H100,US-KS-2,on_demand,sold_out,stock_status_label,0.0
2026-08-14,runpod,H100,US-KS-2,on_demand,available,stock_status_label,1.0
2026-08-14,runpod,H100,US-KS-2,on_demand,sold_out,stock_status_label,0.0
2026-08-14,runpod,RTX6000,US-KS-2,on_demand,sold_out,stock_status_label,0.0
2026-08-14,runpod,H200,US-MD-1,on_demand,sold_out,stock_status_label,0.0
2026-08-14,runpod,L40S,US-MO-1,on_demand,available,stock_status_label,1.0
2026-08-14,runpod,H100,US-MO-1,on_demand,available,stock_status_label,1.0
2026-08-14,runpod,RTX6000,US-MO-2,on_demand,available,stock_status_label,1.0
2026-08-14,runpod,RTX6000,US-NC-1,on_demand,sold_out,stock_status_label,0.0
2026-08-14,runpod,H200,US-NC-1,on_demand,available,stock_status_label,1.0
2026-08-14,runpod,L40S,US-NC-1,on_demand,available,stock_status_label,1.0
2026-08-14,runpod,RTX6000,US-NC-2,on_demand,available,stock_status_label,1.0
2026-08-14,runpod,B200,US-NC-2,on_demand,available,stock_status_label,1.0
2026-08-14,runpod,RTX6000,US-NE-1,on_demand,sold_out,stock_status_label,0.0
2026-08-14,runpod,H100,US-NE-1,on_demand,available,stock_status_label,1.0
2026-08-14,runpod,B200,US-NE-1,on_demand,available,stock_status_label,1.0
2026-08-14,runpod,RTX6000,US-PA-1,on_demand,sold_out,stock_status_label,0.0
2026-08-14,runpod,H200,US-PA-1,on_demand,sold_out,stock_status_label,0.0
2026-08-14,runpod,L40S,US-TX-3,on_demand,available,stock_status_label,1.0
2026-08-14,runpod,L40S,US-TX-4,on_demand,available,stock_status_label,1.0
2026-08-14,runpod,B200,US-TX-6,on_demand,sold_out,stock_status_label,0.0
2026-08-14,runpod,B300,US-WA-2,on_demand,sold_out,stock_status_label,0.0
2026-08-14,vast,H100,global,on_demand,available,offer_depth_gpus,95.0
2026-08-14,vast,H200,global,on_demand,available,offer_depth_gpus,88.0
2026-08-14,vast,B200,global,on_demand,available,offer_depth_gpus,47.0
2026-08-14,vast,B300,global,on_demand,available,offer_depth_gpus,42.0
2026-08-14,vast,GB200,global,on_demand,not_offered,offer_depth_gpus,0.0
2026-08-14,vast,L40S,global,on_demand,available,offer_depth_gpus,124.0
2026-08-14,vast,RTX6000,global,on_demand,available,offer_depth_gpus,95.0
2026-08-14,scaleway,B300,fr-par-2,on_demand,sold_out,stock_status_label,0.0
2026-08-14,scaleway,H100,fr-par-2,on_demand,available,stock_status_label,2.0
2026-08-14,scaleway,H100,pl-waw-2,on_demand,limited,stock_status_label,1.0
2026-08-14,scaleway,L40S,fr-par-2,on_demand,limited,stock_status_label,1.0
2026-08-14,scaleway,L40S,pl-waw-2,on_demand,limited,stock_status_label,1.0
2026-08-14,scaleway,B300,global,on_demand,sold_out,regions_with_capacity,0.0
2026-08-14,scaleway,H100,global,on_demand,available,regions_with_capacity,1.0
2026-08-14,scaleway,L40S,global,on_demand,limited,regions_with_capacity,0.0
2026-08-14,voltage_park,H100,global,on_demand,sold_out,stock_level,0.0
2026-08-14,gmi,GB200,global,on_demand,available,stock_status_label,2.0
2026-08-14,gmi,GB300,global,on_demand,limited,stock_status_label,1.0
2026-08-14,gmi,H100,global,on_demand,available,stock_status_label,2.0
2026-08-14,gmi,H200,global,on_demand,available,stock_status_label,2.0
2026-08-14,gmi,B200,global,on_demand,limited,stock_status_label,1.0
2026-08-14,sfcompute,H100,global,reserved_short,available,clearing_price_usd,2.12
2026-08-14,sfcompute,H200,global,reserved_short,unknown,clearing_price_usd,
2026-08-14,sfcompute,B200,global,reserved_short,unknown,clearing_price_usd,
2026-08-14,crusoe,L40S,global,on_demand,available,regions_with_capacity,1.0
2026-08-14,hyperstack,H100,global,on_demand,limited,regions_with_capacity,1.0
2026-08-14,hyperstack,RTX6000,global,on_demand,sold_out,regions_with_capacity,0.0
2026-08-14,lambda,B200,global,on_demand,sold_out,regions_with_capacity,0.0
2026-08-14,lambda,H100,global,on_demand,available,regions_with_capacity,3.0
2026-08-14,nebius,H100,global,on_demand,sold_out,regions_with_capacity,0.0
2026-08-14,nebius,H200,global,on_demand,sold_out,regions_with_capacity,0.0
2026-08-14,scaleway,B300,global,on_demand,sold_out,regions_with_capacity,0.0
2026-08-14,scaleway,H100,global,on_demand,available,regions_with_capacity,2.0
2026-08-14,scaleway,L40S,global,on_demand,available,regions_with_capacity,1.0
2026-08-14,verda,B200,global,on_demand,sold_out,regions_with_capacity,0.0
2026-08-14,verda,B300,global,on_demand,available,regions_with_capacity,1.0
2026-08-14,verda,H100,global,on_demand,sold_out,regions_with_capacity,0.0
2026-08-14,verda,H200,global,on_demand,sold_out,regions_with_capacity,0.0
2026-08-14,verda,L40S,global,on_demand,available,regions_with_capacity,1.0
2026-08-14,verda,RTX6000,global,on_demand,available,regions_with_capacity,2.0
2026-08-14,voltage_park,H100,global,on_demand,sold_out,regions_with_capacity,0.0
2026-08-14,nebius,B200,global,on_demand,available,listed_offering,2.0
2026-08-14,nebius,B200,me-west1,on_demand,available,listed_offering,1.0
2026-08-14,nebius,B200,us-central1,on_demand,available,listed_offering,1.0
2026-08-14,nebius,B300,global,on_demand,available,listed_offering,2.0
2026-08-14,nebius,B300,eu-west2,on_demand,available,listed_offering,1.0
2026-08-14,nebius,B300,uk-south1,on_demand,available,listed_offering,1.0
2026-08-14,nebius,H100,global,on_demand,available,listed_offering,1.0
2026-08-14,nebius,H100,eu-north1,on_demand,available,listed_offering,1.0
2026-08-14,nebius,H200,global,on_demand,available,listed_offering,4.0
2026-08-14,nebius,H200,eu-north1,on_demand,available,listed_offering,1.0
2026-08-14,nebius,H200,eu-north2,on_demand,available,listed_offering,1.0
2026-08-14,nebius,H200,eu-west1,on_demand,available,listed_offering,1.0
2026-08-14,nebius,H200,us-central1,on_demand,available,listed_offering,1.0
2026-08-14,nebius,L40S,global,on_demand,available,listed_offering,1.0
2026-08-14,nebius,L40S,eu-north1,on_demand,available,listed_offering,1.0
2026-08-14,nebius,RTX6000,global,on_demand,available,listed_offering,1.0
2026-08-14,nebius,RTX6000,us-central1,on_demand,available,listed_offering,1.0
2026-08-14,hyperstack,B200,CANADA-1,on_demand,sold_out,stock_level,0.0
2026-08-14,hyperstack,L40S,CANADA-1,on_demand,available,stock_level,10.0
2026-08-14,hyperstack,L40S,CANADA-1,on_demand,limited,stock_level,7.0
2026-08-14,hyperstack,H100,CANADA-1,on_demand,available,stock_level,75.0
2026-08-14,hyperstack,H200,CANADA-1,on_demand,sold_out,stock_level,0.0
2026-08-14,hyperstack,H100,CANADA-1,on_demand,available,stock_level,75.0
2026-08-14,hyperstack,H100,CANADA-1,on_demand,limited,stock_level,5.0
2026-08-14,hyperstack,H100,CANADA-1,on_demand,sold_out,stock_level,0.0
2026-08-14,hyperstack,H100,CANADA-1,on_demand,sold_out,stock_level,0.0
2026-08-14,hyperstack,B200,global,on_demand,sold_out,stock_level,0.0
2026-08-14,hyperstack,L40S,global,on_demand,available,stock_level,10.0
2026-08-14,hyperstack,H100,global,on_demand,available,stock_level,75.0
2026-08-14,hyperstack,H200,global,on_demand,sold_out,stock_level,0.0
2026-08-14,together,B200,ca-west-1,on_demand,available,stock_level,5.0
2026-08-14,together,B200,us-east-3,on_demand,available,stock_level,5.0
2026-08-14,together,B200,us-west-3,on_demand,unknown,stock_level,0.0
2026-08-14,together,GB300,us-south-3,on_demand,available,stock_level,5.0
2026-08-14,together,H100,ca-east-1,on_demand,unknown,stock_level,0.0
2026-08-14,together,H100,eu-central-1,on_demand,unknown,stock_level,0.0
2026-08-14,together,H100,eu-north-1,on_demand,unknown,stock_level,0.0
2026-08-14,together,H100,eu-west-1,on_demand,unknown,stock_level,0.0
2026-08-14,together,H100,us-central-4,on_demand,available,stock_level,5.0
2026-08-14,together,H100,us-central-5,on_demand,unknown,stock_level,0.0
2026-08-14,together,H100,us-central-6,on_demand,unknown,stock_level,0.0
2026-08-14,together,H100,us-east-1,on_demand,unknown,stock_level,0.0
2026-08-14,together,H100,us-east-4,on_demand,available,stock_level,5.0
2026-08-14,together,H200,us-central-8,on_demand,available,stock_level,5.0
2026-08-14,together,H100,global,on_demand,available,regions_with_capacity,2.0
2026-08-14,together,GB300,global,on_demand,available,regions_with_capacity,1.0
2026-08-14,together,H200,global,on_demand,available,regions_with_capacity,1.0
2026-08-14,together,B200,global,on_demand,available,regions_with_capacity,2.0
2026-08-14,verda,RTX6000,FIN-01,on_demand,available,binary,8.0
2026-08-14,verda,H100,FIN-02,on_demand,available,binary,8.0
2026-08-14,verda,L40S,FIN-02,on_demand,limited,binary,1.0
2026-08-14,verda,B300,FIN-03,on_demand,limited,binary,2.0
2026-08-14,verda,RTX6000,FIN-03,on_demand,available,binary,8.0
2026-08-14,verda,GB300,global,on_demand,sold_out,binary,0.0
2026-08-14,verda,H200,global,on_demand,sold_out,binary,0.0
2026-08-14,verda,B200,global,on_demand,sold_out,binary,0.0
2026-08-14,verda,RTX6000,FIN-01,spot,available,binary,8.0
2026-08-14,verda,L40S,FIN-01,spot,available,binary,8.0
2026-08-14,verda,H100,FIN-02,spot,available,binary,8.0
2026-08-14,verda,L40S,FIN-02,spot,limited,binary,1.0
2026-08-14,verda,B300,FIN-03,spot,limited,binary,1.0
2026-08-14,verda,RTX6000,FIN-03,spot,available,binary,8.0
2026-08-15,lambda,B200,global,on_demand,sold_out,regions_with_capacity,0.0
2026-08-15,lambda,H100,global,on_demand,limited,regions_with_capacity,4.0
2026-08-15,lambda,H100,us-south-2,on_demand,available,regions_with_capacity,1.0
2026-08-15,lambda,H100,us-south-3,on_demand,available,regions_with_capacity,1.0
2026-08-15,lambda,H100,us-southeast-1,on_demand,available,regions_with_capacity,1.0
2026-08-15,lambda,H100,us-west-3,on_demand,available,regions_with_capacity,1.0
2026-08-15,coreweave,GB300,global,on_demand,available,listed_offering,4.0
2026-08-15,coreweave,GB300,CA-EAST-01A,on_demand,available,listed_offering,1.0
2026-08-15,coreweave,GB300,US-CENTRAL-07A,on_demand,available,listed_offering,1.0
2026-08-15,coreweave,GB300,US-CENTRAL-09A,on_demand,available,listed_offering,1.0
2026-08-15,coreweave,GB300,US-WEST-01A,on_demand,available,listed_offering,1.0
2026-08-15,coreweave,GB200,global,on_demand,available,listed_offering,6.0
2026-08-15,coreweave,GB200,CA-EAST-01A,on_demand,available,listed_offering,1.0
2026-08-15,coreweave,GB200,US-EAST-01A,on_demand,available,listed_offering,1.0
2026-08-15,coreweave,GB200,US-EAST-02A,on_demand,available,listed_offering,1.0
2026-08-15,coreweave,GB200,US-EAST-08A,on_demand,available,listed_offering,1.0
2026-08-15,coreweave,GB200,US-EAST-13A,on_demand,available,listed_offering,1.0
2026-08-15,coreweave,GB200,US-WEST-01A,on_demand,available,listed_offering,1.0
2026-08-15,coreweave,B300,global,on_demand,available,listed_offering,4.0
2026-08-15,coreweave,B300,US-CENTRAL-06A,on_demand,available,listed_offering,1.0
2026-08-15,coreweave,B300,US-EAST-13A,on_demand,available,listed_offering,1.0
2026-08-15,coreweave,B300,US-WEST-01A,on_demand,available,listed_offering,1.0
2026-08-15,coreweave,B300,US-WEST-10A,on_demand,available,listed_offering,1.0
2026-08-15,coreweave,B200,global,on_demand,available,listed_offering,5.0
2026-08-15,coreweave,B200,EU-SOUTH-04A,on_demand,available,listed_offering,1.0
2026-08-15,coreweave,B200,US-CENTRAL-07A,on_demand,available,listed_offering,1.0
2026-08-15,coreweave,B200,US-EAST-13A,on_demand,available,listed_offering,1.0
2026-08-15,coreweave,B200,US-EAST-15A,on_demand,available,listed_offering,1.0
2026-08-15,coreweave,B200,US-WEST-09B,on_demand,available,listed_offering,1.0
2026-08-15,coreweave,H200,global,on_demand,available,listed_offering,7.0
2026-08-15,coreweave,H200,EU-SOUTH-03B,on_demand,available,listed_offering,1.0
2026-08-15,coreweave,H200,RNO2A,on_demand,available,listed_offering,1.0
2026-08-15,coreweave,H200,US-EAST-01A,on_demand,available,listed_offering,1.0
2026-08-15,coreweave,H200,US-EAST-02A,on_demand,available,listed_offering,1.0
2026-08-15,coreweave,H200,US-EAST-04A,on_demand,available,listed_offering,1.0
2026-08-15,coreweave,H200,US-EAST-08A,on_demand,available,listed_offering,1.0
2026-08-15,coreweave,H200,US-WEST-04A,on_demand,available,listed_offering,1.0
2026-08-15,coreweave,H100,global,on_demand,available,listed_offering,10.0
2026-08-15,coreweave,H100,RNO2A,on_demand,available,listed_offering,1.0
2026-08-15,coreweave,H100,US-CENTRAL-06A,on_demand,available,listed_offering,1.0
2026-08-15,coreweave,H100,US-EAST-01A,on_demand,available,listed_offering,1.0
2026-08-15,coreweave,H100,US-EAST-02A,on_demand,available,listed_offering,1.0
2026-08-15,coreweave,H100,US-EAST-04A,on_demand,available,listed_offering,1.0
2026-08-15,coreweave,H100,US-EAST-06A,on_demand,available,listed_offering,1.0
2026-08-15,coreweave,H100,US-WEST-01A,on_demand,available,listed_offering,1.0
2026-08-15,coreweave,H100,US-WEST-02B,on_demand,available,listed_offering,1.0
2026-08-15,coreweave,H100,US-WEST-04A,on_demand,available,listed_offering,1.0
2026-08-15,coreweave,H100,US-WEST-09B,on_demand,available,listed_offering,1.0
2026-08-15,coreweave,RTX6000,global,on_demand,available,listed_offering,11.0
2026-08-15,coreweave,RTX6000,EU-SOUTH-04A,on_demand,available,listed_offering,1.0
2026-08-15,coreweave,RTX6000,US-EAST-01A,on_demand,available,listed_offering,1.0
2026-08-15,coreweave,RTX6000,US-EAST-04A,on_demand,available,listed_offering,1.0
2026-08-15,coreweave,RTX6000,US-EAST-06A,on_demand,available,listed_offering,1.0
2026-08-15,coreweave,RTX6000,US-EAST-13A,on_demand,available,listed_offering,1.0
2026-08-15,coreweave,RTX6000,US-EAST-14A,on_demand,available,listed_offering,1.0
2026-08-15,coreweave,RTX6000,US-EAST-15A,on_demand,available,listed_offering,1.0
2026-08-15,coreweave,RTX6000,US-WEST-01A,on_demand,available,listed_offering,1.0
2026-08-15,coreweave,RTX6000,US-WEST-04A,on_demand,available,listed_offering,1.0
2026-08-15,coreweave,RTX6000,US-WEST-09B,on_demand,available,listed_offering,1.0
2026-08-15,coreweave,RTX6000,US-WEST-10A,on_demand,available,listed_offering,1.0
2026-08-15,coreweave,L40S,global,on_demand,limited,listed_offering,1.0
2026-08-15,coreweave,L40S,US-EAST-04A,on_demand,available,listed_offering,1.0
2026-08-15,gcp,B200,global,on_demand,available,listed_offering,11.0
2026-08-15,gcp,B200,asia-northeast1,on_demand,available,listed_offering,1.0
2026-08-15,gcp,B200,asia-southeast1,on_demand,available,listed_offering,1.0
2026-08-15,gcp,B200,europe-north1,on_demand,available,listed_offering,1.0
2026-08-15,gcp,B200,europe-west4,on_demand,available,listed_offering,1.0
2026-08-15,gcp,B200,us-central1,on_demand,available,listed_offering,1.0
2026-08-15,gcp,B200,us-east1,on_demand,available,listed_offering,1.0
2026-08-15,gcp,B200,us-east4,on_demand,available,listed_offering,1.0
2026-08-15,gcp,B200,us-south1,on_demand,available,listed_offering,1.0
2026-08-15,gcp,B200,us-west2,on_demand,available,listed_offering,1.0
2026-08-15,gcp,B200,us-west3,on_demand,available,listed_offering,2.0
2026-08-15,gcp,GB200,global,on_demand,available,listed_offering,5.0
2026-08-15,gcp,GB200,europe-west4,on_demand,available,listed_offering,1.0
2026-08-15,gcp,GB200,us-central1,on_demand,available,listed_offering,2.0
2026-08-15,gcp,GB200,us-east1,on_demand,available,listed_offering,1.0
2026-08-15,gcp,GB200,us-east4,on_demand,available,listed_offering,1.0
2026-08-15,gcp,GB300,global,on_demand,available,listed_offering,5.0
2026-08-15,gcp,GB300,us-central1,on_demand,available,listed_offering,1.0
2026-08-15,gcp,GB300,us-east4,on_demand,available,listed_offering,2.0
2026-08-15,gcp,GB300,us-east5,on_demand,available,listed_offering,2.0
2026-08-15,gcp,H100,global,on_demand,available,listed_offering,23.0
2026-08-15,gcp,H100,asia-east1,on_demand,available,listed_offering,1.0
2026-08-15,gcp,H100,asia-northeast1,on_demand,available,listed_offering,1.0
2026-08-15,gcp,H100,asia-northeast3,on_demand,available,listed_offering,1.0
2026-08-15,gcp,H100,asia-south1,on_demand,available,listed_offering,1.0
2026-08-15,gcp,H100,asia-southeast1,on_demand,available,listed_offering,2.0
2026-08-15,gcp,H100,australia-southeast1,on_demand,available,listed_offering,1.0
2026-08-15,gcp,H100,europe-west1,on_demand,available,listed_offering,2.0
2026-08-15,gcp,H100,europe-west3,on_demand,available,listed_offering,1.0
2026-08-15,gcp,H100,europe-west4,on_demand,available,listed_offering,2.0
2026-08-15,gcp,H100,northamerica-northeast2,on_demand,available,listed_offering,1.0
2026-08-15,gcp,H100,us-central1,on_demand,available,listed_offering,3.0
2026-08-15,gcp,H100,us-east4,on_demand,available,listed_offering,3.0
2026-08-15,gcp,H100,us-east5,on_demand,available,listed_offering,1.0
2026-08-15,gcp,H100,us-west1,on_demand,available,listed_offering,2.0
2026-08-15,gcp,H100,us-west4,on_demand,available,listed_offering,1.0
2026-08-15,gcp,H200,global,on_demand,available,listed_offering,8.0
2026-08-15,gcp,H200,asia-south1,on_demand,available,listed_offering,1.0
2026-08-15,gcp,H200,asia-south2,on_demand,available,listed_offering,1.0
2026-08-15,gcp,H200,europe-west1,on_demand,available,listed_offering,1.0
2026-08-15,gcp,H200,europe-west4,on_demand,available,listed_offering,1.0
2026-08-15,gcp,H200,us-central1,on_demand,available,listed_offering,1.0
2026-08-15,gcp,H200,us-east4,on_demand,available,listed_offering,1.0
2026-08-15,gcp,H200,us-south1,on_demand,available,listed_offering,1.0
2026-08-15,gcp,H200,us-west1,on_demand,available,listed_offering,1.0
2026-08-15,gcp,RTX6000,global,on_demand,available,listed_offering,39.0
2026-08-15,gcp,RTX6000,asia-east1,on_demand,available,listed_offering,1.0
2026-08-15,gcp,RTX6000,asia-south1,on_demand,available,listed_offering,1.0
2026-08-15,gcp,RTX6000,asia-south2,on_demand,available,listed_offering,2.0
2026-08-15,gcp,RTX6000,asia-southeast1,on_demand,available,listed_offering,2.0
2026-08-15,gcp,RTX6000,asia-southeast2,on_demand,available,listed_offering,2.0
2026-08-15,gcp,RTX6000,europe-north1,on_demand,available,listed_offering,3.0
2026-08-15,gcp,RTX6000,europe-west1,on_demand,available,listed_offering,1.0
2026-08-15,gcp,RTX6000,europe-west10,on_demand,available,listed_offering,1.0
2026-08-15,gcp,RTX6000,europe-west2,on_demand,available,listed_offering,2.0
2026-08-15,gcp,RTX6000,europe-west4,on_demand,available,listed_offering,3.0
2026-08-15,gcp,RTX6000,europe-west8,on_demand,available,listed_offering,2.0
2026-08-15,gcp,RTX6000,me-central2,on_demand,available,listed_offering,1.0
2026-08-15,gcp,RTX6000,us-central1,on_demand,available,listed_offering,3.0
2026-08-15,gcp,RTX6000,us-east1,on_demand,available,listed_offering,2.0
2026-08-15,gcp,RTX6000,us-east4,on_demand,available,listed_offering,2.0
2026-08-15,gcp,RTX6000,us-east5,on_demand,available,listed_offering,3.0
2026-08-15,gcp,RTX6000,us-south1,on_demand,available,listed_offering,2.0
2026-08-15,gcp,RTX6000,us-west1,on_demand,available,listed_offering,3.0
2026-08-15,gcp,RTX6000,us-west3,on_demand,available,listed_offering,1.0
2026-08-15,gcp,RTX6000,us-west4,on_demand,available,listed_offering,2.0
2026-08-15,azure,H100,global,on_demand,available,listed_offering,24.0
2026-08-15,azure,H100,global,spot,available,listed_offering,24.0
2026-08-15,azure,H200,global,on_demand,available,listed_offering,31.0
2026-08-15,azure,H200,global,spot,available,listed_offering,31.0
2026-08-15,azure,GB200,global,on_demand,available,listed_offering,19.0
2026-08-15,azure,GB200,global,spot,available,listed_offering,19.0
2026-08-15,aws,L40S,me-central-1,spot,available,stock_status_label,0.0
2026-08-15,aws,H100,ap-southeast-3,spot,available,stock_status_label,0.0
2026-08-15,aws,H200,ap-southeast-3,spot,available,stock_status_label,0.0
2026-08-15,aws,H200,eu-south-2,spot,available,stock_status_label,1.0
2026-08-15,aws,L40S,eu-south-2,spot,available,stock_status_label,0.0
2026-08-15,aws,H100,us-west-1,spot,available,stock_status_label,0.0
2026-08-15,aws,H200,us-west-1,spot,available,stock_status_label,0.0
2026-08-15,aws,H100,eu-north-1,spot,available,stock_status_label,0.0
2026-08-15,aws,H200,eu-north-1,spot,available,stock_status_label,0.0
2026-08-15,aws,L40S,eu-north-1,spot,available,stock_status_label,3.0
2026-08-15,aws,H100,ca-central-1,spot,available,stock_status_label,0.0
2026-08-15,aws,H100,eu-west-2,spot,available,stock_status_label,1.0
2026-08-15,aws,H100,sa-east-1,spot,available,stock_status_label,0.0
2026-08-15,aws,H100,ap-south-1,spot,available,stock_status_label,0.0
2026-08-15,aws,H200,ap-south-1,spot,available,stock_status_label,0.0
2026-08-15,aws,H200,ap-northeast-2,spot,available,stock_status_label,0.0
2026-08-15,aws,L40S,ap-northeast-2,spot,available,stock_status_label,2.0
2026-08-15,aws,H100,us-east-2,spot,available,stock_status_label,2.0
2026-08-15,aws,H200,us-east-2,spot,available,stock_status_label,1.0
2026-08-15,aws,B200,us-east-2,spot,available,stock_status_label,1.0
2026-08-15,aws,L40S,us-east-2,spot,available,stock_status_label,1.0
2026-08-15,aws,L40S,eu-central-1,spot,limited,stock_status_label,4.0
2026-08-15,aws,H100,ap-southeast-2,spot,available,stock_status_label,0.0
2026-08-15,aws,H100,ap-northeast-1,spot,available,stock_status_label,0.0
2026-08-15,aws,H200,ap-northeast-1,spot,available,stock_status_label,0.0
2026-08-15,aws,L40S,ap-northeast-1,spot,limited,stock_status_label,4.0
2026-08-15,aws,H100,us-west-2,spot,available,stock_status_label,0.0
2026-08-15,aws,H200,us-west-2,spot,available,stock_status_label,0.0
2026-08-15,aws,B200,us-west-2,spot,available,stock_status_label,2.0
2026-08-15,aws,B300,us-west-2,spot,available,stock_status_label,0.0
2026-08-15,aws,L40S,us-west-2,spot,available,stock_status_label,0.0
2026-08-15,aws,H100,us-east-1,spot,available,stock_status_label,0.0
2026-08-15,aws,H200,us-east-1,spot,available,stock_status_label,0.0
2026-08-15,aws,B200,us-east-1,spot,available,stock_status_label,2.0
2026-08-15,aws,L40S,us-east-1,spot,available,stock_status_label,2.0
2026-08-15,aws,H100,global,spot,available,regions_with_capacity,12.0
2026-08-15,aws,L40S,global,spot,available,regions_with_capacity,9.0
2026-08-15,aws,B200,global,spot,available,regions_with_capacity,3.0
2026-08-15,aws,H200,global,spot,available,regions_with_capacity,10.0
2026-08-15,aws,B300,global,spot,available,regions_with_capacity,1.0
2026-08-15,crusoe,B200,global,on_demand,available,listed_offering,3.0
2026-08-15,crusoe,B300,global,on_demand,limited,listed_offering,1.0
2026-08-15,crusoe,GB200,global,on_demand,limited,listed_offering,1.0
2026-08-15,crusoe,H100,global,on_demand,available,listed_offering,3.0
2026-08-15,crusoe,H200,global,on_demand,limited,listed_offering,1.0
2026-08-15,crusoe,L40S,global,on_demand,available,listed_offering,2.0
2026-08-15,runpod,B200,global,on_demand,limited,stock_status_label,0.0
2026-08-15,runpod,B300,global,on_demand,limited,stock_status_label,0.0
2026-08-15,runpod,H100,global,on_demand,limited,stock_status_label,1.0
2026-08-15,runpod,H100,global,on_demand,limited,stock_status_label,0.0
2026-08-15,runpod,H100,global,on_demand,limited,stock_status_label,0.0
2026-08-15,runpod,H200,global,on_demand,limited,stock_status_label,1.0
2026-08-15,runpod,H200,global,on_demand,sold_out,stock_status_label,0.0
2026-08-15,runpod,L40S,global,on_demand,limited,stock_status_label,1.0
2026-08-15,runpod,RTX6000,global,on_demand,sold_out,stock_status_label,0.0
2026-08-15,runpod,RTX6000,global,on_demand,limited,stock_status_label,0.0
2026-08-15,runpod,RTX6000,global,on_demand,sold_out,stock_status_label,0.0
2026-08-15,runpod,H100,AP-IN-1,on_demand,available,stock_status_label,2.0
2026-08-15,runpod,H100,AP-IN-2,on_demand,available,stock_status_label,1.0
2026-08-15,runpod,H200,AP-JP-1,on_demand,available,stock_status_label,1.0
2026-08-15,runpod,H100,AP-JP-1,on_demand,available,stock_status_label,1.0
2026-08-15,runpod,H100,CA-MTL-1,on_demand,available,stock_status_label,1.0
2026-08-15,runpod,H100,CA-MTL-3,on_demand,sold_out,stock_status_label,0.0
2026-08-15,runpod,RTX6000,CA-MTL-3,on_demand,available,stock_status_label,1.0
2026-08-15,runpod,H200,CA-MTL-4,on_demand,sold_out,stock_status_label,0.0
2026-08-15,runpod,RTX6000,EU-CZ-1,on_demand,sold_out,stock_status_label,0.0
2026-08-15,runpod,RTX6000,EU-CZ-1,on_demand,available,stock_status_label,1.0
2026-08-15,runpod,H200,EU-FR-1,on_demand,available,stock_status_label,1.0
2026-08-15,runpod,H100,EU-FR-1,on_demand,available,stock_status_label,1.0
2026-08-15,runpod,B300,EU-NL-1,on_demand,available,stock_status_label,1.0
2026-08-15,runpod,L40S,EU-NL-1,on_demand,available,stock_status_label,1.0
2026-08-15,runpod,H100,EU-NL-1,on_demand,available,stock_status_label,1.0
2026-08-15,runpod,RTX6000,EU-NL-1,on_demand,available,stock_status_label,1.0
2026-08-15,runpod,RTX6000,EU-RO-1,on_demand,sold_out,stock_status_label,0.0
2026-08-15,runpod,B200,EU-RO-1,on_demand,available,stock_status_label,1.0
2026-08-15,runpod,RTX6000,EU-RO-1,on_demand,available,stock_status_label,1.0
2026-08-15,runpod,RTX6000,EUR-IS-1,on_demand,available,stock_status_label,1.0
2026-08-15,runpod,B300,EUR-IS-1,on_demand,available,stock_status_label,1.0
2026-08-15,runpod,H100,EUR-IS-1,on_demand,sold_out,stock_status_label,0.0
2026-08-15,runpod,RTX6000,EUR-IS-1,on_demand,sold_out,stock_status_label,0.0
2026-08-15,runpod,RTX6000,EUR-IS-2,on_demand,available,stock_status_label,1.0
2026-08-15,runpod,H200,EUR-IS-2,on_demand,available,stock_status_label,1.0
2026-08-15,runpod,L40S,EUR-IS-2,on_demand,sold_out,stock_status_label,0.0
2026-08-15,runpod,H100,EUR-IS-3,on_demand,available,stock_status_label,1.0
2026-08-15,runpod,H200,EUR-IS-4,on_demand,available,stock_status_label,1.0
2026-08-15,runpod,H200,EUR-IS-5,on_demand,available,stock_status_label,1.0
2026-08-15,runpod,H100,EUR-NO-2,on_demand,available,stock_status_label,1.0
2026-08-15,runpod,L40S,OC-AU-1,on_demand,available,stock_status_label,1.0
2026-08-15,runpod,H100,US-CA-2,on_demand,available,stock_status_label,1.0
2026-08-15,runpod,B200,US-CA-2,on_demand,available,stock_status_label,1.0
2026-08-15,runpod,H200,US-CA-2,on_demand,available,stock_status_label,1.0
2026-08-15,runpod,H100,US-CA-2,on_demand,sold_out,stock_status_label,0.0
2026-08-15,runpod,RTX6000,US-CA-2,on_demand,sold_out,stock_status_label,0.0
2026-08-15,runpod,H200,US-GA-2,on_demand,available,stock_status_label,1.0
2026-08-15,runpod,H100,US-GA-2,on_demand,available,stock_status_label,1.0
2026-08-15,runpod,H100,US-GA-2,on_demand,available,stock_status_label,1.0
2026-08-15,runpod,L40S,US-IL-1,on_demand,available,stock_status_label,1.0
2026-08-15,runpod,H100,US-KS-2,on_demand,sold_out,stock_status_label,0.0
2026-08-15,runpod,H100,US-KS-2,on_demand,available,stock_status_label,1.0
2026-08-15,runpod,H100,US-KS-2,on_demand,available,stock_status_label,1.0
2026-08-15,runpod,RTX6000,US-KS-2,on_demand,sold_out,stock_status_label,0.0
2026-08-15,runpod,H200,US-MD-1,on_demand,sold_out,stock_status_label,0.0
2026-08-15,runpod,L40S,US-MO-1,on_demand,available,stock_status_label,1.0
2026-08-15,runpod,H100,US-MO-1,on_demand,available,stock_status_label,1.0
2026-08-15,runpod,RTX6000,US-MO-2,on_demand,available,stock_status_label,1.0
2026-08-15,runpod,RTX6000,US-NC-1,on_demand,sold_out,stock_status_label,0.0
2026-08-15,runpod,H200,US-NC-1,on_demand,available,stock_status_label,1.0
2026-08-15,runpod,L40S,US-NC-1,on_demand,sold_out,stock_status_label,0.0
2026-08-15,runpod,RTX6000,US-NC-2,on_demand,available,stock_status_label,1.0
2026-08-15,runpod,B200,US-NC-2,on_demand,available,stock_status_label,1.0
2026-08-15,runpod,RTX6000,US-NE-1,on_demand,available,stock_status_label,1.0
2026-08-15,runpod,H100,US-NE-1,on_demand,available,stock_status_label,1.0
2026-08-15,runpod,B200,US-NE-1,on_demand,available,stock_status_label,1.0
2026-08-15,runpod,RTX6000,US-PA-1,on_demand,available,stock_status_label,1.0
2026-08-15,runpod,H200,US-PA-1,on_demand,sold_out,stock_status_label,0.0
2026-08-15,runpod,L40S,US-TX-3,on_demand,available,stock_status_label,1.0
2026-08-15,runpod,L40S,US-TX-4,on_demand,available,stock_status_label,1.0
2026-08-15,runpod,B200,US-TX-6,on_demand,sold_out,stock_status_label,0.0
2026-08-15,runpod,B300,US-WA-2,on_demand,available,stock_status_label,1.0
2026-08-15,vast,H100,global,on_demand,available,offer_depth_gpus,105.0
2026-08-15,vast,H200,global,on_demand,available,offer_depth_gpus,69.0
2026-08-15,vast,B200,global,on_demand,available,offer_depth_gpus,92.0
2026-08-15,vast,B300,global,on_demand,available,offer_depth_gpus,34.0
2026-08-15,vast,GB200,global,on_demand,not_offered,offer_depth_gpus,0.0
2026-08-15,vast,L40S,global,on_demand,available,offer_depth_gpus,93.0
2026-08-15,vast,RTX6000,global,on_demand,available,offer_depth_gpus,84.0
2026-08-15,scaleway,B300,fr-par-2,on_demand,sold_out,stock_status_label,0.0
2026-08-15,scaleway,H100,fr-par-2,on_demand,available,stock_status_label,2.0
2026-08-15,scaleway,H100,pl-waw-2,on_demand,limited,stock_status_label,1.0
2026-08-15,scaleway,L40S,fr-par-2,on_demand,limited,stock_status_label,1.0
2026-08-15,scaleway,L40S,pl-waw-2,on_demand,limited,stock_status_label,1.0
2026-08-15,scaleway,B300,global,on_demand,sold_out,regions_with_capacity,0.0
2026-08-15,scaleway,H100,global,on_demand,available,regions_with_capacity,1.0
2026-08-15,scaleway,L40S,global,on_demand,limited,regions_with_capacity,0.0
2026-08-15,voltage_park,H100,global,on_demand,sold_out,stock_level,0.0
2026-08-15,gmi,GB200,global,on_demand,available,stock_status_label,2.0
2026-08-15,gmi,GB300,global,on_demand,limited,stock_status_label,1.0
2026-08-15,gmi,H100,global,on_demand,available,stock_status_label,2.0
2026-08-15,gmi,H200,global,on_demand,available,stock_status_label,2.0
2026-08-15,gmi,B200,global,on_demand,limited,stock_status_label,1.0
2026-08-15,sfcompute,H100,global,reserved_short,available,clearing_price_usd,2.15
2026-08-15,sfcompute,H200,global,reserved_short,unknown,clearing_price_usd,
2026-08-15,sfcompute,B200,global,reserved_short,unknown,clearing_price_usd,
2026-08-15,crusoe,L40S,global,on_demand,available,regions_with_capacity,2.0
2026-08-15,hyperstack,H100,global,on_demand,limited,regions_with_capacity,1.0
2026-08-15,hyperstack,RTX6000,global,on_demand,sold_out,regions_with_capacity,0.0
2026-08-15,lambda,B200,global,on_demand,sold_out,regions_with_capacity,0.0
2026-08-15,lambda,H100,global,on_demand,available,regions_with_capacity,4.0
2026-08-15,nebius,H100,global,on_demand,sold_out,regions_with_capacity,0.0
2026-08-15,nebius,H200,global,on_demand,sold_out,regions_with_capacity,0.0
2026-08-15,scaleway,B300,global,on_demand,sold_out,regions_with_capacity,0.0
2026-08-15,scaleway,H100,global,on_demand,available,regions_with_capacity,2.0
2026-08-15,scaleway,L40S,global,on_demand,available,regions_with_capacity,1.0
2026-08-15,verda,B200,global,on_demand,sold_out,regions_with_capacity,0.0
2026-08-15,verda,B300,global,on_demand,available,regions_with_capacity,2.0
2026-08-15,verda,H100,global,on_demand,limited,regions_with_capacity,1.0
2026-08-15,verda,H200,global,on_demand,available,regions_with_capacity,2.0
2026-08-15,verda,L40S,global,on_demand,sold_out,regions_with_capacity,0.0
2026-08-15,verda,RTX6000,global,on_demand,available,regions_with_capacity,2.0
2026-08-15,voltage_park,H100,global,on_demand,sold_out,regions_with_capacity,0.0
2026-08-15,nebius,B200,global,on_demand,available,listed_offering,2.0
2026-08-15,nebius,B200,me-west1,on_demand,available,listed_offering,1.0
2026-08-15,nebius,B200,us-central1,on_demand,available,listed_offering,1.0
2026-08-15,nebius,B300,global,on_demand,available,listed_offering,2.0
2026-08-15,nebius,B300,eu-west2,on_demand,available,listed_offering,1.0
2026-08-15,nebius,B300,uk-south1,on_demand,available,listed_offering,1.0
2026-08-15,nebius,H100,global,on_demand,available,listed_offering,1.0
2026-08-15,nebius,H100,eu-north1,on_demand,available,listed_offering,1.0
2026-08-15,nebius,H200,global,on_demand,available,listed_offering,4.0
2026-08-15,nebius,H200,eu-north1,on_demand,available,listed_offering,1.0
2026-08-15,nebius,H200,eu-north2,on_demand,available,listed_offering,1.0
2026-08-15,nebius,H200,eu-west1,on_demand,available,listed_offering,1.0
2026-08-15,nebius,H200,us-central1,on_demand,available,listed_offering,1.0
2026-08-15,nebius,L40S,global,on_demand,available,listed_offering,1.0
2026-08-15,nebius,L40S,eu-north1,on_demand,available,listed_offering,1.0
2026-08-15,nebius,RTX6000,global,on_demand,available,listed_offering,1.0
2026-08-15,nebius,RTX6000,us-central1,on_demand,available,listed_offering,1.0
2026-08-15,hyperstack,B200,CANADA-1,on_demand,sold_out,stock_level,0.0
2026-08-15,hyperstack,L40S,CANADA-1,on_demand,available,stock_level,10.0
2026-08-15,hyperstack,L40S,CANADA-1,on_demand,limited,stock_level,6.0
2026-08-15,hyperstack,H100,CANADA-1,on_demand,available,stock_level,100.0
2026-08-15,hyperstack,H200,CANADA-1,on_demand,limited,stock_level,8.0
2026-08-15,hyperstack,H100,CANADA-1,on_demand,available,stock_level,75.0
2026-08-15,hyperstack,H100,CANADA-1,on_demand,limited,stock_level,6.0
2026-08-15,hyperstack,H100,CANADA-1,on_demand,sold_out,stock_level,0.0
2026-08-15,hyperstack,H100,CANADA-1,on_demand,sold_out,stock_level,0.0
2026-08-15,hyperstack,B200,global,on_demand,sold_out,stock_level,0.0
2026-08-15,hyperstack,L40S,global,on_demand,available,stock_level,10.0
2026-08-15,hyperstack,H100,global,on_demand,available,stock_level,100.0
2026-08-15,hyperstack,H200,global,on_demand,limited,stock_level,8.0
2026-08-15,together,B200,ca-west-1,on_demand,available,stock_level,5.0
2026-08-15,together,B200,us-east-3,on_demand,available,stock_level,5.0
2026-08-15,together,B200,us-west-3,on_demand,unknown,stock_level,0.0
2026-08-15,together,GB300,us-south-3,on_demand,available,stock_level,5.0
2026-08-15,together,H100,ca-east-1,on_demand,unknown,stock_level,0.0
2026-08-15,together,H100,eu-central-1,on_demand,unknown,stock_level,0.0
2026-08-15,together,H100,eu-north-1,on_demand,unknown,stock_level,0.0
2026-08-15,together,H100,eu-west-1,on_demand,available,stock_level,5.0
2026-08-15,together,H100,us-central-4,on_demand,available,stock_level,5.0
2026-08-15,together,H100,us-central-5,on_demand,unknown,stock_level,0.0
2026-08-15,together,H100,us-central-6,on_demand,unknown,stock_level,0.0
2026-08-15,together,H100,us-east-1,on_demand,unknown,stock_level,0.0
2026-08-15,together,H100,us-east-4,on_demand,available,stock_level,5.0
2026-08-15,together,H200,us-central-8,on_demand,available,stock_level,5.0
2026-08-15,together,H100,global,on_demand,available,regions_with_capacity,3.0
2026-08-15,together,H200,global,on_demand,available,regions_with_capacity,1.0
2026-08-15,together,GB300,global,on_demand,available,regions_with_capacity,1.0
2026-08-15,together,B200,global,on_demand,available,regions_with_capacity,2.0
2026-08-15,verda,H100,FIN-01,on_demand,limited,binary,1.0
2026-08-15,verda,RTX6000,FIN-01,on_demand,available,binary,8.0
2026-08-15,verda,B300,FIN-02,on_demand,limited,binary,1.0
2026-08-15,verda,H200,FIN-02,on_demand,available,binary,8.0
2026-08-15,verda,H100,FIN-02,on_demand,limited,binary,1.0
2026-08-15,verda,B300,FIN-03,on_demand,limited,binary,2.0
2026-08-15,verda,H200,FIN-03,on_demand,limited,binary,2.0
2026-08-15,verda,RTX6000,FIN-03,on_demand,available,binary,8.0
2026-08-15,verda,L40S,global,on_demand,sold_out,binary,0.0
2026-08-15,verda,B200,global,on_demand,sold_out,binary,0.0
2026-08-15,verda,GB300,global,on_demand,sold_out,binary,0.0
2026-08-15,verda,H100,FIN-01,spot,limited,binary,1.0
2026-08-15,verda,RTX6000,FIN-01,spot,limited,binary,4.0
2026-08-15,verda,H200,FIN-02,spot,available,binary,8.0
2026-08-15,verda,H100,FIN-02,spot,limited,binary,1.0
2026-08-15,verda,B300,FIN-03,spot,limited,binary,2.0
2026-08-15,verda,H200,FIN-03,spot,limited,binary,2.0
2026-08-15,verda,RTX6000,FIN-03,spot,available,binary,8.0
2026-08-16,lambda,B200,global,on_demand,sold_out,regions_with_capacity,0.0
2026-08-16,lambda,H100,global,on_demand,limited,regions_with_capacity,4.0
2026-08-16,lambda,H100,us-south-2,on_demand,available,regions_with_capacity,1.0
2026-08-16,lambda,H100,us-south-3,on_demand,available,regions_with_capacity,1.0
2026-08-16,lambda,H100,us-southeast-1,on_demand,available,regions_with_capacity,1.0
2026-08-16,lambda,H100,us-west-3,on_demand,available,regions_with_capacity,1.0
2026-08-16,coreweave,GB300,global,on_demand,available,listed_offering,4.0
2026-08-16,coreweave,GB300,CA-EAST-01A,on_demand,available,listed_offering,1.0
2026-08-16,coreweave,GB300,US-CENTRAL-07A,on_demand,available,listed_offering,1.0
2026-08-16,coreweave,GB300,US-CENTRAL-09A,on_demand,available,listed_offering,1.0
2026-08-16,coreweave,GB300,US-WEST-01A,on_demand,available,listed_offering,1.0
2026-08-16,coreweave,GB200,global,on_demand,available,listed_offering,6.0
2026-08-16,coreweave,GB200,CA-EAST-01A,on_demand,available,listed_offering,1.0
2026-08-16,coreweave,GB200,US-EAST-01A,on_demand,available,listed_offering,1.0
2026-08-16,coreweave,GB200,US-EAST-02A,on_demand,available,listed_offering,1.0
2026-08-16,coreweave,GB200,US-EAST-08A,on_demand,available,listed_offering,1.0
2026-08-16,coreweave,GB200,US-EAST-13A,on_demand,available,listed_offering,1.0
2026-08-16,coreweave,GB200,US-WEST-01A,on_demand,available,listed_offering,1.0
2026-08-16,coreweave,B300,global,on_demand,available,listed_offering,4.0
2026-08-16,coreweave,B300,US-CENTRAL-06A,on_demand,available,listed_offering,1.0
2026-08-16,coreweave,B300,US-EAST-13A,on_demand,available,listed_offering,1.0
2026-08-16,coreweave,B300,US-WEST-01A,on_demand,available,listed_offering,1.0
2026-08-16,coreweave,B300,US-WEST-10A,on_demand,available,listed_offering,1.0
2026-08-16,coreweave,B200,global,on_demand,available,listed_offering,5.0
2026-08-16,coreweave,B200,EU-SOUTH-04A,on_demand,available,listed_offering,1.0
2026-08-16,coreweave,B200,US-CENTRAL-07A,on_demand,available,listed_offering,1.0
2026-08-16,coreweave,B200,US-EAST-13A,on_demand,available,listed_offering,1.0
2026-08-16,coreweave,B200,US-EAST-15A,on_demand,available,listed_offering,1.0
2026-08-16,coreweave,B200,US-WEST-09B,on_demand,available,listed_offering,1.0
2026-08-16,coreweave,H200,global,on_demand,available,listed_offering,7.0
2026-08-16,coreweave,H200,EU-SOUTH-03B,on_demand,available,listed_offering,1.0
2026-08-16,coreweave,H200,RNO2A,on_demand,available,listed_offering,1.0
2026-08-16,coreweave,H200,US-EAST-01A,on_demand,available,listed_offering,1.0
2026-08-16,coreweave,H200,US-EAST-02A,on_demand,available,listed_offering,1.0
2026-08-16,coreweave,H200,US-EAST-04A,on_demand,available,listed_offering,1.0
2026-08-16,coreweave,H200,US-EAST-08A,on_demand,available,listed_offering,1.0
2026-08-16,coreweave,H200,US-WEST-04A,on_demand,available,listed_offering,1.0
2026-08-16,coreweave,H100,global,on_demand,available,listed_offering,10.0
2026-08-16,coreweave,H100,RNO2A,on_demand,available,listed_offering,1.0
2026-08-16,coreweave,H100,US-CENTRAL-06A,on_demand,available,listed_offering,1.0
2026-08-16,coreweave,H100,US-EAST-01A,on_demand,available,listed_offering,1.0
2026-08-16,coreweave,H100,US-EAST-02A,on_demand,available,listed_offering,1.0
2026-08-16,coreweave,H100,US-EAST-04A,on_demand,available,listed_offering,1.0
2026-08-16,coreweave,H100,US-EAST-06A,on_demand,available,listed_offering,1.0
2026-08-16,coreweave,H100,US-WEST-01A,on_demand,available,listed_offering,1.0
2026-08-16,coreweave,H100,US-WEST-02B,on_demand,available,listed_offering,1.0
2026-08-16,coreweave,H100,US-WEST-04A,on_demand,available,listed_offering,1.0
2026-08-16,coreweave,H100,US-WEST-09B,on_demand,available,listed_offering,1.0
2026-08-16,coreweave,RTX6000,global,on_demand,available,listed_offering,11.0
2026-08-16,coreweave,RTX6000,EU-SOUTH-04A,on_demand,available,listed_offering,1.0
2026-08-16,coreweave,RTX6000,US-EAST-01A,on_demand,available,listed_offering,1.0
2026-08-16,coreweave,RTX6000,US-EAST-04A,on_demand,available,listed_offering,1.0
2026-08-16,coreweave,RTX6000,US-EAST-06A,on_demand,available,listed_offering,1.0
2026-08-16,coreweave,RTX6000,US-EAST-13A,on_demand,available,listed_offering,1.0
2026-08-16,coreweave,RTX6000,US-EAST-14A,on_demand,available,listed_offering,1.0
2026-08-16,coreweave,RTX6000,US-EAST-15A,on_demand,available,listed_offering,1.0
2026-08-16,coreweave,RTX6000,US-WEST-01A,on_demand,available,listed_offering,1.0
2026-08-16,coreweave,RTX6000,US-WEST-04A,on_demand,available,listed_offering,1.0
2026-08-16,coreweave,RTX6000,US-WEST-09B,on_demand,available,listed_offering,1.0
2026-08-16,coreweave,RTX6000,US-WEST-10A,on_demand,available,listed_offering,1.0
2026-08-16,coreweave,L40S,global,on_demand,limited,listed_offering,1.0
2026-08-16,coreweave,L40S,US-EAST-04A,on_demand,available,listed_offering,1.0
2026-08-16,gcp,B200,global,on_demand,available,listed_offering,11.0
2026-08-16,gcp,B200,asia-northeast1,on_demand,available,listed_offering,1.0
2026-08-16,gcp,B200,asia-southeast1,on_demand,available,listed_offering,1.0
2026-08-16,gcp,B200,europe-north1,on_demand,available,listed_offering,1.0
2026-08-16,gcp,B200,europe-west4,on_demand,available,listed_offering,1.0
2026-08-16,gcp,B200,us-central1,on_demand,available,listed_offering,1.0
2026-08-16,gcp,B200,us-east1,on_demand,available,listed_offering,1.0
2026-08-16,gcp,B200,us-east4,on_demand,available,listed_offering,1.0
2026-08-16,gcp,B200,us-south1,on_demand,available,listed_offering,1.0
2026-08-16,gcp,B200,us-west2,on_demand,available,listed_offering,1.0
2026-08-16,gcp,B200,us-west3,on_demand,available,listed_offering,2.0
2026-08-16,gcp,GB200,global,on_demand,available,listed_offering,5.0
2026-08-16,gcp,GB200,europe-west4,on_demand,available,listed_offering,1.0
2026-08-16,gcp,GB200,us-central1,on_demand,available,listed_offering,2.0
2026-08-16,gcp,GB200,us-east1,on_demand,available,listed_offering,1.0
2026-08-16,gcp,GB200,us-east4,on_demand,available,listed_offering,1.0
2026-08-16,gcp,GB300,global,on_demand,available,listed_offering,5.0
2026-08-16,gcp,GB300,us-central1,on_demand,available,listed_offering,1.0
2026-08-16,gcp,GB300,us-east4,on_demand,available,listed_offering,2.0
2026-08-16,gcp,GB300,us-east5,on_demand,available,listed_offering,2.0
2026-08-16,gcp,H100,global,on_demand,available,listed_offering,23.0
2026-08-16,gcp,H100,asia-east1,on_demand,available,listed_offering,1.0
2026-08-16,gcp,H100,asia-northeast1,on_demand,available,listed_offering,1.0
2026-08-16,gcp,H100,asia-northeast3,on_demand,available,listed_offering,1.0
2026-08-16,gcp,H100,asia-south1,on_demand,available,listed_offering,1.0
2026-08-16,gcp,H100,asia-southeast1,on_demand,available,listed_offering,2.0
2026-08-16,gcp,H100,australia-southeast1,on_demand,available,listed_offering,1.0
2026-08-16,gcp,H100,europe-west1,on_demand,available,listed_offering,2.0
2026-08-16,gcp,H100,europe-west3,on_demand,available,listed_offering,1.0
2026-08-16,gcp,H100,europe-west4,on_demand,available,listed_offering,2.0
2026-08-16,gcp,H100,northamerica-northeast2,on_demand,available,listed_offering,1.0
2026-08-16,gcp,H100,us-central1,on_demand,available,listed_offering,3.0
2026-08-16,gcp,H100,us-east4,on_demand,available,listed_offering,3.0
2026-08-16,gcp,H100,us-east5,on_demand,available,listed_offering,1.0
2026-08-16,gcp,H100,us-west1,on_demand,available,listed_offering,2.0
2026-08-16,gcp,H100,us-west4,on_demand,available,listed_offering,1.0
2026-08-16,gcp,H200,global,on_demand,available,listed_offering,8.0
2026-08-16,gcp,H200,asia-south1,on_demand,available,listed_offering,1.0
2026-08-16,gcp,H200,asia-south2,on_demand,available,listed_offering,1.0
2026-08-16,gcp,H200,europe-west1,on_demand,available,listed_offering,1.0
2026-08-16,gcp,H200,europe-west4,on_demand,available,listed_offering,1.0
2026-08-16,gcp,H200,us-central1,on_demand,available,listed_offering,1.0
2026-08-16,gcp,H200,us-east4,on_demand,available,listed_offering,1.0
2026-08-16,gcp,H200,us-south1,on_demand,available,listed_offering,1.0
2026-08-16,gcp,H200,us-west1,on_demand,available,listed_offering,1.0
2026-08-16,gcp,RTX6000,global,on_demand,available,listed_offering,39.0
2026-08-16,gcp,RTX6000,asia-east1,on_demand,available,listed_offering,1.0
2026-08-16,gcp,RTX6000,asia-south1,on_demand,available,listed_offering,1.0
2026-08-16,gcp,RTX6000,asia-south2,on_demand,available,listed_offering,2.0
2026-08-16,gcp,RTX6000,asia-southeast1,on_demand,available,listed_offering,2.0
2026-08-16,gcp,RTX6000,asia-southeast2,on_demand,available,listed_offering,2.0
2026-08-16,gcp,RTX6000,europe-north1,on_demand,available,listed_offering,3.0
2026-08-16,gcp,RTX6000,europe-west1,on_demand,available,listed_offering,1.0
2026-08-16,gcp,RTX6000,europe-west10,on_demand,available,listed_offering,1.0
2026-08-16,gcp,RTX6000,europe-west2,on_demand,available,listed_offering,2.0
2026-08-16,gcp,RTX6000,europe-west4,on_demand,available,listed_offering,3.0
2026-08-16,gcp,RTX6000,europe-west8,on_demand,available,listed_offering,2.0
2026-08-16,gcp,RTX6000,me-central2,on_demand,available,listed_offering,1.0
2026-08-16,gcp,RTX6000,us-central1,on_demand,available,listed_offering,3.0
2026-08-16,gcp,RTX6000,us-east1,on_demand,available,listed_offering,2.0
2026-08-16,gcp,RTX6000,us-east4,on_demand,available,listed_offering,2.0
2026-08-16,gcp,RTX6000,us-east5,on_demand,available,listed_offering,3.0
2026-08-16,gcp,RTX6000,us-south1,on_demand,available,listed_offering,2.0
2026-08-16,gcp,RTX6000,us-west1,on_demand,available,listed_offering,3.0
2026-08-16,gcp,RTX6000,us-west3,on_demand,available,listed_offering,1.0
2026-08-16,gcp,RTX6000,us-west4,on_demand,available,listed_offering,2.0
2026-08-16,azure,H100,global,on_demand,available,listed_offering,24.0
2026-08-16,azure,H100,global,spot,available,listed_offering,24.0
2026-08-16,azure,H200,global,on_demand,available,listed_offering,31.0
2026-08-16,azure,H200,global,spot,available,listed_offering,31.0
2026-08-16,azure,GB200,global,on_demand,available,listed_offering,19.0
2026-08-16,azure,GB200,global,spot,available,listed_offering,19.0
2026-08-16,aws,L40S,me-central-1,spot,available,stock_status_label,0.0
2026-08-16,aws,H100,ap-southeast-3,spot,available,stock_status_label,0.0
2026-08-16,aws,H200,ap-southeast-3,spot,available,stock_status_label,0.0
2026-08-16,aws,H200,eu-south-2,spot,available,stock_status_label,1.0
2026-08-16,aws,L40S,eu-south-2,spot,available,stock_status_label,0.0
2026-08-16,aws,H100,us-west-1,spot,available,stock_status_label,0.0
2026-08-16,aws,H200,us-west-1,spot,available,stock_status_label,0.0
2026-08-16,aws,H100,eu-north-1,spot,available,stock_status_label,0.0
2026-08-16,aws,H200,eu-north-1,spot,available,stock_status_label,0.0
2026-08-16,aws,L40S,eu-north-1,spot,available,stock_status_label,3.0
2026-08-16,aws,H100,ca-central-1,spot,available,stock_status_label,0.0
2026-08-16,aws,H100,eu-west-2,spot,available,stock_status_label,1.0
2026-08-16,aws,H100,sa-east-1,spot,available,stock_status_label,0.0
2026-08-16,aws,H100,ap-south-1,spot,available,stock_status_label,0.0
2026-08-16,aws,H200,ap-south-1,spot,available,stock_status_label,0.0
2026-08-16,aws,H200,ap-northeast-2,spot,available,stock_status_label,0.0
2026-08-16,aws,L40S,ap-northeast-2,spot,available,stock_status_label,2.0
2026-08-16,aws,H100,us-east-2,spot,available,stock_status_label,2.0
2026-08-16,aws,H200,us-east-2,spot,available,stock_status_label,1.0
2026-08-16,aws,B200,us-east-2,spot,available,stock_status_label,1.0
2026-08-16,aws,L40S,us-east-2,spot,available,stock_status_label,1.0
2026-08-16,aws,L40S,eu-central-1,spot,limited,stock_status_label,4.0
2026-08-16,aws,H100,ap-southeast-2,spot,available,stock_status_label,0.0
2026-08-16,aws,H100,ap-northeast-1,spot,available,stock_status_label,0.0
2026-08-16,aws,H200,ap-northeast-1,spot,available,stock_status_label,0.0
2026-08-16,aws,L40S,ap-northeast-1,spot,limited,stock_status_label,4.0
2026-08-16,aws,H100,us-west-2,spot,available,stock_status_label,0.0
2026-08-16,aws,H200,us-west-2,spot,available,stock_status_label,0.0
2026-08-16,aws,B200,us-west-2,spot,available,stock_status_label,2.0
2026-08-16,aws,B300,us-west-2,spot,available,stock_status_label,0.0
2026-08-16,aws,L40S,us-west-2,spot,available,stock_status_label,0.0
2026-08-16,aws,H100,us-east-1,spot,available,stock_status_label,0.0
2026-08-16,aws,H200,us-east-1,spot,available,stock_status_label,0.0
2026-08-16,aws,B200,us-east-1,spot,available,stock_status_label,2.0
2026-08-16,aws,L40S,us-east-1,spot,available,stock_status_label,2.0
2026-08-16,aws,B300,global,spot,available,regions_with_capacity,1.0
2026-08-16,aws,H100,global,spot,available,regions_with_capacity,12.0
2026-08-16,aws,L40S,global,spot,available,regions_with_capacity,9.0
2026-08-16,aws,B200,global,spot,available,regions_with_capacity,3.0
2026-08-16,aws,H200,global,spot,available,regions_with_capacity,10.0
2026-08-16,crusoe,B200,global,on_demand,available,listed_offering,3.0
2026-08-16,crusoe,B300,global,on_demand,limited,listed_offering,1.0
2026-08-16,crusoe,GB200,global,on_demand,limited,listed_offering,1.0
2026-08-16,crusoe,H100,global,on_demand,available,listed_offering,3.0
2026-08-16,crusoe,H200,global,on_demand,limited,listed_offering,1.0
2026-08-16,crusoe,L40S,global,on_demand,available,listed_offering,2.0
2026-08-16,runpod,B200,global,on_demand,limited,stock_status_label,0.0
2026-08-16,runpod,B300,global,on_demand,limited,stock_status_label,0.0
2026-08-16,runpod,H100,global,on_demand,available,stock_status_label,2.0
2026-08-16,runpod,H100,global,on_demand,limited,stock_status_label,0.0
2026-08-16,runpod,H100,global,on_demand,sold_out,stock_status_label,0.0
2026-08-16,runpod,H200,global,on_demand,limited,stock_status_label,1.0
2026-08-16,runpod,H200,global,on_demand,sold_out,stock_status_label,0.0
2026-08-16,runpod,L40S,global,on_demand,limited,stock_status_label,0.0
2026-08-16,runpod,RTX6000,global,on_demand,sold_out,stock_status_label,0.0
2026-08-16,runpod,RTX6000,global,on_demand,limited,stock_status_label,0.0
2026-08-16,runpod,RTX6000,global,on_demand,limited,stock_status_label,0.0
2026-08-16,runpod,H100,AP-IN-1,on_demand,available,stock_status_label,2.0
2026-08-16,runpod,H100,AP-IN-2,on_demand,available,stock_status_label,1.0
2026-08-16,runpod,H200,AP-JP-1,on_demand,available,stock_status_label,1.0
2026-08-16,runpod,H100,AP-JP-1,on_demand,available,stock_status_label,1.0
2026-08-16,runpod,H100,CA-MTL-1,on_demand,available,stock_status_label,1.0
2026-08-16,runpod,H100,CA-MTL-3,on_demand,sold_out,stock_status_label,0.0
2026-08-16,runpod,RTX6000,CA-MTL-3,on_demand,sold_out,stock_status_label,0.0
2026-08-16,runpod,H200,CA-MTL-4,on_demand,sold_out,stock_status_label,0.0
2026-08-16,runpod,RTX6000,EU-CZ-1,on_demand,sold_out,stock_status_label,0.0
2026-08-16,runpod,RTX6000,EU-CZ-1,on_demand,available,stock_status_label,1.0
2026-08-16,runpod,H200,EU-FR-1,on_demand,available,stock_status_label,1.0
2026-08-16,runpod,H100,EU-FR-1,on_demand,available,stock_status_label,1.0
2026-08-16,runpod,B300,EU-NL-1,on_demand,available,stock_status_label,1.0
2026-08-16,runpod,L40S,EU-NL-1,on_demand,available,stock_status_label,1.0
2026-08-16,runpod,H100,EU-NL-1,on_demand,available,stock_status_label,1.0
2026-08-16,runpod,RTX6000,EU-NL-1,on_demand,available,stock_status_label,1.0
2026-08-16,runpod,RTX6000,EU-RO-1,on_demand,sold_out,stock_status_label,0.0
2026-08-16,runpod,B200,EU-RO-1,on_demand,available,stock_status_label,1.0
2026-08-16,runpod,RTX6000,EU-RO-1,on_demand,available,stock_status_label,1.0
2026-08-16,runpod,RTX6000,EUR-IS-1,on_demand,available,stock_status_label,1.0
2026-08-16,runpod,B300,EUR-IS-1,on_demand,available,stock_status_label,1.0
2026-08-16,runpod,H100,EUR-IS-1,on_demand,sold_out,stock_status_label,0.0
2026-08-16,runpod,RTX6000,EUR-IS-1,on_demand,available,stock_status_label,1.0
2026-08-16,runpod,RTX6000,EUR-IS-2,on_demand,sold_out,stock_status_label,0.0
2026-08-16,runpod,H200,EUR-IS-2,on_demand,available,stock_status_label,1.0
2026-08-16,runpod,L40S,EUR-IS-2,on_demand,sold_out,stock_status_label,0.0
2026-08-16,runpod,H100,EUR-IS-3,on_demand,available,stock_status_label,1.0
2026-08-16,runpod,H200,EUR-IS-4,on_demand,available,stock_status_label,1.0
2026-08-16,runpod,H200,EUR-IS-5,on_demand,available,stock_status_label,1.0
2026-08-16,runpod,H100,EUR-NO-2,on_demand,available,stock_status_label,1.0
2026-08-16,runpod,L40S,OC-AU-1,on_demand,sold_out,stock_status_label,0.0
2026-08-16,runpod,H100,US-CA-2,on_demand,available,stock_status_label,1.0
2026-08-16,runpod,B200,US-CA-2,on_demand,available,stock_status_label,1.0
2026-08-16,runpod,H200,US-CA-2,on_demand,available,stock_status_label,1.0
2026-08-16,runpod,H100,US-CA-2,on_demand,sold_out,stock_status_label,0.0
2026-08-16,runpod,RTX6000,US-CA-2,on_demand,sold_out,stock_status_label,0.0
2026-08-16,runpod,H200,US-GA-2,on_demand,available,stock_status_label,1.0
2026-08-16,runpod,H100,US-GA-2,on_demand,available,stock_status_label,1.0
2026-08-16,runpod,H100,US-GA-2,on_demand,available,stock_status_label,1.0
2026-08-16,runpod,L40S,US-IL-1,on_demand,available,stock_status_label,1.0
2026-08-16,runpod,H100,US-KS-2,on_demand,sold_out,stock_status_label,0.0
2026-08-16,runpod,H100,US-KS-2,on_demand,available,stock_status_label,1.0
2026-08-16,runpod,H100,US-KS-2,on_demand,sold_out,stock_status_label,0.0
2026-08-16,runpod,RTX6000,US-KS-2,on_demand,sold_out,stock_status_label,0.0
2026-08-16,runpod,H200,US-MD-1,on_demand,sold_out,stock_status_label,0.0
2026-08-16,runpod,L40S,US-MO-1,on_demand,sold_out,stock_status_label,0.0
2026-08-16,runpod,H100,US-MO-1,on_demand,available,stock_status_label,1.0
2026-08-16,runpod,RTX6000,US-MO-2,on_demand,sold_out,stock_status_label,0.0
2026-08-16,runpod,RTX6000,US-NC-1,on_demand,sold_out,stock_status_label,0.0
2026-08-16,runpod,H200,US-NC-1,on_demand,available,stock_status_label,1.0
2026-08-16,runpod,L40S,US-NC-1,on_demand,sold_out,stock_status_label,0.0
2026-08-16,runpod,RTX6000,US-NC-2,on_demand,available,stock_status_label,1.0
2026-08-16,runpod,B200,US-NC-2,on_demand,available,stock_status_label,1.0
2026-08-16,runpod,RTX6000,US-NE-1,on_demand,sold_out,stock_status_label,0.0
2026-08-16,runpod,H100,US-NE-1,on_demand,available,stock_status_label,1.0
2026-08-16,runpod,B200,US-NE-1,on_demand,sold_out,stock_status_label,0.0
2026-08-16,runpod,RTX6000,US-PA-1,on_demand,sold_out,stock_status_label,0.0
2026-08-16,runpod,H200,US-PA-1,on_demand,sold_out,stock_status_label,0.0
2026-08-16,runpod,L40S,US-TX-3,on_demand,available,stock_status_label,1.0
2026-08-16,runpod,L40S,US-TX-4,on_demand,available,stock_status_label,1.0
2026-08-16,runpod,B200,US-TX-6,on_demand,sold_out,stock_status_label,0.0
2026-08-16,runpod,B300,US-WA-2,on_demand,available,stock_status_label,1.0
2026-08-16,vast,H100,global,on_demand,available,offer_depth_gpus,109.0
2026-08-16,vast,H200,global,on_demand,available,offer_depth_gpus,78.0
2026-08-16,vast,B200,global,on_demand,available,offer_depth_gpus,86.0
2026-08-16,vast,B300,global,on_demand,available,offer_depth_gpus,41.0
2026-08-16,vast,GB200,global,on_demand,not_offered,offer_depth_gpus,0.0
2026-08-16,vast,L40S,global,on_demand,available,offer_depth_gpus,73.0
2026-08-16,vast,RTX6000,global,on_demand,available,offer_depth_gpus,86.0
2026-08-16,scaleway,B300,fr-par-2,on_demand,sold_out,stock_status_label,0.0
2026-08-16,scaleway,H100,fr-par-2,on_demand,available,stock_status_label,2.0
2026-08-16,scaleway,H100,pl-waw-2,on_demand,limited,stock_status_label,1.0
2026-08-16,scaleway,L40S,fr-par-2,on_demand,limited,stock_status_label,1.0
2026-08-16,scaleway,L40S,pl-waw-2,on_demand,limited,stock_status_label,1.0
2026-08-16,scaleway,B300,global,on_demand,sold_out,regions_with_capacity,0.0
2026-08-16,scaleway,H100,global,on_demand,available,regions_with_capacity,2.0
2026-08-16,scaleway,L40S,global,on_demand,limited,regions_with_capacity,2.0
2026-08-16,voltage_park,H100,global,on_demand,sold_out,stock_level,0.0
2026-08-16,gmi,GB200,global,on_demand,available,stock_status_label,2.0
2026-08-16,gmi,GB300,global,on_demand,limited,stock_status_label,1.0
2026-08-16,gmi,H100,global,on_demand,available,stock_status_label,2.0
2026-08-16,gmi,H200,global,on_demand,available,stock_status_label,2.0
2026-08-16,gmi,B200,global,on_demand,limited,stock_status_label,1.0
2026-08-16,sfcompute,H100,global,reserved_short,available,clearing_price_usd,2.17
2026-08-16,sfcompute,H200,global,reserved_short,unknown,clearing_price_usd,
2026-08-16,sfcompute,B200,global,reserved_short,unknown,clearing_price_usd,
2026-08-16,crusoe,L40S,global,on_demand,available,regions_with_capacity,2.0
2026-08-16,hyperstack,H100,global,on_demand,limited,regions_with_capacity,1.0
2026-08-16,hyperstack,RTX6000,global,on_demand,sold_out,regions_with_capacity,0.0
2026-08-16,lambda,B200,global,on_demand,sold_out,regions_with_capacity,0.0
2026-08-16,lambda,H100,global,on_demand,available,regions_with_capacity,4.0
2026-08-16,nebius,H100,global,on_demand,sold_out,regions_with_capacity,0.0
2026-08-16,nebius,H200,global,on_demand,sold_out,regions_with_capacity,0.0
2026-08-16,scaleway,B300,global,on_demand,sold_out,regions_with_capacity,0.0
2026-08-16,scaleway,H100,global,on_demand,available,regions_with_capacity,2.0
2026-08-16,scaleway,L40S,global,on_demand,available,regions_with_capacity,1.0
2026-08-16,verda,B200,global,on_demand,available,regions_with_capacity,1.0
2026-08-16,verda,B300,global,on_demand,available,regions_with_capacity,1.0
2026-08-16,verda,H100,global,on_demand,limited,regions_with_capacity,1.0
2026-08-16,verda,H200,global,on_demand,available,regions_with_capacity,1.0
2026-08-16,verda,L40S,global,on_demand,sold_out,regions_with_capacity,0.0
2026-08-16,verda,RTX6000,global,on_demand,available,regions_with_capacity,2.0
2026-08-16,voltage_park,H100,global,on_demand,sold_out,regions_with_capacity,0.0
2026-08-16,nebius,B200,global,on_demand,available,listed_offering,2.0
2026-08-16,nebius,B200,me-west1,on_demand,available,listed_offering,1.0
2026-08-16,nebius,B200,us-central1,on_demand,available,listed_offering,1.0
2026-08-16,nebius,B300,global,on_demand,available,listed_offering,2.0
2026-08-16,nebius,B300,eu-west2,on_demand,available,listed_offering,1.0
2026-08-16,nebius,B300,uk-south1,on_demand,available,listed_offering,1.0
2026-08-16,nebius,H100,global,on_demand,available,listed_offering,1.0
2026-08-16,nebius,H100,eu-north1,on_demand,available,listed_offering,1.0
2026-08-16,nebius,H200,global,on_demand,available,listed_offering,4.0
2026-08-16,nebius,H200,eu-north1,on_demand,available,listed_offering,1.0
2026-08-16,nebius,H200,eu-north2,on_demand,available,listed_offering,1.0
2026-08-16,nebius,H200,eu-west1,on_demand,available,listed_offering,1.0
2026-08-16,nebius,H200,us-central1,on_demand,available,listed_offering,1.0
2026-08-16,nebius,L40S,global,on_demand,available,listed_offering,1.0
2026-08-16,nebius,L40S,eu-north1,on_demand,available,listed_offering,1.0
2026-08-16,nebius,RTX6000,global,on_demand,available,listed_offering,1.0
2026-08-16,nebius,RTX6000,us-central1,on_demand,available,listed_offering,1.0
2026-08-16,hyperstack,B200,CANADA-1,on_demand,sold_out,stock_level,0.0
2026-08-16,hyperstack,L40S,CANADA-1,on_demand,available,stock_level,10.0
2026-08-16,hyperstack,L40S,CANADA-1,on_demand,limited,stock_level,6.0
2026-08-16,hyperstack,H100,CANADA-1,on_demand,available,stock_level,100.0
2026-08-16,hyperstack,H200,CANADA-1,on_demand,sold_out,stock_level,0.0
2026-08-16,hyperstack,H100,CANADA-1,on_demand,available,stock_level,75.0
2026-08-16,hyperstack,H100,CANADA-1,on_demand,limited,stock_level,7.0
2026-08-16,hyperstack,H100,CANADA-1,on_demand,sold_out,stock_level,0.0
2026-08-16,hyperstack,H100,CANADA-1,on_demand,sold_out,stock_level,0.0
2026-08-16,hyperstack,B200,global,on_demand,sold_out,stock_level,0.0
2026-08-16,hyperstack,L40S,global,on_demand,available,stock_level,10.0
2026-08-16,hyperstack,H100,global,on_demand,available,stock_level,100.0
2026-08-16,hyperstack,H200,global,on_demand,sold_out,stock_level,0.0
2026-08-16,together,B200,ca-west-1,on_demand,available,stock_level,5.0
2026-08-16,together,B200,us-east-3,on_demand,available,stock_level,5.0
2026-08-16,together,B200,us-west-3,on_demand,unknown,stock_level,0.0
2026-08-16,together,GB300,us-south-3,on_demand,available,stock_level,5.0
2026-08-16,together,H100,ca-east-1,on_demand,unknown,stock_level,0.0
2026-08-16,together,H100,eu-central-1,on_demand,unknown,stock_level,0.0
2026-08-16,together,H100,eu-north-1,on_demand,unknown,stock_level,0.0
2026-08-16,together,H100,eu-west-1,on_demand,available,stock_level,5.0
2026-08-16,together,H100,us-central-4,on_demand,unknown,stock_level,0.0
2026-08-16,together,H100,us-central-5,on_demand,unknown,stock_level,0.0
2026-08-16,together,H100,us-central-6,on_demand,unknown,stock_level,0.0
2026-08-16,together,H100,us-east-1,on_demand,unknown,stock_level,0.0
2026-08-16,together,H100,us-east-4,on_demand,available,stock_level,5.0
2026-08-16,together,H200,us-central-8,on_demand,available,stock_level,5.0
2026-08-16,together,GB300,global,on_demand,available,regions_with_capacity,1.0
2026-08-16,together,H200,global,on_demand,available,regions_with_capacity,1.0
2026-08-16,together,B200,global,on_demand,available,regions_with_capacity,2.0
2026-08-16,together,H100,global,on_demand,available,regions_with_capacity,2.0
2026-08-16,verda,RTX6000,FIN-01,on_demand,limited,binary,4.0
2026-08-16,verda,H100,FIN-02,on_demand,limited,binary,2.0
2026-08-16,verda,B300,FIN-03,on_demand,limited,binary,2.0
2026-08-16,verda,H200,FIN-03,on_demand,limited,binary,4.0
2026-08-16,verda,H100,FIN-03,on_demand,limited,binary,1.0
2026-08-16,verda,RTX6000,FIN-03,on_demand,available,binary,8.0
2026-08-16,verda,RTX6000,global,on_demand,available,regions_with_capacity,2.0
2026-08-16,verda,H100,global,on_demand,limited,regions_with_capacity,2.0
2026-08-16,verda,B300,global,on_demand,limited,regions_with_capacity,1.0
2026-08-16,verda,H200,global,on_demand,limited,regions_with_capacity,1.0
2026-08-16,verda,GB300,global,on_demand,sold_out,binary,0.0
2026-08-16,verda,B200,global,on_demand,sold_out,binary,0.0
2026-08-16,verda,L40S,global,on_demand,sold_out,binary,0.0
2026-08-16,verda,H100,FIN-02,spot,limited,binary,1.0
2026-08-16,verda,H200,FIN-03,spot,limited,binary,1.0
2026-08-16,verda,RTX6000,FIN-03,spot,available,binary,8.0
2026-08-16,verda,H100,global,spot,limited,regions_with_capacity,1.0
2026-08-16,verda,H200,global,spot,limited,regions_with_capacity,1.0
2026-08-16,verda,RTX6000,global,spot,available,regions_with_capacity,1.0
2026-08-17,lambda,B200,global,on_demand,sold_out,regions_with_capacity,0.0
2026-08-17,lambda,H100,global,on_demand,limited,regions_with_capacity,4.0
2026-08-17,lambda,H100,us-south-2,on_demand,available,regions_with_capacity,1.0
2026-08-17,lambda,H100,us-south-3,on_demand,available,regions_with_capacity,1.0
2026-08-17,lambda,H100,us-southeast-1,on_demand,available,regions_with_capacity,1.0
2026-08-17,lambda,H100,us-west-3,on_demand,available,regions_with_capacity,1.0
2026-08-17,coreweave,GB300,global,on_demand,available,listed_offering,4.0
2026-08-17,coreweave,GB300,CA-EAST-01A,on_demand,available,listed_offering,1.0
2026-08-17,coreweave,GB300,US-CENTRAL-07A,on_demand,available,listed_offering,1.0
2026-08-17,coreweave,GB300,US-CENTRAL-09A,on_demand,available,listed_offering,1.0
2026-08-17,coreweave,GB300,US-WEST-01A,on_demand,available,listed_offering,1.0
2026-08-17,coreweave,GB200,global,on_demand,available,listed_offering,6.0
2026-08-17,coreweave,GB200,CA-EAST-01A,on_demand,available,listed_offering,1.0
2026-08-17,coreweave,GB200,US-EAST-01A,on_demand,available,listed_offering,1.0
2026-08-17,coreweave,GB200,US-EAST-02A,on_demand,available,listed_offering,1.0
2026-08-17,coreweave,GB200,US-EAST-08A,on_demand,available,listed_offering,1.0
2026-08-17,coreweave,GB200,US-EAST-13A,on_demand,available,listed_offering,1.0
2026-08-17,coreweave,GB200,US-WEST-01A,on_demand,available,listed_offering,1.0
2026-08-17,coreweave,B300,global,on_demand,available,listed_offering,4.0
2026-08-17,coreweave,B300,US-CENTRAL-06A,on_demand,available,listed_offering,1.0
2026-08-17,coreweave,B300,US-EAST-13A,on_demand,available,listed_offering,1.0
2026-08-17,coreweave,B300,US-WEST-01A,on_demand,available,listed_offering,1.0
2026-08-17,coreweave,B300,US-WEST-10A,on_demand,available,listed_offering,1.0
2026-08-17,coreweave,B200,global,on_demand,available,listed_offering,5.0
2026-08-17,coreweave,B200,EU-SOUTH-04A,on_demand,available,listed_offering,1.0
2026-08-17,coreweave,B200,US-CENTRAL-07A,on_demand,available,listed_offering,1.0
2026-08-17,coreweave,B200,US-EAST-13A,on_demand,available,listed_offering,1.0
2026-08-17,coreweave,B200,US-EAST-15A,on_demand,available,listed_offering,1.0
2026-08-17,coreweave,B200,US-WEST-09B,on_demand,available,listed_offering,1.0
2026-08-17,coreweave,H200,global,on_demand,available,listed_offering,7.0
2026-08-17,coreweave,H200,EU-SOUTH-03B,on_demand,available,listed_offering,1.0
2026-08-17,coreweave,H200,RNO2A,on_demand,available,listed_offering,1.0
2026-08-17,coreweave,H200,US-EAST-01A,on_demand,available,listed_offering,1.0
2026-08-17,coreweave,H200,US-EAST-02A,on_demand,available,listed_offering,1.0
2026-08-17,coreweave,H200,US-EAST-04A,on_demand,available,listed_offering,1.0
2026-08-17,coreweave,H200,US-EAST-08A,on_demand,available,listed_offering,1.0
2026-08-17,coreweave,H200,US-WEST-04A,on_demand,available,listed_offering,1.0
2026-08-17,coreweave,H100,global,on_demand,available,listed_offering,10.0
2026-08-17,coreweave,H100,RNO2A,on_demand,available,listed_offering,1.0
2026-08-17,coreweave,H100,US-CENTRAL-06A,on_demand,available,listed_offering,1.0
2026-08-17,coreweave,H100,US-EAST-01A,on_demand,available,listed_offering,1.0
2026-08-17,coreweave,H100,US-EAST-02A,on_demand,available,listed_offering,1.0
2026-08-17,coreweave,H100,US-EAST-04A,on_demand,available,listed_offering,1.0
2026-08-17,coreweave,H100,US-EAST-06A,on_demand,available,listed_offering,1.0
2026-08-17,coreweave,H100,US-WEST-01A,on_demand,available,listed_offering,1.0
2026-08-17,coreweave,H100,US-WEST-02B,on_demand,available,listed_offering,1.0
2026-08-17,coreweave,H100,US-WEST-04A,on_demand,available,listed_offering,1.0
2026-08-17,coreweave,H100,US-WEST-09B,on_demand,available,listed_offering,1.0
2026-08-17,coreweave,RTX6000,global,on_demand,available,listed_offering,11.0
2026-08-17,coreweave,RTX6000,EU-SOUTH-04A,on_demand,available,listed_offering,1.0
2026-08-17,coreweave,RTX6000,US-EAST-01A,on_demand,available,listed_offering,1.0
2026-08-17,coreweave,RTX6000,US-EAST-04A,on_demand,available,listed_offering,1.0
2026-08-17,coreweave,RTX6000,US-EAST-06A,on_demand,available,listed_offering,1.0
2026-08-17,coreweave,RTX6000,US-EAST-13A,on_demand,available,listed_offering,1.0
2026-08-17,coreweave,RTX6000,US-EAST-14A,on_demand,available,listed_offering,1.0
2026-08-17,coreweave,RTX6000,US-EAST-15A,on_demand,available,listed_offering,1.0
2026-08-17,coreweave,RTX6000,US-WEST-01A,on_demand,available,listed_offering,1.0
2026-08-17,coreweave,RTX6000,US-WEST-04A,on_demand,available,listed_offering,1.0
2026-08-17,coreweave,RTX6000,US-WEST-09B,on_demand,available,listed_offering,1.0
2026-08-17,coreweave,RTX6000,US-WEST-10A,on_demand,available,listed_offering,1.0
2026-08-17,coreweave,L40S,global,on_demand,limited,listed_offering,1.0
2026-08-17,coreweave,L40S,US-EAST-04A,on_demand,available,listed_offering,1.0
2026-08-17,gcp,B200,global,on_demand,available,listed_offering,11.0
2026-08-17,gcp,B200,asia-northeast1,on_demand,available,listed_offering,1.0
2026-08-17,gcp,B200,asia-southeast1,on_demand,available,listed_offering,1.0
2026-08-17,gcp,B200,europe-north1,on_demand,available,listed_offering,1.0
2026-08-17,gcp,B200,europe-west4,on_demand,available,listed_offering,1.0
2026-08-17,gcp,B200,us-central1,on_demand,available,listed_offering,1.0
2026-08-17,gcp,B200,us-east1,on_demand,available,listed_offering,1.0
2026-08-17,gcp,B200,us-east4,on_demand,available,listed_offering,1.0
2026-08-17,gcp,B200,us-south1,on_demand,available,listed_offering,1.0
2026-08-17,gcp,B200,us-west2,on_demand,available,listed_offering,1.0
2026-08-17,gcp,B200,us-west3,on_demand,available,listed_offering,2.0
2026-08-17,gcp,GB200,global,on_demand,available,listed_offering,5.0
2026-08-17,gcp,GB200,europe-west4,on_demand,available,listed_offering,1.0
2026-08-17,gcp,GB200,us-central1,on_demand,available,listed_offering,2.0
2026-08-17,gcp,GB200,us-east1,on_demand,available,listed_offering,1.0
2026-08-17,gcp,GB200,us-east4,on_demand,available,listed_offering,1.0
2026-08-17,gcp,GB300,global,on_demand,available,listed_offering,5.0
2026-08-17,gcp,GB300,us-central1,on_demand,available,listed_offering,1.0
2026-08-17,gcp,GB300,us-east4,on_demand,available,listed_offering,2.0
2026-08-17,gcp,GB300,us-east5,on_demand,available,listed_offering,2.0
2026-08-17,gcp,H100,global,on_demand,available,listed_offering,23.0
2026-08-17,gcp,H100,asia-east1,on_demand,available,listed_offering,1.0
2026-08-17,gcp,H100,asia-northeast1,on_demand,available,listed_offering,1.0
2026-08-17,gcp,H100,asia-northeast3,on_demand,available,listed_offering,1.0
2026-08-17,gcp,H100,asia-south1,on_demand,available,listed_offering,1.0
2026-08-17,gcp,H100,asia-southeast1,on_demand,available,listed_offering,2.0
2026-08-17,gcp,H100,australia-southeast1,on_demand,available,listed_offering,1.0
2026-08-17,gcp,H100,europe-west1,on_demand,available,listed_offering,2.0
2026-08-17,gcp,H100,europe-west3,on_demand,available,listed_offering,1.0
2026-08-17,gcp,H100,europe-west4,on_demand,available,listed_offering,2.0
2026-08-17,gcp,H100,northamerica-northeast2,on_demand,available,listed_offering,1.0
2026-08-17,gcp,H100,us-central1,on_demand,available,listed_offering,3.0
2026-08-17,gcp,H100,us-east4,on_demand,available,listed_offering,3.0
2026-08-17,gcp,H100,us-east5,on_demand,available,listed_offering,1.0
2026-08-17,gcp,H100,us-west1,on_demand,available,listed_offering,2.0
2026-08-17,gcp,H100,us-west4,on_demand,available,listed_offering,1.0
2026-08-17,gcp,H200,global,on_demand,available,listed_offering,8.0
2026-08-17,gcp,H200,asia-south1,on_demand,available,listed_offering,1.0
2026-08-17,gcp,H200,asia-south2,on_demand,available,listed_offering,1.0
2026-08-17,gcp,H200,europe-west1,on_demand,available,listed_offering,1.0
2026-08-17,gcp,H200,europe-west4,on_demand,available,listed_offering,1.0
2026-08-17,gcp,H200,us-central1,on_demand,available,listed_offering,1.0
2026-08-17,gcp,H200,us-east4,on_demand,available,listed_offering,1.0
2026-08-17,gcp,H200,us-south1,on_demand,available,listed_offering,1.0
2026-08-17,gcp,H200,us-west1,on_demand,available,listed_offering,1.0
2026-08-17,gcp,RTX6000,global,on_demand,available,listed_offering,39.0
2026-08-17,gcp,RTX6000,asia-east1,on_demand,available,listed_offering,1.0
2026-08-17,gcp,RTX6000,asia-south1,on_demand,available,listed_offering,1.0
2026-08-17,gcp,RTX6000,asia-south2,on_demand,available,listed_offering,2.0
2026-08-17,gcp,RTX6000,asia-southeast1,on_demand,available,listed_offering,2.0
2026-08-17,gcp,RTX6000,asia-southeast2,on_demand,available,listed_offering,2.0
2026-08-17,gcp,RTX6000,europe-north1,on_demand,available,listed_offering,3.0
2026-08-17,gcp,RTX6000,europe-west1,on_demand,available,listed_offering,1.0
2026-08-17,gcp,RTX6000,europe-west10,on_demand,available,listed_offering,1.0
2026-08-17,gcp,RTX6000,europe-west2,on_demand,available,listed_offering,2.0
2026-08-17,gcp,RTX6000,europe-west4,on_demand,available,listed_offering,3.0
2026-08-17,gcp,RTX6000,europe-west8,on_demand,available,listed_offering,2.0
2026-08-17,gcp,RTX6000,me-central2,on_demand,available,listed_offering,1.0
2026-08-17,gcp,RTX6000,us-central1,on_demand,available,listed_offering,3.0
2026-08-17,gcp,RTX6000,us-east1,on_demand,available,listed_offering,2.0
2026-08-17,gcp,RTX6000,us-east4,on_demand,available,listed_offering,2.0
2026-08-17,gcp,RTX6000,us-east5,on_demand,available,listed_offering,3.0
2026-08-17,gcp,RTX6000,us-south1,on_demand,available,listed_offering,2.0
2026-08-17,gcp,RTX6000,us-west1,on_demand,available,listed_offering,3.0
2026-08-17,gcp,RTX6000,us-west3,on_demand,available,listed_offering,1.0
2026-08-17,gcp,RTX6000,us-west4,on_demand,available,listed_offering,2.0
2026-08-17,azure,H100,global,on_demand,available,listed_offering,24.0
2026-08-17,azure,H100,global,spot,available,listed_offering,24.0
2026-08-17,azure,H200,global,on_demand,available,listed_offering,31.0
2026-08-17,azure,H200,global,spot,available,listed_offering,31.0
2026-08-17,azure,GB200,global,on_demand,available,listed_offering,19.0
2026-08-17,azure,GB200,global,spot,available,listed_offering,19.0
2026-08-17,aws,L40S,me-central-1,spot,available,stock_status_label,0.0
2026-08-17,aws,H100,ap-southeast-3,spot,available,stock_status_label,0.0
2026-08-17,aws,H200,ap-southeast-3,spot,available,stock_status_label,0.0
2026-08-17,aws,H200,eu-south-2,spot,available,stock_status_label,1.0
2026-08-17,aws,L40S,eu-south-2,spot,available,stock_status_label,0.0
2026-08-17,aws,H100,us-west-1,spot,available,stock_status_label,0.0
2026-08-17,aws,H200,us-west-1,spot,available,stock_status_label,0.0
2026-08-17,aws,H100,eu-north-1,spot,available,stock_status_label,0.0
2026-08-17,aws,H200,eu-north-1,spot,available,stock_status_label,0.0
2026-08-17,aws,L40S,eu-north-1,spot,available,stock_status_label,3.0
2026-08-17,aws,H100,ca-central-1,spot,available,stock_status_label,0.0
2026-08-17,aws,H100,eu-west-2,spot,available,stock_status_label,1.0
2026-08-17,aws,H100,sa-east-1,spot,available,stock_status_label,0.0
2026-08-17,aws,H100,ap-south-1,spot,available,stock_status_label,0.0
2026-08-17,aws,H200,ap-south-1,spot,available,stock_status_label,0.0
2026-08-17,aws,H200,ap-northeast-2,spot,available,stock_status_label,0.0
2026-08-17,aws,L40S,ap-northeast-2,spot,available,stock_status_label,2.0
2026-08-17,aws,H100,us-east-2,spot,available,stock_status_label,2.0
2026-08-17,aws,H200,us-east-2,spot,available,stock_status_label,1.0
2026-08-17,aws,B200,us-east-2,spot,available,stock_status_label,1.0
2026-08-17,aws,L40S,us-east-2,spot,available,stock_status_label,1.0
2026-08-17,aws,L40S,eu-central-1,spot,limited,stock_status_label,4.0
2026-08-17,aws,H100,ap-southeast-2,spot,available,stock_status_label,0.0
2026-08-17,aws,H100,ap-northeast-1,spot,available,stock_status_label,0.0
2026-08-17,aws,H200,ap-northeast-1,spot,available,stock_status_label,0.0
2026-08-17,aws,L40S,ap-northeast-1,spot,limited,stock_status_label,4.0
2026-08-17,aws,H100,us-west-2,spot,available,stock_status_label,0.0
2026-08-17,aws,H200,us-west-2,spot,available,stock_status_label,0.0
2026-08-17,aws,B200,us-west-2,spot,available,stock_status_label,2.0
2026-08-17,aws,B300,us-west-2,spot,available,stock_status_label,0.0
2026-08-17,aws,L40S,us-west-2,spot,available,stock_status_label,0.0
2026-08-17,aws,H100,us-east-1,spot,available,stock_status_label,0.0
2026-08-17,aws,H200,us-east-1,spot,available,stock_status_label,0.0
2026-08-17,aws,B200,us-east-1,spot,available,stock_status_label,2.0
2026-08-17,aws,L40S,us-east-1,spot,available,stock_status_label,2.0
2026-08-17,aws,B300,global,spot,available,regions_with_capacity,1.0
2026-08-17,aws,H100,global,spot,available,regions_with_capacity,12.0
2026-08-17,aws,B200,global,spot,available,regions_with_capacity,3.0
2026-08-17,aws,H200,global,spot,available,regions_with_capacity,10.0
2026-08-17,aws,L40S,global,spot,available,regions_with_capacity,9.0
2026-08-17,crusoe,B200,global,on_demand,available,listed_offering,3.0
2026-08-17,crusoe,B300,global,on_demand,limited,listed_offering,1.0
2026-08-17,crusoe,GB200,global,on_demand,limited,listed_offering,1.0
2026-08-17,crusoe,H100,global,on_demand,available,listed_offering,3.0
2026-08-17,crusoe,H200,global,on_demand,limited,listed_offering,1.0
2026-08-17,crusoe,L40S,global,on_demand,available,listed_offering,2.0
2026-08-17,runpod,B200,global,on_demand,limited,stock_status_label,0.0
2026-08-17,runpod,B300,global,on_demand,limited,stock_status_label,0.0
2026-08-17,runpod,H100,global,on_demand,limited,stock_status_label,1.0
2026-08-17,runpod,H100,global,on_demand,limited,stock_status_label,0.0
2026-08-17,runpod,H100,global,on_demand,limited,stock_status_label,0.0
2026-08-17,runpod,H200,global,on_demand,limited,stock_status_label,0.0
2026-08-17,runpod,H200,global,on_demand,limited,stock_status_label,0.0
2026-08-17,runpod,L40S,global,on_demand,limited,stock_status_label,0.0
2026-08-17,runpod,RTX6000,global,on_demand,sold_out,stock_status_label,0.0
2026-08-17,runpod,RTX6000,global,on_demand,limited,stock_status_label,0.0
2026-08-17,runpod,RTX6000,global,on_demand,sold_out,stock_status_label,0.0
2026-08-17,runpod,H100,AP-IN-1,on_demand,available,stock_status_label,1.0
2026-08-17,runpod,H100,AP-IN-2,on_demand,available,stock_status_label,1.0
2026-08-17,runpod,H200,AP-JP-1,on_demand,available,stock_status_label,1.0
2026-08-17,runpod,H100,AP-JP-1,on_demand,available,stock_status_label,1.0
2026-08-17,runpod,H100,CA-MTL-1,on_demand,available,stock_status_label,1.0
2026-08-17,runpod,H100,CA-MTL-3,on_demand,available,stock_status_label,1.0
2026-08-17,runpod,RTX6000,CA-MTL-3,on_demand,available,stock_status_label,1.0
2026-08-17,runpod,H200,CA-MTL-4,on_demand,sold_out,stock_status_label,0.0
2026-08-17,runpod,RTX6000,EU-CZ-1,on_demand,sold_out,stock_status_label,0.0
2026-08-17,runpod,RTX6000,EU-CZ-1,on_demand,available,stock_status_label,1.0
2026-08-17,runpod,H200,EU-FR-1,on_demand,available,stock_status_label,1.0
2026-08-17,runpod,H100,EU-FR-1,on_demand,available,stock_status_label,1.0
2026-08-17,runpod,B300,EU-NL-1,on_demand,available,stock_status_label,1.0
2026-08-17,runpod,L40S,EU-NL-1,on_demand,available,stock_status_label,1.0
2026-08-17,runpod,H100,EU-NL-1,on_demand,available,stock_status_label,1.0
2026-08-17,runpod,RTX6000,EU-NL-1,on_demand,sold_out,stock_status_label,0.0
2026-08-17,runpod,RTX6000,EU-RO-1,on_demand,sold_out,stock_status_label,0.0
2026-08-17,runpod,B200,EU-RO-1,on_demand,sold_out,stock_status_label,0.0
2026-08-17,runpod,RTX6000,EU-RO-1,on_demand,available,stock_status_label,1.0
2026-08-17,runpod,RTX6000,EUR-IS-1,on_demand,available,stock_status_label,1.0
2026-08-17,runpod,B300,EUR-IS-1,on_demand,available,stock_status_label,1.0
2026-08-17,runpod,RTX6000,EUR-IS-1,on_demand,sold_out,stock_status_label,0.0
2026-08-17,runpod,RTX6000,EUR-IS-2,on_demand,available,stock_status_label,1.0
2026-08-17,runpod,H200,EUR-IS-2,on_demand,available,stock_status_label,1.0
2026-08-17,runpod,L40S,EUR-IS-2,on_demand,available,stock_status_label,1.0
2026-08-17,runpod,H100,EUR-IS-3,on_demand,available,stock_status_label,1.0
2026-08-17,runpod,H200,EUR-IS-4,on_demand,available,stock_status_label,1.0
2026-08-17,runpod,H200,EUR-IS-5,on_demand,sold_out,stock_status_label,0.0
2026-08-17,runpod,H100,EUR-NO-2,on_demand,available,stock_status_label,1.0
2026-08-17,runpod,L40S,OC-AU-1,on_demand,available,stock_status_label,1.0
2026-08-17,runpod,H100,US-CA-2,on_demand,available,stock_status_label,1.0
2026-08-17,runpod,B200,US-CA-2,on_demand,sold_out,stock_status_label,0.0
2026-08-17,runpod,H200,US-CA-2,on_demand,available,stock_status_label,1.0
2026-08-17,runpod,H100,US-CA-2,on_demand,sold_out,stock_status_label,0.0
2026-08-17,runpod,RTX6000,US-CA-2,on_demand,sold_out,stock_status_label,0.0
2026-08-17,runpod,H200,US-GA-2,on_demand,available,stock_status_label,1.0
2026-08-17,runpod,H100,US-GA-2,on_demand,available,stock_status_label,1.0
2026-08-17,runpod,H100,US-GA-2,on_demand,available,stock_status_label,1.0
2026-08-17,runpod,L40S,US-IL-1,on_demand,sold_out,stock_status_label,0.0
2026-08-17,runpod,H100,US-KS-2,on_demand,sold_out,stock_status_label,0.0
2026-08-17,runpod,H100,US-KS-2,on_demand,available,stock_status_label,1.0
2026-08-17,runpod,H100,US-KS-2,on_demand,sold_out,stock_status_label,0.0
2026-08-17,runpod,RTX6000,US-KS-2,on_demand,sold_out,stock_status_label,0.0
2026-08-17,runpod,H200,US-MD-1,on_demand,available,stock_status_label,1.0
2026-08-17,runpod,L40S,US-MO-1,on_demand,sold_out,stock_status_label,0.0
2026-08-17,runpod,H100,US-MO-1,on_demand,available,stock_status_label,1.0
2026-08-17,runpod,RTX6000,US-MO-2,on_demand,sold_out,stock_status_label,0.0
2026-08-17,runpod,RTX6000,US-NC-1,on_demand,sold_out,stock_status_label,0.0
2026-08-17,runpod,H200,US-NC-1,on_demand,available,stock_status_label,1.0
2026-08-17,runpod,L40S,US-NC-1,on_demand,sold_out,stock_status_label,0.0
2026-08-17,runpod,B200,US-NC-2,on_demand,available,stock_status_label,1.0
2026-08-17,runpod,RTX6000,US-NC-2,on_demand,available,stock_status_label,1.0
2026-08-17,runpod,RTX6000,US-NE-1,on_demand,sold_out,stock_status_label,0.0
2026-08-17,runpod,H100,US-NE-1,on_demand,available,stock_status_label,1.0
2026-08-17,runpod,B200,US-NE-1,on_demand,sold_out,stock_status_label,0.0
2026-08-17,runpod,RTX6000,US-PA-1,on_demand,sold_out,stock_status_label,0.0
2026-08-17,runpod,H200,US-PA-1,on_demand,available,stock_status_label,1.0
2026-08-17,runpod,L40S,US-TX-3,on_demand,available,stock_status_label,1.0
2026-08-17,runpod,L40S,US-TX-4,on_demand,available,stock_status_label,1.0
2026-08-17,runpod,B200,US-TX-6,on_demand,sold_out,stock_status_label,0.0
2026-08-17,runpod,B300,US-WA-2,on_demand,available,stock_status_label,1.0
2026-08-17,vast,H100,global,on_demand,available,offer_depth_gpus,81.0
2026-08-17,vast,H200,global,on_demand,available,offer_depth_gpus,66.0
2026-08-17,vast,B200,global,on_demand,available,offer_depth_gpus,77.0
2026-08-17,vast,B300,global,on_demand,limited,offer_depth_gpus,2.0
2026-08-17,vast,GB200,global,on_demand,not_offered,offer_depth_gpus,0.0
2026-08-17,vast,L40S,global,on_demand,available,offer_depth_gpus,71.0
2026-08-17,vast,RTX6000,global,on_demand,available,offer_depth_gpus,86.0
2026-08-17,scaleway,B300,fr-par-2,on_demand,sold_out,stock_status_label,0.0
2026-08-17,scaleway,H100,fr-par-2,on_demand,available,stock_status_label,2.0
2026-08-17,scaleway,H100,pl-waw-2,on_demand,available,stock_status_label,2.0
2026-08-17,scaleway,L40S,fr-par-2,on_demand,limited,stock_status_label,1.0
2026-08-17,scaleway,L40S,pl-waw-2,on_demand,limited,stock_status_label,1.0
2026-08-17,scaleway,B300,global,on_demand,sold_out,regions_with_capacity,0.0
2026-08-17,scaleway,H100,global,on_demand,available,regions_with_capacity,2.0
2026-08-17,scaleway,L40S,global,on_demand,limited,regions_with_capacity,2.0
2026-08-17,voltage_park,H100,global,on_demand,sold_out,stock_level,0.0
2026-08-17,gmi,GB200,global,on_demand,available,stock_status_label,2.0
2026-08-17,gmi,GB300,global,on_demand,limited,stock_status_label,1.0
2026-08-17,gmi,H100,global,on_demand,available,stock_status_label,2.0
2026-08-17,gmi,H200,global,on_demand,available,stock_status_label,2.0
2026-08-17,gmi,B200,global,on_demand,limited,stock_status_label,1.0
2026-08-17,sfcompute,H100,global,reserved_short,available,clearing_price_usd,2.14
2026-08-17,sfcompute,H200,global,reserved_short,unknown,clearing_price_usd,
2026-08-17,sfcompute,B200,global,reserved_short,unknown,clearing_price_usd,
2026-08-17,crusoe,L40S,global,on_demand,available,regions_with_capacity,2.0
2026-08-17,hyperstack,H100,global,on_demand,sold_out,regions_with_capacity,0.0
2026-08-17,hyperstack,RTX6000,global,on_demand,sold_out,regions_with_capacity,0.0
2026-08-17,lambda,B200,global,on_demand,sold_out,regions_with_capacity,0.0
2026-08-17,lambda,H100,global,on_demand,available,regions_with_capacity,4.0
2026-08-17,nebius,H100,global,on_demand,sold_out,regions_with_capacity,0.0
2026-08-17,nebius,H200,global,on_demand,sold_out,regions_with_capacity,0.0
2026-08-17,scaleway,B300,global,on_demand,sold_out,regions_with_capacity,0.0
2026-08-17,scaleway,H100,global,on_demand,available,regions_with_capacity,2.0
2026-08-17,scaleway,L40S,global,on_demand,available,regions_with_capacity,1.0
2026-08-17,verda,B200,global,on_demand,sold_out,regions_with_capacity,0.0
2026-08-17,verda,B300,global,on_demand,available,regions_with_capacity,2.0
2026-08-17,verda,H100,global,on_demand,sold_out,regions_with_capacity,0.0
2026-08-17,verda,H200,global,on_demand,available,regions_with_capacity,2.0
2026-08-17,verda,L40S,global,on_demand,sold_out,regions_with_capacity,0.0
2026-08-17,verda,RTX6000,global,on_demand,available,regions_with_capacity,2.0
2026-08-17,voltage_park,H100,global,on_demand,sold_out,regions_with_capacity,0.0
2026-08-17,nebius,B200,global,on_demand,available,listed_offering,2.0
2026-08-17,nebius,B200,me-west1,on_demand,available,listed_offering,1.0
2026-08-17,nebius,B200,us-central1,on_demand,available,listed_offering,1.0
2026-08-17,nebius,B300,global,on_demand,available,listed_offering,2.0
2026-08-17,nebius,B300,eu-west2,on_demand,available,listed_offering,1.0
2026-08-17,nebius,B300,uk-south1,on_demand,available,listed_offering,1.0
2026-08-17,nebius,H100,global,on_demand,available,listed_offering,1.0
2026-08-17,nebius,H100,eu-north1,on_demand,available,listed_offering,1.0
2026-08-17,nebius,H200,global,on_demand,available,listed_offering,4.0
2026-08-17,nebius,H200,eu-north1,on_demand,available,listed_offering,1.0
2026-08-17,nebius,H200,eu-north2,on_demand,available,listed_offering,1.0
2026-08-17,nebius,H200,eu-west1,on_demand,available,listed_offering,1.0
2026-08-17,nebius,H200,us-central1,on_demand,available,listed_offering,1.0
2026-08-17,nebius,L40S,global,on_demand,available,listed_offering,1.0
2026-08-17,nebius,L40S,eu-north1,on_demand,available,listed_offering,1.0
2026-08-17,nebius,RTX6000,global,on_demand,available,listed_offering,1.0
2026-08-17,nebius,RTX6000,us-central1,on_demand,available,listed_offering,1.0
2026-08-17,hyperstack,B200,CANADA-1,on_demand,sold_out,stock_level,0.0
2026-08-17,hyperstack,L40S,CANADA-1,on_demand,available,stock_level,10.0
2026-08-17,hyperstack,L40S,CANADA-1,on_demand,limited,stock_level,6.0
2026-08-17,hyperstack,H100,CANADA-1,on_demand,available,stock_level,100.0
2026-08-17,hyperstack,H200,CANADA-1,on_demand,limited,stock_level,8.0
2026-08-17,hyperstack,H100,CANADA-1,on_demand,available,stock_level,75.0
2026-08-17,hyperstack,H100,CANADA-1,on_demand,sold_out,stock_level,0.0
2026-08-17,hyperstack,H100,CANADA-1,on_demand,sold_out,stock_level,0.0
2026-08-17,hyperstack,H100,CANADA-1,on_demand,sold_out,stock_level,0.0
2026-08-17,hyperstack,B200,global,on_demand,sold_out,stock_level,0.0
2026-08-17,hyperstack,L40S,global,on_demand,available,stock_level,10.0
2026-08-17,hyperstack,H100,global,on_demand,available,stock_level,100.0
2026-08-17,hyperstack,H200,global,on_demand,limited,stock_level,8.0
2026-08-17,together,B200,ca-west-1,on_demand,available,stock_level,5.0
2026-08-17,together,B200,us-east-3,on_demand,available,stock_level,5.0
2026-08-17,together,B200,us-west-3,on_demand,unknown,stock_level,0.0
2026-08-17,together,GB300,us-south-3,on_demand,available,stock_level,5.0
2026-08-17,together,H100,ca-east-1,on_demand,unknown,stock_level,0.0
2026-08-17,together,H100,eu-central-1,on_demand,unknown,stock_level,0.0
2026-08-17,together,H100,eu-north-1,on_demand,unknown,stock_level,0.0
2026-08-17,together,H100,eu-west-1,on_demand,available,stock_level,5.0
2026-08-17,together,H100,us-central-4,on_demand,unknown,stock_level,0.0
2026-08-17,together,H100,us-central-5,on_demand,unknown,stock_level,0.0
2026-08-17,together,H100,us-central-6,on_demand,unknown,stock_level,0.0
2026-08-17,together,H100,us-east-1,on_demand,unknown,stock_level,0.0
2026-08-17,together,H100,us-east-4,on_demand,available,stock_level,5.0
2026-08-17,together,H200,us-central-8,on_demand,available,stock_level,5.0
2026-08-17,together,H200,global,on_demand,available,regions_with_capacity,1.0
2026-08-17,together,H100,global,on_demand,available,regions_with_capacity,2.0
2026-08-17,together,B200,global,on_demand,available,regions_with_capacity,2.0
2026-08-17,together,GB300,global,on_demand,available,regions_with_capacity,1.0
2026-08-17,verda,RTX6000,FIN-01,on_demand,available,binary,8.0
2026-08-17,verda,B300,FIN-02,on_demand,limited,binary,1.0
2026-08-17,verda,B300,FIN-03,on_demand,limited,binary,2.0
2026-08-17,verda,H200,FIN-03,on_demand,limited,binary,1.0
2026-08-17,verda,RTX6000,FIN-03,on_demand,available,binary,8.0
2026-08-17,verda,RTX6000,global,on_demand,available,regions_with_capacity,2.0
2026-08-17,verda,B300,global,on_demand,limited,regions_with_capacity,2.0
2026-08-17,verda,H200,global,on_demand,limited,regions_with_capacity,1.0
2026-08-17,verda,H100,global,on_demand,sold_out,binary,0.0
2026-08-17,verda,B200,global,on_demand,sold_out,binary,0.0
2026-08-17,verda,L40S,global,on_demand,sold_out,binary,0.0
2026-08-17,verda,GB300,global,on_demand,sold_out,binary,0.0
2026-08-17,verda,RTX6000,FIN-01,spot,available,binary,8.0
2026-08-17,verda,L40S,FIN-01,spot,available,binary,8.0
2026-08-17,verda,RTX6000,FIN-02,spot,available,binary,8.0
2026-08-17,verda,RTX6000,FIN-03,spot,available,binary,8.0
2026-08-17,verda,RTX6000,global,spot,available,regions_with_capacity,3.0
2026-08-17,verda,L40S,global,spot,available,regions_with_capacity,1.0
2026-08-18,lambda,B200,global,on_demand,sold_out,regions_with_capacity,0.0
2026-08-18,lambda,H100,global,on_demand,limited,regions_with_capacity,3.0
2026-08-18,lambda,H100,us-south-3,on_demand,available,regions_with_capacity,1.0
2026-08-18,lambda,H100,us-southeast-1,on_demand,available,regions_with_capacity,1.0
2026-08-18,lambda,H100,us-west-3,on_demand,available,regions_with_capacity,1.0
2026-08-18,coreweave,GB300,global,on_demand,available,listed_offering,4.0
2026-08-18,coreweave,GB300,CA-EAST-01A,on_demand,available,listed_offering,1.0
2026-08-18,coreweave,GB300,US-CENTRAL-07A,on_demand,available,listed_offering,1.0
2026-08-18,coreweave,GB300,US-CENTRAL-09A,on_demand,available,listed_offering,1.0
2026-08-18,coreweave,GB300,US-WEST-01A,on_demand,available,listed_offering,1.0
2026-08-18,coreweave,GB200,global,on_demand,available,listed_offering,6.0
2026-08-18,coreweave,GB200,CA-EAST-01A,on_demand,available,listed_offering,1.0
2026-08-18,coreweave,GB200,US-EAST-01A,on_demand,available,listed_offering,1.0
2026-08-18,coreweave,GB200,US-EAST-02A,on_demand,available,listed_offering,1.0
2026-08-18,coreweave,GB200,US-EAST-08A,on_demand,available,listed_offering,1.0
2026-08-18,coreweave,GB200,US-EAST-13A,on_demand,available,listed_offering,1.0
2026-08-18,coreweave,GB200,US-WEST-01A,on_demand,available,listed_offering,1.0
2026-08-18,coreweave,B300,global,on_demand,available,listed_offering,4.0
2026-08-18,coreweave,B300,US-CENTRAL-06A,on_demand,available,listed_offering,1.0
2026-08-18,coreweave,B300,US-EAST-13A,on_demand,available,listed_offering,1.0
2026-08-18,coreweave,B300,US-WEST-01A,on_demand,available,listed_offering,1.0
2026-08-18,coreweave,B300,US-WEST-10A,on_demand,available,listed_offering,1.0
2026-08-18,coreweave,B200,global,on_demand,available,listed_offering,5.0
2026-08-18,coreweave,B200,EU-SOUTH-04A,on_demand,available,listed_offering,1.0
2026-08-18,coreweave,B200,US-CENTRAL-07A,on_demand,available,listed_offering,1.0
2026-08-18,coreweave,B200,US-EAST-13A,on_demand,available,listed_offering,1.0
2026-08-18,coreweave,B200,US-EAST-15A,on_demand,available,listed_offering,1.0
2026-08-18,coreweave,B200,US-WEST-09B,on_demand,available,listed_offering,1.0
2026-08-18,coreweave,H200,global,on_demand,available,listed_offering,7.0
2026-08-18,coreweave,H200,EU-SOUTH-03B,on_demand,available,listed_offering,1.0
2026-08-18,coreweave,H200,RNO2A,on_demand,available,listed_offering,1.0
2026-08-18,coreweave,H200,US-EAST-01A,on_demand,available,listed_offering,1.0
2026-08-18,coreweave,H200,US-EAST-02A,on_demand,available,listed_offering,1.0
2026-08-18,coreweave,H200,US-EAST-04A,on_demand,available,listed_offering,1.0
2026-08-18,coreweave,H200,US-EAST-08A,on_demand,available,listed_offering,1.0
2026-08-18,coreweave,H200,US-WEST-04A,on_demand,available,listed_offering,1.0
2026-08-18,coreweave,H100,global,on_demand,available,listed_offering,10.0
2026-08-18,coreweave,H100,RNO2A,on_demand,available,listed_offering,1.0
2026-08-18,coreweave,H100,US-CENTRAL-06A,on_demand,available,listed_offering,1.0
2026-08-18,coreweave,H100,US-EAST-01A,on_demand,available,listed_offering,1.0
2026-08-18,coreweave,H100,US-EAST-02A,on_demand,available,listed_offering,1.0
2026-08-18,coreweave,H100,US-EAST-04A,on_demand,available,listed_offering,1.0
2026-08-18,coreweave,H100,US-EAST-06A,on_demand,available,listed_offering,1.0
2026-08-18,coreweave,H100,US-WEST-01A,on_demand,available,listed_offering,1.0
2026-08-18,coreweave,H100,US-WEST-02B,on_demand,available,listed_offering,1.0
2026-08-18,coreweave,H100,US-WEST-04A,on_demand,available,listed_offering,1.0
2026-08-18,coreweave,H100,US-WEST-09B,on_demand,available,listed_offering,1.0
2026-08-18,coreweave,RTX6000,global,on_demand,available,listed_offering,11.0
2026-08-18,coreweave,RTX6000,EU-SOUTH-04A,on_demand,available,listed_offering,1.0
2026-08-18,coreweave,RTX6000,US-EAST-01A,on_demand,available,listed_offering,1.0
2026-08-18,coreweave,RTX6000,US-EAST-04A,on_demand,available,listed_offering,1.0
2026-08-18,coreweave,RTX6000,US-EAST-06A,on_demand,available,listed_offering,1.0
2026-08-18,coreweave,RTX6000,US-EAST-13A,on_demand,available,listed_offering,1.0
2026-08-18,coreweave,RTX6000,US-EAST-14A,on_demand,available,listed_offering,1.0
2026-08-18,coreweave,RTX6000,US-EAST-15A,on_demand,available,listed_offering,1.0
2026-08-18,coreweave,RTX6000,US-WEST-01A,on_demand,available,listed_offering,1.0
2026-08-18,coreweave,RTX6000,US-WEST-04A,on_demand,available,listed_offering,1.0
2026-08-18,coreweave,RTX6000,US-WEST-09B,on_demand,available,listed_offering,1.0
2026-08-18,coreweave,RTX6000,US-WEST-10A,on_demand,available,listed_offering,1.0
2026-08-18,coreweave,L40S,global,on_demand,limited,listed_offering,1.0
2026-08-18,coreweave,L40S,US-EAST-04A,on_demand,available,listed_offering,1.0
2026-08-18,gcp,B200,global,on_demand,available,listed_offering,11.0
2026-08-18,gcp,B200,asia-northeast1,on_demand,available,listed_offering,1.0
2026-08-18,gcp,B200,asia-southeast1,on_demand,available,listed_offering,1.0
2026-08-18,gcp,B200,europe-north1,on_demand,available,listed_offering,1.0
2026-08-18,gcp,B200,europe-west4,on_demand,available,listed_offering,1.0
2026-08-18,gcp,B200,us-central1,on_demand,available,listed_offering,1.0
2026-08-18,gcp,B200,us-east1,on_demand,available,listed_offering,1.0
2026-08-18,gcp,B200,us-east4,on_demand,available,listed_offering,1.0
2026-08-18,gcp,B200,us-south1,on_demand,available,listed_offering,1.0
2026-08-18,gcp,B200,us-west2,on_demand,available,listed_offering,1.0
2026-08-18,gcp,B200,us-west3,on_demand,available,listed_offering,2.0
2026-08-18,gcp,GB200,global,on_demand,available,listed_offering,5.0
2026-08-18,gcp,GB200,europe-west4,on_demand,available,listed_offering,1.0
2026-08-18,gcp,GB200,us-central1,on_demand,available,listed_offering,2.0
2026-08-18,gcp,GB200,us-east1,on_demand,available,listed_offering,1.0
2026-08-18,gcp,GB200,us-east4,on_demand,available,listed_offering,1.0
2026-08-18,gcp,GB300,global,on_demand,available,listed_offering,5.0
2026-08-18,gcp,GB300,us-central1,on_demand,available,listed_offering,1.0
2026-08-18,gcp,GB300,us-east4,on_demand,available,listed_offering,2.0
2026-08-18,gcp,GB300,us-east5,on_demand,available,listed_offering,2.0
2026-08-18,gcp,H100,global,on_demand,available,listed_offering,23.0
2026-08-18,gcp,H100,asia-east1,on_demand,available,listed_offering,1.0
2026-08-18,gcp,H100,asia-northeast1,on_demand,available,listed_offering,1.0
2026-08-18,gcp,H100,asia-northeast3,on_demand,available,listed_offering,1.0
2026-08-18,gcp,H100,asia-south1,on_demand,available,listed_offering,1.0
2026-08-18,gcp,H100,asia-southeast1,on_demand,available,listed_offering,2.0
2026-08-18,gcp,H100,australia-southeast1,on_demand,available,listed_offering,1.0
2026-08-18,gcp,H100,europe-west1,on_demand,available,listed_offering,2.0
2026-08-18,gcp,H100,europe-west3,on_demand,available,listed_offering,1.0
2026-08-18,gcp,H100,europe-west4,on_demand,available,listed_offering,2.0
2026-08-18,gcp,H100,northamerica-northeast2,on_demand,available,listed_offering,1.0
2026-08-18,gcp,H100,us-central1,on_demand,available,listed_offering,3.0
2026-08-18,gcp,H100,us-east4,on_demand,available,listed_offering,3.0
2026-08-18,gcp,H100,us-east5,on_demand,available,listed_offering,1.0
2026-08-18,gcp,H100,us-west1,on_demand,available,listed_offering,2.0
2026-08-18,gcp,H100,us-west4,on_demand,available,listed_offering,1.0
2026-08-18,gcp,H200,global,on_demand,available,listed_offering,8.0
2026-08-18,gcp,H200,asia-south1,on_demand,available,listed_offering,1.0
2026-08-18,gcp,H200,asia-south2,on_demand,available,listed_offering,1.0
2026-08-18,gcp,H200,europe-west1,on_demand,available,listed_offering,1.0
2026-08-18,gcp,H200,europe-west4,on_demand,available,listed_offering,1.0
2026-08-18,gcp,H200,us-central1,on_demand,available,listed_offering,1.0
2026-08-18,gcp,H200,us-east4,on_demand,available,listed_offering,1.0
2026-08-18,gcp,H200,us-south1,on_demand,available,listed_offering,1.0
2026-08-18,gcp,H200,us-west1,on_demand,available,listed_offering,1.0
2026-08-18,gcp,RTX6000,global,on_demand,available,listed_offering,39.0
2026-08-18,gcp,RTX6000,asia-east1,on_demand,available,listed_offering,1.0
2026-08-18,gcp,RTX6000,asia-south1,on_demand,available,listed_offering,1.0
2026-08-18,gcp,RTX6000,asia-south2,on_demand,available,listed_offering,2.0
2026-08-18,gcp,RTX6000,asia-southeast1,on_demand,available,listed_offering,2.0
2026-08-18,gcp,RTX6000,asia-southeast2,on_demand,available,listed_offering,2.0
2026-08-18,gcp,RTX6000,europe-north1,on_demand,available,listed_offering,3.0
2026-08-18,gcp,RTX6000,europe-west1,on_demand,available,listed_offering,1.0
2026-08-18,gcp,RTX6000,europe-west10,on_demand,available,listed_offering,1.0
2026-08-18,gcp,RTX6000,europe-west2,on_demand,available,listed_offering,2.0
2026-08-18,gcp,RTX6000,europe-west4,on_demand,available,listed_offering,3.0
2026-08-18,gcp,RTX6000,europe-west8,on_demand,available,listed_offering,2.0
2026-08-18,gcp,RTX6000,me-central2,on_demand,available,listed_offering,1.0
2026-08-18,gcp,RTX6000,us-central1,on_demand,available,listed_offering,3.0
2026-08-18,gcp,RTX6000,us-east1,on_demand,available,listed_offering,2.0
2026-08-18,gcp,RTX6000,us-east4,on_demand,available,listed_offering,2.0
2026-08-18,gcp,RTX6000,us-east5,on_demand,available,listed_offering,3.0
2026-08-18,gcp,RTX6000,us-south1,on_demand,available,listed_offering,2.0
2026-08-18,gcp,RTX6000,us-west1,on_demand,available,listed_offering,3.0
2026-08-18,gcp,RTX6000,us-west3,on_demand,available,listed_offering,1.0
2026-08-18,gcp,RTX6000,us-west4,on_demand,available,listed_offering,2.0
2026-08-18,azure,H100,global,on_demand,available,listed_offering,24.0
2026-08-18,azure,H100,global,spot,available,listed_offering,24.0
2026-08-18,azure,H200,global,on_demand,available,listed_offering,31.0
2026-08-18,azure,H200,global,spot,available,listed_offering,31.0
2026-08-18,azure,GB200,global,on_demand,available,listed_offering,19.0
2026-08-18,azure,GB200,global,spot,available,listed_offering,19.0
2026-08-18,aws,L40S,me-central-1,spot,available,stock_status_label,0.0
2026-08-18,aws,H100,ap-southeast-3,spot,available,stock_status_label,0.0
2026-08-18,aws,H200,ap-southeast-3,spot,available,stock_status_label,0.0
2026-08-18,aws,H200,eu-south-2,spot,available,stock_status_label,1.0
2026-08-18,aws,L40S,eu-south-2,spot,available,stock_status_label,0.0
2026-08-18,aws,H100,us-west-1,spot,available,stock_status_label,0.0
2026-08-18,aws,H200,us-west-1,spot,available,stock_status_label,0.0
2026-08-18,aws,H100,eu-north-1,spot,available,stock_status_label,0.0
2026-08-18,aws,H200,eu-north-1,spot,available,stock_status_label,0.0
2026-08-18,aws,L40S,eu-north-1,spot,available,stock_status_label,3.0
2026-08-18,aws,H100,ca-central-1,spot,available,stock_status_label,0.0
2026-08-18,aws,H100,eu-west-2,spot,available,stock_status_label,1.0
2026-08-18,aws,H100,sa-east-1,spot,available,stock_status_label,0.0
2026-08-18,aws,H100,ap-south-1,spot,available,stock_status_label,0.0
2026-08-18,aws,H200,ap-south-1,spot,available,stock_status_label,0.0
2026-08-18,aws,H200,ap-northeast-2,spot,available,stock_status_label,0.0
2026-08-18,aws,L40S,ap-northeast-2,spot,available,stock_status_label,2.0
2026-08-18,aws,H100,us-east-2,spot,available,stock_status_label,2.0
2026-08-18,aws,H200,us-east-2,spot,available,stock_status_label,1.0
2026-08-18,aws,B200,us-east-2,spot,available,stock_status_label,1.0
2026-08-18,aws,L40S,us-east-2,spot,available,stock_status_label,1.0
2026-08-18,aws,L40S,eu-central-1,spot,limited,stock_status_label,4.0
2026-08-18,aws,H100,ap-southeast-2,spot,available,stock_status_label,0.0
2026-08-18,aws,H100,ap-northeast-1,spot,available,stock_status_label,0.0
2026-08-18,aws,H200,ap-northeast-1,spot,available,stock_status_label,0.0
2026-08-18,aws,L40S,ap-northeast-1,spot,limited,stock_status_label,4.0
2026-08-18,aws,H100,us-west-2,spot,available,stock_status_label,0.0
2026-08-18,aws,H200,us-west-2,spot,available,stock_status_label,0.0
2026-08-18,aws,B200,us-west-2,spot,available,stock_status_label,2.0
2026-08-18,aws,B300,us-west-2,spot,available,stock_status_label,0.0
2026-08-18,aws,L40S,us-west-2,spot,available,stock_status_label,0.0
2026-08-18,aws,H100,us-east-1,spot,available,stock_status_label,0.0
2026-08-18,aws,H200,us-east-1,spot,available,stock_status_label,0.0
2026-08-18,aws,B200,us-east-1,spot,available,stock_status_label,2.0
2026-08-18,aws,L40S,us-east-1,spot,available,stock_status_label,2.0
2026-08-18,aws,H200,global,spot,available,regions_with_capacity,10.0
2026-08-18,aws,B200,global,spot,available,regions_with_capacity,3.0
2026-08-18,aws,H100,global,spot,available,regions_with_capacity,12.0
2026-08-18,aws,L40S,global,spot,available,regions_with_capacity,9.0
2026-08-18,aws,B300,global,spot,available,regions_with_capacity,1.0
2026-08-18,crusoe,B200,global,on_demand,available,listed_offering,3.0
2026-08-18,crusoe,B300,global,on_demand,limited,listed_offering,1.0
2026-08-18,crusoe,GB200,global,on_demand,limited,listed_offering,1.0
2026-08-18,crusoe,H100,global,on_demand,available,listed_offering,3.0
2026-08-18,crusoe,H200,global,on_demand,limited,listed_offering,1.0
2026-08-18,crusoe,L40S,global,on_demand,available,listed_offering,2.0
2026-08-18,runpod,B200,global,on_demand,limited,stock_status_label,0.0
2026-08-18,runpod,B300,global,on_demand,limited,stock_status_label,0.0
2026-08-18,runpod,H100,global,on_demand,limited,stock_status_label,1.0
2026-08-18,runpod,H100,global,on_demand,limited,stock_status_label,0.0
2026-08-18,runpod,H100,global,on_demand,sold_out,stock_status_label,0.0
2026-08-18,runpod,H200,global,on_demand,limited,stock_status_label,1.0
2026-08-18,runpod,H200,global,on_demand,limited,stock_status_label,0.0
2026-08-18,runpod,L40S,global,on_demand,limited,stock_status_label,0.0
2026-08-18,runpod,RTX6000,global,on_demand,sold_out,stock_status_label,0.0
2026-08-18,runpod,RTX6000,global,on_demand,limited,stock_status_label,1.0
2026-08-18,runpod,RTX6000,global,on_demand,limited,stock_status_label,0.0
2026-08-18,runpod,H100,AP-IN-1,on_demand,available,stock_status_label,2.0
2026-08-18,runpod,H100,AP-IN-2,on_demand,available,stock_status_label,1.0
2026-08-18,runpod,H200,AP-JP-1,on_demand,available,stock_status_label,1.0
2026-08-18,runpod,H100,AP-JP-1,on_demand,available,stock_status_label,1.0
2026-08-18,runpod,H100,CA-MTL-1,on_demand,available,stock_status_label,1.0
2026-08-18,runpod,H100,CA-MTL-3,on_demand,sold_out,stock_status_label,0.0
2026-08-18,runpod,RTX6000,CA-MTL-3,on_demand,available,stock_status_label,1.0
2026-08-18,runpod,H200,CA-MTL-3,on_demand,available,stock_status_label,1.0
2026-08-18,runpod,H200,CA-MTL-4,on_demand,available,stock_status_label,1.0
2026-08-18,runpod,RTX6000,EU-CZ-1,on_demand,available,stock_status_label,1.0
2026-08-18,runpod,RTX6000,EU-CZ-1,on_demand,available,stock_status_label,1.0
2026-08-18,runpod,H200,EU-FR-1,on_demand,available,stock_status_label,1.0
2026-08-18,runpod,H100,EU-FR-1,on_demand,available,stock_status_label,1.0
2026-08-18,runpod,B300,EU-NL-1,on_demand,available,stock_status_label,1.0
2026-08-18,runpod,L40S,EU-NL-1,on_demand,available,stock_status_label,1.0
2026-08-18,runpod,H100,EU-NL-1,on_demand,available,stock_status_label,1.0
2026-08-18,runpod,RTX6000,EU-NL-1,on_demand,sold_out,stock_status_label,0.0
2026-08-18,runpod,RTX6000,EU-RO-1,on_demand,sold_out,stock_status_label,0.0
2026-08-18,runpod,B200,EU-RO-1,on_demand,sold_out,stock_status_label,0.0
2026-08-18,runpod,RTX6000,EU-RO-1,on_demand,available,stock_status_label,1.0
2026-08-18,runpod,RTX6000,EUR-IS-1,on_demand,available,stock_status_label,1.0
2026-08-18,runpod,B300,EUR-IS-1,on_demand,available,stock_status_label,1.0
2026-08-18,runpod,RTX6000,EUR-IS-1,on_demand,sold_out,stock_status_label,0.0
2026-08-18,runpod,RTX6000,EUR-IS-2,on_demand,available,stock_status_label,1.0
2026-08-18,runpod,H200,EUR-IS-2,on_demand,available,stock_status_label,1.0
2026-08-18,runpod,L40S,EUR-IS-2,on_demand,sold_out,stock_status_label,0.0
2026-08-18,runpod,H100,EUR-IS-3,on_demand,available,stock_status_label,1.0
2026-08-18,runpod,H200,EUR-IS-4,on_demand,available,stock_status_label,1.0
2026-08-18,runpod,H200,EUR-IS-5,on_demand,available,stock_status_label,1.0
2026-08-18,runpod,H100,EUR-NO-2,on_demand,available,stock_status_label,1.0
2026-08-18,runpod,L40S,OC-AU-1,on_demand,available,stock_status_label,1.0
2026-08-18,runpod,H100,US-CA-2,on_demand,available,stock_status_label,1.0
2026-08-18,runpod,B200,US-CA-2,on_demand,available,stock_status_label,1.0
2026-08-18,runpod,H200,US-CA-2,on_demand,sold_out,stock_status_label,0.0
2026-08-18,runpod,H100,US-CA-2,on_demand,sold_out,stock_status_label,0.0
2026-08-18,runpod,RTX6000,US-CA-2,on_demand,sold_out,stock_status_label,0.0
2026-08-18,runpod,H200,US-GA-2,on_demand,available,stock_status_label,1.0
2026-08-18,runpod,H100,US-GA-2,on_demand,available,stock_status_label,1.0
2026-08-18,runpod,H100,US-GA-2,on_demand,available,stock_status_label,1.0
2026-08-18,runpod,L40S,US-IL-1,on_demand,sold_out,stock_status_label,0.0
2026-08-18,runpod,H100,US-KS-2,on_demand,sold_out,stock_status_label,0.0
2026-08-18,runpod,H100,US-KS-2,on_demand,available,stock_status_label,1.0
2026-08-18,runpod,H100,US-KS-2,on_demand,sold_out,stock_status_label,0.0
2026-08-18,runpod,RTX6000,US-KS-2,on_demand,sold_out,stock_status_label,0.0
2026-08-18,runpod,H200,US-MD-1,on_demand,available,stock_status_label,1.0
2026-08-18,runpod,L40S,US-MO-1,on_demand,sold_out,stock_status_label,0.0
2026-08-18,runpod,H100,US-MO-1,on_demand,available,stock_status_label,1.0
2026-08-18,runpod,RTX6000,US-MO-2,on_demand,available,stock_status_label,1.0
2026-08-18,runpod,RTX6000,US-NC-1,on_demand,sold_out,stock_status_label,0.0
2026-08-18,runpod,H200,US-NC-1,on_demand,available,stock_status_label,1.0
2026-08-18,runpod,L40S,US-NC-1,on_demand,sold_out,stock_status_label,0.0
2026-08-18,runpod,B200,US-NC-2,on_demand,available,stock_status_label,1.0
2026-08-18,runpod,RTX6000,US-NC-2,on_demand,available,stock_status_label,1.0
2026-08-18,runpod,RTX6000,US-NE-1,on_demand,available,stock_status_label,1.0
2026-08-18,runpod,H100,US-NE-1,on_demand,available,stock_status_label,1.0
2026-08-18,runpod,B200,US-NE-1,on_demand,sold_out,stock_status_label,0.0
2026-08-18,runpod,RTX6000,US-PA-1,on_demand,available,stock_status_label,1.0
2026-08-18,runpod,H200,US-PA-1,on_demand,available,stock_status_label,1.0
2026-08-18,runpod,L40S,US-TX-3,on_demand,available,stock_status_label,1.0
2026-08-18,runpod,L40S,US-TX-4,on_demand,available,stock_status_label,1.0
2026-08-18,runpod,B200,US-TX-6,on_demand,sold_out,stock_status_label,0.0
2026-08-18,runpod,B300,US-WA-2,on_demand,available,stock_status_label,1.0
2026-08-18,vast,H100,global,on_demand,available,offer_depth_gpus,42.0
2026-08-18,vast,H200,global,on_demand,available,offer_depth_gpus,106.0
2026-08-18,vast,B200,global,on_demand,available,offer_depth_gpus,20.0
2026-08-18,vast,B300,global,on_demand,limited,offer_depth_gpus,2.0
2026-08-18,vast,GB200,global,on_demand,not_offered,offer_depth_gpus,0.0
2026-08-18,vast,L40S,global,on_demand,available,offer_depth_gpus,116.0
2026-08-18,vast,RTX6000,global,on_demand,available,offer_depth_gpus,83.0
2026-08-18,scaleway,B300,fr-par-2,on_demand,sold_out,stock_status_label,0.0
2026-08-18,scaleway,H100,fr-par-2,on_demand,available,stock_status_label,2.0
2026-08-18,scaleway,H100,pl-waw-2,on_demand,limited,stock_status_label,1.0
2026-08-18,scaleway,L40S,fr-par-2,on_demand,limited,stock_status_label,1.0
2026-08-18,scaleway,L40S,pl-waw-2,on_demand,limited,stock_status_label,1.0
2026-08-18,scaleway,B300,global,on_demand,sold_out,regions_with_capacity,0.0
2026-08-18,scaleway,H100,global,on_demand,available,regions_with_capacity,2.0
2026-08-18,scaleway,L40S,global,on_demand,limited,regions_with_capacity,2.0
2026-08-18,voltage_park,H100,global,on_demand,sold_out,stock_level,0.0
2026-08-18,gmi,GB200,global,on_demand,available,stock_status_label,2.0
2026-08-18,gmi,GB300,global,on_demand,limited,stock_status_label,1.0
2026-08-18,gmi,H100,global,on_demand,available,stock_status_label,2.0
2026-08-18,gmi,H200,global,on_demand,available,stock_status_label,2.0
2026-08-18,gmi,B200,global,on_demand,limited,stock_status_label,1.0
2026-08-18,sfcompute,H100,global,reserved_short,available,clearing_price_usd,2.12
2026-08-18,sfcompute,H200,global,reserved_short,unknown,clearing_price_usd,
2026-08-18,sfcompute,B200,global,reserved_short,unknown,clearing_price_usd,
2026-08-18,crusoe,L40S,global,on_demand,available,regions_with_capacity,1.0
2026-08-18,hyperstack,H100,global,on_demand,limited,regions_with_capacity,1.0
2026-08-18,hyperstack,RTX6000,global,on_demand,sold_out,regions_with_capacity,0.0
2026-08-18,lambda,B200,global,on_demand,sold_out,regions_with_capacity,0.0
2026-08-18,lambda,H100,global,on_demand,available,regions_with_capacity,3.0
2026-08-18,nebius,H100,global,on_demand,sold_out,regions_with_capacity,0.0
2026-08-18,nebius,H200,global,on_demand,sold_out,regions_with_capacity,0.0
2026-08-18,scaleway,B300,global,on_demand,sold_out,regions_with_capacity,0.0
2026-08-18,scaleway,H100,global,on_demand,available,regions_with_capacity,2.0
2026-08-18,scaleway,L40S,global,on_demand,available,regions_with_capacity,1.0
2026-08-18,verda,B200,global,on_demand,sold_out,regions_with_capacity,0.0
2026-08-18,verda,B300,global,on_demand,available,regions_with_capacity,1.0
2026-08-18,verda,H100,global,on_demand,sold_out,regions_with_capacity,0.0
2026-08-18,verda,H200,global,on_demand,available,regions_with_capacity,1.0
2026-08-18,verda,L40S,global,on_demand,sold_out,regions_with_capacity,0.0
2026-08-18,verda,RTX6000,global,on_demand,limited,regions_with_capacity,1.0
2026-08-18,voltage_park,H100,global,on_demand,sold_out,regions_with_capacity,0.0
2026-08-18,nebius,B200,global,on_demand,available,listed_offering,2.0
2026-08-18,nebius,B200,me-west1,on_demand,available,listed_offering,1.0
2026-08-18,nebius,B200,us-central1,on_demand,available,listed_offering,1.0
2026-08-18,nebius,B300,global,on_demand,available,listed_offering,2.0
2026-08-18,nebius,B300,eu-west2,on_demand,available,listed_offering,1.0
2026-08-18,nebius,B300,uk-south1,on_demand,available,listed_offering,1.0
2026-08-18,nebius,H100,global,on_demand,available,listed_offering,1.0
2026-08-18,nebius,H100,eu-north1,on_demand,available,listed_offering,1.0
2026-08-18,nebius,H200,global,on_demand,available,listed_offering,4.0
2026-08-18,nebius,H200,eu-north1,on_demand,available,listed_offering,1.0
2026-08-18,nebius,H200,eu-north2,on_demand,available,listed_offering,1.0
2026-08-18,nebius,H200,eu-west1,on_demand,available,listed_offering,1.0
2026-08-18,nebius,H200,us-central1,on_demand,available,listed_offering,1.0
2026-08-18,nebius,L40S,global,on_demand,available,listed_offering,1.0
2026-08-18,nebius,L40S,eu-north1,on_demand,available,listed_offering,1.0
2026-08-18,nebius,RTX6000,global,on_demand,available,listed_offering,1.0
2026-08-18,nebius,RTX6000,us-central1,on_demand,available,listed_offering,1.0
2026-08-18,hyperstack,B200,CANADA-1,on_demand,sold_out,stock_level,0.0
2026-08-18,hyperstack,L40S,CANADA-1,on_demand,available,stock_level,10.0
2026-08-18,hyperstack,L40S,CANADA-1,on_demand,limited,stock_level,5.0
2026-08-18,hyperstack,H100,CANADA-1,on_demand,available,stock_level,100.0
2026-08-18,hyperstack,H200,CANADA-1,on_demand,limited,stock_level,8.0
2026-08-18,hyperstack,H100,CANADA-1,on_demand,available,stock_level,75.0
2026-08-18,hyperstack,H100,CANADA-1,on_demand,limited,stock_level,2.0
2026-08-18,hyperstack,H100,CANADA-1,on_demand,sold_out,stock_level,0.0
2026-08-18,hyperstack,H100,CANADA-1,on_demand,sold_out,stock_level,0.0
2026-08-18,hyperstack,B200,global,on_demand,sold_out,stock_level,0.0
2026-08-18,hyperstack,L40S,global,on_demand,available,stock_level,10.0
2026-08-18,hyperstack,H100,global,on_demand,available,stock_level,100.0
2026-08-18,hyperstack,H200,global,on_demand,limited,stock_level,8.0
2026-08-18,together,B200,ca-west-1,on_demand,available,stock_level,5.0
2026-08-18,together,B200,us-east-3,on_demand,available,stock_level,5.0
2026-08-18,together,B200,us-west-3,on_demand,unknown,stock_level,0.0
2026-08-18,together,GB300,us-south-3,on_demand,available,stock_level,5.0
2026-08-18,together,H100,ca-east-1,on_demand,unknown,stock_level,0.0
2026-08-18,together,H100,eu-central-1,on_demand,unknown,stock_level,0.0
2026-08-18,together,H100,eu-north-1,on_demand,unknown,stock_level,0.0
2026-08-18,together,H100,eu-west-1,on_demand,available,stock_level,5.0
2026-08-18,together,H100,us-central-4,on_demand,unknown,stock_level,0.0
2026-08-18,together,H100,us-central-5,on_demand,unknown,stock_level,0.0
2026-08-18,together,H100,us-central-6,on_demand,unknown,stock_level,0.0
2026-08-18,together,H100,us-east-1,on_demand,unknown,stock_level,0.0
2026-08-18,together,H100,us-east-4,on_demand,available,stock_level,5.0
2026-08-18,together,H200,us-central-8,on_demand,available,stock_level,5.0
2026-08-18,together,GB300,global,on_demand,available,regions_with_capacity,1.0
2026-08-18,together,B200,global,on_demand,available,regions_with_capacity,2.0
2026-08-18,together,H100,global,on_demand,available,regions_with_capacity,2.0
2026-08-18,together,H200,global,on_demand,available,regions_with_capacity,1.0
2026-08-18,verda,H100,FIN-02,on_demand,limited,binary,2.0
2026-08-18,verda,B300,FIN-03,on_demand,limited,binary,1.0
2026-08-18,verda,H200,FIN-03,on_demand,limited,binary,4.0
2026-08-18,verda,RTX6000,FIN-03,on_demand,available,binary,8.0
2026-08-18,verda,H100,global,on_demand,limited,regions_with_capacity,1.0
2026-08-18,verda,B300,global,on_demand,limited,regions_with_capacity,1.0
2026-08-18,verda,H200,global,on_demand,limited,regions_with_capacity,1.0
2026-08-18,verda,RTX6000,global,on_demand,available,regions_with_capacity,1.0
2026-08-18,verda,GB300,global,on_demand,sold_out,binary,0.0
2026-08-18,verda,B200,global,on_demand,sold_out,binary,0.0
2026-08-18,verda,L40S,global,on_demand,sold_out,binary,0.0
2026-08-18,verda,L40S,FIN-01,spot,available,binary,8.0
2026-08-18,verda,H200,FIN-02,spot,available,binary,8.0
2026-08-18,verda,RTX6000,FIN-02,spot,available,binary,8.0
2026-08-18,verda,H200,FIN-03,spot,limited,binary,2.0
2026-08-18,verda,RTX6000,FIN-03,spot,limited,binary,4.0
2026-08-18,verda,L40S,global,spot,available,regions_with_capacity,1.0
2026-08-18,verda,H200,global,spot,available,regions_with_capacity,2.0
2026-08-18,verda,RTX6000,global,spot,available,regions_with_capacity,2.0
2026-08-19,lambda,B200,global,on_demand,sold_out,regions_with_capacity,0.0
2026-08-19,lambda,H100,global,on_demand,sold_out,regions_with_capacity,0.0
2026-08-19,coreweave,GB300,global,on_demand,available,listed_offering,4.0
2026-08-19,coreweave,GB300,CA-EAST-01A,on_demand,available,listed_offering,1.0
2026-08-19,coreweave,GB300,US-CENTRAL-07A,on_demand,available,listed_offering,1.0
2026-08-19,coreweave,GB300,US-CENTRAL-09A,on_demand,available,listed_offering,1.0
2026-08-19,coreweave,GB300,US-WEST-01A,on_demand,available,listed_offering,1.0
2026-08-19,coreweave,GB200,global,on_demand,available,listed_offering,6.0
2026-08-19,coreweave,GB200,CA-EAST-01A,on_demand,available,listed_offering,1.0
2026-08-19,coreweave,GB200,US-EAST-01A,on_demand,available,listed_offering,1.0
2026-08-19,coreweave,GB200,US-EAST-02A,on_demand,available,listed_offering,1.0
2026-08-19,coreweave,GB200,US-EAST-08A,on_demand,available,listed_offering,1.0
2026-08-19,coreweave,GB200,US-EAST-13A,on_demand,available,listed_offering,1.0
2026-08-19,coreweave,GB200,US-WEST-01A,on_demand,available,listed_offering,1.0
2026-08-19,coreweave,B300,global,on_demand,available,listed_offering,4.0
2026-08-19,coreweave,B300,US-CENTRAL-06A,on_demand,available,listed_offering,1.0
2026-08-19,coreweave,B300,US-EAST-13A,on_demand,available,listed_offering,1.0
2026-08-19,coreweave,B300,US-WEST-01A,on_demand,available,listed_offering,1.0
2026-08-19,coreweave,B300,US-WEST-10A,on_demand,available,listed_offering,1.0
2026-08-19,coreweave,B200,global,on_demand,available,listed_offering,5.0
2026-08-19,coreweave,B200,EU-SOUTH-04A,on_demand,available,listed_offering,1.0
2026-08-19,coreweave,B200,US-CENTRAL-07A,on_demand,available,listed_offering,1.0
2026-08-19,coreweave,B200,US-EAST-13A,on_demand,available,listed_offering,1.0
2026-08-19,coreweave,B200,US-EAST-15A,on_demand,available,listed_offering,1.0
2026-08-19,coreweave,B200,US-WEST-09B,on_demand,available,listed_offering,1.0
2026-08-19,coreweave,H200,global,on_demand,available,listed_offering,7.0
2026-08-19,coreweave,H200,EU-SOUTH-03B,on_demand,available,listed_offering,1.0
2026-08-19,coreweave,H200,RNO2A,on_demand,available,listed_offering,1.0
2026-08-19,coreweave,H200,US-EAST-01A,on_demand,available,listed_offering,1.0
2026-08-19,coreweave,H200,US-EAST-02A,on_demand,available,listed_offering,1.0
2026-08-19,coreweave,H200,US-EAST-04A,on_demand,available,listed_offering,1.0
2026-08-19,coreweave,H200,US-EAST-08A,on_demand,available,listed_offering,1.0
2026-08-19,coreweave,H200,US-WEST-04A,on_demand,available,listed_offering,1.0
2026-08-19,coreweave,H100,global,on_demand,available,listed_offering,10.0
2026-08-19,coreweave,H100,RNO2A,on_demand,available,listed_offering,1.0
2026-08-19,coreweave,H100,US-CENTRAL-06A,on_demand,available,listed_offering,1.0
2026-08-19,coreweave,H100,US-EAST-01A,on_demand,available,listed_offering,1.0
2026-08-19,coreweave,H100,US-EAST-02A,on_demand,available,listed_offering,1.0
2026-08-19,coreweave,H100,US-EAST-04A,on_demand,available,listed_offering,1.0
2026-08-19,coreweave,H100,US-EAST-06A,on_demand,available,listed_offering,1.0
2026-08-19,coreweave,H100,US-WEST-01A,on_demand,available,listed_offering,1.0
2026-08-19,coreweave,H100,US-WEST-02B,on_demand,available,listed_offering,1.0
2026-08-19,coreweave,H100,US-WEST-04A,on_demand,available,listed_offering,1.0
2026-08-19,coreweave,H100,US-WEST-09B,on_demand,available,listed_offering,1.0
2026-08-19,coreweave,RTX6000,global,on_demand,available,listed_offering,11.0
2026-08-19,coreweave,RTX6000,EU-SOUTH-04A,on_demand,available,listed_offering,1.0
2026-08-19,coreweave,RTX6000,US-EAST-01A,on_demand,available,listed_offering,1.0
2026-08-19,coreweave,RTX6000,US-EAST-04A,on_demand,available,listed_offering,1.0
2026-08-19,coreweave,RTX6000,US-EAST-06A,on_demand,available,listed_offering,1.0
2026-08-19,coreweave,RTX6000,US-EAST-13A,on_demand,available,listed_offering,1.0
2026-08-19,coreweave,RTX6000,US-EAST-14A,on_demand,available,listed_offering,1.0
2026-08-19,coreweave,RTX6000,US-EAST-15A,on_demand,available,listed_offering,1.0
2026-08-19,coreweave,RTX6000,US-WEST-01A,on_demand,available,listed_offering,1.0
2026-08-19,coreweave,RTX6000,US-WEST-04A,on_demand,available,listed_offering,1.0
2026-08-19,coreweave,RTX6000,US-WEST-09B,on_demand,available,listed_offering,1.0
2026-08-19,coreweave,RTX6000,US-WEST-10A,on_demand,available,listed_offering,1.0
2026-08-19,coreweave,L40S,global,on_demand,limited,listed_offering,1.0
2026-08-19,coreweave,L40S,US-EAST-04A,on_demand,available,listed_offering,1.0
2026-08-19,gcp,B200,global,on_demand,available,listed_offering,11.0
2026-08-19,gcp,B200,asia-northeast1,on_demand,available,listed_offering,1.0
2026-08-19,gcp,B200,asia-southeast1,on_demand,available,listed_offering,1.0
2026-08-19,gcp,B200,europe-north1,on_demand,available,listed_offering,1.0
2026-08-19,gcp,B200,europe-west4,on_demand,available,listed_offering,1.0
2026-08-19,gcp,B200,us-central1,on_demand,available,listed_offering,1.0
2026-08-19,gcp,B200,us-east1,on_demand,available,listed_offering,1.0
2026-08-19,gcp,B200,us-east4,on_demand,available,listed_offering,1.0
2026-08-19,gcp,B200,us-south1,on_demand,available,listed_offering,1.0
2026-08-19,gcp,B200,us-west2,on_demand,available,listed_offering,1.0
2026-08-19,gcp,B200,us-west3,on_demand,available,listed_offering,2.0
2026-08-19,gcp,GB200,global,on_demand,available,listed_offering,5.0
2026-08-19,gcp,GB200,europe-west4,on_demand,available,listed_offering,1.0
2026-08-19,gcp,GB200,us-central1,on_demand,available,listed_offering,2.0
2026-08-19,gcp,GB200,us-east1,on_demand,available,listed_offering,1.0
2026-08-19,gcp,GB200,us-east4,on_demand,available,listed_offering,1.0
2026-08-19,gcp,GB300,global,on_demand,available,listed_offering,5.0
2026-08-19,gcp,GB300,us-central1,on_demand,available,listed_offering,1.0
2026-08-19,gcp,GB300,us-east4,on_demand,available,listed_offering,2.0
2026-08-19,gcp,GB300,us-east5,on_demand,available,listed_offering,2.0
2026-08-19,gcp,H100,global,on_demand,available,listed_offering,23.0
2026-08-19,gcp,H100,asia-east1,on_demand,available,listed_offering,1.0
2026-08-19,gcp,H100,asia-northeast1,on_demand,available,listed_offering,1.0
2026-08-19,gcp,H100,asia-northeast3,on_demand,available,listed_offering,1.0
2026-08-19,gcp,H100,asia-south1,on_demand,available,listed_offering,1.0
2026-08-19,gcp,H100,asia-southeast1,on_demand,available,listed_offering,2.0
2026-08-19,gcp,H100,australia-southeast1,on_demand,available,listed_offering,1.0
2026-08-19,gcp,H100,europe-west1,on_demand,available,listed_offering,2.0
2026-08-19,gcp,H100,europe-west3,on_demand,available,listed_offering,1.0
2026-08-19,gcp,H100,europe-west4,on_demand,available,listed_offering,2.0
2026-08-19,gcp,H100,northamerica-northeast2,on_demand,available,listed_offering,1.0
2026-08-19,gcp,H100,us-central1,on_demand,available,listed_offering,3.0
2026-08-19,gcp,H100,us-east4,on_demand,available,listed_offering,3.0
2026-08-19,gcp,H100,us-east5,on_demand,available,listed_offering,1.0
2026-08-19,gcp,H100,us-west1,on_demand,available,listed_offering,2.0
2026-08-19,gcp,H100,us-west4,on_demand,available,listed_offering,1.0
2026-08-19,gcp,H200,global,on_demand,available,listed_offering,8.0
2026-08-19,gcp,H200,asia-south1,on_demand,available,listed_offering,1.0
2026-08-19,gcp,H200,asia-south2,on_demand,available,listed_offering,1.0
2026-08-19,gcp,H200,europe-west1,on_demand,available,listed_offering,1.0
2026-08-19,gcp,H200,europe-west4,on_demand,available,listed_offering,1.0
2026-08-19,gcp,H200,us-central1,on_demand,available,listed_offering,1.0
2026-08-19,gcp,H200,us-east4,on_demand,available,listed_offering,1.0
2026-08-19,gcp,H200,us-south1,on_demand,available,listed_offering,1.0
2026-08-19,gcp,H200,us-west1,on_demand,available,listed_offering,1.0
2026-08-19,gcp,RTX6000,global,on_demand,available,listed_offering,39.0
2026-08-19,gcp,RTX6000,asia-east1,on_demand,available,listed_offering,1.0
2026-08-19,gcp,RTX6000,asia-south1,on_demand,available,listed_offering,1.0
2026-08-19,gcp,RTX6000,asia-south2,on_demand,available,listed_offering,2.0
2026-08-19,gcp,RTX6000,asia-southeast1,on_demand,available,listed_offering,2.0
2026-08-19,gcp,RTX6000,asia-southeast2,on_demand,available,listed_offering,2.0
2026-08-19,gcp,RTX6000,europe-north1,on_demand,available,listed_offering,3.0
2026-08-19,gcp,RTX6000,europe-west1,on_demand,available,listed_offering,1.0
2026-08-19,gcp,RTX6000,europe-west10,on_demand,available,listed_offering,1.0
2026-08-19,gcp,RTX6000,europe-west2,on_demand,available,listed_offering,2.0
2026-08-19,gcp,RTX6000,europe-west4,on_demand,available,listed_offering,3.0
2026-08-19,gcp,RTX6000,europe-west8,on_demand,available,listed_offering,2.0
2026-08-19,gcp,RTX6000,me-central2,on_demand,available,listed_offering,1.0
2026-08-19,gcp,RTX6000,us-central1,on_demand,available,listed_offering,3.0
2026-08-19,gcp,RTX6000,us-east1,on_demand,available,listed_offering,2.0
2026-08-19,gcp,RTX6000,us-east4,on_demand,available,listed_offering,2.0
2026-08-19,gcp,RTX6000,us-east5,on_demand,available,listed_offering,3.0
2026-08-19,gcp,RTX6000,us-south1,on_demand,available,listed_offering,2.0
2026-08-19,gcp,RTX6000,us-west1,on_demand,available,listed_offering,3.0
2026-08-19,gcp,RTX6000,us-west3,on_demand,available,listed_offering,1.0
2026-08-19,gcp,RTX6000,us-west4,on_demand,available,listed_offering,2.0
2026-08-19,azure,H100,global,on_demand,available,listed_offering,24.0
2026-08-19,azure,H100,global,spot,available,listed_offering,24.0
2026-08-19,azure,H200,global,on_demand,available,listed_offering,31.0
2026-08-19,azure,H200,global,spot,available,listed_offering,31.0
2026-08-19,azure,GB200,global,on_demand,available,listed_offering,19.0
2026-08-19,azure,GB200,global,spot,available,listed_offering,19.0
2026-08-19,aws,L40S,me-central-1,spot,available,stock_status_label,0.0
2026-08-19,aws,H100,ap-southeast-3,spot,available,stock_status_label,0.0
2026-08-19,aws,H200,ap-southeast-3,spot,available,stock_status_label,0.0
2026-08-19,aws,H200,eu-south-2,spot,available,stock_status_label,1.0
2026-08-19,aws,L40S,eu-south-2,spot,available,stock_status_label,0.0
2026-08-19,aws,H100,us-west-1,spot,available,stock_status_label,0.0
2026-08-19,aws,H200,us-west-1,spot,available,stock_status_label,0.0
2026-08-19,aws,H100,eu-north-1,spot,available,stock_status_label,0.0
2026-08-19,aws,H200,eu-north-1,spot,available,stock_status_label,0.0
2026-08-19,aws,L40S,eu-north-1,spot,available,stock_status_label,3.0
2026-08-19,aws,H100,ca-central-1,spot,available,stock_status_label,0.0
2026-08-19,aws,H100,eu-west-2,spot,available,stock_status_label,1.0
2026-08-19,aws,H100,sa-east-1,spot,available,stock_status_label,0.0
2026-08-19,aws,H100,ap-south-1,spot,available,stock_status_label,0.0
2026-08-19,aws,H200,ap-south-1,spot,available,stock_status_label,0.0
2026-08-19,aws,H200,ap-northeast-2,spot,available,stock_status_label,0.0
2026-08-19,aws,L40S,ap-northeast-2,spot,available,stock_status_label,2.0
2026-08-19,aws,H100,us-east-2,spot,available,stock_status_label,2.0
2026-08-19,aws,H200,us-east-2,spot,available,stock_status_label,1.0
2026-08-19,aws,B200,us-east-2,spot,available,stock_status_label,1.0
2026-08-19,aws,L40S,us-east-2,spot,available,stock_status_label,1.0
2026-08-19,aws,L40S,eu-central-1,spot,limited,stock_status_label,4.0
2026-08-19,aws,H100,ap-southeast-2,spot,available,stock_status_label,0.0
2026-08-19,aws,H100,ap-northeast-1,spot,available,stock_status_label,0.0
2026-08-19,aws,H200,ap-northeast-1,spot,available,stock_status_label,0.0
2026-08-19,aws,L40S,ap-northeast-1,spot,limited,stock_status_label,4.0
2026-08-19,aws,H100,us-west-2,spot,available,stock_status_label,0.0
2026-08-19,aws,H200,us-west-2,spot,available,stock_status_label,0.0
2026-08-19,aws,B200,us-west-2,spot,available,stock_status_label,2.0
2026-08-19,aws,B300,us-west-2,spot,available,stock_status_label,0.0
2026-08-19,aws,L40S,us-west-2,spot,available,stock_status_label,0.0
2026-08-19,aws,H100,us-east-1,spot,available,stock_status_label,0.0
2026-08-19,aws,H200,us-east-1,spot,available,stock_status_label,0.0
2026-08-19,aws,B200,us-east-1,spot,available,stock_status_label,2.0
2026-08-19,aws,L40S,us-east-1,spot,available,stock_status_label,2.0
2026-08-19,aws,B300,global,spot,available,regions_with_capacity,1.0
2026-08-19,aws,H100,global,spot,available,regions_with_capacity,12.0
2026-08-19,aws,B200,global,spot,available,regions_with_capacity,3.0
2026-08-19,aws,H200,global,spot,available,regions_with_capacity,10.0
2026-08-19,aws,L40S,global,spot,available,regions_with_capacity,9.0
2026-08-19,crusoe,B200,global,on_demand,available,listed_offering,3.0
2026-08-19,crusoe,B300,global,on_demand,limited,listed_offering,1.0
2026-08-19,crusoe,GB200,global,on_demand,limited,listed_offering,1.0
2026-08-19,crusoe,H100,global,on_demand,available,listed_offering,3.0
2026-08-19,crusoe,H200,global,on_demand,limited,listed_offering,1.0
2026-08-19,crusoe,L40S,global,on_demand,available,listed_offering,2.0
2026-08-19,runpod,B200,global,on_demand,limited,stock_status_label,0.0
2026-08-19,runpod,B300,global,on_demand,limited,stock_status_label,0.0
2026-08-19,runpod,H100,global,on_demand,limited,stock_status_label,0.0
2026-08-19,runpod,H100,global,on_demand,limited,stock_status_label,0.0
2026-08-19,runpod,H100,global,on_demand,sold_out,stock_status_label,0.0
2026-08-19,runpod,H200,global,on_demand,limited,stock_status_label,1.0
2026-08-19,runpod,H200,global,on_demand,sold_out,stock_status_label,0.0
2026-08-19,runpod,L40S,global,on_demand,limited,stock_status_label,0.0
2026-08-19,runpod,RTX6000,global,on_demand,sold_out,stock_status_label,0.0
2026-08-19,runpod,RTX6000,global,on_demand,limited,stock_status_label,0.0
2026-08-19,runpod,RTX6000,global,on_demand,limited,stock_status_label,0.0
2026-08-19,runpod,H100,AP-IN-1,on_demand,available,stock_status_label,1.0
2026-08-19,runpod,H100,AP-IN-2,on_demand,available,stock_status_label,1.0
2026-08-19,runpod,H200,AP-JP-1,on_demand,available,stock_status_label,1.0
2026-08-19,runpod,H100,AP-JP-1,on_demand,available,stock_status_label,1.0
2026-08-19,runpod,H100,CA-MTL-1,on_demand,available,stock_status_label,1.0
2026-08-19,runpod,RTX6000,CA-MTL-3,on_demand,available,stock_status_label,1.0
2026-08-19,runpod,H200,CA-MTL-3,on_demand,sold_out,stock_status_label,0.0
2026-08-19,runpod,H200,CA-MTL-4,on_demand,sold_out,stock_status_label,0.0
2026-08-19,runpod,RTX6000,EU-CZ-1,on_demand,sold_out,stock_status_label,0.0
2026-08-19,runpod,RTX6000,EU-CZ-1,on_demand,available,stock_status_label,1.0
2026-08-19,runpod,H200,EU-FR-1,on_demand,sold_out,stock_status_label,0.0
2026-08-19,runpod,H100,EU-FR-1,on_demand,available,stock_status_label,1.0
2026-08-19,runpod,B300,EU-NL-1,on_demand,available,stock_status_label,1.0
2026-08-19,runpod,L40S,EU-NL-1,on_demand,available,stock_status_label,1.0
2026-08-19,runpod,H100,EU-NL-1,on_demand,available,stock_status_label,1.0
2026-08-19,runpod,RTX6000,EU-NL-1,on_demand,available,stock_status_label,1.0
2026-08-19,runpod,RTX6000,EU-RO-1,on_demand,available,stock_status_label,1.0
2026-08-19,runpod,B200,EU-RO-1,on_demand,sold_out,stock_status_label,0.0
2026-08-19,runpod,RTX6000,EU-RO-1,on_demand,available,stock_status_label,1.0
2026-08-19,runpod,RTX6000,EUR-IS-1,on_demand,available,stock_status_label,1.0
2026-08-19,runpod,B300,EUR-IS-1,on_demand,available,stock_status_label,1.0
2026-08-19,runpod,RTX6000,EUR-IS-1,on_demand,sold_out,stock_status_label,0.0
2026-08-19,runpod,RTX6000,EUR-IS-2,on_demand,available,stock_status_label,1.0
2026-08-19,runpod,H200,EUR-IS-2,on_demand,sold_out,stock_status_label,0.0
2026-08-19,runpod,L40S,EUR-IS-2,on_demand,sold_out,stock_status_label,0.0
2026-08-19,runpod,H100,EUR-IS-3,on_demand,available,stock_status_label,1.0
2026-08-19,runpod,H200,EUR-IS-4,on_demand,available,stock_status_label,1.0
2026-08-19,runpod,H200,EUR-IS-5,on_demand,available,stock_status_label,1.0
2026-08-19,runpod,H100,EUR-NO-2,on_demand,sold_out,stock_status_label,0.0
2026-08-19,runpod,L40S,OC-AU-1,on_demand,available,stock_status_label,1.0
2026-08-19,runpod,H100,US-CA-2,on_demand,sold_out,stock_status_label,0.0
2026-08-19,runpod,B200,US-CA-2,on_demand,available,stock_status_label,1.0
2026-08-19,runpod,H200,US-CA-2,on_demand,sold_out,stock_status_label,0.0
2026-08-19,runpod,H100,US-CA-2,on_demand,sold_out,stock_status_label,0.0
2026-08-19,runpod,RTX6000,US-CA-2,on_demand,sold_out,stock_status_label,0.0
2026-08-19,runpod,H200,US-GA-2,on_demand,available,stock_status_label,1.0
2026-08-19,runpod,H100,US-GA-2,on_demand,available,stock_status_label,1.0
2026-08-19,runpod,H100,US-GA-2,on_demand,available,stock_status_label,1.0
2026-08-19,runpod,L40S,US-IL-1,on_demand,sold_out,stock_status_label,0.0
2026-08-19,runpod,H100,US-KS-2,on_demand,sold_out,stock_status_label,0.0
2026-08-19,runpod,H100,US-KS-2,on_demand,available,stock_status_label,1.0
2026-08-19,runpod,H100,US-KS-2,on_demand,sold_out,stock_status_label,0.0
2026-08-19,runpod,RTX6000,US-KS-2,on_demand,sold_out,stock_status_label,0.0
2026-08-19,runpod,H200,US-MD-1,on_demand,sold_out,stock_status_label,0.0
2026-08-19,runpod,L40S,US-MO-1,on_demand,available,stock_status_label,1.0
2026-08-19,runpod,H100,US-MO-1,on_demand,sold_out,stock_status_label,0.0
2026-08-19,runpod,RTX6000,US-MO-2,on_demand,available,stock_status_label,1.0
2026-08-19,runpod,RTX6000,US-NC-1,on_demand,sold_out,stock_status_label,0.0
2026-08-19,runpod,H200,US-NC-1,on_demand,available,stock_status_label,1.0
2026-08-19,runpod,L40S,US-NC-1,on_demand,available,stock_status_label,1.0
2026-08-19,runpod,B200,US-NC-2,on_demand,sold_out,stock_status_label,0.0
2026-08-19,runpod,RTX6000,US-NC-2,on_demand,available,stock_status_label,1.0
2026-08-19,runpod,RTX6000,US-NE-1,on_demand,available,stock_status_label,1.0
2026-08-19,runpod,H100,US-NE-1,on_demand,sold_out,stock_status_label,0.0
2026-08-19,runpod,B200,US-NE-1,on_demand,sold_out,stock_status_label,0.0
2026-08-19,runpod,RTX6000,US-PA-1,on_demand,available,stock_status_label,1.0
2026-08-19,runpod,H200,US-PA-1,on_demand,sold_out,stock_status_label,0.0
2026-08-19,runpod,L40S,US-TX-3,on_demand,sold_out,stock_status_label,0.0
2026-08-19,runpod,L40S,US-TX-4,on_demand,available,stock_status_label,1.0
2026-08-19,runpod,B200,US-TX-6,on_demand,sold_out,stock_status_label,0.0
2026-08-19,runpod,B300,US-WA-2,on_demand,available,stock_status_label,1.0
2026-08-19,vast,H100,global,on_demand,available,offer_depth_gpus,52.0
2026-08-19,vast,H200,global,on_demand,available,offer_depth_gpus,92.0
2026-08-19,vast,B200,global,on_demand,available,offer_depth_gpus,29.0
2026-08-19,vast,B300,global,on_demand,not_offered,offer_depth_gpus,0.0
2026-08-19,vast,GB200,global,on_demand,not_offered,offer_depth_gpus,0.0
2026-08-19,vast,L40S,global,on_demand,available,offer_depth_gpus,71.0
2026-08-19,vast,RTX6000,global,on_demand,available,offer_depth_gpus,96.0
2026-08-19,scaleway,B300,fr-par-2,on_demand,sold_out,stock_status_label,0.0
2026-08-19,scaleway,H100,fr-par-2,on_demand,available,stock_status_label,2.0
2026-08-19,scaleway,H100,pl-waw-2,on_demand,available,stock_status_label,2.0
2026-08-19,scaleway,L40S,fr-par-2,on_demand,limited,stock_status_label,1.0
2026-08-19,scaleway,L40S,pl-waw-2,on_demand,limited,stock_status_label,1.0
2026-08-19,scaleway,B300,global,on_demand,sold_out,regions_with_capacity,0.0
2026-08-19,scaleway,H100,global,on_demand,available,regions_with_capacity,2.0
2026-08-19,scaleway,L40S,global,on_demand,limited,regions_with_capacity,2.0
2026-08-19,voltage_park,H100,global,on_demand,sold_out,stock_level,0.0
2026-08-19,gmi,GB200,global,on_demand,available,stock_status_label,2.0
2026-08-19,gmi,GB300,global,on_demand,limited,stock_status_label,1.0
2026-08-19,gmi,H100,global,on_demand,available,stock_status_label,2.0
2026-08-19,gmi,H200,global,on_demand,available,stock_status_label,2.0
2026-08-19,gmi,B200,global,on_demand,limited,stock_status_label,1.0
2026-08-19,sfcompute,H100,global,reserved_short,available,clearing_price_usd,2.17
2026-08-19,sfcompute,H200,global,reserved_short,unknown,clearing_price_usd,
2026-08-19,sfcompute,B200,global,reserved_short,unknown,clearing_price_usd,
2026-08-19,crusoe,L40S,global,on_demand,available,regions_with_capacity,2.0
2026-08-19,hyperstack,H100,global,on_demand,sold_out,regions_with_capacity,0.0
2026-08-19,hyperstack,RTX6000,global,on_demand,sold_out,regions_with_capacity,0.0
2026-08-19,lambda,B200,global,on_demand,sold_out,regions_with_capacity,0.0
2026-08-19,lambda,H100,global,on_demand,sold_out,regions_with_capacity,0.0
2026-08-19,nebius,H100,global,on_demand,sold_out,regions_with_capacity,0.0
2026-08-19,nebius,H200,global,on_demand,sold_out,regions_with_capacity,0.0
2026-08-19,scaleway,B300,global,on_demand,sold_out,regions_with_capacity,0.0
2026-08-19,scaleway,H100,global,on_demand,available,regions_with_capacity,2.0
2026-08-19,scaleway,L40S,global,on_demand,available,regions_with_capacity,1.0
2026-08-19,verda,B200,global,on_demand,sold_out,regions_with_capacity,0.0
2026-08-19,verda,B300,global,on_demand,available,regions_with_capacity,1.0
2026-08-19,verda,H100,global,on_demand,sold_out,regions_with_capacity,0.0
2026-08-19,verda,H200,global,on_demand,available,regions_with_capacity,1.0
2026-08-19,verda,L40S,global,on_demand,sold_out,regions_with_capacity,0.0
2026-08-19,verda,RTX6000,global,on_demand,available,regions_with_capacity,2.0
2026-08-19,voltage_park,H100,global,on_demand,sold_out,regions_with_capacity,0.0
2026-08-19,nebius,B200,global,on_demand,available,listed_offering,2.0
2026-08-19,nebius,B200,me-west1,on_demand,available,listed_offering,1.0
2026-08-19,nebius,B200,us-central1,on_demand,available,listed_offering,1.0
2026-08-19,nebius,B300,global,on_demand,available,listed_offering,2.0
2026-08-19,nebius,B300,eu-west2,on_demand,available,listed_offering,1.0
2026-08-19,nebius,B300,uk-south1,on_demand,available,listed_offering,1.0
2026-08-19,nebius,H100,global,on_demand,available,listed_offering,1.0
2026-08-19,nebius,H100,eu-north1,on_demand,available,listed_offering,1.0
2026-08-19,nebius,H200,global,on_demand,available,listed_offering,4.0
2026-08-19,nebius,H200,eu-north1,on_demand,available,listed_offering,1.0
2026-08-19,nebius,H200,eu-north2,on_demand,available,listed_offering,1.0
2026-08-19,nebius,H200,eu-west1,on_demand,available,listed_offering,1.0
2026-08-19,nebius,H200,us-central1,on_demand,available,listed_offering,1.0
2026-08-19,nebius,L40S,global,on_demand,available,listed_offering,1.0
2026-08-19,nebius,L40S,eu-north1,on_demand,available,listed_offering,1.0
2026-08-19,nebius,RTX6000,global,on_demand,available,listed_offering,1.0
2026-08-19,nebius,RTX6000,us-central1,on_demand,available,listed_offering,1.0
2026-08-19,hyperstack,B200,CANADA-1,on_demand,sold_out,stock_level,0.0
2026-08-19,hyperstack,L40S,CANADA-1,on_demand,available,stock_level,10.0
2026-08-19,hyperstack,L40S,CANADA-1,on_demand,limited,stock_level,5.0
2026-08-19,hyperstack,H100,CANADA-1,on_demand,available,stock_level,100.0
2026-08-19,hyperstack,H200,CANADA-1,on_demand,limited,stock_level,8.0
2026-08-19,hyperstack,H100,CANADA-1,on_demand,available,stock_level,75.0
2026-08-19,hyperstack,H100,CANADA-1,on_demand,sold_out,stock_level,0.0
2026-08-19,hyperstack,H100,CANADA-1,on_demand,sold_out,stock_level,0.0
2026-08-19,hyperstack,H100,CANADA-1,on_demand,sold_out,stock_level,0.0
2026-08-19,hyperstack,B200,global,on_demand,sold_out,stock_level,0.0
2026-08-19,hyperstack,L40S,global,on_demand,available,stock_level,10.0
2026-08-19,hyperstack,H100,global,on_demand,available,stock_level,100.0
2026-08-19,hyperstack,H200,global,on_demand,limited,stock_level,8.0
2026-08-19,together,B200,ca-west-1,on_demand,available,stock_level,5.0
2026-08-19,together,B200,us-east-3,on_demand,available,stock_level,5.0
2026-08-19,together,B200,us-west-3,on_demand,unknown,stock_level,0.0
2026-08-19,together,GB300,us-south-3,on_demand,limited,stock_level,2.0
2026-08-19,together,H100,ca-east-1,on_demand,unknown,stock_level,0.0
2026-08-19,together,H100,eu-central-1,on_demand,unknown,stock_level,0.0
2026-08-19,together,H100,eu-north-1,on_demand,unknown,stock_level,0.0
2026-08-19,together,H100,eu-west-1,on_demand,available,stock_level,5.0
2026-08-19,together,H100,us-central-4,on_demand,unknown,stock_level,0.0
2026-08-19,together,H100,us-central-5,on_demand,unknown,stock_level,0.0
2026-08-19,together,H100,us-central-6,on_demand,unknown,stock_level,0.0
2026-08-19,together,H100,us-east-1,on_demand,unknown,stock_level,0.0
2026-08-19,together,H100,us-east-4,on_demand,available,stock_level,5.0
2026-08-19,together,H200,us-central-8,on_demand,available,stock_level,5.0
2026-08-19,together,GB300,global,on_demand,sold_out,regions_with_capacity,0.0
2026-08-19,together,H100,global,on_demand,available,regions_with_capacity,2.0
2026-08-19,together,H200,global,on_demand,available,regions_with_capacity,1.0
2026-08-19,together,B200,global,on_demand,available,regions_with_capacity,2.0
2026-08-19,verda,RTX6000,FIN-01,on_demand,available,binary,8.0
2026-08-19,verda,H100,FIN-02,on_demand,limited,binary,2.0
2026-08-19,verda,B300,FIN-03,on_demand,limited,binary,1.0
2026-08-19,verda,H200,FIN-03,on_demand,limited,binary,4.0
2026-08-19,verda,RTX6000,FIN-03,on_demand,available,binary,8.0
2026-08-19,verda,RTX6000,global,on_demand,available,regions_with_capacity,2.0
2026-08-19,verda,H100,global,on_demand,limited,regions_with_capacity,1.0
2026-08-19,verda,B300,global,on_demand,limited,regions_with_capacity,1.0
2026-08-19,verda,H200,global,on_demand,limited,regions_with_capacity,1.0
2026-08-19,verda,GB300,global,on_demand,sold_out,binary,0.0
2026-08-19,verda,L40S,global,on_demand,sold_out,binary,0.0
2026-08-19,verda,B200,global,on_demand,sold_out,binary,0.0
2026-08-19,verda,RTX6000,FIN-01,spot,available,binary,8.0
2026-08-19,verda,RTX6000,FIN-02,spot,available,binary,8.0
2026-08-19,verda,RTX6000,FIN-03,spot,available,binary,8.0
2026-08-19,verda,RTX6000,global,spot,available,regions_with_capacity,3.0
2026-08-20,lambda,B200,global,on_demand,sold_out,regions_with_capacity,0.0
2026-08-20,lambda,H100,global,on_demand,limited,regions_with_capacity,4.0
2026-08-20,lambda,H100,us-south-2,on_demand,available,regions_with_capacity,1.0
2026-08-20,lambda,H100,us-south-3,on_demand,available,regions_with_capacity,1.0
2026-08-20,lambda,H100,us-southeast-1,on_demand,available,regions_with_capacity,1.0
2026-08-20,lambda,H100,us-west-3,on_demand,available,regions_with_capacity,1.0
2026-08-20,coreweave,GB300,global,on_demand,available,listed_offering,4.0
2026-08-20,coreweave,GB300,CA-EAST-01A,on_demand,available,listed_offering,1.0
2026-08-20,coreweave,GB300,US-CENTRAL-07A,on_demand,available,listed_offering,1.0
2026-08-20,coreweave,GB300,US-CENTRAL-09A,on_demand,available,listed_offering,1.0
2026-08-20,coreweave,GB300,US-WEST-01A,on_demand,available,listed_offering,1.0
2026-08-20,coreweave,GB200,global,on_demand,available,listed_offering,6.0
2026-08-20,coreweave,GB200,CA-EAST-01A,on_demand,available,listed_offering,1.0
2026-08-20,coreweave,GB200,US-EAST-01A,on_demand,available,listed_offering,1.0
2026-08-20,coreweave,GB200,US-EAST-02A,on_demand,available,listed_offering,1.0
2026-08-20,coreweave,GB200,US-EAST-08A,on_demand,available,listed_offering,1.0
2026-08-20,coreweave,GB200,US-EAST-13A,on_demand,available,listed_offering,1.0
2026-08-20,coreweave,GB200,US-WEST-01A,on_demand,available,listed_offering,1.0
2026-08-20,coreweave,B300,global,on_demand,available,listed_offering,4.0
2026-08-20,coreweave,B300,US-CENTRAL-06A,on_demand,available,listed_offering,1.0
2026-08-20,coreweave,B300,US-EAST-13A,on_demand,available,listed_offering,1.0
2026-08-20,coreweave,B300,US-WEST-01A,on_demand,available,listed_offering,1.0
2026-08-20,coreweave,B300,US-WEST-10A,on_demand,available,listed_offering,1.0
2026-08-20,coreweave,B200,global,on_demand,available,listed_offering,5.0
2026-08-20,coreweave,B200,EU-SOUTH-04A,on_demand,available,listed_offering,1.0
2026-08-20,coreweave,B200,US-CENTRAL-07A,on_demand,available,listed_offering,1.0
2026-08-20,coreweave,B200,US-EAST-13A,on_demand,available,listed_offering,1.0
2026-08-20,coreweave,B200,US-EAST-15A,on_demand,available,listed_offering,1.0
2026-08-20,coreweave,B200,US-WEST-09B,on_demand,available,listed_offering,1.0
2026-08-20,coreweave,H200,global,on_demand,available,listed_offering,7.0
2026-08-20,coreweave,H200,EU-SOUTH-03B,on_demand,available,listed_offering,1.0
2026-08-20,coreweave,H200,RNO2A,on_demand,available,listed_offering,1.0
2026-08-20,coreweave,H200,US-EAST-01A,on_demand,available,listed_offering,1.0
2026-08-20,coreweave,H200,US-EAST-02A,on_demand,available,listed_offering,1.0
2026-08-20,coreweave,H200,US-EAST-04A,on_demand,available,listed_offering,1.0
2026-08-20,coreweave,H200,US-EAST-08A,on_demand,available,listed_offering,1.0
2026-08-20,coreweave,H200,US-WEST-04A,on_demand,available,listed_offering,1.0
2026-08-20,coreweave,H100,global,on_demand,available,listed_offering,10.0
2026-08-20,coreweave,H100,RNO2A,on_demand,available,listed_offering,1.0
2026-08-20,coreweave,H100,US-CENTRAL-06A,on_demand,available,listed_offering,1.0
2026-08-20,coreweave,H100,US-EAST-01A,on_demand,available,listed_offering,1.0
2026-08-20,coreweave,H100,US-EAST-02A,on_demand,available,listed_offering,1.0
2026-08-20,coreweave,H100,US-EAST-04A,on_demand,available,listed_offering,1.0
2026-08-20,coreweave,H100,US-EAST-06A,on_demand,available,listed_offering,1.0
2026-08-20,coreweave,H100,US-WEST-01A,on_demand,available,listed_offering,1.0
2026-08-20,coreweave,H100,US-WEST-02B,on_demand,available,listed_offering,1.0
2026-08-20,coreweave,H100,US-WEST-04A,on_demand,available,listed_offering,1.0
2026-08-20,coreweave,H100,US-WEST-09B,on_demand,available,listed_offering,1.0
2026-08-20,coreweave,RTX6000,global,on_demand,available,listed_offering,11.0
2026-08-20,coreweave,RTX6000,EU-SOUTH-04A,on_demand,available,listed_offering,1.0
2026-08-20,coreweave,RTX6000,US-EAST-01A,on_demand,available,listed_offering,1.0
2026-08-20,coreweave,RTX6000,US-EAST-04A,on_demand,available,listed_offering,1.0
2026-08-20,coreweave,RTX6000,US-EAST-06A,on_demand,available,listed_offering,1.0
2026-08-20,coreweave,RTX6000,US-EAST-13A,on_demand,available,listed_offering,1.0
2026-08-20,coreweave,RTX6000,US-EAST-14A,on_demand,available,listed_offering,1.0
2026-08-20,coreweave,RTX6000,US-EAST-15A,on_demand,available,listed_offering,1.0
2026-08-20,coreweave,RTX6000,US-WEST-01A,on_demand,available,listed_offering,1.0
2026-08-20,coreweave,RTX6000,US-WEST-04A,on_demand,available,listed_offering,1.0
2026-08-20,coreweave,RTX6000,US-WEST-09B,on_demand,available,listed_offering,1.0
2026-08-20,coreweave,RTX6000,US-WEST-10A,on_demand,available,listed_offering,1.0
2026-08-20,coreweave,L40S,global,on_demand,limited,listed_offering,1.0
2026-08-20,coreweave,L40S,US-EAST-04A,on_demand,available,listed_offering,1.0
2026-08-20,gcp,B200,global,on_demand,available,listed_offering,11.0
2026-08-20,gcp,B200,asia-northeast1,on_demand,available,listed_offering,1.0
2026-08-20,gcp,B200,asia-southeast1,on_demand,available,listed_offering,1.0
2026-08-20,gcp,B200,europe-north1,on_demand,available,listed_offering,1.0
2026-08-20,gcp,B200,europe-west4,on_demand,available,listed_offering,1.0
2026-08-20,gcp,B200,us-central1,on_demand,available,listed_offering,1.0
2026-08-20,gcp,B200,us-east1,on_demand,available,listed_offering,1.0
2026-08-20,gcp,B200,us-east4,on_demand,available,listed_offering,1.0
2026-08-20,gcp,B200,us-south1,on_demand,available,listed_offering,1.0
2026-08-20,gcp,B200,us-west2,on_demand,available,listed_offering,1.0
2026-08-20,gcp,B200,us-west3,on_demand,available,listed_offering,2.0
2026-08-20,gcp,GB200,global,on_demand,available,listed_offering,5.0
2026-08-20,gcp,GB200,europe-west4,on_demand,available,listed_offering,1.0
2026-08-20,gcp,GB200,us-central1,on_demand,available,listed_offering,2.0
2026-08-20,gcp,GB200,us-east1,on_demand,available,listed_offering,1.0
2026-08-20,gcp,GB200,us-east4,on_demand,available,listed_offering,1.0
2026-08-20,gcp,GB300,global,on_demand,available,listed_offering,5.0
2026-08-20,gcp,GB300,us-central1,on_demand,available,listed_offering,1.0
2026-08-20,gcp,GB300,us-east4,on_demand,available,listed_offering,2.0
2026-08-20,gcp,GB300,us-east5,on_demand,available,listed_offering,2.0
2026-08-20,gcp,H100,global,on_demand,available,listed_offering,23.0
2026-08-20,gcp,H100,asia-east1,on_demand,available,listed_offering,1.0
2026-08-20,gcp,H100,asia-northeast1,on_demand,available,listed_offering,1.0
2026-08-20,gcp,H100,asia-northeast3,on_demand,available,listed_offering,1.0
2026-08-20,gcp,H100,asia-south1,on_demand,available,listed_offering,1.0
2026-08-20,gcp,H100,asia-southeast1,on_demand,available,listed_offering,2.0
2026-08-20,gcp,H100,australia-southeast1,on_demand,available,listed_offering,1.0
2026-08-20,gcp,H100,europe-west1,on_demand,available,listed_offering,2.0
2026-08-20,gcp,H100,europe-west3,on_demand,available,listed_offering,1.0
2026-08-20,gcp,H100,europe-west4,on_demand,available,listed_offering,2.0
2026-08-20,gcp,H100,northamerica-northeast2,on_demand,available,listed_offering,1.0
2026-08-20,gcp,H100,us-central1,on_demand,available,listed_offering,3.0
2026-08-20,gcp,H100,us-east4,on_demand,available,listed_offering,3.0
2026-08-20,gcp,H100,us-east5,on_demand,available,listed_offering,1.0
2026-08-20,gcp,H100,us-west1,on_demand,available,listed_offering,2.0
2026-08-20,gcp,H100,us-west4,on_demand,available,listed_offering,1.0
2026-08-20,gcp,H200,global,on_demand,available,listed_offering,8.0
2026-08-20,gcp,H200,asia-south1,on_demand,available,listed_offering,1.0
2026-08-20,gcp,H200,asia-south2,on_demand,available,listed_offering,1.0
2026-08-20,gcp,H200,europe-west1,on_demand,available,listed_offering,1.0
2026-08-20,gcp,H200,europe-west4,on_demand,available,listed_offering,1.0
2026-08-20,gcp,H200,us-central1,on_demand,available,listed_offering,1.0
2026-08-20,gcp,H200,us-east4,on_demand,available,listed_offering,1.0
2026-08-20,gcp,H200,us-south1,on_demand,available,listed_offering,1.0
2026-08-20,gcp,H200,us-west1,on_demand,available,listed_offering,1.0
2026-08-20,gcp,RTX6000,global,on_demand,available,listed_offering,39.0
2026-08-20,gcp,RTX6000,asia-east1,on_demand,available,listed_offering,1.0
2026-08-20,gcp,RTX6000,asia-south1,on_demand,available,listed_offering,1.0
2026-08-20,gcp,RTX6000,asia-south2,on_demand,available,listed_offering,2.0
2026-08-20,gcp,RTX6000,asia-southeast1,on_demand,available,listed_offering,2.0
2026-08-20,gcp,RTX6000,asia-southeast2,on_demand,available,listed_offering,2.0
2026-08-20,gcp,RTX6000,europe-north1,on_demand,available,listed_offering,3.0
2026-08-20,gcp,RTX6000,europe-west1,on_demand,available,listed_offering,1.0
2026-08-20,gcp,RTX6000,europe-west10,on_demand,available,listed_offering,1.0
2026-08-20,gcp,RTX6000,europe-west2,on_demand,available,listed_offering,2.0
2026-08-20,gcp,RTX6000,europe-west4,on_demand,available,listed_offering,3.0
2026-08-20,gcp,RTX6000,europe-west8,on_demand,available,listed_offering,2.0
2026-08-20,gcp,RTX6000,me-central2,on_demand,available,listed_offering,1.0
2026-08-20,gcp,RTX6000,us-central1,on_demand,available,listed_offering,3.0
2026-08-20,gcp,RTX6000,us-east1,on_demand,available,listed_offering,2.0
2026-08-20,gcp,RTX6000,us-east4,on_demand,available,listed_offering,2.0
2026-08-20,gcp,RTX6000,us-east5,on_demand,available,listed_offering,3.0
2026-08-20,gcp,RTX6000,us-south1,on_demand,available,listed_offering,2.0
2026-08-20,gcp,RTX6000,us-west1,on_demand,available,listed_offering,3.0
2026-08-20,gcp,RTX6000,us-west3,on_demand,available,listed_offering,1.0
2026-08-20,gcp,RTX6000,us-west4,on_demand,available,listed_offering,2.0
2026-08-20,azure,H100,global,on_demand,available,listed_offering,24.0
2026-08-20,azure,H100,global,spot,available,listed_offering,24.0
2026-08-20,azure,H200,global,on_demand,available,listed_offering,31.0
2026-08-20,azure,H200,global,spot,available,listed_offering,31.0
2026-08-20,azure,GB200,global,on_demand,available,listed_offering,19.0
2026-08-20,azure,GB200,global,spot,available,listed_offering,19.0
2026-08-20,aws,L40S,me-central-1,spot,available,stock_status_label,0.0
2026-08-20,aws,H100,ap-southeast-3,spot,available,stock_status_label,0.0
2026-08-20,aws,H200,ap-southeast-3,spot,available,stock_status_label,0.0
2026-08-20,aws,H200,eu-south-2,spot,available,stock_status_label,1.0
2026-08-20,aws,L40S,eu-south-2,spot,available,stock_status_label,0.0
2026-08-20,aws,H100,us-west-1,spot,available,stock_status_label,0.0
2026-08-20,aws,H200,us-west-1,spot,available,stock_status_label,0.0
2026-08-20,aws,H100,eu-north-1,spot,available,stock_status_label,0.0
2026-08-20,aws,H200,eu-north-1,spot,available,stock_status_label,0.0
2026-08-20,aws,L40S,eu-north-1,spot,available,stock_status_label,3.0
2026-08-20,aws,H100,ca-central-1,spot,available,stock_status_label,0.0
2026-08-20,aws,H100,eu-west-2,spot,available,stock_status_label,1.0
2026-08-20,aws,H100,sa-east-1,spot,available,stock_status_label,0.0
2026-08-20,aws,H100,ap-south-1,spot,available,stock_status_label,0.0
2026-08-20,aws,H200,ap-south-1,spot,available,stock_status_label,0.0
2026-08-20,aws,H200,ap-northeast-2,spot,available,stock_status_label,0.0
2026-08-20,aws,L40S,ap-northeast-2,spot,available,stock_status_label,2.0
2026-08-20,aws,H100,us-east-2,spot,available,stock_status_label,2.0
2026-08-20,aws,H200,us-east-2,spot,available,stock_status_label,1.0
2026-08-20,aws,B200,us-east-2,spot,available,stock_status_label,1.0
2026-08-20,aws,L40S,us-east-2,spot,available,stock_status_label,1.0
2026-08-20,aws,L40S,eu-central-1,spot,limited,stock_status_label,4.0
2026-08-20,aws,H100,ap-southeast-2,spot,available,stock_status_label,0.0
2026-08-20,aws,H100,ap-northeast-1,spot,available,stock_status_label,0.0
2026-08-20,aws,H200,ap-northeast-1,spot,available,stock_status_label,0.0
2026-08-20,aws,L40S,ap-northeast-1,spot,limited,stock_status_label,4.0
2026-08-20,aws,H100,us-west-2,spot,available,stock_status_label,0.0
2026-08-20,aws,H200,us-west-2,spot,available,stock_status_label,0.0
2026-08-20,aws,B200,us-west-2,spot,available,stock_status_label,2.0
2026-08-20,aws,B300,us-west-2,spot,available,stock_status_label,0.0
2026-08-20,aws,L40S,us-west-2,spot,available,stock_status_label,0.0
2026-08-20,aws,H100,us-east-1,spot,available,stock_status_label,0.0
2026-08-20,aws,H200,us-east-1,spot,available,stock_status_label,0.0
2026-08-20,aws,B200,us-east-1,spot,available,stock_status_label,2.0
2026-08-20,aws,L40S,us-east-1,spot,available,stock_status_label,2.0
2026-08-20,aws,B300,global,spot,available,regions_with_capacity,1.0
2026-08-20,aws,B200,global,spot,available,regions_with_capacity,3.0
2026-08-20,aws,H200,global,spot,available,regions_with_capacity,10.0
2026-08-20,aws,H100,global,spot,available,regions_with_capacity,12.0
2026-08-20,aws,L40S,global,spot,available,regions_with_capacity,9.0
2026-08-20,crusoe,B200,global,on_demand,available,listed_offering,3.0
2026-08-20,crusoe,B300,global,on_demand,limited,listed_offering,1.0
2026-08-20,crusoe,GB200,global,on_demand,limited,listed_offering,1.0
2026-08-20,crusoe,H100,global,on_demand,available,listed_offering,3.0
2026-08-20,crusoe,H200,global,on_demand,limited,listed_offering,1.0
2026-08-20,crusoe,L40S,global,on_demand,available,listed_offering,2.0
2026-08-20,runpod,B200,global,on_demand,limited,stock_status_label,0.0
2026-08-20,runpod,B300,global,on_demand,sold_out,stock_status_label,0.0
2026-08-20,runpod,H100,global,on_demand,limited,stock_status_label,0.0
2026-08-20,runpod,H100,global,on_demand,limited,stock_status_label,0.0
2026-08-20,runpod,H100,global,on_demand,limited,stock_status_label,0.0
2026-08-20,runpod,H200,global,on_demand,limited,stock_status_label,1.0
2026-08-20,runpod,H200,global,on_demand,limited,stock_status_label,0.0
2026-08-20,runpod,L40S,global,on_demand,limited,stock_status_label,0.0
2026-08-20,runpod,RTX6000,global,on_demand,sold_out,stock_status_label,0.0
2026-08-20,runpod,RTX6000,global,on_demand,limited,stock_status_label,0.0
2026-08-20,runpod,RTX6000,global,on_demand,limited,stock_status_label,0.0
2026-08-20,runpod,H100,AP-IN-1,on_demand,available,stock_status_label,1.0
2026-08-20,runpod,H100,AP-IN-2,on_demand,available,stock_status_label,1.0
2026-08-20,runpod,H200,AP-JP-1,on_demand,available,stock_status_label,1.0
2026-08-20,runpod,H100,AP-JP-1,on_demand,available,stock_status_label,1.0
2026-08-20,runpod,H100,CA-MTL-1,on_demand,available,stock_status_label,1.0
2026-08-20,runpod,RTX6000,CA-MTL-3,on_demand,sold_out,stock_status_label,0.0
2026-08-20,runpod,H200,CA-MTL-3,on_demand,available,stock_status_label,1.0
2026-08-20,runpod,H200,CA-MTL-4,on_demand,available,stock_status_label,1.0
2026-08-20,runpod,RTX6000,EU-CZ-1,on_demand,available,stock_status_label,1.0
2026-08-20,runpod,RTX6000,EU-CZ-1,on_demand,sold_out,stock_status_label,0.0
2026-08-20,runpod,H200,EU-FR-1,on_demand,available,stock_status_label,1.0
2026-08-20,runpod,H100,EU-FR-1,on_demand,available,stock_status_label,1.0
2026-08-20,runpod,B300,EU-NL-1,on_demand,sold_out,stock_status_label,0.0
2026-08-20,runpod,L40S,EU-NL-1,on_demand,available,stock_status_label,1.0
2026-08-20,runpod,H100,EU-NL-1,on_demand,available,stock_status_label,1.0
2026-08-20,runpod,RTX6000,EU-NL-1,on_demand,sold_out,stock_status_label,0.0
2026-08-20,runpod,RTX6000,EU-RO-1,on_demand,available,stock_status_label,1.0
2026-08-20,runpod,B200,EU-RO-1,on_demand,sold_out,stock_status_label,0.0
2026-08-20,runpod,RTX6000,EU-RO-1,on_demand,sold_out,stock_status_label,0.0
2026-08-20,runpod,B300,EUR-IS-1,on_demand,sold_out,stock_status_label,0.0
2026-08-20,runpod,RTX6000,EUR-IS-1,on_demand,available,stock_status_label,1.0
2026-08-20,runpod,RTX6000,EUR-IS-1,on_demand,available,stock_status_label,1.0
2026-08-20,runpod,RTX6000,EUR-IS-2,on_demand,sold_out,stock_status_label,0.0
2026-08-20,runpod,H200,EUR-IS-2,on_demand,available,stock_status_label,1.0
2026-08-20,runpod,L40S,EUR-IS-2,on_demand,sold_out,stock_status_label,0.0
2026-08-20,runpod,H100,EUR-IS-3,on_demand,available,stock_status_label,1.0
2026-08-20,runpod,H200,EUR-IS-4,on_demand,available,stock_status_label,1.0
2026-08-20,runpod,H200,EUR-IS-5,on_demand,available,stock_status_label,1.0
2026-08-20,runpod,H100,EUR-NO-2,on_demand,available,stock_status_label,1.0
2026-08-20,runpod,L40S,OC-AU-1,on_demand,available,stock_status_label,1.0
2026-08-20,runpod,H100,US-CA-2,on_demand,available,stock_status_label,1.0
2026-08-20,runpod,B200,US-CA-2,on_demand,sold_out,stock_status_label,0.0
2026-08-20,runpod,H200,US-CA-2,on_demand,sold_out,stock_status_label,0.0
2026-08-20,runpod,H100,US-CA-2,on_demand,sold_out,stock_status_label,0.0
2026-08-20,runpod,RTX6000,US-CA-2,on_demand,sold_out,stock_status_label,0.0
2026-08-20,runpod,H200,US-CO-1,on_demand,sold_out,stock_status_label,0.0
2026-08-20,runpod,H200,US-GA-2,on_demand,available,stock_status_label,1.0
2026-08-20,runpod,H100,US-GA-2,on_demand,available,stock_status_label,1.0
2026-08-20,runpod,H100,US-GA-2,on_demand,available,stock_status_label,1.0
2026-08-20,runpod,L40S,US-IL-1,on_demand,sold_out,stock_status_label,0.0
2026-08-20,runpod,H100,US-KS-2,on_demand,sold_out,stock_status_label,0.0
2026-08-20,runpod,H100,US-KS-2,on_demand,available,stock_status_label,1.0
2026-08-20,runpod,H100,US-KS-2,on_demand,available,stock_status_label,1.0
2026-08-20,runpod,RTX6000,US-KS-2,on_demand,sold_out,stock_status_label,0.0
2026-08-20,runpod,H200,US-MD-1,on_demand,available,stock_status_label,1.0
2026-08-20,runpod,L40S,US-MO-1,on_demand,available,stock_status_label,1.0
2026-08-20,runpod,H100,US-MO-1,on_demand,available,stock_status_label,1.0
2026-08-20,runpod,RTX6000,US-MO-2,on_demand,sold_out,stock_status_label,0.0
2026-08-20,runpod,RTX6000,US-NC-1,on_demand,sold_out,stock_status_label,0.0
2026-08-20,runpod,H200,US-NC-1,on_demand,available,stock_status_label,1.0
2026-08-20,runpod,L40S,US-NC-1,on_demand,sold_out,stock_status_label,0.0
2026-08-20,runpod,RTX6000,US-NC-2,on_demand,available,stock_status_label,1.0
2026-08-20,runpod,B200,US-NC-2,on_demand,sold_out,stock_status_label,0.0
2026-08-20,runpod,RTX6000,US-NE-1,on_demand,sold_out,stock_status_label,0.0
2026-08-20,runpod,H100,US-NE-1,on_demand,available,stock_status_label,1.0
2026-08-20,runpod,B200,US-NE-1,on_demand,available,stock_status_label,1.0
2026-08-20,runpod,RTX6000,US-PA-1,on_demand,sold_out,stock_status_label,0.0
2026-08-20,runpod,H200,US-PA-1,on_demand,available,stock_status_label,1.0
2026-08-20,runpod,L40S,US-TX-3,on_demand,available,stock_status_label,1.0
2026-08-20,runpod,L40S,US-TX-4,on_demand,available,stock_status_label,1.0
2026-08-20,runpod,B200,US-TX-6,on_demand,sold_out,stock_status_label,0.0
2026-08-20,runpod,B300,US-WA-2,on_demand,sold_out,stock_status_label,0.0
2026-08-20,vast,H100,global,on_demand,available,offer_depth_gpus,34.0
2026-08-20,vast,H200,global,on_demand,available,offer_depth_gpus,83.0
2026-08-20,vast,B200,global,on_demand,available,offer_depth_gpus,45.0
2026-08-20,vast,B300,global,on_demand,limited,offer_depth_gpus,8.0
2026-08-20,vast,GB200,global,on_demand,not_offered,offer_depth_gpus,0.0
2026-08-20,vast,L40S,global,on_demand,available,offer_depth_gpus,77.0
2026-08-20,vast,RTX6000,global,on_demand,available,offer_depth_gpus,99.0
2026-08-20,scaleway,B300,fr-par-2,on_demand,sold_out,stock_status_label,0.0
2026-08-20,scaleway,H100,fr-par-2,on_demand,available,stock_status_label,2.0
2026-08-20,scaleway,H100,pl-waw-2,on_demand,limited,stock_status_label,1.0
2026-08-20,scaleway,L40S,fr-par-2,on_demand,limited,stock_status_label,1.0
2026-08-20,scaleway,L40S,pl-waw-2,on_demand,limited,stock_status_label,1.0
2026-08-20,scaleway,B300,global,on_demand,sold_out,regions_with_capacity,0.0
2026-08-20,scaleway,H100,global,on_demand,available,regions_with_capacity,2.0
2026-08-20,scaleway,L40S,global,on_demand,limited,regions_with_capacity,2.0
2026-08-20,voltage_park,H100,global,on_demand,sold_out,stock_level,0.0
2026-08-20,gmi,GB200,global,on_demand,available,stock_status_label,2.0
2026-08-20,gmi,GB300,global,on_demand,limited,stock_status_label,1.0
2026-08-20,gmi,H100,global,on_demand,available,stock_status_label,2.0
2026-08-20,gmi,H200,global,on_demand,available,stock_status_label,2.0
2026-08-20,gmi,B200,global,on_demand,limited,stock_status_label,1.0
2026-08-20,sfcompute,H100,global,reserved_short,available,clearing_price_usd,2.15
2026-08-20,sfcompute,H200,global,reserved_short,unknown,clearing_price_usd,
2026-08-20,sfcompute,B200,global,reserved_short,unknown,clearing_price_usd,
2026-08-20,crusoe,L40S,global,on_demand,available,regions_with_capacity,1.0
2026-08-20,hyperstack,H100,global,on_demand,limited,regions_with_capacity,1.0
2026-08-20,hyperstack,RTX6000,global,on_demand,sold_out,regions_with_capacity,0.0
2026-08-20,lambda,B200,global,on_demand,sold_out,regions_with_capacity,0.0
2026-08-20,lambda,H100,global,on_demand,available,regions_with_capacity,3.0
2026-08-20,nebius,H100,global,on_demand,sold_out,regions_with_capacity,0.0
2026-08-20,nebius,H200,global,on_demand,sold_out,regions_with_capacity,0.0
2026-08-20,scaleway,B300,global,on_demand,sold_out,regions_with_capacity,0.0
2026-08-20,scaleway,H100,global,on_demand,available,regions_with_capacity,2.0
2026-08-20,scaleway,L40S,global,on_demand,available,regions_with_capacity,1.0
2026-08-20,verda,B200,global,on_demand,sold_out,regions_with_capacity,0.0
2026-08-20,verda,B300,global,on_demand,available,regions_with_capacity,1.0
2026-08-20,verda,H100,global,on_demand,sold_out,regions_with_capacity,0.0
2026-08-20,verda,H200,global,on_demand,available,regions_with_capacity,1.0
2026-08-20,verda,L40S,global,on_demand,sold_out,regions_with_capacity,0.0
2026-08-20,verda,RTX6000,global,on_demand,available,regions_with_capacity,2.0
2026-08-20,voltage_park,H100,global,on_demand,sold_out,regions_with_capacity,0.0
2026-08-20,nebius,B200,global,on_demand,available,listed_offering,2.0
2026-08-20,nebius,B200,me-west1,on_demand,available,listed_offering,1.0
2026-08-20,nebius,B200,us-central1,on_demand,available,listed_offering,1.0
2026-08-20,nebius,B300,global,on_demand,available,listed_offering,2.0
2026-08-20,nebius,B300,eu-west2,on_demand,available,listed_offering,1.0
2026-08-20,nebius,B300,uk-south1,on_demand,available,listed_offering,1.0
2026-08-20,nebius,H100,global,on_demand,available,listed_offering,1.0
2026-08-20,nebius,H100,eu-north1,on_demand,available,listed_offering,1.0
2026-08-20,nebius,H200,global,on_demand,available,listed_offering,4.0
2026-08-20,nebius,H200,eu-north1,on_demand,available,listed_offering,1.0
2026-08-20,nebius,H200,eu-north2,on_demand,available,listed_offering,1.0
2026-08-20,nebius,H200,eu-west1,on_demand,available,listed_offering,1.0
2026-08-20,nebius,H200,us-central1,on_demand,available,listed_offering,1.0
2026-08-20,nebius,L40S,global,on_demand,available,listed_offering,1.0
2026-08-20,nebius,L40S,eu-north1,on_demand,available,listed_offering,1.0
2026-08-20,nebius,RTX6000,global,on_demand,available,listed_offering,1.0
2026-08-20,nebius,RTX6000,us-central1,on_demand,available,listed_offering,1.0
2026-08-20,hyperstack,B200,CANADA-1,on_demand,sold_out,stock_level,0.0
2026-08-20,hyperstack,L40S,CANADA-1,on_demand,limited,stock_level,8.0
2026-08-20,hyperstack,L40S,CANADA-1,on_demand,limited,stock_level,6.0
2026-08-20,hyperstack,H100,CANADA-1,on_demand,available,stock_level,75.0
2026-08-20,hyperstack,H200,CANADA-1,on_demand,sold_out,stock_level,0.0
2026-08-20,hyperstack,H100,CANADA-1,on_demand,available,stock_level,75.0
2026-08-20,hyperstack,H100,CANADA-1,on_demand,limited,stock_level,3.0
2026-08-20,hyperstack,H100,CANADA-1,on_demand,sold_out,stock_level,0.0
2026-08-20,hyperstack,H100,CANADA-1,on_demand,sold_out,stock_level,0.0
2026-08-20,hyperstack,B200,global,on_demand,sold_out,stock_level,0.0
2026-08-20,hyperstack,L40S,global,on_demand,limited,stock_level,8.0
2026-08-20,hyperstack,H100,global,on_demand,available,stock_level,75.0
2026-08-20,hyperstack,H200,global,on_demand,sold_out,stock_level,0.0
2026-08-20,together,B200,ca-west-1,on_demand,available,stock_level,5.0
2026-08-20,together,B200,us-east-3,on_demand,available,stock_level,5.0
2026-08-20,together,B200,us-west-3,on_demand,unknown,stock_level,0.0
2026-08-20,together,GB300,us-south-3,on_demand,available,stock_level,5.0
2026-08-20,together,H100,ca-east-1,on_demand,unknown,stock_level,0.0
2026-08-20,together,H100,eu-central-1,on_demand,unknown,stock_level,0.0
2026-08-20,together,H100,eu-north-1,on_demand,unknown,stock_level,0.0
2026-08-20,together,H100,eu-west-1,on_demand,available,stock_level,5.0
2026-08-20,together,H100,us-central-4,on_demand,unknown,stock_level,0.0
2026-08-20,together,H100,us-central-5,on_demand,unknown,stock_level,0.0
2026-08-20,together,H100,us-central-6,on_demand,unknown,stock_level,0.0
2026-08-20,together,H100,us-east-1,on_demand,unknown,stock_level,0.0
2026-08-20,together,H100,us-east-4,on_demand,unknown,stock_level,0.0
2026-08-20,together,H200,us-central-8,on_demand,available,stock_level,5.0
2026-08-20,together,H100,global,on_demand,available,regions_with_capacity,1.0
2026-08-20,together,B200,global,on_demand,available,regions_with_capacity,2.0
2026-08-20,together,H200,global,on_demand,available,regions_with_capacity,1.0
2026-08-20,together,GB300,global,on_demand,available,regions_with_capacity,1.0
2026-08-20,verda,RTX6000,FIN-01,on_demand,available,binary,8.0
2026-08-20,verda,H100,FIN-02,on_demand,limited,binary,2.0
2026-08-20,verda,B300,FIN-03,on_demand,limited,binary,2.0
2026-08-20,verda,H200,FIN-03,on_demand,limited,binary,4.0
2026-08-20,verda,RTX6000,FIN-03,on_demand,limited,binary,4.0
2026-08-20,verda,RTX6000,global,on_demand,available,regions_with_capacity,2.0
2026-08-20,verda,H100,global,on_demand,limited,regions_with_capacity,1.0
2026-08-20,verda,B300,global,on_demand,limited,regions_with_capacity,1.0
2026-08-20,verda,H200,global,on_demand,limited,regions_with_capacity,1.0
2026-08-20,verda,L40S,global,on_demand,sold_out,binary,0.0
2026-08-20,verda,B200,global,on_demand,sold_out,binary,0.0
2026-08-20,verda,GB300,global,on_demand,sold_out,binary,0.0
2026-08-20,verda,RTX6000,FIN-01,spot,available,binary,8.0
2026-08-20,verda,RTX6000,global,spot,available,regions_with_capacity,1.0
2026-08-21,lambda,B200,global,on_demand,sold_out,regions_with_capacity,0.0
2026-08-21,lambda,H100,global,on_demand,limited,regions_with_capacity,4.0
2026-08-21,lambda,H100,us-south-2,on_demand,available,regions_with_capacity,1.0
2026-08-21,lambda,H100,us-south-3,on_demand,available,regions_with_capacity,1.0
2026-08-21,lambda,H100,us-southeast-1,on_demand,available,regions_with_capacity,1.0
2026-08-21,lambda,H100,us-west-3,on_demand,available,regions_with_capacity,1.0
2026-08-21,coreweave,GB300,global,on_demand,available,listed_offering,4.0
2026-08-21,coreweave,GB300,CA-EAST-01A,on_demand,available,listed_offering,1.0
2026-08-21,coreweave,GB300,US-CENTRAL-07A,on_demand,available,listed_offering,1.0
2026-08-21,coreweave,GB300,US-CENTRAL-09A,on_demand,available,listed_offering,1.0
2026-08-21,coreweave,GB300,US-WEST-01A,on_demand,available,listed_offering,1.0
2026-08-21,coreweave,GB200,global,on_demand,available,listed_offering,6.0
2026-08-21,coreweave,GB200,CA-EAST-01A,on_demand,available,listed_offering,1.0
2026-08-21,coreweave,GB200,US-EAST-01A,on_demand,available,listed_offering,1.0
2026-08-21,coreweave,GB200,US-EAST-02A,on_demand,available,listed_offering,1.0
2026-08-21,coreweave,GB200,US-EAST-08A,on_demand,available,listed_offering,1.0
2026-08-21,coreweave,GB200,US-EAST-13A,on_demand,available,listed_offering,1.0
2026-08-21,coreweave,GB200,US-WEST-01A,on_demand,available,listed_offering,1.0
2026-08-21,coreweave,B300,global,on_demand,available,listed_offering,4.0
2026-08-21,coreweave,B300,US-CENTRAL-06A,on_demand,available,listed_offering,1.0
2026-08-21,coreweave,B300,US-EAST-13A,on_demand,available,listed_offering,1.0
2026-08-21,coreweave,B300,US-WEST-01A,on_demand,available,listed_offering,1.0
2026-08-21,coreweave,B300,US-WEST-10A,on_demand,available,listed_offering,1.0
2026-08-21,coreweave,B200,global,on_demand,available,listed_offering,5.0
2026-08-21,coreweave,B200,EU-SOUTH-04A,on_demand,available,listed_offering,1.0
2026-08-21,coreweave,B200,US-CENTRAL-07A,on_demand,available,listed_offering,1.0
2026-08-21,coreweave,B200,US-EAST-13A,on_demand,available,listed_offering,1.0
2026-08-21,coreweave,B200,US-EAST-15A,on_demand,available,listed_offering,1.0
2026-08-21,coreweave,B200,US-WEST-09B,on_demand,available,listed_offering,1.0
2026-08-21,coreweave,H200,global,on_demand,available,listed_offering,7.0
2026-08-21,coreweave,H200,EU-SOUTH-03B,on_demand,available,listed_offering,1.0
2026-08-21,coreweave,H200,RNO2A,on_demand,available,listed_offering,1.0
2026-08-21,coreweave,H200,US-EAST-01A,on_demand,available,listed_offering,1.0
2026-08-21,coreweave,H200,US-EAST-02A,on_demand,available,listed_offering,1.0
2026-08-21,coreweave,H200,US-EAST-04A,on_demand,available,listed_offering,1.0
2026-08-21,coreweave,H200,US-EAST-08A,on_demand,available,listed_offering,1.0
2026-08-21,coreweave,H200,US-WEST-04A,on_demand,available,listed_offering,1.0
2026-08-21,coreweave,H100,global,on_demand,available,listed_offering,10.0
2026-08-21,coreweave,H100,RNO2A,on_demand,available,listed_offering,1.0
2026-08-21,coreweave,H100,US-CENTRAL-06A,on_demand,available,listed_offering,1.0
2026-08-21,coreweave,H100,US-EAST-01A,on_demand,available,listed_offering,1.0
2026-08-21,coreweave,H100,US-EAST-02A,on_demand,available,listed_offering,1.0
2026-08-21,coreweave,H100,US-EAST-04A,on_demand,available,listed_offering,1.0
2026-08-21,coreweave,H100,US-EAST-06A,on_demand,available,listed_offering,1.0
2026-08-21,coreweave,H100,US-WEST-01A,on_demand,available,listed_offering,1.0
2026-08-21,coreweave,H100,US-WEST-02B,on_demand,available,listed_offering,1.0
2026-08-21,coreweave,H100,US-WEST-04A,on_demand,available,listed_offering,1.0
2026-08-21,coreweave,H100,US-WEST-09B,on_demand,available,listed_offering,1.0
2026-08-21,coreweave,RTX6000,global,on_demand,available,listed_offering,11.0
2026-08-21,coreweave,RTX6000,EU-SOUTH-04A,on_demand,available,listed_offering,1.0
2026-08-21,coreweave,RTX6000,US-EAST-01A,on_demand,available,listed_offering,1.0
2026-08-21,coreweave,RTX6000,US-EAST-04A,on_demand,available,listed_offering,1.0
2026-08-21,coreweave,RTX6000,US-EAST-06A,on_demand,available,listed_offering,1.0
2026-08-21,coreweave,RTX6000,US-EAST-13A,on_demand,available,listed_offering,1.0
2026-08-21,coreweave,RTX6000,US-EAST-14A,on_demand,available,listed_offering,1.0
2026-08-21,coreweave,RTX6000,US-EAST-15A,on_demand,available,listed_offering,1.0
2026-08-21,coreweave,RTX6000,US-WEST-01A,on_demand,available,listed_offering,1.0
2026-08-21,coreweave,RTX6000,US-WEST-04A,on_demand,available,listed_offering,1.0
2026-08-21,coreweave,RTX6000,US-WEST-09B,on_demand,available,listed_offering,1.0
2026-08-21,coreweave,RTX6000,US-WEST-10A,on_demand,available,listed_offering,1.0
2026-08-21,coreweave,L40S,global,on_demand,limited,listed_offering,1.0
2026-08-21,coreweave,L40S,US-EAST-04A,on_demand,available,listed_offering,1.0
2026-08-21,gcp,B200,global,on_demand,available,listed_offering,11.0
2026-08-21,gcp,B200,asia-northeast1,on_demand,available,listed_offering,1.0
2026-08-21,gcp,B200,asia-southeast1,on_demand,available,listed_offering,1.0
2026-08-21,gcp,B200,europe-north1,on_demand,available,listed_offering,1.0
2026-08-21,gcp,B200,europe-west4,on_demand,available,listed_offering,1.0
2026-08-21,gcp,B200,us-central1,on_demand,available,listed_offering,1.0
2026-08-21,gcp,B200,us-east1,on_demand,available,listed_offering,1.0
2026-08-21,gcp,B200,us-east4,on_demand,available,listed_offering,1.0
2026-08-21,gcp,B200,us-south1,on_demand,available,listed_offering,1.0
2026-08-21,gcp,B200,us-west2,on_demand,available,listed_offering,1.0
2026-08-21,gcp,B200,us-west3,on_demand,available,listed_offering,2.0
2026-08-21,gcp,GB200,global,on_demand,available,listed_offering,5.0
2026-08-21,gcp,GB200,europe-west4,on_demand,available,listed_offering,1.0
2026-08-21,gcp,GB200,us-central1,on_demand,available,listed_offering,2.0
2026-08-21,gcp,GB200,us-east1,on_demand,available,listed_offering,1.0
2026-08-21,gcp,GB200,us-east4,on_demand,available,listed_offering,1.0
2026-08-21,gcp,GB300,global,on_demand,available,listed_offering,5.0
2026-08-21,gcp,GB300,us-central1,on_demand,available,listed_offering,1.0
2026-08-21,gcp,GB300,us-east4,on_demand,available,listed_offering,2.0
2026-08-21,gcp,GB300,us-east5,on_demand,available,listed_offering,2.0
2026-08-21,gcp,H100,global,on_demand,available,listed_offering,23.0
2026-08-21,gcp,H100,asia-east1,on_demand,available,listed_offering,1.0
2026-08-21,gcp,H100,asia-northeast1,on_demand,available,listed_offering,1.0
2026-08-21,gcp,H100,asia-northeast3,on_demand,available,listed_offering,1.0
2026-08-21,gcp,H100,asia-south1,on_demand,available,listed_offering,1.0
2026-08-21,gcp,H100,asia-southeast1,on_demand,available,listed_offering,2.0
2026-08-21,gcp,H100,australia-southeast1,on_demand,available,listed_offering,1.0
2026-08-21,gcp,H100,europe-west1,on_demand,available,listed_offering,2.0
2026-08-21,gcp,H100,europe-west3,on_demand,available,listed_offering,1.0
2026-08-21,gcp,H100,europe-west4,on_demand,available,listed_offering,2.0
2026-08-21,gcp,H100,northamerica-northeast2,on_demand,available,listed_offering,1.0
2026-08-21,gcp,H100,us-central1,on_demand,available,listed_offering,3.0
2026-08-21,gcp,H100,us-east4,on_demand,available,listed_offering,3.0
2026-08-21,gcp,H100,us-east5,on_demand,available,listed_offering,1.0
2026-08-21,gcp,H100,us-west1,on_demand,available,listed_offering,2.0
2026-08-21,gcp,H100,us-west4,on_demand,available,listed_offering,1.0
2026-08-21,gcp,H200,global,on_demand,available,listed_offering,8.0
2026-08-21,gcp,H200,asia-south1,on_demand,available,listed_offering,1.0
2026-08-21,gcp,H200,asia-south2,on_demand,available,listed_offering,1.0
2026-08-21,gcp,H200,europe-west1,on_demand,available,listed_offering,1.0
2026-08-21,gcp,H200,europe-west4,on_demand,available,listed_offering,1.0
2026-08-21,gcp,H200,us-central1,on_demand,available,listed_offering,1.0
2026-08-21,gcp,H200,us-east4,on_demand,available,listed_offering,1.0
2026-08-21,gcp,H200,us-south1,on_demand,available,listed_offering,1.0
2026-08-21,gcp,H200,us-west1,on_demand,available,listed_offering,1.0
2026-08-21,gcp,RTX6000,global,on_demand,available,listed_offering,39.0
2026-08-21,gcp,RTX6000,asia-east1,on_demand,available,listed_offering,1.0
2026-08-21,gcp,RTX6000,asia-south1,on_demand,available,listed_offering,1.0
2026-08-21,gcp,RTX6000,asia-south2,on_demand,available,listed_offering,2.0
2026-08-21,gcp,RTX6000,asia-southeast1,on_demand,available,listed_offering,2.0
2026-08-21,gcp,RTX6000,asia-southeast2,on_demand,available,listed_offering,2.0
2026-08-21,gcp,RTX6000,europe-north1,on_demand,available,listed_offering,3.0
2026-08-21,gcp,RTX6000,europe-west1,on_demand,available,listed_offering,1.0
2026-08-21,gcp,RTX6000,europe-west10,on_demand,available,listed_offering,1.0
2026-08-21,gcp,RTX6000,europe-west2,on_demand,available,listed_offering,2.0
2026-08-21,gcp,RTX6000,europe-west4,on_demand,available,listed_offering,3.0
2026-08-21,gcp,RTX6000,europe-west8,on_demand,available,listed_offering,2.0
2026-08-21,gcp,RTX6000,me-central2,on_demand,available,listed_offering,1.0
2026-08-21,gcp,RTX6000,us-central1,on_demand,available,listed_offering,3.0
2026-08-21,gcp,RTX6000,us-east1,on_demand,available,listed_offering,2.0
2026-08-21,gcp,RTX6000,us-east4,on_demand,available,listed_offering,2.0
2026-08-21,gcp,RTX6000,us-east5,on_demand,available,listed_offering,3.0
2026-08-21,gcp,RTX6000,us-south1,on_demand,available,listed_offering,2.0
2026-08-21,gcp,RTX6000,us-west1,on_demand,available,listed_offering,3.0
2026-08-21,gcp,RTX6000,us-west3,on_demand,available,listed_offering,1.0
2026-08-21,gcp,RTX6000,us-west4,on_demand,available,listed_offering,2.0
2026-08-21,azure,H100,global,on_demand,available,listed_offering,24.0
2026-08-21,azure,H100,global,spot,available,listed_offering,24.0
2026-08-21,azure,H200,global,on_demand,available,listed_offering,31.0
2026-08-21,azure,H200,global,spot,available,listed_offering,31.0
2026-08-21,azure,GB200,global,on_demand,available,listed_offering,19.0
2026-08-21,azure,GB200,global,spot,available,listed_offering,19.0
2026-08-21,aws,L40S,me-central-1,spot,available,stock_status_label,0.0
2026-08-21,aws,H100,ap-southeast-3,spot,available,stock_status_label,0.0
2026-08-21,aws,H200,ap-southeast-3,spot,available,stock_status_label,0.0
2026-08-21,aws,H200,eu-south-2,spot,available,stock_status_label,1.0
2026-08-21,aws,L40S,eu-south-2,spot,available,stock_status_label,0.0
2026-08-21,aws,H100,us-west-1,spot,available,stock_status_label,0.0
2026-08-21,aws,H200,us-west-1,spot,available,stock_status_label,0.0
2026-08-21,aws,H100,eu-north-1,spot,available,stock_status_label,0.0
2026-08-21,aws,H200,eu-north-1,spot,available,stock_status_label,0.0
2026-08-21,aws,L40S,eu-north-1,spot,available,stock_status_label,3.0
2026-08-21,aws,H100,ca-central-1,spot,available,stock_status_label,0.0
2026-08-21,aws,H100,eu-west-2,spot,available,stock_status_label,1.0
2026-08-21,aws,H100,sa-east-1,spot,available,stock_status_label,0.0
2026-08-21,aws,H100,ap-south-1,spot,available,stock_status_label,0.0
2026-08-21,aws,H200,ap-south-1,spot,available,stock_status_label,0.0
2026-08-21,aws,H200,ap-northeast-2,spot,available,stock_status_label,0.0
2026-08-21,aws,L40S,ap-northeast-2,spot,available,stock_status_label,2.0
2026-08-21,aws,H100,us-east-2,spot,available,stock_status_label,2.0
2026-08-21,aws,H200,us-east-2,spot,available,stock_status_label,1.0
2026-08-21,aws,B200,us-east-2,spot,available,stock_status_label,1.0
2026-08-21,aws,L40S,us-east-2,spot,available,stock_status_label,1.0
2026-08-21,aws,L40S,eu-central-1,spot,limited,stock_status_label,4.0
2026-08-21,aws,H100,ap-southeast-2,spot,available,stock_status_label,0.0
2026-08-21,aws,H100,ap-northeast-1,spot,available,stock_status_label,0.0
2026-08-21,aws,H200,ap-northeast-1,spot,available,stock_status_label,0.0
2026-08-21,aws,L40S,ap-northeast-1,spot,limited,stock_status_label,4.0
2026-08-21,aws,H100,us-west-2,spot,available,stock_status_label,0.0
2026-08-21,aws,H200,us-west-2,spot,available,stock_status_label,0.0
2026-08-21,aws,B200,us-west-2,spot,available,stock_status_label,2.0
2026-08-21,aws,B300,us-west-2,spot,available,stock_status_label,0.0
2026-08-21,aws,L40S,us-west-2,spot,available,stock_status_label,0.0
2026-08-21,aws,H100,us-east-1,spot,available,stock_status_label,0.0
2026-08-21,aws,H200,us-east-1,spot,available,stock_status_label,0.0
2026-08-21,aws,B200,us-east-1,spot,available,stock_status_label,2.0
2026-08-21,aws,L40S,us-east-1,spot,available,stock_status_label,2.0
2026-08-21,aws,L40S,global,spot,available,regions_with_capacity,9.0
2026-08-21,aws,B300,global,spot,available,regions_with_capacity,1.0
2026-08-21,aws,H200,global,spot,available,regions_with_capacity,10.0
2026-08-21,aws,H100,global,spot,available,regions_with_capacity,12.0
2026-08-21,aws,B200,global,spot,available,regions_with_capacity,3.0
2026-08-21,crusoe,B200,global,on_demand,available,listed_offering,3.0
2026-08-21,crusoe,B300,global,on_demand,limited,listed_offering,1.0
2026-08-21,crusoe,GB200,global,on_demand,limited,listed_offering,1.0
2026-08-21,crusoe,H100,global,on_demand,available,listed_offering,3.0
2026-08-21,crusoe,H200,global,on_demand,limited,listed_offering,1.0
2026-08-21,crusoe,L40S,global,on_demand,available,listed_offering,2.0
2026-08-21,runpod,B200,global,on_demand,limited,stock_status_label,0.0
2026-08-21,runpod,B300,global,on_demand,sold_out,stock_status_label,0.0
2026-08-21,runpod,H100,global,on_demand,limited,stock_status_label,0.0
2026-08-21,runpod,H100,global,on_demand,limited,stock_status_label,0.0
2026-08-21,runpod,H100,global,on_demand,sold_out,stock_status_label,0.0
2026-08-21,runpod,H200,global,on_demand,limited,stock_status_label,1.0
2026-08-21,runpod,H200,global,on_demand,sold_out,stock_status_label,0.0
2026-08-21,runpod,L40S,global,on_demand,limited,stock_status_label,0.0
2026-08-21,runpod,RTX6000,global,on_demand,sold_out,stock_status_label,0.0
2026-08-21,runpod,RTX6000,global,on_demand,limited,stock_status_label,0.0
2026-08-21,runpod,RTX6000,global,on_demand,sold_out,stock_status_label,0.0
2026-08-21,runpod,H100,AP-IN-1,on_demand,available,stock_status_label,1.0
2026-08-21,runpod,H100,AP-IN-2,on_demand,sold_out,stock_status_label,0.0
2026-08-21,runpod,H200,AP-JP-1,on_demand,available,stock_status_label,1.0
2026-08-21,runpod,H100,AP-JP-1,on_demand,sold_out,stock_status_label,0.0
2026-08-21,runpod,H100,CA-MTL-1,on_demand,available,stock_status_label,1.0
2026-08-21,runpod,RTX6000,CA-MTL-3,on_demand,sold_out,stock_status_label,0.0
2026-08-21,runpod,H200,CA-MTL-3,on_demand,available,stock_status_label,1.0
2026-08-21,runpod,H200,CA-MTL-4,on_demand,available,stock_status_label,1.0
2026-08-21,runpod,RTX6000,EU-CZ-1,on_demand,sold_out,stock_status_label,0.0
2026-08-21,runpod,RTX6000,EU-CZ-1,on_demand,sold_out,stock_status_label,0.0
2026-08-21,runpod,H200,EU-FR-1,on_demand,available,stock_status_label,1.0
2026-08-21,runpod,H100,EU-FR-1,on_demand,sold_out,stock_status_label,0.0
2026-08-21,runpod,B300,EU-NL-1,on_demand,available,stock_status_label,1.0
2026-08-21,runpod,L40S,EU-NL-1,on_demand,sold_out,stock_status_label,0.0
2026-08-21,runpod,H100,EU-NL-1,on_demand,sold_out,stock_status_label,0.0
2026-08-21,runpod,RTX6000,EU-NL-1,on_demand,sold_out,stock_status_label,0.0
2026-08-21,runpod,RTX6000,EU-RO-1,on_demand,sold_out,stock_status_label,0.0
2026-08-21,runpod,B200,EU-RO-1,on_demand,available,stock_status_label,1.0
2026-08-21,runpod,RTX6000,EU-RO-1,on_demand,available,stock_status_label,1.0
2026-08-21,runpod,RTX6000,EUR-IS-1,on_demand,sold_out,stock_status_label,0.0
2026-08-21,runpod,B300,EUR-IS-1,on_demand,available,stock_status_label,1.0
2026-08-21,runpod,RTX6000,EUR-IS-1,on_demand,sold_out,stock_status_label,0.0
2026-08-21,runpod,RTX6000,EUR-IS-2,on_demand,sold_out,stock_status_label,0.0
2026-08-21,runpod,H200,EUR-IS-2,on_demand,available,stock_status_label,1.0
2026-08-21,runpod,L40S,EUR-IS-2,on_demand,sold_out,stock_status_label,0.0
2026-08-21,runpod,H100,EUR-IS-3,on_demand,available,stock_status_label,1.0
2026-08-21,runpod,H200,EUR-IS-4,on_demand,available,stock_status_label,1.0
2026-08-21,runpod,H200,EUR-IS-5,on_demand,available,stock_status_label,1.0
2026-08-21,runpod,H100,EUR-NO-2,on_demand,available,stock_status_label,1.0
2026-08-21,runpod,L40S,OC-AU-1,on_demand,available,stock_status_label,1.0
2026-08-21,runpod,H100,US-CA-2,on_demand,sold_out,stock_status_label,0.0
2026-08-21,runpod,B200,US-CA-2,on_demand,sold_out,stock_status_label,0.0
2026-08-21,runpod,H200,US-CA-2,on_demand,available,stock_status_label,1.0
2026-08-21,runpod,H100,US-CA-2,on_demand,sold_out,stock_status_label,0.0
2026-08-21,runpod,RTX6000,US-CA-2,on_demand,sold_out,stock_status_label,0.0
2026-08-21,runpod,H200,US-CO-1,on_demand,sold_out,stock_status_label,0.0
2026-08-21,runpod,H200,US-GA-2,on_demand,available,stock_status_label,1.0
2026-08-21,runpod,H100,US-GA-2,on_demand,available,stock_status_label,1.0
2026-08-21,runpod,H100,US-GA-2,on_demand,sold_out,stock_status_label,0.0
2026-08-21,runpod,L40S,US-IL-1,on_demand,sold_out,stock_status_label,0.0
2026-08-21,runpod,H100,US-KS-2,on_demand,sold_out,stock_status_label,0.0
2026-08-21,runpod,H100,US-KS-2,on_demand,available,stock_status_label,1.0
2026-08-21,runpod,H100,US-KS-2,on_demand,sold_out,stock_status_label,0.0
2026-08-21,runpod,RTX6000,US-KS-2,on_demand,sold_out,stock_status_label,0.0
2026-08-21,runpod,H200,US-MD-1,on_demand,sold_out,stock_status_label,0.0
2026-08-21,runpod,L40S,US-MO-1,on_demand,sold_out,stock_status_label,0.0
2026-08-21,runpod,H100,US-MO-1,on_demand,available,stock_status_label,1.0
2026-08-21,runpod,RTX6000,US-MO-2,on_demand,sold_out,stock_status_label,0.0
2026-08-21,runpod,RTX6000,US-NC-1,on_demand,sold_out,stock_status_label,0.0
2026-08-21,runpod,H200,US-NC-1,on_demand,available,stock_status_label,1.0
2026-08-21,runpod,L40S,US-NC-1,on_demand,available,stock_status_label,1.0
2026-08-21,runpod,RTX6000,US-NC-2,on_demand,available,stock_status_label,1.0
2026-08-21,runpod,B200,US-NC-2,on_demand,sold_out,stock_status_label,0.0
2026-08-21,runpod,RTX6000,US-NE-1,on_demand,sold_out,stock_status_label,0.0
2026-08-21,runpod,H100,US-NE-1,on_demand,available,stock_status_label,1.0
2026-08-21,runpod,B200,US-NE-1,on_demand,sold_out,stock_status_label,0.0
2026-08-21,runpod,RTX6000,US-PA-1,on_demand,sold_out,stock_status_label,0.0
2026-08-21,runpod,H200,US-PA-1,on_demand,sold_out,stock_status_label,0.0
2026-08-21,runpod,L40S,US-TX-3,on_demand,available,stock_status_label,1.0
2026-08-21,runpod,L40S,US-TX-4,on_demand,available,stock_status_label,1.0
2026-08-21,runpod,B200,US-TX-6,on_demand,sold_out,stock_status_label,0.0
2026-08-21,runpod,B300,US-WA-2,on_demand,sold_out,stock_status_label,0.0
2026-08-21,vast,H100,global,on_demand,available,offer_depth_gpus,81.0
2026-08-21,vast,H200,global,on_demand,available,offer_depth_gpus,138.0
2026-08-21,vast,B200,global,on_demand,available,offer_depth_gpus,89.0
2026-08-21,vast,B300,global,on_demand,available,offer_depth_gpus,29.0
2026-08-21,vast,GB200,global,on_demand,not_offered,offer_depth_gpus,0.0
2026-08-21,vast,L40S,global,on_demand,available,offer_depth_gpus,78.0
2026-08-21,vast,RTX6000,global,on_demand,available,offer_depth_gpus,96.0
2026-08-21,scaleway,B300,fr-par-2,on_demand,sold_out,stock_status_label,0.0
2026-08-21,scaleway,H100,fr-par-2,on_demand,available,stock_status_label,2.0
2026-08-21,scaleway,H100,pl-waw-2,on_demand,limited,stock_status_label,1.0
2026-08-21,scaleway,L40S,fr-par-2,on_demand,limited,stock_status_label,1.0
2026-08-21,scaleway,L40S,pl-waw-2,on_demand,limited,stock_status_label,1.0
2026-08-21,scaleway,B300,global,on_demand,sold_out,regions_with_capacity,0.0
2026-08-21,scaleway,H100,global,on_demand,available,regions_with_capacity,2.0
2026-08-21,scaleway,L40S,global,on_demand,limited,regions_with_capacity,2.0
2026-08-21,voltage_park,H100,global,on_demand,sold_out,stock_level,0.0
2026-08-21,gmi,GB200,global,on_demand,available,stock_status_label,2.0
2026-08-21,gmi,GB300,global,on_demand,limited,stock_status_label,1.0
2026-08-21,gmi,H100,global,on_demand,available,stock_status_label,2.0
2026-08-21,gmi,H200,global,on_demand,available,stock_status_label,2.0
2026-08-21,gmi,B200,global,on_demand,limited,stock_status_label,1.0
2026-08-21,sfcompute,H100,global,reserved_short,available,clearing_price_usd,2.16
2026-08-21,sfcompute,H200,global,reserved_short,unknown,clearing_price_usd,
2026-08-21,sfcompute,B200,global,reserved_short,unknown,clearing_price_usd,
2026-08-21,crusoe,L40S,global,on_demand,available,regions_with_capacity,2.0
2026-08-21,hyperstack,H100,global,on_demand,limited,regions_with_capacity,1.0
2026-08-21,hyperstack,RTX6000,global,on_demand,sold_out,regions_with_capacity,0.0
2026-08-21,lambda,B200,global,on_demand,sold_out,regions_with_capacity,0.0
2026-08-21,lambda,H100,global,on_demand,available,regions_with_capacity,4.0
2026-08-21,nebius,H100,global,on_demand,sold_out,regions_with_capacity,0.0
2026-08-21,nebius,H200,global,on_demand,sold_out,regions_with_capacity,0.0
2026-08-21,scaleway,B300,global,on_demand,sold_out,regions_with_capacity,0.0
2026-08-21,scaleway,H100,global,on_demand,available,regions_with_capacity,2.0
2026-08-21,scaleway,L40S,global,on_demand,available,regions_with_capacity,1.0
2026-08-21,verda,B200,global,on_demand,sold_out,regions_with_capacity,0.0
2026-08-21,verda,B300,global,on_demand,sold_out,regions_with_capacity,0.0
2026-08-21,verda,H100,global,on_demand,sold_out,regions_with_capacity,0.0
2026-08-21,verda,H200,global,on_demand,available,regions_with_capacity,1.0
2026-08-21,verda,L40S,global,on_demand,sold_out,regions_with_capacity,0.0
2026-08-21,verda,RTX6000,global,on_demand,limited,regions_with_capacity,1.0
2026-08-21,voltage_park,H100,global,on_demand,sold_out,regions_with_capacity,0.0
2026-08-21,nebius,B200,global,on_demand,available,listed_offering,2.0
2026-08-21,nebius,B200,me-west1,on_demand,available,listed_offering,1.0
2026-08-21,nebius,B200,us-central1,on_demand,available,listed_offering,1.0
2026-08-21,nebius,B300,global,on_demand,available,listed_offering,3.0
2026-08-21,nebius,B300,eu-west2,on_demand,available,listed_offering,1.0
2026-08-21,nebius,B300,uk-south1,on_demand,available,listed_offering,1.0
2026-08-21,nebius,B300,us-north1,on_demand,available,listed_offering,1.0
2026-08-21,nebius,H100,global,on_demand,available,listed_offering,1.0
2026-08-21,nebius,H100,eu-north1,on_demand,available,listed_offering,1.0
2026-08-21,nebius,H200,global,on_demand,available,listed_offering,4.0
2026-08-21,nebius,H200,eu-north1,on_demand,available,listed_offering,1.0
2026-08-21,nebius,H200,eu-north2,on_demand,available,listed_offering,1.0
2026-08-21,nebius,H200,eu-west1,on_demand,available,listed_offering,1.0
2026-08-21,nebius,H200,us-central1,on_demand,available,listed_offering,1.0
2026-08-21,nebius,L40S,global,on_demand,available,listed_offering,1.0
2026-08-21,nebius,L40S,eu-north1,on_demand,available,listed_offering,1.0
2026-08-21,nebius,RTX6000,global,on_demand,available,listed_offering,1.0
2026-08-21,nebius,RTX6000,us-central1,on_demand,available,listed_offering,1.0
2026-08-21,hyperstack,B200,CANADA-1,on_demand,sold_out,stock_level,0.0
2026-08-21,hyperstack,L40S,CANADA-1,on_demand,available,stock_level,10.0
2026-08-21,hyperstack,L40S,CANADA-1,on_demand,limited,stock_level,5.0
2026-08-21,hyperstack,H100,CANADA-1,on_demand,available,stock_level,100.0
2026-08-21,hyperstack,H200,CANADA-1,on_demand,sold_out,stock_level,0.0
2026-08-21,hyperstack,H100,CANADA-1,on_demand,available,stock_level,75.0
2026-08-21,hyperstack,H100,CANADA-1,on_demand,limited,stock_level,4.0
2026-08-21,hyperstack,H100,CANADA-1,on_demand,sold_out,stock_level,0.0
2026-08-21,hyperstack,H100,CANADA-1,on_demand,limited,stock_level,8.0
2026-08-21,hyperstack,B200,global,on_demand,sold_out,stock_level,0.0
2026-08-21,hyperstack,L40S,global,on_demand,available,stock_level,10.0
2026-08-21,hyperstack,H100,global,on_demand,available,stock_level,100.0
2026-08-21,hyperstack,H200,global,on_demand,sold_out,stock_level,0.0
2026-08-21,together,B200,ca-west-1,on_demand,available,stock_level,5.0
2026-08-21,together,B200,us-east-3,on_demand,available,stock_level,5.0
2026-08-21,together,B200,us-west-3,on_demand,unknown,stock_level,0.0
2026-08-21,together,GB300,us-south-3,on_demand,available,stock_level,5.0
2026-08-21,together,H100,ca-east-1,on_demand,unknown,stock_level,0.0
2026-08-21,together,H100,eu-central-1,on_demand,unknown,stock_level,0.0
2026-08-21,together,H100,eu-north-1,on_demand,unknown,stock_level,0.0
2026-08-21,together,H100,eu-west-1,on_demand,available,stock_level,5.0
2026-08-21,together,H100,us-central-4,on_demand,unknown,stock_level,0.0
2026-08-21,together,H100,us-central-5,on_demand,unknown,stock_level,0.0
2026-08-21,together,H100,us-central-6,on_demand,unknown,stock_level,0.0
2026-08-21,together,H100,us-east-1,on_demand,unknown,stock_level,0.0
2026-08-21,together,H100,us-east-4,on_demand,unknown,stock_level,0.0
2026-08-21,together,H200,us-central-8,on_demand,available,stock_level,5.0
2026-08-21,together,GB300,global,on_demand,available,regions_with_capacity,1.0
2026-08-21,together,H200,global,on_demand,available,regions_with_capacity,1.0
2026-08-21,together,H100,global,on_demand,available,regions_with_capacity,1.0
2026-08-21,together,B200,global,on_demand,available,regions_with_capacity,2.0
2026-08-21,verda,RTX6000,FIN-01,on_demand,limited,binary,4.0
2026-08-21,verda,H200,FIN-03,on_demand,limited,binary,1.0
2026-08-21,verda,H100,FIN-03,on_demand,limited,binary,1.0
2026-08-21,verda,RTX6000,global,on_demand,limited,regions_with_capacity,1.0
2026-08-21,verda,H200,global,on_demand,limited,regions_with_capacity,1.0
2026-08-21,verda,H100,global,on_demand,limited,regions_with_capacity,1.0
2026-08-21,verda,GB300,global,on_demand,sold_out,binary,0.0
2026-08-21,verda,B300,global,on_demand,sold_out,binary,0.0
2026-08-21,verda,L40S,global,on_demand,sold_out,binary,0.0
2026-08-21,verda,B200,global,on_demand,sold_out,binary,0.0
2026-08-21,verda,RTX6000,FIN-01,spot,limited,binary,4.0
2026-08-21,verda,RTX6000,FIN-02,spot,available,binary,8.0
2026-08-21,verda,RTX6000,global,spot,available,regions_with_capacity,2.0
2026-08-22,lambda,B200,global,on_demand,sold_out,regions_with_capacity,0.0
2026-08-22,lambda,H100,global,on_demand,limited,regions_with_capacity,4.0
2026-08-22,lambda,H100,us-south-2,on_demand,available,regions_with_capacity,1.0
2026-08-22,lambda,H100,us-south-3,on_demand,available,regions_with_capacity,1.0
2026-08-22,lambda,H100,us-southeast-1,on_demand,available,regions_with_capacity,1.0
2026-08-22,lambda,H100,us-west-3,on_demand,available,regions_with_capacity,1.0
2026-08-22,coreweave,GB300,global,on_demand,available,listed_offering,4.0
2026-08-22,coreweave,GB300,CA-EAST-01A,on_demand,available,listed_offering,1.0
2026-08-22,coreweave,GB300,US-CENTRAL-07A,on_demand,available,listed_offering,1.0
2026-08-22,coreweave,GB300,US-CENTRAL-09A,on_demand,available,listed_offering,1.0
2026-08-22,coreweave,GB300,US-WEST-01A,on_demand,available,listed_offering,1.0
2026-08-22,coreweave,GB200,global,on_demand,available,listed_offering,6.0
2026-08-22,coreweave,GB200,CA-EAST-01A,on_demand,available,listed_offering,1.0
2026-08-22,coreweave,GB200,US-EAST-01A,on_demand,available,listed_offering,1.0
2026-08-22,coreweave,GB200,US-EAST-02A,on_demand,available,listed_offering,1.0
2026-08-22,coreweave,GB200,US-EAST-08A,on_demand,available,listed_offering,1.0
2026-08-22,coreweave,GB200,US-EAST-13A,on_demand,available,listed_offering,1.0
2026-08-22,coreweave,GB200,US-WEST-01A,on_demand,available,listed_offering,1.0
2026-08-22,coreweave,B300,global,on_demand,available,listed_offering,4.0
2026-08-22,coreweave,B300,US-CENTRAL-06A,on_demand,available,listed_offering,1.0
2026-08-22,coreweave,B300,US-EAST-13A,on_demand,available,listed_offering,1.0
2026-08-22,coreweave,B300,US-WEST-01A,on_demand,available,listed_offering,1.0
2026-08-22,coreweave,B300,US-WEST-10A,on_demand,available,listed_offering,1.0
2026-08-22,coreweave,B200,global,on_demand,available,listed_offering,5.0
2026-08-22,coreweave,B200,EU-SOUTH-04A,on_demand,available,listed_offering,1.0
2026-08-22,coreweave,B200,US-CENTRAL-07A,on_demand,available,listed_offering,1.0
2026-08-22,coreweave,B200,US-EAST-13A,on_demand,available,listed_offering,1.0
2026-08-22,coreweave,B200,US-EAST-15A,on_demand,available,listed_offering,1.0
2026-08-22,coreweave,B200,US-WEST-09B,on_demand,available,listed_offering,1.0
2026-08-22,coreweave,H200,global,on_demand,available,listed_offering,7.0
2026-08-22,coreweave,H200,EU-SOUTH-03B,on_demand,available,listed_offering,1.0
2026-08-22,coreweave,H200,RNO2A,on_demand,available,listed_offering,1.0
2026-08-22,coreweave,H200,US-EAST-01A,on_demand,available,listed_offering,1.0
2026-08-22,coreweave,H200,US-EAST-02A,on_demand,available,listed_offering,1.0
2026-08-22,coreweave,H200,US-EAST-04A,on_demand,available,listed_offering,1.0
2026-08-22,coreweave,H200,US-EAST-08A,on_demand,available,listed_offering,1.0
2026-08-22,coreweave,H200,US-WEST-04A,on_demand,available,listed_offering,1.0
2026-08-22,coreweave,H100,global,on_demand,available,listed_offering,10.0
2026-08-22,coreweave,H100,RNO2A,on_demand,available,listed_offering,1.0
2026-08-22,coreweave,H100,US-CENTRAL-06A,on_demand,available,listed_offering,1.0
2026-08-22,coreweave,H100,US-EAST-01A,on_demand,available,listed_offering,1.0
2026-08-22,coreweave,H100,US-EAST-02A,on_demand,available,listed_offering,1.0
2026-08-22,coreweave,H100,US-EAST-04A,on_demand,available,listed_offering,1.0
2026-08-22,coreweave,H100,US-EAST-06A,on_demand,available,listed_offering,1.0
2026-08-22,coreweave,H100,US-WEST-01A,on_demand,available,listed_offering,1.0
2026-08-22,coreweave,H100,US-WEST-02B,on_demand,available,listed_offering,1.0
2026-08-22,coreweave,H100,US-WEST-04A,on_demand,available,listed_offering,1.0
2026-08-22,coreweave,H100,US-WEST-09B,on_demand,available,listed_offering,1.0
2026-08-22,coreweave,RTX6000,global,on_demand,available,listed_offering,11.0
2026-08-22,coreweave,RTX6000,EU-SOUTH-04A,on_demand,available,listed_offering,1.0
2026-08-22,coreweave,RTX6000,US-EAST-01A,on_demand,available,listed_offering,1.0
2026-08-22,coreweave,RTX6000,US-EAST-04A,on_demand,available,listed_offering,1.0
2026-08-22,coreweave,RTX6000,US-EAST-06A,on_demand,available,listed_offering,1.0
2026-08-22,coreweave,RTX6000,US-EAST-13A,on_demand,available,listed_offering,1.0
2026-08-22,coreweave,RTX6000,US-EAST-14A,on_demand,available,listed_offering,1.0
2026-08-22,coreweave,RTX6000,US-EAST-15A,on_demand,available,listed_offering,1.0
2026-08-22,coreweave,RTX6000,US-WEST-01A,on_demand,available,listed_offering,1.0
2026-08-22,coreweave,RTX6000,US-WEST-04A,on_demand,available,listed_offering,1.0
2026-08-22,coreweave,RTX6000,US-WEST-09B,on_demand,available,listed_offering,1.0
2026-08-22,coreweave,RTX6000,US-WEST-10A,on_demand,available,listed_offering,1.0
2026-08-22,coreweave,L40S,global,on_demand,limited,listed_offering,1.0
2026-08-22,coreweave,L40S,US-EAST-04A,on_demand,available,listed_offering,1.0
2026-08-22,gcp,B200,global,on_demand,available,listed_offering,11.0
2026-08-22,gcp,B200,asia-northeast1,on_demand,available,listed_offering,1.0
2026-08-22,gcp,B200,asia-southeast1,on_demand,available,listed_offering,1.0
2026-08-22,gcp,B200,europe-north1,on_demand,available,listed_offering,1.0
2026-08-22,gcp,B200,europe-west4,on_demand,available,listed_offering,1.0
2026-08-22,gcp,B200,us-central1,on_demand,available,listed_offering,1.0
2026-08-22,gcp,B200,us-east1,on_demand,available,listed_offering,1.0
2026-08-22,gcp,B200,us-east4,on_demand,available,listed_offering,1.0
2026-08-22,gcp,B200,us-south1,on_demand,available,listed_offering,1.0
2026-08-22,gcp,B200,us-west2,on_demand,available,listed_offering,1.0
2026-08-22,gcp,B200,us-west3,on_demand,available,listed_offering,2.0
2026-08-22,gcp,GB200,global,on_demand,available,listed_offering,5.0
2026-08-22,gcp,GB200,europe-west4,on_demand,available,listed_offering,1.0
2026-08-22,gcp,GB200,us-central1,on_demand,available,listed_offering,2.0
2026-08-22,gcp,GB200,us-east1,on_demand,available,listed_offering,1.0
2026-08-22,gcp,GB200,us-east4,on_demand,available,listed_offering,1.0
2026-08-22,gcp,GB300,global,on_demand,available,listed_offering,5.0
2026-08-22,gcp,GB300,us-central1,on_demand,available,listed_offering,1.0
2026-08-22,gcp,GB300,us-east4,on_demand,available,listed_offering,2.0
2026-08-22,gcp,GB300,us-east5,on_demand,available,listed_offering,2.0
2026-08-22,gcp,H100,global,on_demand,available,listed_offering,23.0
2026-08-22,gcp,H100,asia-east1,on_demand,available,listed_offering,1.0
2026-08-22,gcp,H100,asia-northeast1,on_demand,available,listed_offering,1.0
2026-08-22,gcp,H100,asia-northeast3,on_demand,available,listed_offering,1.0
2026-08-22,gcp,H100,asia-south1,on_demand,available,listed_offering,1.0
2026-08-22,gcp,H100,asia-southeast1,on_demand,available,listed_offering,2.0
2026-08-22,gcp,H100,australia-southeast1,on_demand,available,listed_offering,1.0
2026-08-22,gcp,H100,europe-west1,on_demand,available,listed_offering,2.0
2026-08-22,gcp,H100,europe-west3,on_demand,available,listed_offering,1.0
2026-08-22,gcp,H100,europe-west4,on_demand,available,listed_offering,2.0
2026-08-22,gcp,H100,northamerica-northeast2,on_demand,available,listed_offering,1.0
2026-08-22,gcp,H100,us-central1,on_demand,available,listed_offering,3.0
2026-08-22,gcp,H100,us-east4,on_demand,available,listed_offering,3.0
2026-08-22,gcp,H100,us-east5,on_demand,available,listed_offering,1.0
2026-08-22,gcp,H100,us-west1,on_demand,available,listed_offering,2.0
2026-08-22,gcp,H100,us-west4,on_demand,available,listed_offering,1.0
2026-08-22,gcp,H200,global,on_demand,available,listed_offering,8.0
2026-08-22,gcp,H200,asia-south1,on_demand,available,listed_offering,1.0
2026-08-22,gcp,H200,asia-south2,on_demand,available,listed_offering,1.0
2026-08-22,gcp,H200,europe-west1,on_demand,available,listed_offering,1.0
2026-08-22,gcp,H200,europe-west4,on_demand,available,listed_offering,1.0
2026-08-22,gcp,H200,us-central1,on_demand,available,listed_offering,1.0
2026-08-22,gcp,H200,us-east4,on_demand,available,listed_offering,1.0
2026-08-22,gcp,H200,us-south1,on_demand,available,listed_offering,1.0
2026-08-22,gcp,H200,us-west1,on_demand,available,listed_offering,1.0
2026-08-22,gcp,RTX6000,global,on_demand,available,listed_offering,39.0
2026-08-22,gcp,RTX6000,asia-east1,on_demand,available,listed_offering,1.0
2026-08-22,gcp,RTX6000,asia-south1,on_demand,available,listed_offering,1.0
2026-08-22,gcp,RTX6000,asia-south2,on_demand,available,listed_offering,2.0
2026-08-22,gcp,RTX6000,asia-southeast1,on_demand,available,listed_offering,2.0
2026-08-22,gcp,RTX6000,asia-southeast2,on_demand,available,listed_offering,2.0
2026-08-22,gcp,RTX6000,europe-north1,on_demand,available,listed_offering,3.0
2026-08-22,gcp,RTX6000,europe-west1,on_demand,available,listed_offering,1.0
2026-08-22,gcp,RTX6000,europe-west10,on_demand,available,listed_offering,1.0
2026-08-22,gcp,RTX6000,europe-west2,on_demand,available,listed_offering,2.0
2026-08-22,gcp,RTX6000,europe-west4,on_demand,available,listed_offering,3.0
2026-08-22,gcp,RTX6000,europe-west8,on_demand,available,listed_offering,2.0
2026-08-22,gcp,RTX6000,me-central2,on_demand,available,listed_offering,1.0
2026-08-22,gcp,RTX6000,us-central1,on_demand,available,listed_offering,3.0
2026-08-22,gcp,RTX6000,us-east1,on_demand,available,listed_offering,2.0
2026-08-22,gcp,RTX6000,us-east4,on_demand,available,listed_offering,2.0
2026-08-22,gcp,RTX6000,us-east5,on_demand,available,listed_offering,3.0
2026-08-22,gcp,RTX6000,us-south1,on_demand,available,listed_offering,2.0
2026-08-22,gcp,RTX6000,us-west1,on_demand,available,listed_offering,3.0
2026-08-22,gcp,RTX6000,us-west3,on_demand,available,listed_offering,1.0
2026-08-22,gcp,RTX6000,us-west4,on_demand,available,listed_offering,2.0
2026-08-22,azure,H100,global,on_demand,available,listed_offering,24.0
2026-08-22,azure,H100,global,spot,available,listed_offering,24.0
2026-08-22,azure,H200,global,on_demand,available,listed_offering,31.0
2026-08-22,azure,H200,global,spot,available,listed_offering,31.0
2026-08-22,azure,GB200,global,on_demand,available,listed_offering,19.0
2026-08-22,azure,GB200,global,spot,available,listed_offering,19.0
2026-08-22,aws,L40S,me-central-1,spot,available,stock_status_label,0.0
2026-08-22,aws,H100,ap-southeast-3,spot,available,stock_status_label,0.0
2026-08-22,aws,H200,ap-southeast-3,spot,available,stock_status_label,0.0
2026-08-22,aws,H200,eu-south-2,spot,available,stock_status_label,1.0
2026-08-22,aws,L40S,eu-south-2,spot,available,stock_status_label,0.0
2026-08-22,aws,H100,us-west-1,spot,available,stock_status_label,0.0
2026-08-22,aws,H200,us-west-1,spot,available,stock_status_label,0.0
2026-08-22,aws,H100,eu-north-1,spot,available,stock_status_label,0.0
2026-08-22,aws,H200,eu-north-1,spot,available,stock_status_label,0.0
2026-08-22,aws,L40S,eu-north-1,spot,available,stock_status_label,3.0
2026-08-22,aws,H100,ca-central-1,spot,available,stock_status_label,0.0
2026-08-22,aws,H100,eu-west-2,spot,available,stock_status_label,1.0
2026-08-22,aws,H100,sa-east-1,spot,available,stock_status_label,0.0
2026-08-22,aws,H100,ap-south-1,spot,available,stock_status_label,0.0
2026-08-22,aws,H200,ap-south-1,spot,available,stock_status_label,0.0
2026-08-22,aws,H200,ap-northeast-2,spot,available,stock_status_label,0.0
2026-08-22,aws,L40S,ap-northeast-2,spot,available,stock_status_label,2.0
2026-08-22,aws,H100,us-east-2,spot,available,stock_status_label,2.0
2026-08-22,aws,H200,us-east-2,spot,available,stock_status_label,1.0
2026-08-22,aws,B200,us-east-2,spot,available,stock_status_label,1.0
2026-08-22,aws,L40S,us-east-2,spot,available,stock_status_label,1.0
2026-08-22,aws,L40S,eu-central-1,spot,limited,stock_status_label,4.0
2026-08-22,aws,H100,ap-southeast-2,spot,available,stock_status_label,0.0
2026-08-22,aws,H100,ap-northeast-1,spot,available,stock_status_label,0.0
2026-08-22,aws,H200,ap-northeast-1,spot,available,stock_status_label,0.0
2026-08-22,aws,L40S,ap-northeast-1,spot,limited,stock_status_label,4.0
2026-08-22,aws,H100,us-west-2,spot,available,stock_status_label,0.0
2026-08-22,aws,H200,us-west-2,spot,available,stock_status_label,0.0
2026-08-22,aws,B200,us-west-2,spot,available,stock_status_label,2.0
2026-08-22,aws,B300,us-west-2,spot,available,stock_status_label,0.0
2026-08-22,aws,L40S,us-west-2,spot,available,stock_status_label,0.0
2026-08-22,aws,H100,us-east-1,spot,available,stock_status_label,0.0
2026-08-22,aws,H200,us-east-1,spot,available,stock_status_label,0.0
2026-08-22,aws,B200,us-east-1,spot,available,stock_status_label,2.0
2026-08-22,aws,L40S,us-east-1,spot,available,stock_status_label,2.0
2026-08-22,aws,B200,global,spot,available,regions_with_capacity,3.0
2026-08-22,aws,H200,global,spot,available,regions_with_capacity,10.0
2026-08-22,aws,H100,global,spot,available,regions_with_capacity,12.0
2026-08-22,aws,B300,global,spot,available,regions_with_capacity,1.0
2026-08-22,aws,L40S,global,spot,available,regions_with_capacity,9.0
2026-08-22,crusoe,B200,global,on_demand,available,listed_offering,3.0
2026-08-22,crusoe,B300,global,on_demand,limited,listed_offering,1.0
2026-08-22,crusoe,GB200,global,on_demand,limited,listed_offering,1.0
2026-08-22,crusoe,H100,global,on_demand,available,listed_offering,3.0
2026-08-22,crusoe,H200,global,on_demand,limited,listed_offering,1.0
2026-08-22,crusoe,L40S,global,on_demand,available,listed_offering,2.0
2026-08-22,runpod,B200,global,on_demand,limited,stock_status_label,0.0
2026-08-22,runpod,B300,global,on_demand,limited,stock_status_label,0.0
2026-08-22,runpod,H100,global,on_demand,limited,stock_status_label,1.0
2026-08-22,runpod,H100,global,on_demand,limited,stock_status_label,0.0
2026-08-22,runpod,H100,global,on_demand,sold_out,stock_status_label,0.0
2026-08-22,runpod,H200,global,on_demand,limited,stock_status_label,1.0
2026-08-22,runpod,H200,global,on_demand,limited,stock_status_label,0.0
2026-08-22,runpod,L40S,global,on_demand,limited,stock_status_label,1.0
2026-08-22,runpod,RTX6000,global,on_demand,sold_out,stock_status_label,0.0
2026-08-22,runpod,RTX6000,global,on_demand,limited,stock_status_label,1.0
2026-08-22,runpod,RTX6000,global,on_demand,limited,stock_status_label,0.0
2026-08-22,runpod,H100,AP-IN-1,on_demand,available,stock_status_label,2.0
2026-08-22,runpod,H100,AP-IN-2,on_demand,available,stock_status_label,1.0
2026-08-22,runpod,H200,AP-JP-1,on_demand,available,stock_status_label,1.0
2026-08-22,runpod,H100,AP-JP-1,on_demand,available,stock_status_label,1.0
2026-08-22,runpod,H100,CA-MTL-1,on_demand,available,stock_status_label,1.0
2026-08-22,runpod,RTX6000,CA-MTL-3,on_demand,sold_out,stock_status_label,0.0
2026-08-22,runpod,H200,CA-MTL-3,on_demand,available,stock_status_label,1.0
2026-08-22,runpod,H200,CA-MTL-4,on_demand,sold_out,stock_status_label,0.0
2026-08-22,runpod,RTX6000,EU-CZ-1,on_demand,available,stock_status_label,1.0
2026-08-22,runpod,RTX6000,EU-CZ-1,on_demand,available,stock_status_label,1.0
2026-08-22,runpod,H200,EU-FR-1,on_demand,sold_out,stock_status_label,0.0
2026-08-22,runpod,H100,EU-FR-1,on_demand,available,stock_status_label,1.0
2026-08-22,runpod,B300,EU-NL-1,on_demand,available,stock_status_label,1.0
2026-08-22,runpod,L40S,EU-NL-1,on_demand,available,stock_status_label,1.0
2026-08-22,runpod,H100,EU-NL-1,on_demand,available,stock_status_label,1.0
2026-08-22,runpod,RTX6000,EU-NL-1,on_demand,sold_out,stock_status_label,0.0
2026-08-22,runpod,RTX6000,EU-RO-1,on_demand,available,stock_status_label,1.0
2026-08-22,runpod,B200,EU-RO-1,on_demand,available,stock_status_label,1.0
2026-08-22,runpod,RTX6000,EU-RO-1,on_demand,available,stock_status_label,1.0
2026-08-22,runpod,RTX6000,EUR-IS-1,on_demand,available,stock_status_label,1.0
2026-08-22,runpod,B300,EUR-IS-1,on_demand,available,stock_status_label,1.0
2026-08-22,runpod,RTX6000,EUR-IS-1,on_demand,sold_out,stock_status_label,0.0
2026-08-22,runpod,RTX6000,EUR-IS-2,on_demand,available,stock_status_label,1.0
2026-08-22,runpod,H200,EUR-IS-2,on_demand,sold_out,stock_status_label,0.0
2026-08-22,runpod,L40S,EUR-IS-2,on_demand,sold_out,stock_status_label,0.0
2026-08-22,runpod,H100,EUR-IS-3,on_demand,available,stock_status_label,1.0
2026-08-22,runpod,H200,EUR-IS-4,on_demand,available,stock_status_label,1.0
2026-08-22,runpod,H200,EUR-IS-5,on_demand,available,stock_status_label,1.0
2026-08-22,runpod,H100,EUR-NO-2,on_demand,available,stock_status_label,1.0
2026-08-22,runpod,L40S,OC-AU-1,on_demand,available,stock_status_label,1.0
2026-08-22,runpod,H100,US-CA-2,on_demand,available,stock_status_label,1.0
2026-08-22,runpod,B200,US-CA-2,on_demand,available,stock_status_label,1.0
2026-08-22,runpod,H200,US-CA-2,on_demand,available,stock_status_label,1.0
2026-08-22,runpod,H100,US-CA-2,on_demand,available,stock_status_label,1.0
2026-08-22,runpod,RTX6000,US-CA-2,on_demand,sold_out,stock_status_label,0.0
2026-08-22,runpod,H200,US-CO-1,on_demand,sold_out,stock_status_label,0.0
2026-08-22,runpod,H200,US-GA-2,on_demand,available,stock_status_label,1.0
2026-08-22,runpod,H100,US-GA-2,on_demand,available,stock_status_label,1.0
2026-08-22,runpod,H100,US-GA-2,on_demand,available,stock_status_label,1.0
2026-08-22,runpod,L40S,US-IL-1,on_demand,sold_out,stock_status_label,0.0
2026-08-22,runpod,H100,US-KS-2,on_demand,sold_out,stock_status_label,0.0
2026-08-22,runpod,H100,US-KS-2,on_demand,available,stock_status_label,1.0
2026-08-22,runpod,H100,US-KS-2,on_demand,sold_out,stock_status_label,0.0
2026-08-22,runpod,RTX6000,US-KS-2,on_demand,sold_out,stock_status_label,0.0
2026-08-22,runpod,H200,US-MD-1,on_demand,available,stock_status_label,1.0
2026-08-22,runpod,L40S,US-MO-1,on_demand,available,stock_status_label,1.0
2026-08-22,runpod,H100,US-MO-1,on_demand,available,stock_status_label,1.0
2026-08-22,runpod,RTX6000,US-MO-2,on_demand,available,stock_status_label,1.0
2026-08-22,runpod,RTX6000,US-NC-1,on_demand,available,stock_status_label,1.0
2026-08-22,runpod,H200,US-NC-1,on_demand,available,stock_status_label,1.0
2026-08-22,runpod,L40S,US-NC-1,on_demand,sold_out,stock_status_label,0.0
2026-08-22,runpod,RTX6000,US-NC-2,on_demand,available,stock_status_label,1.0
2026-08-22,runpod,B200,US-NC-2,on_demand,available,stock_status_label,1.0
2026-08-22,runpod,RTX6000,US-NE-1,on_demand,sold_out,stock_status_label,0.0
2026-08-22,runpod,H100,US-NE-1,on_demand,available,stock_status_label,1.0
2026-08-22,runpod,B200,US-NE-1,on_demand,sold_out,stock_status_label,0.0
2026-08-22,runpod,RTX6000,US-PA-1,on_demand,available,stock_status_label,1.0
2026-08-22,runpod,H200,US-PA-1,on_demand,sold_out,stock_status_label,0.0
2026-08-22,runpod,L40S,US-TX-3,on_demand,available,stock_status_label,1.0
2026-08-22,runpod,L40S,US-TX-4,on_demand,available,stock_status_label,1.0
2026-08-22,runpod,B200,US-TX-6,on_demand,available,stock_status_label,1.0
2026-08-22,runpod,B300,US-WA-2,on_demand,available,stock_status_label,1.0
2026-08-22,vast,H100,global,on_demand,available,offer_depth_gpus,83.0
2026-08-22,vast,H200,global,on_demand,available,offer_depth_gpus,134.0
2026-08-22,vast,B200,global,on_demand,available,offer_depth_gpus,90.0
2026-08-22,vast,B300,global,on_demand,available,offer_depth_gpus,10.0
2026-08-22,vast,GB200,global,on_demand,not_offered,offer_depth_gpus,0.0
2026-08-22,vast,L40S,global,on_demand,available,offer_depth_gpus,79.0
2026-08-22,vast,RTX6000,global,on_demand,available,offer_depth_gpus,85.0
2026-08-22,scaleway,B300,fr-par-2,on_demand,sold_out,stock_status_label,0.0
2026-08-22,scaleway,H100,fr-par-2,on_demand,available,stock_status_label,2.0
2026-08-22,scaleway,H100,pl-waw-2,on_demand,available,stock_status_label,2.0
2026-08-22,scaleway,L40S,fr-par-2,on_demand,limited,stock_status_label,1.0
2026-08-22,scaleway,L40S,pl-waw-2,on_demand,limited,stock_status_label,1.0
2026-08-22,scaleway,B300,global,on_demand,sold_out,regions_with_capacity,0.0
2026-08-22,scaleway,H100,global,on_demand,available,regions_with_capacity,2.0
2026-08-22,scaleway,L40S,global,on_demand,limited,regions_with_capacity,2.0
2026-08-22,voltage_park,H100,global,on_demand,sold_out,stock_level,0.0
2026-08-22,gmi,GB200,global,on_demand,available,stock_status_label,2.0
2026-08-22,gmi,GB300,global,on_demand,limited,stock_status_label,1.0
2026-08-22,gmi,H100,global,on_demand,available,stock_status_label,2.0
2026-08-22,gmi,H200,global,on_demand,available,stock_status_label,2.0
2026-08-22,gmi,B200,global,on_demand,limited,stock_status_label,1.0
2026-08-22,sfcompute,H100,global,reserved_short,available,clearing_price_usd,2.17
2026-08-22,sfcompute,H200,global,reserved_short,unknown,clearing_price_usd,
2026-08-22,sfcompute,B200,global,reserved_short,unknown,clearing_price_usd,
2026-08-22,crusoe,L40S,global,on_demand,available,regions_with_capacity,2.0
2026-08-22,hyperstack,H100,global,on_demand,limited,regions_with_capacity,1.0
2026-08-22,hyperstack,RTX6000,global,on_demand,sold_out,regions_with_capacity,0.0
2026-08-22,lambda,B200,global,on_demand,sold_out,regions_with_capacity,0.0
2026-08-22,lambda,H100,global,on_demand,available,regions_with_capacity,4.0
2026-08-22,nebius,H100,global,on_demand,sold_out,regions_with_capacity,0.0
2026-08-22,nebius,H200,global,on_demand,sold_out,regions_with_capacity,0.0
2026-08-22,scaleway,B300,global,on_demand,sold_out,regions_with_capacity,0.0
2026-08-22,scaleway,H100,global,on_demand,available,regions_with_capacity,2.0
2026-08-22,scaleway,L40S,global,on_demand,available,regions_with_capacity,1.0
2026-08-22,verda,B200,global,on_demand,sold_out,regions_with_capacity,0.0
2026-08-22,verda,B300,global,on_demand,sold_out,regions_with_capacity,0.0
2026-08-22,verda,H100,global,on_demand,sold_out,regions_with_capacity,0.0
2026-08-22,verda,H200,global,on_demand,sold_out,regions_with_capacity,0.0
2026-08-22,verda,L40S,global,on_demand,sold_out,regions_with_capacity,0.0
2026-08-22,verda,RTX6000,global,on_demand,sold_out,regions_with_capacity,0.0
2026-08-22,voltage_park,H100,global,on_demand,sold_out,regions_with_capacity,0.0
2026-08-22,nebius,B200,global,on_demand,available,listed_offering,2.0
2026-08-22,nebius,B200,me-west1,on_demand,available,listed_offering,1.0
2026-08-22,nebius,B200,us-central1,on_demand,available,listed_offering,1.0
2026-08-22,nebius,B300,global,on_demand,available,listed_offering,3.0
2026-08-22,nebius,B300,eu-west2,on_demand,available,listed_offering,1.0
2026-08-22,nebius,B300,uk-south1,on_demand,available,listed_offering,1.0
2026-08-22,nebius,B300,us-north1,on_demand,available,listed_offering,1.0
2026-08-22,nebius,H100,global,on_demand,available,listed_offering,1.0
2026-08-22,nebius,H100,eu-north1,on_demand,available,listed_offering,1.0
2026-08-22,nebius,H200,global,on_demand,available,listed_offering,4.0
2026-08-22,nebius,H200,eu-north1,on_demand,available,listed_offering,1.0
2026-08-22,nebius,H200,eu-north2,on_demand,available,listed_offering,1.0
2026-08-22,nebius,H200,eu-west1,on_demand,available,listed_offering,1.0
2026-08-22,nebius,H200,us-central1,on_demand,available,listed_offering,1.0
2026-08-22,nebius,L40S,global,on_demand,available,listed_offering,1.0
2026-08-22,nebius,L40S,eu-north1,on_demand,available,listed_offering,1.0
2026-08-22,nebius,RTX6000,global,on_demand,available,listed_offering,1.0
2026-08-22,nebius,RTX6000,us-central1,on_demand,available,listed_offering,1.0
2026-08-22,hyperstack,B200,CANADA-1,on_demand,sold_out,stock_level,0.0
2026-08-22,hyperstack,L40S,CANADA-1,on_demand,available,stock_level,25.0
2026-08-22,hyperstack,L40S,CANADA-1,on_demand,limited,stock_level,5.0
2026-08-22,hyperstack,H100,CANADA-1,on_demand,available,stock_level,100.0
2026-08-22,hyperstack,B300,CANADA-1,on_demand,limited,stock_level,8.0
2026-08-22,hyperstack,H200,CANADA-1,on_demand,limited,stock_level,8.0
2026-08-22,hyperstack,H100,CANADA-1,on_demand,available,stock_level,75.0
2026-08-22,hyperstack,H100,CANADA-1,on_demand,limited,stock_level,4.0
2026-08-22,hyperstack,H100,CANADA-1,on_demand,sold_out,stock_level,0.0
2026-08-22,hyperstack,H100,CANADA-1,on_demand,sold_out,stock_level,0.0
2026-08-22,hyperstack,B200,global,on_demand,sold_out,stock_level,0.0
2026-08-22,hyperstack,L40S,global,on_demand,available,stock_level,25.0
2026-08-22,hyperstack,H100,global,on_demand,available,stock_level,100.0
2026-08-22,hyperstack,B300,global,on_demand,limited,stock_level,8.0
2026-08-22,hyperstack,H200,global,on_demand,limited,stock_level,8.0
2026-08-22,together,B200,ca-west-1,on_demand,available,stock_level,5.0
2026-08-22,together,B200,us-east-3,on_demand,available,stock_level,5.0
2026-08-22,together,B200,us-west-3,on_demand,unknown,stock_level,0.0
2026-08-22,together,GB300,us-south-3,on_demand,available,stock_level,5.0
2026-08-22,together,H100,ca-east-1,on_demand,unknown,stock_level,0.0
2026-08-22,together,H100,eu-central-1,on_demand,unknown,stock_level,0.0
2026-08-22,together,H100,eu-north-1,on_demand,unknown,stock_level,0.0
2026-08-22,together,H100,eu-west-1,on_demand,available,stock_level,5.0
2026-08-22,together,H100,us-central-4,on_demand,unknown,stock_level,0.0
2026-08-22,together,H100,us-central-5,on_demand,unknown,stock_level,0.0
2026-08-22,together,H100,us-central-6,on_demand,unknown,stock_level,0.0
2026-08-22,together,H100,us-east-1,on_demand,unknown,stock_level,0.0
2026-08-22,together,H100,us-east-4,on_demand,unknown,stock_level,0.0
2026-08-22,together,H200,us-central-8,on_demand,available,stock_level,5.0
2026-08-22,together,B200,global,on_demand,available,regions_with_capacity,2.0
2026-08-22,together,H200,global,on_demand,available,regions_with_capacity,1.0
2026-08-22,together,H100,global,on_demand,available,regions_with_capacity,1.0
2026-08-22,together,GB300,global,on_demand,available,regions_with_capacity,1.0
2026-08-22,verda,RTX6000,FIN-01,on_demand,limited,binary,4.0
2026-08-22,verda,H200,FIN-02,on_demand,limited,binary,2.0
2026-08-22,verda,H100,FIN-02,on_demand,limited,binary,2.0
2026-08-22,verda,H200,FIN-03,on_demand,available,binary,8.0
2026-08-22,verda,H100,FIN-03,on_demand,limited,binary,4.0
2026-08-22,verda,RTX6000,FIN-03,on_demand,limited,binary,4.0
2026-08-22,verda,RTX6000,global,on_demand,limited,regions_with_capacity,2.0
2026-08-22,verda,H200,global,on_demand,available,regions_with_capacity,2.0
2026-08-22,verda,H100,global,on_demand,limited,regions_with_capacity,2.0
2026-08-22,verda,L40S,global,on_demand,sold_out,binary,0.0
2026-08-22,verda,GB300,global,on_demand,sold_out,binary,0.0
2026-08-22,verda,B200,global,on_demand,sold_out,binary,0.0
2026-08-22,verda,B300,global,on_demand,sold_out,binary,0.0
2026-08-22,verda,RTX6000,FIN-01,spot,limited,binary,4.0
2026-08-22,verda,H200,FIN-02,spot,limited,binary,2.0
2026-08-22,verda,H100,FIN-02,spot,limited,binary,2.0
2026-08-22,verda,RTX6000,FIN-02,spot,limited,binary,4.0
2026-08-22,verda,H200,FIN-03,spot,available,binary,8.0
2026-08-22,verda,H100,FIN-03,spot,limited,binary,4.0
2026-08-22,verda,RTX6000,FIN-03,spot,limited,binary,4.0
2026-08-22,verda,RTX6000,global,spot,limited,regions_with_capacity,3.0
2026-08-22,verda,H200,global,spot,available,regions_with_capacity,2.0
2026-08-22,verda,H100,global,spot,limited,regions_with_capacity,2.0
2026-08-23,lambda,B200,global,on_demand,sold_out,regions_with_capacity,0.0
2026-08-23,lambda,H100,global,on_demand,limited,regions_with_capacity,4.0
2026-08-23,lambda,H100,us-south-2,on_demand,available,regions_with_capacity,1.0
2026-08-23,lambda,H100,us-south-3,on_demand,available,regions_with_capacity,1.0
2026-08-23,lambda,H100,us-southeast-1,on_demand,available,regions_with_capacity,1.0
2026-08-23,lambda,H100,us-west-3,on_demand,available,regions_with_capacity,1.0
2026-08-23,coreweave,GB300,global,on_demand,available,listed_offering,4.0
2026-08-23,coreweave,GB300,CA-EAST-01A,on_demand,available,listed_offering,1.0
2026-08-23,coreweave,GB300,US-CENTRAL-07A,on_demand,available,listed_offering,1.0
2026-08-23,coreweave,GB300,US-CENTRAL-09A,on_demand,available,listed_offering,1.0
2026-08-23,coreweave,GB300,US-WEST-01A,on_demand,available,listed_offering,1.0
2026-08-23,coreweave,GB200,global,on_demand,available,listed_offering,6.0
2026-08-23,coreweave,GB200,CA-EAST-01A,on_demand,available,listed_offering,1.0
2026-08-23,coreweave,GB200,US-EAST-01A,on_demand,available,listed_offering,1.0
2026-08-23,coreweave,GB200,US-EAST-02A,on_demand,available,listed_offering,1.0
2026-08-23,coreweave,GB200,US-EAST-08A,on_demand,available,listed_offering,1.0
2026-08-23,coreweave,GB200,US-EAST-13A,on_demand,available,listed_offering,1.0
2026-08-23,coreweave,GB200,US-WEST-01A,on_demand,available,listed_offering,1.0
2026-08-23,coreweave,B300,global,on_demand,available,listed_offering,4.0
2026-08-23,coreweave,B300,US-CENTRAL-06A,on_demand,available,listed_offering,1.0
2026-08-23,coreweave,B300,US-EAST-13A,on_demand,available,listed_offering,1.0
2026-08-23,coreweave,B300,US-WEST-01A,on_demand,available,listed_offering,1.0
2026-08-23,coreweave,B300,US-WEST-10A,on_demand,available,listed_offering,1.0
2026-08-23,coreweave,B200,global,on_demand,available,listed_offering,5.0
2026-08-23,coreweave,B200,EU-SOUTH-04A,on_demand,available,listed_offering,1.0
2026-08-23,coreweave,B200,US-CENTRAL-07A,on_demand,available,listed_offering,1.0
2026-08-23,coreweave,B200,US-EAST-13A,on_demand,available,listed_offering,1.0
2026-08-23,coreweave,B200,US-EAST-15A,on_demand,available,listed_offering,1.0
2026-08-23,coreweave,B200,US-WEST-09B,on_demand,available,listed_offering,1.0
2026-08-23,coreweave,H200,global,on_demand,available,listed_offering,7.0
2026-08-23,coreweave,H200,EU-SOUTH-03B,on_demand,available,listed_offering,1.0
2026-08-23,coreweave,H200,RNO2A,on_demand,available,listed_offering,1.0
2026-08-23,coreweave,H200,US-EAST-01A,on_demand,available,listed_offering,1.0
2026-08-23,coreweave,H200,US-EAST-02A,on_demand,available,listed_offering,1.0
2026-08-23,coreweave,H200,US-EAST-04A,on_demand,available,listed_offering,1.0
2026-08-23,coreweave,H200,US-EAST-08A,on_demand,available,listed_offering,1.0
2026-08-23,coreweave,H200,US-WEST-04A,on_demand,available,listed_offering,1.0
2026-08-23,coreweave,H100,global,on_demand,available,listed_offering,10.0
2026-08-23,coreweave,H100,RNO2A,on_demand,available,listed_offering,1.0
2026-08-23,coreweave,H100,US-CENTRAL-06A,on_demand,available,listed_offering,1.0
2026-08-23,coreweave,H100,US-EAST-01A,on_demand,available,listed_offering,1.0
2026-08-23,coreweave,H100,US-EAST-02A,on_demand,available,listed_offering,1.0
2026-08-23,coreweave,H100,US-EAST-04A,on_demand,available,listed_offering,1.0
2026-08-23,coreweave,H100,US-EAST-06A,on_demand,available,listed_offering,1.0
2026-08-23,coreweave,H100,US-WEST-01A,on_demand,available,listed_offering,1.0
2026-08-23,coreweave,H100,US-WEST-02B,on_demand,available,listed_offering,1.0
2026-08-23,coreweave,H100,US-WEST-04A,on_demand,available,listed_offering,1.0
2026-08-23,coreweave,H100,US-WEST-09B,on_demand,available,listed_offering,1.0
2026-08-23,coreweave,RTX6000,global,on_demand,available,listed_offering,11.0
2026-08-23,coreweave,RTX6000,EU-SOUTH-04A,on_demand,available,listed_offering,1.0
2026-08-23,coreweave,RTX6000,US-EAST-01A,on_demand,available,listed_offering,1.0
2026-08-23,coreweave,RTX6000,US-EAST-04A,on_demand,available,listed_offering,1.0
2026-08-23,coreweave,RTX6000,US-EAST-06A,on_demand,available,listed_offering,1.0
2026-08-23,coreweave,RTX6000,US-EAST-13A,on_demand,available,listed_offering,1.0
2026-08-23,coreweave,RTX6000,US-EAST-14A,on_demand,available,listed_offering,1.0
2026-08-23,coreweave,RTX6000,US-EAST-15A,on_demand,available,listed_offering,1.0
2026-08-23,coreweave,RTX6000,US-WEST-01A,on_demand,available,listed_offering,1.0
2026-08-23,coreweave,RTX6000,US-WEST-04A,on_demand,available,listed_offering,1.0
2026-08-23,coreweave,RTX6000,US-WEST-09B,on_demand,available,listed_offering,1.0
2026-08-23,coreweave,RTX6000,US-WEST-10A,on_demand,available,listed_offering,1.0
2026-08-23,coreweave,L40S,global,on_demand,limited,listed_offering,1.0
2026-08-23,coreweave,L40S,US-EAST-04A,on_demand,available,listed_offering,1.0
2026-08-23,gcp,B200,global,on_demand,available,listed_offering,11.0
2026-08-23,gcp,B200,asia-northeast1,on_demand,available,listed_offering,1.0
2026-08-23,gcp,B200,asia-southeast1,on_demand,available,listed_offering,1.0
2026-08-23,gcp,B200,europe-north1,on_demand,available,listed_offering,1.0
2026-08-23,gcp,B200,europe-west4,on_demand,available,listed_offering,1.0
2026-08-23,gcp,B200,us-central1,on_demand,available,listed_offering,1.0
2026-08-23,gcp,B200,us-east1,on_demand,available,listed_offering,1.0
2026-08-23,gcp,B200,us-east4,on_demand,available,listed_offering,1.0
2026-08-23,gcp,B200,us-south1,on_demand,available,listed_offering,1.0
2026-08-23,gcp,B200,us-west2,on_demand,available,listed_offering,1.0
2026-08-23,gcp,B200,us-west3,on_demand,available,listed_offering,2.0
2026-08-23,gcp,GB200,global,on_demand,available,listed_offering,5.0
2026-08-23,gcp,GB200,europe-west4,on_demand,available,listed_offering,1.0
2026-08-23,gcp,GB200,us-central1,on_demand,available,listed_offering,2.0
2026-08-23,gcp,GB200,us-east1,on_demand,available,listed_offering,1.0
2026-08-23,gcp,GB200,us-east4,on_demand,available,listed_offering,1.0
2026-08-23,gcp,GB300,global,on_demand,available,listed_offering,5.0
2026-08-23,gcp,GB300,us-central1,on_demand,available,listed_offering,1.0
2026-08-23,gcp,GB300,us-east4,on_demand,available,listed_offering,2.0
2026-08-23,gcp,GB300,us-east5,on_demand,available,listed_offering,2.0
2026-08-23,gcp,H100,global,on_demand,available,listed_offering,23.0
2026-08-23,gcp,H100,asia-east1,on_demand,available,listed_offering,1.0
2026-08-23,gcp,H100,asia-northeast1,on_demand,available,listed_offering,1.0
2026-08-23,gcp,H100,asia-northeast3,on_demand,available,listed_offering,1.0
2026-08-23,gcp,H100,asia-south1,on_demand,available,listed_offering,1.0
2026-08-23,gcp,H100,asia-southeast1,on_demand,available,listed_offering,2.0
2026-08-23,gcp,H100,australia-southeast1,on_demand,available,listed_offering,1.0
2026-08-23,gcp,H100,europe-west1,on_demand,available,listed_offering,2.0
2026-08-23,gcp,H100,europe-west3,on_demand,available,listed_offering,1.0
2026-08-23,gcp,H100,europe-west4,on_demand,available,listed_offering,2.0
2026-08-23,gcp,H100,northamerica-northeast2,on_demand,available,listed_offering,1.0
2026-08-23,gcp,H100,us-central1,on_demand,available,listed_offering,3.0
2026-08-23,gcp,H100,us-east4,on_demand,available,listed_offering,3.0
2026-08-23,gcp,H100,us-east5,on_demand,available,listed_offering,1.0
2026-08-23,gcp,H100,us-west1,on_demand,available,listed_offering,2.0
2026-08-23,gcp,H100,us-west4,on_demand,available,listed_offering,1.0
2026-08-23,gcp,H200,global,on_demand,available,listed_offering,8.0
2026-08-23,gcp,H200,asia-south1,on_demand,available,listed_offering,1.0
2026-08-23,gcp,H200,asia-south2,on_demand,available,listed_offering,1.0
2026-08-23,gcp,H200,europe-west1,on_demand,available,listed_offering,1.0
2026-08-23,gcp,H200,europe-west4,on_demand,available,listed_offering,1.0
2026-08-23,gcp,H200,us-central1,on_demand,available,listed_offering,1.0
2026-08-23,gcp,H200,us-east4,on_demand,available,listed_offering,1.0
2026-08-23,gcp,H200,us-south1,on_demand,available,listed_offering,1.0
2026-08-23,gcp,H200,us-west1,on_demand,available,listed_offering,1.0
2026-08-23,gcp,RTX6000,global,on_demand,available,listed_offering,39.0
2026-08-23,gcp,RTX6000,asia-east1,on_demand,available,listed_offering,1.0
2026-08-23,gcp,RTX6000,asia-south1,on_demand,available,listed_offering,1.0
2026-08-23,gcp,RTX6000,asia-south2,on_demand,available,listed_offering,2.0
2026-08-23,gcp,RTX6000,asia-southeast1,on_demand,available,listed_offering,2.0
2026-08-23,gcp,RTX6000,asia-southeast2,on_demand,available,listed_offering,2.0
2026-08-23,gcp,RTX6000,europe-north1,on_demand,available,listed_offering,3.0
2026-08-23,gcp,RTX6000,europe-west1,on_demand,available,listed_offering,1.0
2026-08-23,gcp,RTX6000,europe-west10,on_demand,available,listed_offering,1.0
2026-08-23,gcp,RTX6000,europe-west2,on_demand,available,listed_offering,2.0
2026-08-23,gcp,RTX6000,europe-west4,on_demand,available,listed_offering,3.0
2026-08-23,gcp,RTX6000,europe-west8,on_demand,available,listed_offering,2.0
2026-08-23,gcp,RTX6000,me-central2,on_demand,available,listed_offering,1.0
2026-08-23,gcp,RTX6000,us-central1,on_demand,available,listed_offering,3.0
2026-08-23,gcp,RTX6000,us-east1,on_demand,available,listed_offering,2.0
2026-08-23,gcp,RTX6000,us-east4,on_demand,available,listed_offering,2.0
2026-08-23,gcp,RTX6000,us-east5,on_demand,available,listed_offering,3.0
2026-08-23,gcp,RTX6000,us-south1,on_demand,available,listed_offering,2.0
2026-08-23,gcp,RTX6000,us-west1,on_demand,available,listed_offering,3.0
2026-08-23,gcp,RTX6000,us-west3,on_demand,available,listed_offering,1.0
2026-08-23,gcp,RTX6000,us-west4,on_demand,available,listed_offering,2.0
2026-08-23,azure,H100,global,on_demand,available,listed_offering,24.0
2026-08-23,azure,H100,global,spot,available,listed_offering,24.0
2026-08-23,azure,H200,global,on_demand,available,listed_offering,31.0
2026-08-23,azure,H200,global,spot,available,listed_offering,31.0
2026-08-23,azure,GB200,global,on_demand,available,listed_offering,19.0
2026-08-23,azure,GB200,global,spot,available,listed_offering,19.0
2026-08-23,aws,L40S,me-central-1,spot,available,stock_status_label,0.0
2026-08-23,aws,H100,ap-southeast-3,spot,available,stock_status_label,0.0
2026-08-23,aws,H200,ap-southeast-3,spot,available,stock_status_label,0.0
2026-08-23,aws,H200,eu-south-2,spot,available,stock_status_label,1.0
2026-08-23,aws,L40S,eu-south-2,spot,available,stock_status_label,0.0
2026-08-23,aws,H100,us-west-1,spot,available,stock_status_label,0.0
2026-08-23,aws,H200,us-west-1,spot,available,stock_status_label,0.0
2026-08-23,aws,H100,eu-north-1,spot,available,stock_status_label,0.0
2026-08-23,aws,H200,eu-north-1,spot,available,stock_status_label,0.0
2026-08-23,aws,L40S,eu-north-1,spot,available,stock_status_label,3.0
2026-08-23,aws,H100,ca-central-1,spot,available,stock_status_label,0.0
2026-08-23,aws,H100,eu-west-2,spot,available,stock_status_label,1.0
2026-08-23,aws,H100,sa-east-1,spot,available,stock_status_label,0.0
2026-08-23,aws,H100,ap-south-1,spot,available,stock_status_label,0.0
2026-08-23,aws,H200,ap-south-1,spot,available,stock_status_label,0.0
2026-08-23,aws,H200,ap-northeast-2,spot,available,stock_status_label,0.0
2026-08-23,aws,L40S,ap-northeast-2,spot,available,stock_status_label,2.0
2026-08-23,aws,H100,us-east-2,spot,available,stock_status_label,2.0
2026-08-23,aws,H200,us-east-2,spot,available,stock_status_label,1.0
2026-08-23,aws,B200,us-east-2,spot,available,stock_status_label,1.0
2026-08-23,aws,L40S,us-east-2,spot,available,stock_status_label,1.0
2026-08-23,aws,L40S,eu-central-1,spot,limited,stock_status_label,4.0
2026-08-23,aws,H100,ap-southeast-2,spot,available,stock_status_label,0.0
2026-08-23,aws,H100,ap-northeast-1,spot,available,stock_status_label,0.0
2026-08-23,aws,H200,ap-northeast-1,spot,available,stock_status_label,0.0
2026-08-23,aws,L40S,ap-northeast-1,spot,limited,stock_status_label,4.0
2026-08-23,aws,H100,us-west-2,spot,available,stock_status_label,0.0
2026-08-23,aws,H200,us-west-2,spot,available,stock_status_label,0.0
2026-08-23,aws,B200,us-west-2,spot,available,stock_status_label,2.0
2026-08-23,aws,B300,us-west-2,spot,available,stock_status_label,0.0
2026-08-23,aws,L40S,us-west-2,spot,available,stock_status_label,0.0
2026-08-23,aws,H100,us-east-1,spot,available,stock_status_label,0.0
2026-08-23,aws,H200,us-east-1,spot,available,stock_status_label,0.0
2026-08-23,aws,B200,us-east-1,spot,available,stock_status_label,2.0
2026-08-23,aws,L40S,us-east-1,spot,available,stock_status_label,2.0
2026-08-23,aws,B300,global,spot,available,regions_with_capacity,1.0
2026-08-23,aws,H200,global,spot,available,regions_with_capacity,10.0
2026-08-23,aws,B200,global,spot,available,regions_with_capacity,3.0
2026-08-23,aws,L40S,global,spot,available,regions_with_capacity,9.0
2026-08-23,aws,H100,global,spot,available,regions_with_capacity,12.0
2026-08-23,crusoe,B200,global,on_demand,available,listed_offering,3.0
2026-08-23,crusoe,B300,global,on_demand,limited,listed_offering,1.0
2026-08-23,crusoe,GB200,global,on_demand,limited,listed_offering,1.0
2026-08-23,crusoe,H100,global,on_demand,available,listed_offering,3.0
2026-08-23,crusoe,H200,global,on_demand,limited,listed_offering,1.0
2026-08-23,crusoe,L40S,global,on_demand,available,listed_offering,2.0
2026-08-23,runpod,B200,global,on_demand,limited,stock_status_label,0.0
2026-08-23,runpod,B300,global,on_demand,limited,stock_status_label,0.0
2026-08-23,runpod,H100,global,on_demand,available,stock_status_label,2.0
2026-08-23,runpod,H100,global,on_demand,limited,stock_status_label,0.0
2026-08-23,runpod,H100,global,on_demand,sold_out,stock_status_label,0.0
2026-08-23,runpod,H200,global,on_demand,limited,stock_status_label,1.0
2026-08-23,runpod,H200,global,on_demand,sold_out,stock_status_label,0.0
2026-08-23,runpod,L40S,global,on_demand,limited,stock_status_label,0.0
2026-08-23,runpod,RTX6000,global,on_demand,sold_out,stock_status_label,0.0
2026-08-23,runpod,RTX6000,global,on_demand,limited,stock_status_label,1.0
2026-08-23,runpod,RTX6000,global,on_demand,limited,stock_status_label,0.0
2026-08-23,runpod,H100,AP-IN-1,on_demand,available,stock_status_label,2.0
2026-08-23,runpod,H100,AP-IN-2,on_demand,available,stock_status_label,1.0
2026-08-23,runpod,H200,AP-JP-1,on_demand,available,stock_status_label,1.0
2026-08-23,runpod,H100,AP-JP-1,on_demand,available,stock_status_label,1.0
2026-08-23,runpod,H100,CA-MTL-1,on_demand,available,stock_status_label,1.0
2026-08-23,runpod,RTX6000,CA-MTL-3,on_demand,available,stock_status_label,1.0
2026-08-23,runpod,H200,CA-MTL-3,on_demand,available,stock_status_label,1.0
2026-08-23,runpod,H200,CA-MTL-4,on_demand,sold_out,stock_status_label,0.0
2026-08-23,runpod,RTX6000,EU-CZ-1,on_demand,available,stock_status_label,1.0
2026-08-23,runpod,RTX6000,EU-CZ-1,on_demand,available,stock_status_label,1.0
2026-08-23,runpod,H200,EU-FR-1,on_demand,available,stock_status_label,1.0
2026-08-23,runpod,H100,EU-FR-1,on_demand,available,stock_status_label,1.0
2026-08-23,runpod,B300,EU-NL-1,on_demand,available,stock_status_label,1.0
2026-08-23,runpod,L40S,EU-NL-1,on_demand,available,stock_status_label,1.0
2026-08-23,runpod,H100,EU-NL-1,on_demand,available,stock_status_label,1.0
2026-08-23,runpod,RTX6000,EU-NL-1,on_demand,available,stock_status_label,1.0
2026-08-23,runpod,RTX6000,EU-RO-1,on_demand,available,stock_status_label,1.0
2026-08-23,runpod,B200,EU-RO-1,on_demand,available,stock_status_label,1.0
2026-08-23,runpod,RTX6000,EU-RO-1,on_demand,available,stock_status_label,1.0
2026-08-23,runpod,RTX6000,EUR-IS-1,on_demand,available,stock_status_label,2.0
2026-08-23,runpod,B300,EUR-IS-1,on_demand,available,stock_status_label,1.0
2026-08-23,runpod,RTX6000,EUR-IS-1,on_demand,sold_out,stock_status_label,0.0
2026-08-23,runpod,RTX6000,EUR-IS-2,on_demand,available,stock_status_label,1.0
2026-08-23,runpod,H200,EUR-IS-2,on_demand,available,stock_status_label,1.0
2026-08-23,runpod,L40S,EUR-IS-2,on_demand,available,stock_status_label,1.0
2026-08-23,runpod,H100,EUR-IS-3,on_demand,available,stock_status_label,1.0
2026-08-23,runpod,H200,EUR-IS-4,on_demand,available,stock_status_label,1.0
2026-08-23,runpod,H200,EUR-IS-5,on_demand,available,stock_status_label,1.0
2026-08-23,runpod,H100,EUR-NO-2,on_demand,available,stock_status_label,1.0
2026-08-23,runpod,L40S,OC-AU-1,on_demand,available,stock_status_label,1.0
2026-08-23,runpod,H100,US-CA-2,on_demand,available,stock_status_label,1.0
2026-08-23,runpod,B200,US-CA-2,on_demand,available,stock_status_label,1.0
2026-08-23,runpod,H200,US-CA-2,on_demand,sold_out,stock_status_label,0.0
2026-08-23,runpod,H100,US-CA-2,on_demand,available,stock_status_label,1.0
2026-08-23,runpod,RTX6000,US-CA-2,on_demand,sold_out,stock_status_label,0.0
2026-08-23,runpod,H200,US-CO-1,on_demand,sold_out,stock_status_label,0.0
2026-08-23,runpod,H200,US-GA-2,on_demand,available,stock_status_label,1.0
2026-08-23,runpod,H100,US-GA-2,on_demand,available,stock_status_label,1.0
2026-08-23,runpod,H100,US-GA-2,on_demand,available,stock_status_label,1.0
2026-08-23,runpod,L40S,US-IL-1,on_demand,available,stock_status_label,1.0
2026-08-23,runpod,H100,US-KS-2,on_demand,sold_out,stock_status_label,0.0
2026-08-23,runpod,H100,US-KS-2,on_demand,available,stock_status_label,1.0
2026-08-23,runpod,H100,US-KS-2,on_demand,sold_out,stock_status_label,0.0
2026-08-23,runpod,RTX6000,US-KS-2,on_demand,available,stock_status_label,1.0
2026-08-23,runpod,H200,US-MD-1,on_demand,sold_out,stock_status_label,0.0
2026-08-23,runpod,L40S,US-MO-1,on_demand,available,stock_status_label,1.0
2026-08-23,runpod,H100,US-MO-1,on_demand,available,stock_status_label,1.0
2026-08-23,runpod,RTX6000,US-MO-2,on_demand,available,stock_status_label,1.0
2026-08-23,runpod,RTX6000,US-NC-1,on_demand,sold_out,stock_status_label,0.0
2026-08-23,runpod,H200,US-NC-1,on_demand,available,stock_status_label,1.0
2026-08-23,runpod,L40S,US-NC-1,on_demand,sold_out,stock_status_label,0.0
2026-08-23,runpod,RTX6000,US-NC-2,on_demand,available,stock_status_label,1.0
2026-08-23,runpod,B200,US-NC-2,on_demand,available,stock_status_label,1.0
2026-08-23,runpod,RTX6000,US-NE-1,on_demand,sold_out,stock_status_label,0.0
2026-08-23,runpod,H100,US-NE-1,on_demand,available,stock_status_label,1.0
2026-08-23,runpod,B200,US-NE-1,on_demand,sold_out,stock_status_label,0.0
2026-08-23,runpod,RTX6000,US-PA-1,on_demand,available,stock_status_label,1.0
2026-08-23,runpod,H200,US-PA-1,on_demand,sold_out,stock_status_label,0.0
2026-08-23,runpod,L40S,US-TX-3,on_demand,available,stock_status_label,1.0
2026-08-23,runpod,L40S,US-TX-4,on_demand,available,stock_status_label,1.0
2026-08-23,runpod,B200,US-TX-6,on_demand,sold_out,stock_status_label,0.0
2026-08-23,runpod,B300,US-WA-2,on_demand,available,stock_status_label,1.0
2026-08-23,vast,H100,global,on_demand,available,offer_depth_gpus,106.0
2026-08-23,vast,H200,global,on_demand,available,offer_depth_gpus,132.0
2026-08-23,vast,B200,global,on_demand,available,offer_depth_gpus,89.0
2026-08-23,vast,B300,global,on_demand,limited,offer_depth_gpus,6.0
2026-08-23,vast,GB200,global,on_demand,not_offered,offer_depth_gpus,0.0
2026-08-23,vast,L40S,global,on_demand,available,offer_depth_gpus,48.0
2026-08-23,vast,RTX6000,global,on_demand,available,offer_depth_gpus,88.0
2026-08-23,scaleway,B300,fr-par-2,on_demand,sold_out,stock_status_label,0.0
2026-08-23,scaleway,H100,fr-par-2,on_demand,available,stock_status_label,2.0
2026-08-23,scaleway,H100,pl-waw-2,on_demand,available,stock_status_label,2.0
2026-08-23,scaleway,L40S,fr-par-2,on_demand,limited,stock_status_label,1.0
2026-08-23,scaleway,L40S,pl-waw-2,on_demand,limited,stock_status_label,1.0
2026-08-23,scaleway,B300,global,on_demand,sold_out,regions_with_capacity,0.0
2026-08-23,scaleway,H100,global,on_demand,available,regions_with_capacity,2.0
2026-08-23,scaleway,L40S,global,on_demand,limited,regions_with_capacity,2.0
2026-08-23,voltage_park,H100,global,on_demand,sold_out,stock_level,0.0
2026-08-23,gmi,GB200,global,on_demand,available,stock_status_label,2.0
2026-08-23,gmi,GB300,global,on_demand,limited,stock_status_label,1.0
2026-08-23,gmi,H100,global,on_demand,available,stock_status_label,2.0
2026-08-23,gmi,H200,global,on_demand,available,stock_status_label,2.0
2026-08-23,gmi,B200,global,on_demand,limited,stock_status_label,1.0
2026-08-23,sfcompute,H100,global,reserved_short,available,clearing_price_usd,2.18
2026-08-23,sfcompute,H200,global,reserved_short,unknown,clearing_price_usd,
2026-08-23,sfcompute,B200,global,reserved_short,unknown,clearing_price_usd,
2026-08-23,crusoe,L40S,global,on_demand,available,regions_with_capacity,2.0
2026-08-23,hyperstack,H100,global,on_demand,limited,regions_with_capacity,1.0
2026-08-23,hyperstack,RTX6000,global,on_demand,sold_out,regions_with_capacity,0.0
2026-08-23,lambda,B200,global,on_demand,sold_out,regions_with_capacity,0.0
2026-08-23,lambda,H100,global,on_demand,available,regions_with_capacity,4.0
2026-08-23,nebius,H100,global,on_demand,sold_out,regions_with_capacity,0.0
2026-08-23,nebius,H200,global,on_demand,sold_out,regions_with_capacity,0.0
2026-08-23,scaleway,B300,global,on_demand,sold_out,regions_with_capacity,0.0
2026-08-23,scaleway,H100,global,on_demand,available,regions_with_capacity,2.0
2026-08-23,scaleway,L40S,global,on_demand,available,regions_with_capacity,1.0
2026-08-23,verda,B200,global,on_demand,sold_out,regions_with_capacity,0.0
2026-08-23,verda,B300,global,on_demand,sold_out,regions_with_capacity,0.0
2026-08-23,verda,H100,global,on_demand,sold_out,regions_with_capacity,0.0
2026-08-23,verda,H200,global,on_demand,sold_out,regions_with_capacity,0.0
2026-08-23,verda,L40S,global,on_demand,sold_out,regions_with_capacity,0.0
2026-08-23,verda,RTX6000,global,on_demand,sold_out,regions_with_capacity,0.0
2026-08-23,voltage_park,H100,global,on_demand,sold_out,regions_with_capacity,0.0
2026-08-23,nebius,B200,global,on_demand,available,listed_offering,2.0
2026-08-23,nebius,B200,me-west1,on_demand,available,listed_offering,1.0
2026-08-23,nebius,B200,us-central1,on_demand,available,listed_offering,1.0
2026-08-23,nebius,B300,global,on_demand,available,listed_offering,3.0
2026-08-23,nebius,B300,eu-west2,on_demand,available,listed_offering,1.0
2026-08-23,nebius,B300,uk-south1,on_demand,available,listed_offering,1.0
2026-08-23,nebius,B300,us-north1,on_demand,available,listed_offering,1.0
2026-08-23,nebius,H100,global,on_demand,available,listed_offering,1.0
2026-08-23,nebius,H100,eu-north1,on_demand,available,listed_offering,1.0
2026-08-23,nebius,H200,global,on_demand,available,listed_offering,4.0
2026-08-23,nebius,H200,eu-north1,on_demand,available,listed_offering,1.0
2026-08-23,nebius,H200,eu-north2,on_demand,available,listed_offering,1.0
2026-08-23,nebius,H200,eu-west1,on_demand,available,listed_offering,1.0
2026-08-23,nebius,H200,us-central1,on_demand,available,listed_offering,1.0
2026-08-23,nebius,L40S,global,on_demand,available,listed_offering,1.0
2026-08-23,nebius,L40S,eu-north1,on_demand,available,listed_offering,1.0
2026-08-23,nebius,RTX6000,global,on_demand,available,listed_offering,1.0
2026-08-23,nebius,RTX6000,us-central1,on_demand,available,listed_offering,1.0
2026-08-23,hyperstack,B200,CANADA-1,on_demand,sold_out,stock_level,0.0
2026-08-23,hyperstack,L40S,CANADA-1,on_demand,available,stock_level,25.0
2026-08-23,hyperstack,L40S,CANADA-1,on_demand,limited,stock_level,6.0
2026-08-23,hyperstack,H100,CANADA-1,on_demand,available,stock_level,100.0
2026-08-23,hyperstack,B300,CANADA-1,on_demand,sold_out,stock_level,0.0
2026-08-23,hyperstack,H200,CANADA-1,on_demand,limited,stock_level,8.0
2026-08-23,hyperstack,H100,CANADA-1,on_demand,available,stock_level,75.0
2026-08-23,hyperstack,H100,CANADA-1,on_demand,limited,stock_level,8.0
2026-08-23,hyperstack,H100,CANADA-1,on_demand,sold_out,stock_level,0.0
2026-08-23,hyperstack,H100,CANADA-1,on_demand,limited,stock_level,8.0
2026-08-23,hyperstack,B200,global,on_demand,sold_out,stock_level,0.0
2026-08-23,hyperstack,L40S,global,on_demand,available,stock_level,25.0
2026-08-23,hyperstack,H100,global,on_demand,available,stock_level,100.0
2026-08-23,hyperstack,B300,global,on_demand,sold_out,stock_level,0.0
2026-08-23,hyperstack,H200,global,on_demand,limited,stock_level,8.0
2026-08-23,together,B200,ca-west-1,on_demand,available,stock_level,5.0
2026-08-23,together,B200,us-east-3,on_demand,available,stock_level,5.0
2026-08-23,together,B200,us-west-3,on_demand,unknown,stock_level,0.0
2026-08-23,together,GB300,us-south-3,on_demand,available,stock_level,5.0
2026-08-23,together,H100,ca-east-1,on_demand,unknown,stock_level,0.0
2026-08-23,together,H100,eu-central-1,on_demand,unknown,stock_level,0.0
2026-08-23,together,H100,eu-north-1,on_demand,unknown,stock_level,0.0
2026-08-23,together,H100,eu-west-1,on_demand,available,stock_level,5.0
2026-08-23,together,H100,us-central-4,on_demand,unknown,stock_level,0.0
2026-08-23,together,H100,us-central-5,on_demand,unknown,stock_level,0.0
2026-08-23,together,H100,us-central-6,on_demand,unknown,stock_level,0.0
2026-08-23,together,H100,us-east-1,on_demand,unknown,stock_level,0.0
2026-08-23,together,H100,us-east-4,on_demand,unknown,stock_level,0.0
2026-08-23,together,H200,us-central-8,on_demand,available,stock_level,5.0
2026-08-23,together,B200,global,on_demand,available,regions_with_capacity,2.0
2026-08-23,together,H100,global,on_demand,available,regions_with_capacity,1.0
2026-08-23,together,GB300,global,on_demand,available,regions_with_capacity,1.0
2026-08-23,together,H200,global,on_demand,available,regions_with_capacity,1.0
2026-08-23,verda,RTX6000,FIN-01,on_demand,limited,binary,4.0
2026-08-23,verda,H200,FIN-02,on_demand,limited,binary,1.0
2026-08-23,verda,H100,FIN-02,on_demand,limited,binary,2.0
2026-08-23,verda,B300,FIN-03,on_demand,limited,binary,1.0
2026-08-23,verda,H200,FIN-03,on_demand,limited,binary,4.0
2026-08-23,verda,H100,FIN-03,on_demand,limited,binary,4.0
2026-08-23,verda,RTX6000,FIN-03,on_demand,limited,binary,1.0
2026-08-23,verda,RTX6000,global,on_demand,limited,regions_with_capacity,2.0
2026-08-23,verda,H200,global,on_demand,limited,regions_with_capacity,2.0
2026-08-23,verda,H100,global,on_demand,limited,regions_with_capacity,2.0
2026-08-23,verda,B300,global,on_demand,limited,regions_with_capacity,1.0
2026-08-23,verda,B200,global,on_demand,sold_out,binary,0.0
2026-08-23,verda,GB300,global,on_demand,sold_out,binary,0.0
2026-08-23,verda,L40S,global,on_demand,sold_out,binary,0.0
2026-08-23,verda,RTX6000,FIN-01,spot,limited,binary,4.0
2026-08-23,verda,L40S,FIN-01,spot,available,binary,8.0
2026-08-23,verda,H100,FIN-02,spot,limited,binary,2.0
2026-08-23,verda,RTX6000,FIN-02,spot,limited,binary,2.0
2026-08-23,verda,B300,FIN-03,spot,available,binary,8.0
2026-08-23,verda,H200,FIN-03,spot,limited,binary,4.0
2026-08-23,verda,H100,FIN-03,spot,limited,binary,4.0
2026-08-23,verda,RTX6000,FIN-03,spot,limited,binary,1.0
2026-08-23,verda,RTX6000,global,spot,limited,regions_with_capacity,3.0
2026-08-23,verda,L40S,global,spot,available,regions_with_capacity,1.0
2026-08-23,verda,H100,global,spot,limited,regions_with_capacity,2.0
2026-08-23,verda,B300,global,spot,available,regions_with_capacity,1.0
2026-08-23,verda,H200,global,spot,limited,regions_with_capacity,1.0
2026-08-24,lambda,B200,global,on_demand,sold_out,regions_with_capacity,0.0
2026-08-24,lambda,H100,global,on_demand,limited,regions_with_capacity,4.0
2026-08-24,lambda,H100,us-south-2,on_demand,available,regions_with_capacity,1.0
2026-08-24,lambda,H100,us-south-3,on_demand,available,regions_with_capacity,1.0
2026-08-24,lambda,H100,us-southeast-1,on_demand,available,regions_with_capacity,1.0
2026-08-24,lambda,H100,us-west-3,on_demand,available,regions_with_capacity,1.0
2026-08-24,coreweave,GB300,global,on_demand,available,listed_offering,4.0
2026-08-24,coreweave,GB300,CA-EAST-01A,on_demand,available,listed_offering,1.0
2026-08-24,coreweave,GB300,US-CENTRAL-07A,on_demand,available,listed_offering,1.0
2026-08-24,coreweave,GB300,US-CENTRAL-09A,on_demand,available,listed_offering,1.0
2026-08-24,coreweave,GB300,US-WEST-01A,on_demand,available,listed_offering,1.0
2026-08-24,coreweave,GB200,global,on_demand,available,listed_offering,6.0
2026-08-24,coreweave,GB200,CA-EAST-01A,on_demand,available,listed_offering,1.0
2026-08-24,coreweave,GB200,US-EAST-01A,on_demand,available,listed_offering,1.0
2026-08-24,coreweave,GB200,US-EAST-02A,on_demand,available,listed_offering,1.0
2026-08-24,coreweave,GB200,US-EAST-08A,on_demand,available,listed_offering,1.0
2026-08-24,coreweave,GB200,US-EAST-13A,on_demand,available,listed_offering,1.0
2026-08-24,coreweave,GB200,US-WEST-01A,on_demand,available,listed_offering,1.0
2026-08-24,coreweave,B300,global,on_demand,available,listed_offering,4.0
2026-08-24,coreweave,B300,US-CENTRAL-06A,on_demand,available,listed_offering,1.0
2026-08-24,coreweave,B300,US-EAST-13A,on_demand,available,listed_offering,1.0
2026-08-24,coreweave,B300,US-WEST-01A,on_demand,available,listed_offering,1.0
2026-08-24,coreweave,B300,US-WEST-10A,on_demand,available,listed_offering,1.0
2026-08-24,coreweave,B200,global,on_demand,available,listed_offering,5.0
2026-08-24,coreweave,B200,EU-SOUTH-04A,on_demand,available,listed_offering,1.0
2026-08-24,coreweave,B200,US-CENTRAL-07A,on_demand,available,listed_offering,1.0
2026-08-24,coreweave,B200,US-EAST-13A,on_demand,available,listed_offering,1.0
2026-08-24,coreweave,B200,US-EAST-15A,on_demand,available,listed_offering,1.0
2026-08-24,coreweave,B200,US-WEST-09B,on_demand,available,listed_offering,1.0
2026-08-24,coreweave,H200,global,on_demand,available,listed_offering,7.0
2026-08-24,coreweave,H200,EU-SOUTH-03B,on_demand,available,listed_offering,1.0
2026-08-24,coreweave,H200,RNO2A,on_demand,available,listed_offering,1.0
2026-08-24,coreweave,H200,US-EAST-01A,on_demand,available,listed_offering,1.0
2026-08-24,coreweave,H200,US-EAST-02A,on_demand,available,listed_offering,1.0
2026-08-24,coreweave,H200,US-EAST-04A,on_demand,available,listed_offering,1.0
2026-08-24,coreweave,H200,US-EAST-08A,on_demand,available,listed_offering,1.0
2026-08-24,coreweave,H200,US-WEST-04A,on_demand,available,listed_offering,1.0
2026-08-24,coreweave,H100,global,on_demand,available,listed_offering,10.0
2026-08-24,coreweave,H100,RNO2A,on_demand,available,listed_offering,1.0
2026-08-24,coreweave,H100,US-CENTRAL-06A,on_demand,available,listed_offering,1.0
2026-08-24,coreweave,H100,US-EAST-01A,on_demand,available,listed_offering,1.0
2026-08-24,coreweave,H100,US-EAST-02A,on_demand,available,listed_offering,1.0
2026-08-24,coreweave,H100,US-EAST-04A,on_demand,available,listed_offering,1.0
2026-08-24,coreweave,H100,US-EAST-06A,on_demand,available,listed_offering,1.0
2026-08-24,coreweave,H100,US-WEST-01A,on_demand,available,listed_offering,1.0
2026-08-24,coreweave,H100,US-WEST-02B,on_demand,available,listed_offering,1.0
2026-08-24,coreweave,H100,US-WEST-04A,on_demand,available,listed_offering,1.0
2026-08-24,coreweave,H100,US-WEST-09B,on_demand,available,listed_offering,1.0
2026-08-24,coreweave,RTX6000,global,on_demand,available,listed_offering,11.0
2026-08-24,coreweave,RTX6000,EU-SOUTH-04A,on_demand,available,listed_offering,1.0
2026-08-24,coreweave,RTX6000,US-EAST-01A,on_demand,available,listed_offering,1.0
2026-08-24,coreweave,RTX6000,US-EAST-04A,on_demand,available,listed_offering,1.0
2026-08-24,coreweave,RTX6000,US-EAST-06A,on_demand,available,listed_offering,1.0
2026-08-24,coreweave,RTX6000,US-EAST-13A,on_demand,available,listed_offering,1.0
2026-08-24,coreweave,RTX6000,US-EAST-14A,on_demand,available,listed_offering,1.0
2026-08-24,coreweave,RTX6000,US-EAST-15A,on_demand,available,listed_offering,1.0
2026-08-24,coreweave,RTX6000,US-WEST-01A,on_demand,available,listed_offering,1.0
2026-08-24,coreweave,RTX6000,US-WEST-04A,on_demand,available,listed_offering,1.0
2026-08-24,coreweave,RTX6000,US-WEST-09B,on_demand,available,listed_offering,1.0
2026-08-24,coreweave,RTX6000,US-WEST-10A,on_demand,available,listed_offering,1.0
2026-08-24,coreweave,L40S,global,on_demand,limited,listed_offering,1.0
2026-08-24,coreweave,L40S,US-EAST-04A,on_demand,available,listed_offering,1.0
2026-08-24,gcp,B200,global,on_demand,available,listed_offering,11.0
2026-08-24,gcp,B200,asia-northeast1,on_demand,available,listed_offering,1.0
2026-08-24,gcp,B200,asia-southeast1,on_demand,available,listed_offering,1.0
2026-08-24,gcp,B200,europe-north1,on_demand,available,listed_offering,1.0
2026-08-24,gcp,B200,europe-west4,on_demand,available,listed_offering,1.0
2026-08-24,gcp,B200,us-central1,on_demand,available,listed_offering,1.0
2026-08-24,gcp,B200,us-east1,on_demand,available,listed_offering,1.0
2026-08-24,gcp,B200,us-east4,on_demand,available,listed_offering,1.0
2026-08-24,gcp,B200,us-south1,on_demand,available,listed_offering,1.0
2026-08-24,gcp,B200,us-west2,on_demand,available,listed_offering,1.0
2026-08-24,gcp,B200,us-west3,on_demand,available,listed_offering,2.0
2026-08-24,gcp,GB200,global,on_demand,available,listed_offering,5.0
2026-08-24,gcp,GB200,europe-west4,on_demand,available,listed_offering,1.0
2026-08-24,gcp,GB200,us-central1,on_demand,available,listed_offering,2.0
2026-08-24,gcp,GB200,us-east1,on_demand,available,listed_offering,1.0
2026-08-24,gcp,GB200,us-east4,on_demand,available,listed_offering,1.0
2026-08-24,gcp,GB300,global,on_demand,available,listed_offering,5.0
2026-08-24,gcp,GB300,us-central1,on_demand,available,listed_offering,1.0
2026-08-24,gcp,GB300,us-east4,on_demand,available,listed_offering,2.0
2026-08-24,gcp,GB300,us-east5,on_demand,available,listed_offering,2.0
2026-08-24,gcp,H100,global,on_demand,available,listed_offering,23.0
2026-08-24,gcp,H100,asia-east1,on_demand,available,listed_offering,1.0
2026-08-24,gcp,H100,asia-northeast1,on_demand,available,listed_offering,1.0
2026-08-24,gcp,H100,asia-northeast3,on_demand,available,listed_offering,1.0
2026-08-24,gcp,H100,asia-south1,on_demand,available,listed_offering,1.0
2026-08-24,gcp,H100,asia-southeast1,on_demand,available,listed_offering,2.0
2026-08-24,gcp,H100,australia-southeast1,on_demand,available,listed_offering,1.0
2026-08-24,gcp,H100,europe-west1,on_demand,available,listed_offering,2.0
2026-08-24,gcp,H100,europe-west3,on_demand,available,listed_offering,1.0
2026-08-24,gcp,H100,europe-west4,on_demand,available,listed_offering,2.0
2026-08-24,gcp,H100,northamerica-northeast2,on_demand,available,listed_offering,1.0
2026-08-24,gcp,H100,us-central1,on_demand,available,listed_offering,3.0
2026-08-24,gcp,H100,us-east4,on_demand,available,listed_offering,3.0
2026-08-24,gcp,H100,us-east5,on_demand,available,listed_offering,1.0
2026-08-24,gcp,H100,us-west1,on_demand,available,listed_offering,2.0
2026-08-24,gcp,H100,us-west4,on_demand,available,listed_offering,1.0
2026-08-24,gcp,H200,global,on_demand,available,listed_offering,8.0
2026-08-24,gcp,H200,asia-south1,on_demand,available,listed_offering,1.0
2026-08-24,gcp,H200,asia-south2,on_demand,available,listed_offering,1.0
2026-08-24,gcp,H200,europe-west1,on_demand,available,listed_offering,1.0
2026-08-24,gcp,H200,europe-west4,on_demand,available,listed_offering,1.0
2026-08-24,gcp,H200,us-central1,on_demand,available,listed_offering,1.0
2026-08-24,gcp,H200,us-east4,on_demand,available,listed_offering,1.0
2026-08-24,gcp,H200,us-south1,on_demand,available,listed_offering,1.0
2026-08-24,gcp,H200,us-west1,on_demand,available,listed_offering,1.0
2026-08-24,gcp,RTX6000,global,on_demand,available,listed_offering,39.0
2026-08-24,gcp,RTX6000,asia-east1,on_demand,available,listed_offering,1.0
2026-08-24,gcp,RTX6000,asia-south1,on_demand,available,listed_offering,1.0
2026-08-24,gcp,RTX6000,asia-south2,on_demand,available,listed_offering,2.0
2026-08-24,gcp,RTX6000,asia-southeast1,on_demand,available,listed_offering,2.0
2026-08-24,gcp,RTX6000,asia-southeast2,on_demand,available,listed_offering,2.0
2026-08-24,gcp,RTX6000,europe-north1,on_demand,available,listed_offering,3.0
2026-08-24,gcp,RTX6000,europe-west1,on_demand,available,listed_offering,1.0
2026-08-24,gcp,RTX6000,europe-west10,on_demand,available,listed_offering,1.0
2026-08-24,gcp,RTX6000,europe-west2,on_demand,available,listed_offering,2.0
2026-08-24,gcp,RTX6000,europe-west4,on_demand,available,listed_offering,3.0
2026-08-24,gcp,RTX6000,europe-west8,on_demand,available,listed_offering,2.0
2026-08-24,gcp,RTX6000,me-central2,on_demand,available,listed_offering,1.0
2026-08-24,gcp,RTX6000,us-central1,on_demand,available,listed_offering,3.0
2026-08-24,gcp,RTX6000,us-east1,on_demand,available,listed_offering,2.0
2026-08-24,gcp,RTX6000,us-east4,on_demand,available,listed_offering,2.0
2026-08-24,gcp,RTX6000,us-east5,on_demand,available,listed_offering,3.0
2026-08-24,gcp,RTX6000,us-south1,on_demand,available,listed_offering,2.0
2026-08-24,gcp,RTX6000,us-west1,on_demand,available,listed_offering,3.0
2026-08-24,gcp,RTX6000,us-west3,on_demand,available,listed_offering,1.0
2026-08-24,gcp,RTX6000,us-west4,on_demand,available,listed_offering,2.0
2026-08-24,azure,H100,global,on_demand,available,listed_offering,24.0
2026-08-24,azure,H100,global,spot,available,listed_offering,24.0
2026-08-24,azure,H200,global,on_demand,available,listed_offering,31.0
2026-08-24,azure,H200,global,spot,available,listed_offering,31.0
2026-08-24,azure,GB200,global,on_demand,available,listed_offering,19.0
2026-08-24,azure,GB200,global,spot,available,listed_offering,19.0
2026-08-24,aws,L40S,me-central-1,spot,available,stock_status_label,0.0
2026-08-24,aws,H100,ap-southeast-3,spot,available,stock_status_label,0.0
2026-08-24,aws,H200,ap-southeast-3,spot,available,stock_status_label,0.0
2026-08-24,aws,H200,eu-south-2,spot,available,stock_status_label,1.0
2026-08-24,aws,L40S,eu-south-2,spot,available,stock_status_label,0.0
2026-08-24,aws,H100,us-west-1,spot,available,stock_status_label,0.0
2026-08-24,aws,H200,us-west-1,spot,available,stock_status_label,0.0
2026-08-24,aws,H100,eu-north-1,spot,available,stock_status_label,0.0
2026-08-24,aws,H200,eu-north-1,spot,available,stock_status_label,0.0
2026-08-24,aws,L40S,eu-north-1,spot,available,stock_status_label,3.0
2026-08-24,aws,H100,ca-central-1,spot,available,stock_status_label,0.0
2026-08-24,aws,H100,eu-west-2,spot,available,stock_status_label,1.0
2026-08-24,aws,H100,sa-east-1,spot,available,stock_status_label,0.0
2026-08-24,aws,H100,ap-south-1,spot,available,stock_status_label,0.0
2026-08-24,aws,H200,ap-south-1,spot,available,stock_status_label,0.0
2026-08-24,aws,H200,ap-northeast-2,spot,available,stock_status_label,0.0
2026-08-24,aws,L40S,ap-northeast-2,spot,available,stock_status_label,2.0
2026-08-24,aws,H100,us-east-2,spot,available,stock_status_label,2.0
2026-08-24,aws,H200,us-east-2,spot,available,stock_status_label,1.0
2026-08-24,aws,B200,us-east-2,spot,available,stock_status_label,1.0
2026-08-24,aws,L40S,us-east-2,spot,available,stock_status_label,1.0
2026-08-24,aws,L40S,eu-central-1,spot,limited,stock_status_label,4.0
2026-08-24,aws,H100,ap-southeast-2,spot,available,stock_status_label,0.0
2026-08-24,aws,H100,ap-northeast-1,spot,available,stock_status_label,0.0
2026-08-24,aws,H200,ap-northeast-1,spot,available,stock_status_label,0.0
2026-08-24,aws,L40S,ap-northeast-1,spot,limited,stock_status_label,4.0
2026-08-24,aws,H100,us-west-2,spot,available,stock_status_label,0.0
2026-08-24,aws,H200,us-west-2,spot,available,stock_status_label,0.0
2026-08-24,aws,B200,us-west-2,spot,available,stock_status_label,2.0
2026-08-24,aws,B300,us-west-2,spot,available,stock_status_label,0.0
2026-08-24,aws,L40S,us-west-2,spot,available,stock_status_label,0.0
2026-08-24,aws,H100,us-east-1,spot,available,stock_status_label,0.0
2026-08-24,aws,H200,us-east-1,spot,available,stock_status_label,0.0
2026-08-24,aws,B200,us-east-1,spot,available,stock_status_label,2.0
2026-08-24,aws,L40S,us-east-1,spot,available,stock_status_label,2.0
2026-08-24,aws,L40S,global,spot,available,regions_with_capacity,9.0
2026-08-24,aws,B200,global,spot,available,regions_with_capacity,3.0
2026-08-24,aws,H100,global,spot,available,regions_with_capacity,12.0
2026-08-24,aws,B300,global,spot,available,regions_with_capacity,1.0
2026-08-24,aws,H200,global,spot,available,regions_with_capacity,10.0
2026-08-24,crusoe,B200,global,on_demand,available,listed_offering,3.0
2026-08-24,crusoe,B300,global,on_demand,limited,listed_offering,1.0
2026-08-24,crusoe,GB200,global,on_demand,limited,listed_offering,1.0
2026-08-24,crusoe,H100,global,on_demand,available,listed_offering,3.0
2026-08-24,crusoe,H200,global,on_demand,limited,listed_offering,1.0
2026-08-24,crusoe,L40S,global,on_demand,available,listed_offering,2.0
2026-08-24,runpod,B200,global,on_demand,limited,stock_status_label,0.0
2026-08-24,runpod,B300,global,on_demand,limited,stock_status_label,0.0
2026-08-24,runpod,H100,global,on_demand,limited,stock_status_label,0.0
2026-08-24,runpod,H100,global,on_demand,limited,stock_status_label,0.0
2026-08-24,runpod,H100,global,on_demand,sold_out,stock_status_label,0.0
2026-08-24,runpod,H200,global,on_demand,limited,stock_status_label,0.0
2026-08-24,runpod,H200,global,on_demand,sold_out,stock_status_label,0.0
2026-08-24,runpod,L40S,global,on_demand,limited,stock_status_label,0.0
2026-08-24,runpod,RTX6000,global,on_demand,sold_out,stock_status_label,0.0
2026-08-24,runpod,RTX6000,global,on_demand,limited,stock_status_label,0.0
2026-08-24,runpod,RTX6000,global,on_demand,sold_out,stock_status_label,0.0
2026-08-24,runpod,H100,AP-IN-1,on_demand,available,stock_status_label,2.0
2026-08-24,runpod,H100,AP-IN-2,on_demand,available,stock_status_label,1.0
2026-08-24,runpod,H200,AP-JP-1,on_demand,available,stock_status_label,1.0
2026-08-24,runpod,H100,AP-JP-1,on_demand,available,stock_status_label,1.0
2026-08-24,runpod,H100,CA-MTL-1,on_demand,available,stock_status_label,1.0
2026-08-24,runpod,RTX6000,CA-MTL-3,on_demand,sold_out,stock_status_label,0.0
2026-08-24,runpod,H200,CA-MTL-3,on_demand,sold_out,stock_status_label,0.0
2026-08-24,runpod,H200,CA-MTL-4,on_demand,sold_out,stock_status_label,0.0
2026-08-24,runpod,RTX6000,EU-CZ-1,on_demand,sold_out,stock_status_label,0.0
2026-08-24,runpod,RTX6000,EU-CZ-1,on_demand,sold_out,stock_status_label,0.0
2026-08-24,runpod,H200,EU-FR-1,on_demand,available,stock_status_label,1.0
2026-08-24,runpod,H100,EU-FR-1,on_demand,available,stock_status_label,1.0
2026-08-24,runpod,B300,EU-NL-1,on_demand,available,stock_status_label,1.0
2026-08-24,runpod,L40S,EU-NL-1,on_demand,available,stock_status_label,1.0
2026-08-24,runpod,H100,EU-NL-1,on_demand,sold_out,stock_status_label,0.0
2026-08-24,runpod,RTX6000,EU-NL-1,on_demand,sold_out,stock_status_label,0.0
2026-08-24,runpod,RTX6000,EU-RO-1,on_demand,sold_out,stock_status_label,0.0
2026-08-24,runpod,B200,EU-RO-1,on_demand,available,stock_status_label,1.0
2026-08-24,runpod,RTX6000,EU-RO-1,on_demand,sold_out,stock_status_label,0.0
2026-08-24,runpod,RTX6000,EUR-IS-1,on_demand,sold_out,stock_status_label,0.0
2026-08-24,runpod,B300,EUR-IS-1,on_demand,available,stock_status_label,1.0
2026-08-24,runpod,RTX6000,EUR-IS-1,on_demand,sold_out,stock_status_label,0.0
2026-08-24,runpod,RTX6000,EUR-IS-2,on_demand,sold_out,stock_status_label,0.0
2026-08-24,runpod,H200,EUR-IS-2,on_demand,available,stock_status_label,1.0
2026-08-24,runpod,L40S,EUR-IS-2,on_demand,available,stock_status_label,1.0
2026-08-24,runpod,H100,EUR-IS-3,on_demand,available,stock_status_label,1.0
2026-08-24,runpod,H200,EUR-IS-4,on_demand,available,stock_status_label,1.0
2026-08-24,runpod,H200,EUR-IS-5,on_demand,sold_out,stock_status_label,0.0
2026-08-24,runpod,H100,EUR-NO-2,on_demand,available,stock_status_label,1.0
2026-08-24,runpod,L40S,OC-AU-1,on_demand,available,stock_status_label,1.0
2026-08-24,runpod,H100,US-CA-2,on_demand,available,stock_status_label,1.0
2026-08-24,runpod,B200,US-CA-2,on_demand,sold_out,stock_status_label,0.0
2026-08-24,runpod,H200,US-CA-2,on_demand,sold_out,stock_status_label,0.0
2026-08-24,runpod,H100,US-CA-2,on_demand,sold_out,stock_status_label,0.0
2026-08-24,runpod,RTX6000,US-CA-2,on_demand,sold_out,stock_status_label,0.0
2026-08-24,runpod,H200,US-CO-1,on_demand,sold_out,stock_status_label,0.0
2026-08-24,runpod,H200,US-GA-2,on_demand,available,stock_status_label,1.0
2026-08-24,runpod,H100,US-GA-2,on_demand,available,stock_status_label,1.0
2026-08-24,runpod,H100,US-GA-2,on_demand,available,stock_status_label,1.0
2026-08-24,runpod,L40S,US-IL-1,on_demand,sold_out,stock_status_label,0.0
2026-08-24,runpod,H100,US-KS-2,on_demand,sold_out,stock_status_label,0.0
2026-08-24,runpod,H100,US-KS-2,on_demand,available,stock_status_label,1.0
2026-08-24,runpod,H100,US-KS-2,on_demand,sold_out,stock_status_label,0.0
2026-08-24,runpod,RTX6000,US-KS-2,on_demand,sold_out,stock_status_label,0.0
2026-08-24,runpod,H200,US-MD-1,on_demand,sold_out,stock_status_label,0.0
2026-08-24,runpod,L40S,US-MO-1,on_demand,available,stock_status_label,1.0
2026-08-24,runpod,H100,US-MO-1,on_demand,available,stock_status_label,1.0
2026-08-24,runpod,RTX6000,US-MO-2,on_demand,sold_out,stock_status_label,0.0
2026-08-24,runpod,RTX6000,US-NC-1,on_demand,sold_out,stock_status_label,0.0
2026-08-24,runpod,H200,US-NC-1,on_demand,available,stock_status_label,1.0
2026-08-24,runpod,L40S,US-NC-1,on_demand,sold_out,stock_status_label,0.0
2026-08-24,runpod,RTX6000,US-NC-2,on_demand,available,stock_status_label,1.0
2026-08-24,runpod,B200,US-NC-2,on_demand,available,stock_status_label,1.0
2026-08-24,runpod,RTX6000,US-NE-1,on_demand,sold_out,stock_status_label,0.0
2026-08-24,runpod,H100,US-NE-1,on_demand,available,stock_status_label,1.0
2026-08-24,runpod,B200,US-NE-1,on_demand,sold_out,stock_status_label,0.0
2026-08-24,runpod,RTX6000,US-PA-1,on_demand,sold_out,stock_status_label,0.0
2026-08-24,runpod,H200,US-PA-1,on_demand,sold_out,stock_status_label,0.0
2026-08-24,runpod,L40S,US-TX-3,on_demand,available,stock_status_label,1.0
2026-08-24,runpod,L40S,US-TX-4,on_demand,available,stock_status_label,1.0
2026-08-24,runpod,B200,US-TX-6,on_demand,available,stock_status_label,1.0
2026-08-24,runpod,B300,US-WA-2,on_demand,available,stock_status_label,1.0
2026-08-24,vast,H100,global,on_demand,available,offer_depth_gpus,61.0
2026-08-24,vast,H200,global,on_demand,available,offer_depth_gpus,136.0
2026-08-24,vast,B200,global,on_demand,available,offer_depth_gpus,89.0
2026-08-24,vast,B300,global,on_demand,available,offer_depth_gpus,14.0
2026-08-24,vast,GB200,global,on_demand,not_offered,offer_depth_gpus,0.0
2026-08-24,vast,L40S,global,on_demand,available,offer_depth_gpus,68.0
2026-08-24,vast,RTX6000,global,on_demand,available,offer_depth_gpus,81.0
2026-08-24,scaleway,B300,fr-par-2,on_demand,sold_out,stock_status_label,0.0
2026-08-24,scaleway,H100,fr-par-2,on_demand,available,stock_status_label,2.0
2026-08-24,scaleway,H100,pl-waw-2,on_demand,available,stock_status_label,2.0
2026-08-24,scaleway,L40S,fr-par-2,on_demand,limited,stock_status_label,1.0
2026-08-24,scaleway,L40S,pl-waw-2,on_demand,limited,stock_status_label,1.0
2026-08-24,scaleway,B300,global,on_demand,sold_out,regions_with_capacity,0.0
2026-08-24,scaleway,H100,global,on_demand,available,regions_with_capacity,2.0
2026-08-24,scaleway,L40S,global,on_demand,limited,regions_with_capacity,2.0
2026-08-24,voltage_park,H100,global,on_demand,sold_out,stock_level,0.0
2026-08-24,gmi,GB200,global,on_demand,available,stock_status_label,2.0
2026-08-24,gmi,GB300,global,on_demand,limited,stock_status_label,1.0
2026-08-24,gmi,H100,global,on_demand,available,stock_status_label,2.0
2026-08-24,gmi,H200,global,on_demand,available,stock_status_label,2.0
2026-08-24,gmi,B200,global,on_demand,limited,stock_status_label,1.0
2026-08-24,sfcompute,H100,global,reserved_short,available,clearing_price_usd,2.18
2026-08-24,sfcompute,H200,global,reserved_short,unknown,clearing_price_usd,
2026-08-24,sfcompute,B200,global,reserved_short,unknown,clearing_price_usd,
2026-08-24,crusoe,L40S,global,on_demand,available,regions_with_capacity,2.0
2026-08-24,hyperstack,H100,global,on_demand,limited,regions_with_capacity,1.0
2026-08-24,hyperstack,RTX6000,global,on_demand,sold_out,regions_with_capacity,0.0
2026-08-24,lambda,B200,global,on_demand,sold_out,regions_with_capacity,0.0
2026-08-24,lambda,H100,global,on_demand,available,regions_with_capacity,4.0
2026-08-24,nebius,H100,global,on_demand,sold_out,regions_with_capacity,0.0
2026-08-24,nebius,H200,global,on_demand,sold_out,regions_with_capacity,0.0
2026-08-24,scaleway,B300,global,on_demand,sold_out,regions_with_capacity,0.0
2026-08-24,scaleway,H100,global,on_demand,available,regions_with_capacity,2.0
2026-08-24,scaleway,L40S,global,on_demand,available,regions_with_capacity,1.0
2026-08-24,verda,B200,global,on_demand,sold_out,regions_with_capacity,0.0
2026-08-24,verda,B300,global,on_demand,sold_out,regions_with_capacity,0.0
2026-08-24,verda,H100,global,on_demand,sold_out,regions_with_capacity,0.0
2026-08-24,verda,H200,global,on_demand,sold_out,regions_with_capacity,0.0
2026-08-24,verda,L40S,global,on_demand,sold_out,regions_with_capacity,0.0
2026-08-24,verda,RTX6000,global,on_demand,sold_out,regions_with_capacity,0.0
2026-08-24,voltage_park,H100,global,on_demand,sold_out,regions_with_capacity,0.0
2026-08-24,nebius,B200,global,on_demand,available,listed_offering,2.0
2026-08-24,nebius,B200,me-west1,on_demand,available,listed_offering,1.0
2026-08-24,nebius,B200,us-central1,on_demand,available,listed_offering,1.0
2026-08-24,nebius,B300,global,on_demand,available,listed_offering,3.0
2026-08-24,nebius,B300,eu-west2,on_demand,available,listed_offering,1.0
2026-08-24,nebius,B300,uk-south1,on_demand,available,listed_offering,1.0
2026-08-24,nebius,B300,us-north1,on_demand,available,listed_offering,1.0
2026-08-24,nebius,H100,global,on_demand,available,listed_offering,1.0
2026-08-24,nebius,H100,eu-north1,on_demand,available,listed_offering,1.0
2026-08-24,nebius,H200,global,on_demand,available,listed_offering,4.0
2026-08-24,nebius,H200,eu-north1,on_demand,available,listed_offering,1.0
2026-08-24,nebius,H200,eu-north2,on_demand,available,listed_offering,1.0
2026-08-24,nebius,H200,eu-west1,on_demand,available,listed_offering,1.0
2026-08-24,nebius,H200,us-central1,on_demand,available,listed_offering,1.0
2026-08-24,nebius,L40S,global,on_demand,available,listed_offering,1.0
2026-08-24,nebius,L40S,eu-north1,on_demand,available,listed_offering,1.0
2026-08-24,nebius,RTX6000,global,on_demand,available,listed_offering,1.0
2026-08-24,nebius,RTX6000,us-central1,on_demand,available,listed_offering,1.0
2026-08-24,hyperstack,B200,CANADA-1,on_demand,sold_out,stock_level,0.0
2026-08-24,hyperstack,L40S,CANADA-1,on_demand,available,stock_level,25.0
2026-08-24,hyperstack,L40S,CANADA-1,on_demand,limited,stock_level,6.0
2026-08-24,hyperstack,H100,CANADA-1,on_demand,available,stock_level,100.0
2026-08-24,hyperstack,B300,CANADA-1,on_demand,sold_out,stock_level,0.0
2026-08-24,hyperstack,H200,CANADA-1,on_demand,sold_out,stock_level,0.0
2026-08-24,hyperstack,H100,CANADA-1,on_demand,available,stock_level,75.0
2026-08-24,hyperstack,H100,CANADA-1,on_demand,limited,stock_level,1.0
2026-08-24,hyperstack,H100,CANADA-1,on_demand,sold_out,stock_level,0.0
2026-08-24,hyperstack,H100,CANADA-1,on_demand,limited,stock_level,8.0
2026-08-24,hyperstack,B200,global,on_demand,sold_out,stock_level,0.0
2026-08-24,hyperstack,L40S,global,on_demand,available,stock_level,25.0
2026-08-24,hyperstack,H100,global,on_demand,available,stock_level,100.0
2026-08-24,hyperstack,B300,global,on_demand,sold_out,stock_level,0.0
2026-08-24,hyperstack,H200,global,on_demand,sold_out,stock_level,0.0
2026-08-24,together,B200,ca-west-1,on_demand,available,stock_level,5.0
2026-08-24,together,B200,us-east-3,on_demand,available,stock_level,5.0
2026-08-24,together,B200,us-west-3,on_demand,unknown,stock_level,0.0
2026-08-24,together,GB300,us-south-3,on_demand,available,stock_level,5.0
2026-08-24,together,H100,ca-east-1,on_demand,unknown,stock_level,0.0
2026-08-24,together,H100,eu-central-1,on_demand,unknown,stock_level,0.0
2026-08-24,together,H100,eu-north-1,on_demand,unknown,stock_level,0.0
2026-08-24,together,H100,eu-west-1,on_demand,available,stock_level,5.0
2026-08-24,together,H100,us-central-4,on_demand,unknown,stock_level,0.0
2026-08-24,together,H100,us-central-5,on_demand,unknown,stock_level,0.0
2026-08-24,together,H100,us-central-6,on_demand,unknown,stock_level,0.0
2026-08-24,together,H100,us-east-1,on_demand,unknown,stock_level,0.0
2026-08-24,together,H100,us-east-4,on_demand,unknown,stock_level,0.0
2026-08-24,together,H200,us-central-8,on_demand,available,stock_level,5.0
2026-08-24,together,B200,global,on_demand,available,regions_with_capacity,2.0
2026-08-24,together,H100,global,on_demand,available,regions_with_capacity,1.0
2026-08-24,together,GB300,global,on_demand,available,regions_with_capacity,1.0
2026-08-24,together,H200,global,on_demand,available,regions_with_capacity,1.0
2026-08-24,verda,RTX6000,FIN-01,on_demand,limited,binary,4.0
2026-08-24,verda,H200,FIN-02,on_demand,limited,binary,2.0
2026-08-24,verda,H100,FIN-02,on_demand,limited,binary,2.0
2026-08-24,verda,H200,FIN-03,on_demand,limited,binary,4.0
2026-08-24,verda,H100,FIN-03,on_demand,limited,binary,4.0
2026-08-24,verda,RTX6000,global,on_demand,limited,regions_with_capacity,1.0
2026-08-24,verda,H200,global,on_demand,limited,regions_with_capacity,2.0
2026-08-24,verda,H100,global,on_demand,limited,regions_with_capacity,2.0
2026-08-24,verda,L40S,global,on_demand,sold_out,binary,0.0
2026-08-24,verda,B200,global,on_demand,sold_out,binary,0.0
2026-08-24,verda,GB300,global,on_demand,sold_out,binary,0.0
2026-08-24,verda,B300,global,on_demand,sold_out,binary,0.0
2026-08-24,verda,RTX6000,FIN-01,spot,limited,binary,4.0
2026-08-24,verda,L40S,FIN-01,spot,available,binary,8.0
2026-08-24,verda,H200,FIN-02,spot,limited,binary,2.0
2026-08-24,verda,H100,FIN-02,spot,available,binary,8.0
2026-08-24,verda,RTX6000,FIN-02,spot,available,binary,8.0
2026-08-24,verda,B300,FIN-03,spot,available,binary,8.0
2026-08-24,verda,RTX6000,FIN-03,spot,limited,binary,1.0
2026-08-24,verda,RTX6000,global,spot,available,regions_with_capacity,3.0
2026-08-24,verda,L40S,global,spot,available,regions_with_capacity,1.0
2026-08-24,verda,H200,global,spot,limited,regions_with_capacity,1.0
2026-08-24,verda,H100,global,spot,available,regions_with_capacity,1.0
2026-08-24,verda,B300,global,spot,available,regions_with_capacity,1.0
2026-08-25,lambda,B200,global,on_demand,sold_out,regions_with_capacity,0.0
2026-08-25,lambda,H100,global,on_demand,limited,regions_with_capacity,4.0
2026-08-25,lambda,H100,us-south-2,on_demand,available,regions_with_capacity,1.0
2026-08-25,lambda,H100,us-south-3,on_demand,available,regions_with_capacity,1.0
2026-08-25,lambda,H100,us-southeast-1,on_demand,available,regions_with_capacity,1.0
2026-08-25,lambda,H100,us-west-3,on_demand,available,regions_with_capacity,1.0
2026-08-25,coreweave,GB300,global,on_demand,available,listed_offering,4.0
2026-08-25,coreweave,GB300,CA-EAST-01A,on_demand,available,listed_offering,1.0
2026-08-25,coreweave,GB300,US-CENTRAL-07A,on_demand,available,listed_offering,1.0
2026-08-25,coreweave,GB300,US-CENTRAL-09A,on_demand,available,listed_offering,1.0
2026-08-25,coreweave,GB300,US-WEST-01A,on_demand,available,listed_offering,1.0
2026-08-25,coreweave,GB200,global,on_demand,available,listed_offering,6.0
2026-08-25,coreweave,GB200,CA-EAST-01A,on_demand,available,listed_offering,1.0
2026-08-25,coreweave,GB200,US-EAST-01A,on_demand,available,listed_offering,1.0
2026-08-25,coreweave,GB200,US-EAST-02A,on_demand,available,listed_offering,1.0
2026-08-25,coreweave,GB200,US-EAST-08A,on_demand,available,listed_offering,1.0
2026-08-25,coreweave,GB200,US-EAST-13A,on_demand,available,listed_offering,1.0
2026-08-25,coreweave,GB200,US-WEST-01A,on_demand,available,listed_offering,1.0
2026-08-25,coreweave,B300,global,on_demand,available,listed_offering,4.0
2026-08-25,coreweave,B300,US-CENTRAL-06A,on_demand,available,listed_offering,1.0
2026-08-25,coreweave,B300,US-EAST-13A,on_demand,available,listed_offering,1.0
2026-08-25,coreweave,B300,US-WEST-01A,on_demand,available,listed_offering,1.0
2026-08-25,coreweave,B300,US-WEST-10A,on_demand,available,listed_offering,1.0
2026-08-25,coreweave,B200,global,on_demand,available,listed_offering,5.0
2026-08-25,coreweave,B200,EU-SOUTH-04A,on_demand,available,listed_offering,1.0
2026-08-25,coreweave,B200,US-CENTRAL-07A,on_demand,available,listed_offering,1.0
2026-08-25,coreweave,B200,US-EAST-13A,on_demand,available,listed_offering,1.0
2026-08-25,coreweave,B200,US-EAST-15A,on_demand,available,listed_offering,1.0
2026-08-25,coreweave,B200,US-WEST-09B,on_demand,available,listed_offering,1.0
2026-08-25,coreweave,H200,global,on_demand,available,listed_offering,7.0
2026-08-25,coreweave,H200,EU-SOUTH-03B,on_demand,available,listed_offering,1.0
2026-08-25,coreweave,H200,RNO2A,on_demand,available,listed_offering,1.0
2026-08-25,coreweave,H200,US-EAST-01A,on_demand,available,listed_offering,1.0
2026-08-25,coreweave,H200,US-EAST-02A,on_demand,available,listed_offering,1.0
2026-08-25,coreweave,H200,US-EAST-04A,on_demand,available,listed_offering,1.0
2026-08-25,coreweave,H200,US-EAST-08A,on_demand,available,listed_offering,1.0
2026-08-25,coreweave,H200,US-WEST-04A,on_demand,available,listed_offering,1.0
2026-08-25,coreweave,H100,global,on_demand,available,listed_offering,10.0
2026-08-25,coreweave,H100,RNO2A,on_demand,available,listed_offering,1.0
2026-08-25,coreweave,H100,US-CENTRAL-06A,on_demand,available,listed_offering,1.0
2026-08-25,coreweave,H100,US-EAST-01A,on_demand,available,listed_offering,1.0
2026-08-25,coreweave,H100,US-EAST-02A,on_demand,available,listed_offering,1.0
2026-08-25,coreweave,H100,US-EAST-04A,on_demand,available,listed_offering,1.0
2026-08-25,coreweave,H100,US-EAST-06A,on_demand,available,listed_offering,1.0
2026-08-25,coreweave,H100,US-WEST-01A,on_demand,available,listed_offering,1.0
2026-08-25,coreweave,H100,US-WEST-02B,on_demand,available,listed_offering,1.0
2026-08-25,coreweave,H100,US-WEST-04A,on_demand,available,listed_offering,1.0
2026-08-25,coreweave,H100,US-WEST-09B,on_demand,available,listed_offering,1.0
2026-08-25,coreweave,RTX6000,global,on_demand,available,listed_offering,11.0
2026-08-25,coreweave,RTX6000,EU-SOUTH-04A,on_demand,available,listed_offering,1.0
2026-08-25,coreweave,RTX6000,US-EAST-01A,on_demand,available,listed_offering,1.0
2026-08-25,coreweave,RTX6000,US-EAST-04A,on_demand,available,listed_offering,1.0
2026-08-25,coreweave,RTX6000,US-EAST-06A,on_demand,available,listed_offering,1.0
2026-08-25,coreweave,RTX6000,US-EAST-13A,on_demand,available,listed_offering,1.0
2026-08-25,coreweave,RTX6000,US-EAST-14A,on_demand,available,listed_offering,1.0
2026-08-25,coreweave,RTX6000,US-EAST-15A,on_demand,available,listed_offering,1.0
2026-08-25,coreweave,RTX6000,US-WEST-01A,on_demand,available,listed_offering,1.0
2026-08-25,coreweave,RTX6000,US-WEST-04A,on_demand,available,listed_offering,1.0
2026-08-25,coreweave,RTX6000,US-WEST-09B,on_demand,available,listed_offering,1.0
2026-08-25,coreweave,RTX6000,US-WEST-10A,on_demand,available,listed_offering,1.0
2026-08-25,coreweave,L40S,global,on_demand,limited,listed_offering,1.0
2026-08-25,coreweave,L40S,US-EAST-04A,on_demand,available,listed_offering,1.0
2026-08-25,gcp,B200,global,on_demand,available,listed_offering,11.0
2026-08-25,gcp,B200,asia-northeast1,on_demand,available,listed_offering,1.0
2026-08-25,gcp,B200,asia-southeast1,on_demand,available,listed_offering,1.0
2026-08-25,gcp,B200,europe-north1,on_demand,available,listed_offering,1.0
2026-08-25,gcp,B200,europe-west4,on_demand,available,listed_offering,1.0
2026-08-25,gcp,B200,us-central1,on_demand,available,listed_offering,1.0
2026-08-25,gcp,B200,us-east1,on_demand,available,listed_offering,1.0
2026-08-25,gcp,B200,us-east4,on_demand,available,listed_offering,1.0
2026-08-25,gcp,B200,us-south1,on_demand,available,listed_offering,1.0
2026-08-25,gcp,B200,us-west2,on_demand,available,listed_offering,1.0
2026-08-25,gcp,B200,us-west3,on_demand,available,listed_offering,2.0
2026-08-25,gcp,GB200,global,on_demand,available,listed_offering,5.0
2026-08-25,gcp,GB200,europe-west4,on_demand,available,listed_offering,1.0
2026-08-25,gcp,GB200,us-central1,on_demand,available,listed_offering,2.0
2026-08-25,gcp,GB200,us-east1,on_demand,available,listed_offering,1.0
2026-08-25,gcp,GB200,us-east4,on_demand,available,listed_offering,1.0
2026-08-25,gcp,GB300,global,on_demand,available,listed_offering,5.0
2026-08-25,gcp,GB300,us-central1,on_demand,available,listed_offering,1.0
2026-08-25,gcp,GB300,us-east4,on_demand,available,listed_offering,2.0
2026-08-25,gcp,GB300,us-east5,on_demand,available,listed_offering,2.0
2026-08-25,gcp,H100,global,on_demand,available,listed_offering,23.0
2026-08-25,gcp,H100,asia-east1,on_demand,available,listed_offering,1.0
2026-08-25,gcp,H100,asia-northeast1,on_demand,available,listed_offering,1.0
2026-08-25,gcp,H100,asia-northeast3,on_demand,available,listed_offering,1.0
2026-08-25,gcp,H100,asia-south1,on_demand,available,listed_offering,1.0
2026-08-25,gcp,H100,asia-southeast1,on_demand,available,listed_offering,2.0
2026-08-25,gcp,H100,australia-southeast1,on_demand,available,listed_offering,1.0
2026-08-25,gcp,H100,europe-west1,on_demand,available,listed_offering,2.0
2026-08-25,gcp,H100,europe-west3,on_demand,available,listed_offering,1.0
2026-08-25,gcp,H100,europe-west4,on_demand,available,listed_offering,2.0
2026-08-25,gcp,H100,northamerica-northeast2,on_demand,available,listed_offering,1.0
2026-08-25,gcp,H100,us-central1,on_demand,available,listed_offering,3.0
2026-08-25,gcp,H100,us-east4,on_demand,available,listed_offering,3.0
2026-08-25,gcp,H100,us-east5,on_demand,available,listed_offering,1.0
2026-08-25,gcp,H100,us-west1,on_demand,available,listed_offering,2.0
2026-08-25,gcp,H100,us-west4,on_demand,available,listed_offering,1.0
2026-08-25,gcp,H200,global,on_demand,available,listed_offering,8.0
2026-08-25,gcp,H200,asia-south1,on_demand,available,listed_offering,1.0
2026-08-25,gcp,H200,asia-south2,on_demand,available,listed_offering,1.0
2026-08-25,gcp,H200,europe-west1,on_demand,available,listed_offering,1.0
2026-08-25,gcp,H200,europe-west4,on_demand,available,listed_offering,1.0
2026-08-25,gcp,H200,us-central1,on_demand,available,listed_offering,1.0
2026-08-25,gcp,H200,us-east4,on_demand,available,listed_offering,1.0
2026-08-25,gcp,H200,us-south1,on_demand,available,listed_offering,1.0
2026-08-25,gcp,H200,us-west1,on_demand,available,listed_offering,1.0
2026-08-25,gcp,RTX6000,global,on_demand,available,listed_offering,39.0
2026-08-25,gcp,RTX6000,asia-east1,on_demand,available,listed_offering,1.0
2026-08-25,gcp,RTX6000,asia-south1,on_demand,available,listed_offering,1.0
2026-08-25,gcp,RTX6000,asia-south2,on_demand,available,listed_offering,2.0
2026-08-25,gcp,RTX6000,asia-southeast1,on_demand,available,listed_offering,2.0
2026-08-25,gcp,RTX6000,asia-southeast2,on_demand,available,listed_offering,2.0
2026-08-25,gcp,RTX6000,europe-north1,on_demand,available,listed_offering,3.0
2026-08-25,gcp,RTX6000,europe-west1,on_demand,available,listed_offering,1.0
2026-08-25,gcp,RTX6000,europe-west10,on_demand,available,listed_offering,1.0
2026-08-25,gcp,RTX6000,europe-west2,on_demand,available,listed_offering,2.0
2026-08-25,gcp,RTX6000,europe-west4,on_demand,available,listed_offering,3.0
2026-08-25,gcp,RTX6000,europe-west8,on_demand,available,listed_offering,2.0
2026-08-25,gcp,RTX6000,me-central2,on_demand,available,listed_offering,1.0
2026-08-25,gcp,RTX6000,us-central1,on_demand,available,listed_offering,3.0
2026-08-25,gcp,RTX6000,us-east1,on_demand,available,listed_offering,2.0
2026-08-25,gcp,RTX6000,us-east4,on_demand,available,listed_offering,2.0
2026-08-25,gcp,RTX6000,us-east5,on_demand,available,listed_offering,3.0
2026-08-25,gcp,RTX6000,us-south1,on_demand,available,listed_offering,2.0
2026-08-25,gcp,RTX6000,us-west1,on_demand,available,listed_offering,3.0
2026-08-25,gcp,RTX6000,us-west3,on_demand,available,listed_offering,1.0
2026-08-25,gcp,RTX6000,us-west4,on_demand,available,listed_offering,2.0
2026-08-25,azure,H100,global,on_demand,available,listed_offering,24.0
2026-08-25,azure,H100,global,spot,available,listed_offering,24.0
2026-08-25,azure,H200,global,on_demand,available,listed_offering,31.0
2026-08-25,azure,H200,global,spot,available,listed_offering,31.0
2026-08-25,azure,GB200,global,on_demand,available,listed_offering,19.0
2026-08-25,azure,GB200,global,spot,available,listed_offering,19.0
2026-08-25,aws,L40S,me-central-1,spot,available,stock_status_label,0.0
2026-08-25,aws,H100,ap-southeast-3,spot,available,stock_status_label,0.0
2026-08-25,aws,H200,ap-southeast-3,spot,available,stock_status_label,0.0
2026-08-25,aws,H200,eu-south-2,spot,available,stock_status_label,1.0
2026-08-25,aws,L40S,eu-south-2,spot,available,stock_status_label,0.0
2026-08-25,aws,H100,us-west-1,spot,available,stock_status_label,0.0
2026-08-25,aws,H200,us-west-1,spot,available,stock_status_label,0.0
2026-08-25,aws,H100,eu-north-1,spot,available,stock_status_label,0.0
2026-08-25,aws,H200,eu-north-1,spot,available,stock_status_label,0.0
2026-08-25,aws,L40S,eu-north-1,spot,available,stock_status_label,3.0
2026-08-25,aws,H100,ca-central-1,spot,available,stock_status_label,0.0
2026-08-25,aws,H100,eu-west-2,spot,available,stock_status_label,1.0
2026-08-25,aws,H100,sa-east-1,spot,available,stock_status_label,0.0
2026-08-25,aws,H100,ap-south-1,spot,available,stock_status_label,0.0
2026-08-25,aws,H200,ap-south-1,spot,available,stock_status_label,0.0
2026-08-25,aws,H200,ap-northeast-2,spot,available,stock_status_label,0.0
2026-08-25,aws,L40S,ap-northeast-2,spot,available,stock_status_label,2.0
2026-08-25,aws,H100,us-east-2,spot,available,stock_status_label,2.0
2026-08-25,aws,H200,us-east-2,spot,available,stock_status_label,1.0
2026-08-25,aws,B200,us-east-2,spot,available,stock_status_label,1.0
2026-08-25,aws,L40S,us-east-2,spot,available,stock_status_label,1.0
2026-08-25,aws,L40S,eu-central-1,spot,limited,stock_status_label,4.0
2026-08-25,aws,H100,ap-southeast-2,spot,available,stock_status_label,0.0
2026-08-25,aws,H100,ap-northeast-1,spot,available,stock_status_label,0.0
2026-08-25,aws,H200,ap-northeast-1,spot,available,stock_status_label,0.0
2026-08-25,aws,L40S,ap-northeast-1,spot,limited,stock_status_label,4.0
2026-08-25,aws,H100,us-west-2,spot,available,stock_status_label,0.0
2026-08-25,aws,H200,us-west-2,spot,available,stock_status_label,0.0
2026-08-25,aws,B200,us-west-2,spot,available,stock_status_label,2.0
2026-08-25,aws,B300,us-west-2,spot,available,stock_status_label,0.0
2026-08-25,aws,L40S,us-west-2,spot,available,stock_status_label,0.0
2026-08-25,aws,H100,us-east-1,spot,available,stock_status_label,0.0
2026-08-25,aws,H200,us-east-1,spot,available,stock_status_label,0.0
2026-08-25,aws,B200,us-east-1,spot,available,stock_status_label,2.0
2026-08-25,aws,L40S,us-east-1,spot,available,stock_status_label,2.0
2026-08-25,aws,L40S,global,spot,available,regions_with_capacity,9.0
2026-08-25,aws,H200,global,spot,available,regions_with_capacity,10.0
2026-08-25,aws,H100,global,spot,available,regions_with_capacity,12.0
2026-08-25,aws,B300,global,spot,available,regions_with_capacity,1.0
2026-08-25,aws,B200,global,spot,available,regions_with_capacity,3.0
2026-08-25,crusoe,B200,global,on_demand,available,listed_offering,3.0
2026-08-25,crusoe,B300,global,on_demand,limited,listed_offering,1.0
2026-08-25,crusoe,GB200,global,on_demand,limited,listed_offering,1.0
2026-08-25,crusoe,H100,global,on_demand,available,listed_offering,3.0
2026-08-25,crusoe,H200,global,on_demand,limited,listed_offering,1.0
2026-08-25,crusoe,L40S,global,on_demand,available,listed_offering,2.0
2026-08-25,runpod,B200,global,on_demand,limited,stock_status_label,0.0
2026-08-25,runpod,B300,global,on_demand,limited,stock_status_label,1.0
2026-08-25,runpod,H100,global,on_demand,limited,stock_status_label,1.0
2026-08-25,runpod,H100,global,on_demand,limited,stock_status_label,0.0
2026-08-25,runpod,H100,global,on_demand,limited,stock_status_label,0.0
2026-08-25,runpod,H200,global,on_demand,limited,stock_status_label,0.0
2026-08-25,runpod,H200,global,on_demand,sold_out,stock_status_label,0.0
2026-08-25,runpod,L40S,global,on_demand,limited,stock_status_label,1.0
2026-08-25,runpod,RTX6000,global,on_demand,sold_out,stock_status_label,0.0
2026-08-25,runpod,RTX6000,global,on_demand,limited,stock_status_label,0.0
2026-08-25,runpod,RTX6000,global,on_demand,limited,stock_status_label,0.0
2026-08-25,runpod,H100,AP-IN-1,on_demand,available,stock_status_label,1.0
2026-08-25,runpod,H100,AP-IN-2,on_demand,available,stock_status_label,1.0
2026-08-25,runpod,H200,AP-JP-1,on_demand,available,stock_status_label,1.0
2026-08-25,runpod,H100,AP-JP-1,on_demand,available,stock_status_label,1.0
2026-08-25,runpod,H100,CA-MTL-1,on_demand,available,stock_status_label,1.0
2026-08-25,runpod,RTX6000,CA-MTL-3,on_demand,sold_out,stock_status_label,0.0
2026-08-25,runpod,H200,CA-MTL-3,on_demand,available,stock_status_label,1.0
2026-08-25,runpod,H200,CA-MTL-4,on_demand,sold_out,stock_status_label,0.0
2026-08-25,runpod,RTX6000,EU-CZ-1,on_demand,available,stock_status_label,1.0
2026-08-25,runpod,RTX6000,EU-CZ-1,on_demand,sold_out,stock_status_label,0.0
2026-08-25,runpod,H200,EU-FR-1,on_demand,available,stock_status_label,1.0
2026-08-25,runpod,H100,EU-FR-1,on_demand,available,stock_status_label,1.0
2026-08-25,runpod,B300,EU-NL-1,on_demand,available,stock_status_label,1.0
2026-08-25,runpod,L40S,EU-NL-1,on_demand,available,stock_status_label,1.0
2026-08-25,runpod,H100,EU-NL-1,on_demand,available,stock_status_label,1.0
2026-08-25,runpod,RTX6000,EU-NL-1,on_demand,sold_out,stock_status_label,0.0
2026-08-25,runpod,RTX6000,EU-RO-1,on_demand,sold_out,stock_status_label,0.0
2026-08-25,runpod,B200,EU-RO-1,on_demand,sold_out,stock_status_label,0.0
2026-08-25,runpod,RTX6000,EUR-IS-1,on_demand,available,stock_status_label,1.0
2026-08-25,runpod,B300,EUR-IS-1,on_demand,available,stock_status_label,1.0
2026-08-25,runpod,RTX6000,EUR-IS-1,on_demand,sold_out,stock_status_label,0.0
2026-08-25,runpod,RTX6000,EUR-IS-2,on_demand,available,stock_status_label,1.0
2026-08-25,runpod,H200,EUR-IS-2,on_demand,sold_out,stock_status_label,0.0
2026-08-25,runpod,L40S,EUR-IS-2,on_demand,available,stock_status_label,1.0
2026-08-25,runpod,H100,EUR-IS-3,on_demand,available,stock_status_label,1.0
2026-08-25,runpod,H200,EUR-IS-4,on_demand,available,stock_status_label,1.0
2026-08-25,runpod,H200,EUR-IS-5,on_demand,available,stock_status_label,1.0
2026-08-25,runpod,H100,EUR-NO-2,on_demand,available,stock_status_label,1.0
2026-08-25,runpod,L40S,OC-AU-1,on_demand,available,stock_status_label,1.0
2026-08-25,runpod,H100,US-CA-2,on_demand,available,stock_status_label,1.0
2026-08-25,runpod,B200,US-CA-2,on_demand,available,stock_status_label,1.0
2026-08-25,runpod,H200,US-CA-2,on_demand,available,stock_status_label,1.0
2026-08-25,runpod,H100,US-CA-2,on_demand,available,stock_status_label,1.0
2026-08-25,runpod,RTX6000,US-CA-2,on_demand,sold_out,stock_status_label,0.0
2026-08-25,runpod,H200,US-CO-1,on_demand,sold_out,stock_status_label,0.0
2026-08-25,runpod,H200,US-GA-2,on_demand,available,stock_status_label,1.0
2026-08-25,runpod,H100,US-GA-2,on_demand,available,stock_status_label,1.0
2026-08-25,runpod,H100,US-GA-2,on_demand,sold_out,stock_status_label,0.0
2026-08-25,runpod,L40S,US-IL-1,on_demand,sold_out,stock_status_label,0.0
2026-08-25,runpod,H100,US-KS-2,on_demand,sold_out,stock_status_label,0.0
2026-08-25,runpod,H100,US-KS-2,on_demand,available,stock_status_label,1.0
2026-08-25,runpod,H100,US-KS-2,on_demand,available,stock_status_label,1.0
2026-08-25,runpod,RTX6000,US-KS-2,on_demand,sold_out,stock_status_label,0.0
2026-08-25,runpod,H200,US-MD-1,on_demand,sold_out,stock_status_label,0.0
2026-08-25,runpod,L40S,US-MO-1,on_demand,available,stock_status_label,1.0
2026-08-25,runpod,H100,US-MO-1,on_demand,available,stock_status_label,1.0
2026-08-25,runpod,RTX6000,US-MO-2,on_demand,available,stock_status_label,1.0
2026-08-25,runpod,RTX6000,US-NC-1,on_demand,sold_out,stock_status_label,0.0
2026-08-25,runpod,H200,US-NC-1,on_demand,available,stock_status_label,1.0
2026-08-25,runpod,L40S,US-NC-1,on_demand,sold_out,stock_status_label,0.0
2026-08-25,runpod,RTX6000,US-NC-2,on_demand,available,stock_status_label,1.0
2026-08-25,runpod,B200,US-NC-2,on_demand,available,stock_status_label,1.0
2026-08-25,runpod,RTX6000,US-NE-1,on_demand,sold_out,stock_status_label,0.0
2026-08-25,runpod,H100,US-NE-1,on_demand,available,stock_status_label,1.0
2026-08-25,runpod,B200,US-NE-1,on_demand,available,stock_status_label,1.0
2026-08-25,runpod,RTX6000,US-PA-1,on_demand,sold_out,stock_status_label,0.0
2026-08-25,runpod,H200,US-PA-1,on_demand,sold_out,stock_status_label,0.0
2026-08-25,runpod,L40S,US-TX-3,on_demand,sold_out,stock_status_label,0.0
2026-08-25,runpod,L40S,US-TX-4,on_demand,available,stock_status_label,1.0
2026-08-25,runpod,B200,US-TX-6,on_demand,available,stock_status_label,1.0
2026-08-25,runpod,B300,US-WA-2,on_demand,available,stock_status_label,1.0
2026-08-25,vast,H100,global,on_demand,available,offer_depth_gpus,88.0
2026-08-25,vast,H200,global,on_demand,available,offer_depth_gpus,134.0
2026-08-25,vast,B200,global,on_demand,available,offer_depth_gpus,120.0
2026-08-25,vast,B300,global,on_demand,available,offer_depth_gpus,10.0
2026-08-25,vast,GB200,global,on_demand,not_offered,offer_depth_gpus,0.0
2026-08-25,vast,L40S,global,on_demand,available,offer_depth_gpus,66.0
2026-08-25,vast,RTX6000,global,on_demand,available,offer_depth_gpus,102.0
2026-08-25,scaleway,B300,fr-par-2,on_demand,sold_out,stock_status_label,0.0
2026-08-25,scaleway,H100,fr-par-2,on_demand,available,stock_status_label,2.0
2026-08-25,scaleway,H100,pl-waw-2,on_demand,available,stock_status_label,2.0
2026-08-25,scaleway,L40S,fr-par-2,on_demand,limited,stock_status_label,1.0
2026-08-25,scaleway,L40S,pl-waw-2,on_demand,limited,stock_status_label,1.0
2026-08-25,scaleway,B300,global,on_demand,sold_out,regions_with_capacity,0.0
2026-08-25,scaleway,H100,global,on_demand,available,regions_with_capacity,2.0
2026-08-25,scaleway,L40S,global,on_demand,limited,regions_with_capacity,2.0
2026-08-25,voltage_park,H100,global,on_demand,sold_out,stock_level,0.0
2026-08-25,gmi,GB200,global,on_demand,available,stock_status_label,2.0
2026-08-25,gmi,GB300,global,on_demand,limited,stock_status_label,1.0
2026-08-25,gmi,H100,global,on_demand,available,stock_status_label,2.0
2026-08-25,gmi,H200,global,on_demand,available,stock_status_label,2.0
2026-08-25,gmi,B200,global,on_demand,limited,stock_status_label,1.0
2026-08-25,sfcompute,H100,global,reserved_short,available,clearing_price_usd,2.22
2026-08-25,sfcompute,H200,global,reserved_short,unknown,clearing_price_usd,
2026-08-25,sfcompute,B200,global,reserved_short,unknown,clearing_price_usd,
2026-08-25,crusoe,L40S,global,on_demand,available,regions_with_capacity,2.0
2026-08-25,hyperstack,H100,global,on_demand,limited,regions_with_capacity,1.0
2026-08-25,hyperstack,RTX6000,global,on_demand,sold_out,regions_with_capacity,0.0
2026-08-25,lambda,B200,global,on_demand,sold_out,regions_with_capacity,0.0
2026-08-25,lambda,H100,global,on_demand,available,regions_with_capacity,4.0
2026-08-25,nebius,H100,global,on_demand,sold_out,regions_with_capacity,0.0
2026-08-25,nebius,H200,global,on_demand,sold_out,regions_with_capacity,0.0
2026-08-25,scaleway,B300,global,on_demand,sold_out,regions_with_capacity,0.0
2026-08-25,scaleway,H100,global,on_demand,available,regions_with_capacity,2.0
2026-08-25,scaleway,L40S,global,on_demand,available,regions_with_capacity,1.0
2026-08-25,verda,B200,global,on_demand,sold_out,regions_with_capacity,0.0
2026-08-25,verda,B300,global,on_demand,sold_out,regions_with_capacity,0.0
2026-08-25,verda,H100,global,on_demand,sold_out,regions_with_capacity,0.0
2026-08-25,verda,H200,global,on_demand,sold_out,regions_with_capacity,0.0
2026-08-25,verda,L40S,global,on_demand,sold_out,regions_with_capacity,0.0
2026-08-25,verda,RTX6000,global,on_demand,sold_out,regions_with_capacity,0.0
2026-08-25,voltage_park,H100,global,on_demand,sold_out,regions_with_capacity,0.0
2026-08-25,nebius,B200,global,on_demand,available,listed_offering,2.0
2026-08-25,nebius,B200,me-west1,on_demand,available,listed_offering,1.0
2026-08-25,nebius,B200,us-central1,on_demand,available,listed_offering,1.0
2026-08-25,nebius,B300,global,on_demand,available,listed_offering,3.0
2026-08-25,nebius,B300,eu-west2,on_demand,available,listed_offering,1.0
2026-08-25,nebius,B300,uk-south1,on_demand,available,listed_offering,1.0
2026-08-25,nebius,B300,us-north1,on_demand,available,listed_offering,1.0
2026-08-25,nebius,H100,global,on_demand,available,listed_offering,1.0
2026-08-25,nebius,H100,eu-north1,on_demand,available,listed_offering,1.0
2026-08-25,nebius,H200,global,on_demand,available,listed_offering,4.0
2026-08-25,nebius,H200,eu-north1,on_demand,available,listed_offering,1.0
2026-08-25,nebius,H200,eu-north2,on_demand,available,listed_offering,1.0
2026-08-25,nebius,H200,eu-west1,on_demand,available,listed_offering,1.0
2026-08-25,nebius,H200,us-central1,on_demand,available,listed_offering,1.0
2026-08-25,nebius,L40S,global,on_demand,available,listed_offering,1.0
2026-08-25,nebius,L40S,eu-north1,on_demand,available,listed_offering,1.0
2026-08-25,nebius,RTX6000,global,on_demand,available,listed_offering,1.0
2026-08-25,nebius,RTX6000,us-central1,on_demand,available,listed_offering,1.0
2026-08-25,hyperstack,B200,CANADA-1,on_demand,sold_out,stock_level,0.0
2026-08-25,hyperstack,L40S,CANADA-1,on_demand,available,stock_level,10.0
2026-08-25,hyperstack,L40S,CANADA-1,on_demand,limited,stock_level,5.0
2026-08-25,hyperstack,H100,CANADA-1,on_demand,available,stock_level,100.0
2026-08-25,hyperstack,B300,CANADA-1,on_demand,sold_out,stock_level,0.0
2026-08-25,hyperstack,H200,CANADA-1,on_demand,limited,stock_level,8.0
2026-08-25,hyperstack,H100,CANADA-1,on_demand,available,stock_level,75.0
2026-08-25,hyperstack,H100,CANADA-1,on_demand,available,stock_level,10.0
2026-08-25,hyperstack,H100,CANADA-1,on_demand,sold_out,stock_level,0.0
2026-08-25,hyperstack,H100,CANADA-1,on_demand,limited,stock_level,8.0
2026-08-25,hyperstack,B200,global,on_demand,sold_out,stock_level,0.0
2026-08-25,hyperstack,L40S,global,on_demand,available,stock_level,10.0
2026-08-25,hyperstack,H100,global,on_demand,available,stock_level,100.0
2026-08-25,hyperstack,B300,global,on_demand,sold_out,stock_level,0.0
2026-08-25,hyperstack,H200,global,on_demand,limited,stock_level,8.0
2026-08-25,together,B200,ca-west-1,on_demand,available,stock_level,5.0
2026-08-25,together,B200,us-east-3,on_demand,available,stock_level,5.0
2026-08-25,together,B200,us-west-3,on_demand,unknown,stock_level,0.0
2026-08-25,together,GB300,us-south-3,on_demand,available,stock_level,4.0
2026-08-25,together,H100,ca-east-1,on_demand,unknown,stock_level,0.0
2026-08-25,together,H100,eu-central-1,on_demand,unknown,stock_level,0.0
2026-08-25,together,H100,eu-north-1,on_demand,unknown,stock_level,0.0
2026-08-25,together,H100,eu-west-1,on_demand,available,stock_level,5.0
2026-08-25,together,H100,us-central-4,on_demand,unknown,stock_level,0.0
2026-08-25,together,H100,us-central-5,on_demand,unknown,stock_level,0.0
2026-08-25,together,H100,us-central-6,on_demand,unknown,stock_level,0.0
2026-08-25,together,H100,us-east-1,on_demand,unknown,stock_level,0.0
2026-08-25,together,H100,us-east-4,on_demand,unknown,stock_level,0.0
2026-08-25,together,H200,us-central-8,on_demand,available,stock_level,5.0
2026-08-25,together,H200,global,on_demand,available,regions_with_capacity,1.0
2026-08-25,together,H100,global,on_demand,available,regions_with_capacity,1.0
2026-08-25,together,B200,global,on_demand,available,regions_with_capacity,2.0
2026-08-25,together,GB300,global,on_demand,available,regions_with_capacity,1.0
2026-08-25,verda,H100,FIN-01,on_demand,limited,binary,1.0
2026-08-25,verda,RTX6000,FIN-01,on_demand,limited,binary,4.0
2026-08-25,verda,H100,FIN-02,on_demand,limited,binary,1.0
2026-08-25,verda,H200,FIN-03,on_demand,limited,binary,4.0
2026-08-25,verda,H100,FIN-03,on_demand,limited,binary,4.0
2026-08-25,verda,H100,global,on_demand,limited,regions_with_capacity,3.0
2026-08-25,verda,RTX6000,global,on_demand,limited,regions_with_capacity,1.0
2026-08-25,verda,H200,global,on_demand,limited,regions_with_capacity,1.0
2026-08-25,verda,L40S,global,on_demand,sold_out,binary,0.0
2026-08-25,verda,B300,global,on_demand,sold_out,binary,0.0
2026-08-25,verda,B200,global,on_demand,sold_out,binary,0.0
2026-08-25,verda,GB300,global,on_demand,sold_out,binary,0.0
2026-08-25,verda,H100,FIN-01,spot,limited,binary,1.0
2026-08-25,verda,RTX6000,FIN-01,spot,limited,binary,4.0
2026-08-25,verda,L40S,FIN-01,spot,available,binary,8.0
2026-08-25,verda,H100,FIN-02,spot,limited,binary,1.0
2026-08-25,verda,RTX6000,FIN-02,spot,limited,binary,4.0
2026-08-25,verda,H200,FIN-03,spot,limited,binary,4.0
2026-08-25,verda,H100,FIN-03,spot,limited,binary,4.0
2026-08-25,verda,RTX6000,FIN-03,spot,limited,binary,1.0
2026-08-25,verda,H100,global,spot,limited,regions_with_capacity,3.0
2026-08-25,verda,RTX6000,global,spot,limited,regions_with_capacity,3.0
2026-08-25,verda,L40S,global,spot,available,regions_with_capacity,1.0
2026-08-25,verda,H200,global,spot,limited,regions_with_capacity,1.0
2026-08-26,lambda,B200,global,on_demand,sold_out,regions_with_capacity,0.0
2026-08-26,lambda,H100,global,on_demand,limited,regions_with_capacity,3.0
2026-08-26,lambda,H100,us-south-2,on_demand,available,regions_with_capacity,1.0
2026-08-26,lambda,H100,us-south-3,on_demand,available,regions_with_capacity,1.0
2026-08-26,lambda,H100,us-southeast-1,on_demand,available,regions_with_capacity,1.0
2026-08-26,coreweave,GB300,global,on_demand,available,listed_offering,4.0
2026-08-26,coreweave,GB300,CA-EAST-01A,on_demand,available,listed_offering,1.0
2026-08-26,coreweave,GB300,US-CENTRAL-07A,on_demand,available,listed_offering,1.0
2026-08-26,coreweave,GB300,US-CENTRAL-09A,on_demand,available,listed_offering,1.0
2026-08-26,coreweave,GB300,US-WEST-01A,on_demand,available,listed_offering,1.0
2026-08-26,coreweave,GB200,global,on_demand,available,listed_offering,6.0
2026-08-26,coreweave,GB200,CA-EAST-01A,on_demand,available,listed_offering,1.0
2026-08-26,coreweave,GB200,US-EAST-01A,on_demand,available,listed_offering,1.0
2026-08-26,coreweave,GB200,US-EAST-02A,on_demand,available,listed_offering,1.0
2026-08-26,coreweave,GB200,US-EAST-08A,on_demand,available,listed_offering,1.0
2026-08-26,coreweave,GB200,US-EAST-13A,on_demand,available,listed_offering,1.0
2026-08-26,coreweave,GB200,US-WEST-01A,on_demand,available,listed_offering,1.0
2026-08-26,coreweave,B300,global,on_demand,available,listed_offering,4.0
2026-08-26,coreweave,B300,US-CENTRAL-06A,on_demand,available,listed_offering,1.0
2026-08-26,coreweave,B300,US-EAST-13A,on_demand,available,listed_offering,1.0
2026-08-26,coreweave,B300,US-WEST-01A,on_demand,available,listed_offering,1.0
2026-08-26,coreweave,B300,US-WEST-10A,on_demand,available,listed_offering,1.0
2026-08-26,coreweave,B200,global,on_demand,available,listed_offering,5.0
2026-08-26,coreweave,B200,EU-SOUTH-04A,on_demand,available,listed_offering,1.0
2026-08-26,coreweave,B200,US-CENTRAL-07A,on_demand,available,listed_offering,1.0
2026-08-26,coreweave,B200,US-EAST-13A,on_demand,available,listed_offering,1.0
2026-08-26,coreweave,B200,US-EAST-15A,on_demand,available,listed_offering,1.0
2026-08-26,coreweave,B200,US-WEST-09B,on_demand,available,listed_offering,1.0
2026-08-26,coreweave,H200,global,on_demand,available,listed_offering,7.0
2026-08-26,coreweave,H200,EU-SOUTH-03B,on_demand,available,listed_offering,1.0
2026-08-26,coreweave,H200,RNO2A,on_demand,available,listed_offering,1.0
2026-08-26,coreweave,H200,US-EAST-01A,on_demand,available,listed_offering,1.0
2026-08-26,coreweave,H200,US-EAST-02A,on_demand,available,listed_offering,1.0
2026-08-26,coreweave,H200,US-EAST-04A,on_demand,available,listed_offering,1.0
2026-08-26,coreweave,H200,US-EAST-08A,on_demand,available,listed_offering,1.0
2026-08-26,coreweave,H200,US-WEST-04A,on_demand,available,listed_offering,1.0
2026-08-26,coreweave,H100,global,on_demand,available,listed_offering,10.0
2026-08-26,coreweave,H100,RNO2A,on_demand,available,listed_offering,1.0
2026-08-26,coreweave,H100,US-CENTRAL-06A,on_demand,available,listed_offering,1.0
2026-08-26,coreweave,H100,US-EAST-01A,on_demand,available,listed_offering,1.0
2026-08-26,coreweave,H100,US-EAST-02A,on_demand,available,listed_offering,1.0
2026-08-26,coreweave,H100,US-EAST-04A,on_demand,available,listed_offering,1.0
2026-08-26,coreweave,H100,US-EAST-06A,on_demand,available,listed_offering,1.0
2026-08-26,coreweave,H100,US-WEST-01A,on_demand,available,listed_offering,1.0
2026-08-26,coreweave,H100,US-WEST-02B,on_demand,available,listed_offering,1.0
2026-08-26,coreweave,H100,US-WEST-04A,on_demand,available,listed_offering,1.0
2026-08-26,coreweave,H100,US-WEST-09B,on_demand,available,listed_offering,1.0
2026-08-26,coreweave,RTX6000,global,on_demand,available,listed_offering,11.0
2026-08-26,coreweave,RTX6000,EU-SOUTH-04A,on_demand,available,listed_offering,1.0
2026-08-26,coreweave,RTX6000,US-EAST-01A,on_demand,available,listed_offering,1.0
2026-08-26,coreweave,RTX6000,US-EAST-04A,on_demand,available,listed_offering,1.0
2026-08-26,coreweave,RTX6000,US-EAST-06A,on_demand,available,listed_offering,1.0
2026-08-26,coreweave,RTX6000,US-EAST-13A,on_demand,available,listed_offering,1.0
2026-08-26,coreweave,RTX6000,US-EAST-14A,on_demand,available,listed_offering,1.0
2026-08-26,coreweave,RTX6000,US-EAST-15A,on_demand,available,listed_offering,1.0
2026-08-26,coreweave,RTX6000,US-WEST-01A,on_demand,available,listed_offering,1.0
2026-08-26,coreweave,RTX6000,US-WEST-04A,on_demand,available,listed_offering,1.0
2026-08-26,coreweave,RTX6000,US-WEST-09B,on_demand,available,listed_offering,1.0
2026-08-26,coreweave,RTX6000,US-WEST-10A,on_demand,available,listed_offering,1.0
2026-08-26,coreweave,L40S,global,on_demand,limited,listed_offering,1.0
2026-08-26,coreweave,L40S,US-EAST-04A,on_demand,available,listed_offering,1.0
2026-08-26,gcp,B200,global,on_demand,available,listed_offering,11.0
2026-08-26,gcp,B200,asia-northeast1,on_demand,available,listed_offering,1.0
2026-08-26,gcp,B200,asia-southeast1,on_demand,available,listed_offering,1.0
2026-08-26,gcp,B200,europe-north1,on_demand,available,listed_offering,1.0
2026-08-26,gcp,B200,europe-west4,on_demand,available,listed_offering,1.0
2026-08-26,gcp,B200,us-central1,on_demand,available,listed_offering,1.0
2026-08-26,gcp,B200,us-east1,on_demand,available,listed_offering,1.0
2026-08-26,gcp,B200,us-east4,on_demand,available,listed_offering,1.0
2026-08-26,gcp,B200,us-south1,on_demand,available,listed_offering,1.0
2026-08-26,gcp,B200,us-west2,on_demand,available,listed_offering,1.0
2026-08-26,gcp,B200,us-west3,on_demand,available,listed_offering,2.0
2026-08-26,gcp,GB200,global,on_demand,available,listed_offering,5.0
2026-08-26,gcp,GB200,europe-west4,on_demand,available,listed_offering,1.0
2026-08-26,gcp,GB200,us-central1,on_demand,available,listed_offering,2.0
2026-08-26,gcp,GB200,us-east1,on_demand,available,listed_offering,1.0
2026-08-26,gcp,GB200,us-east4,on_demand,available,listed_offering,1.0
2026-08-26,gcp,GB300,global,on_demand,available,listed_offering,5.0
2026-08-26,gcp,GB300,us-central1,on_demand,available,listed_offering,1.0
2026-08-26,gcp,GB300,us-east4,on_demand,available,listed_offering,2.0
2026-08-26,gcp,GB300,us-east5,on_demand,available,listed_offering,2.0
2026-08-26,gcp,H100,global,on_demand,available,listed_offering,23.0
2026-08-26,gcp,H100,asia-east1,on_demand,available,listed_offering,1.0
2026-08-26,gcp,H100,asia-northeast1,on_demand,available,listed_offering,1.0
2026-08-26,gcp,H100,asia-northeast3,on_demand,available,listed_offering,1.0
2026-08-26,gcp,H100,asia-south1,on_demand,available,listed_offering,1.0
2026-08-26,gcp,H100,asia-southeast1,on_demand,available,listed_offering,2.0
2026-08-26,gcp,H100,australia-southeast1,on_demand,available,listed_offering,1.0
2026-08-26,gcp,H100,europe-west1,on_demand,available,listed_offering,2.0
2026-08-26,gcp,H100,europe-west3,on_demand,available,listed_offering,1.0
2026-08-26,gcp,H100,europe-west4,on_demand,available,listed_offering,2.0
2026-08-26,gcp,H100,northamerica-northeast2,on_demand,available,listed_offering,1.0
2026-08-26,gcp,H100,us-central1,on_demand,available,listed_offering,3.0
2026-08-26,gcp,H100,us-east4,on_demand,available,listed_offering,3.0
2026-08-26,gcp,H100,us-east5,on_demand,available,listed_offering,1.0
2026-08-26,gcp,H100,us-west1,on_demand,available,listed_offering,2.0
2026-08-26,gcp,H100,us-west4,on_demand,available,listed_offering,1.0
2026-08-26,gcp,H200,global,on_demand,available,listed_offering,8.0
2026-08-26,gcp,H200,asia-south1,on_demand,available,listed_offering,1.0
2026-08-26,gcp,H200,asia-south2,on_demand,available,listed_offering,1.0
2026-08-26,gcp,H200,europe-west1,on_demand,available,listed_offering,1.0
2026-08-26,gcp,H200,europe-west4,on_demand,available,listed_offering,1.0
2026-08-26,gcp,H200,us-central1,on_demand,available,listed_offering,1.0
2026-08-26,gcp,H200,us-east4,on_demand,available,listed_offering,1.0
2026-08-26,gcp,H200,us-south1,on_demand,available,listed_offering,1.0
2026-08-26,gcp,H200,us-west1,on_demand,available,listed_offering,1.0
2026-08-26,gcp,RTX6000,global,on_demand,available,listed_offering,39.0
2026-08-26,gcp,RTX6000,asia-east1,on_demand,available,listed_offering,1.0
2026-08-26,gcp,RTX6000,asia-south1,on_demand,available,listed_offering,1.0
2026-08-26,gcp,RTX6000,asia-south2,on_demand,available,listed_offering,2.0
2026-08-26,gcp,RTX6000,asia-southeast1,on_demand,available,listed_offering,2.0
2026-08-26,gcp,RTX6000,asia-southeast2,on_demand,available,listed_offering,2.0
2026-08-26,gcp,RTX6000,europe-north1,on_demand,available,listed_offering,3.0
2026-08-26,gcp,RTX6000,europe-west1,on_demand,available,listed_offering,1.0
2026-08-26,gcp,RTX6000,europe-west10,on_demand,available,listed_offering,1.0
2026-08-26,gcp,RTX6000,europe-west2,on_demand,available,listed_offering,2.0
2026-08-26,gcp,RTX6000,europe-west4,on_demand,available,listed_offering,3.0
2026-08-26,gcp,RTX6000,europe-west8,on_demand,available,listed_offering,2.0
2026-08-26,gcp,RTX6000,me-central2,on_demand,available,listed_offering,1.0
2026-08-26,gcp,RTX6000,us-central1,on_demand,available,listed_offering,3.0
2026-08-26,gcp,RTX6000,us-east1,on_demand,available,listed_offering,2.0
2026-08-26,gcp,RTX6000,us-east4,on_demand,available,listed_offering,2.0
2026-08-26,gcp,RTX6000,us-east5,on_demand,available,listed_offering,3.0
2026-08-26,gcp,RTX6000,us-south1,on_demand,available,listed_offering,2.0
2026-08-26,gcp,RTX6000,us-west1,on_demand,available,listed_offering,3.0
2026-08-26,gcp,RTX6000,us-west3,on_demand,available,listed_offering,1.0
2026-08-26,gcp,RTX6000,us-west4,on_demand,available,listed_offering,2.0
2026-08-26,azure,H100,global,on_demand,available,listed_offering,24.0
2026-08-26,azure,H100,global,spot,available,listed_offering,24.0
2026-08-26,azure,H200,global,on_demand,available,listed_offering,31.0
2026-08-26,azure,H200,global,spot,available,listed_offering,31.0
2026-08-26,azure,GB200,global,on_demand,available,listed_offering,19.0
2026-08-26,azure,GB200,global,spot,available,listed_offering,19.0
2026-08-26,aws,L40S,me-central-1,spot,available,stock_status_label,0.0
2026-08-26,aws,H100,ap-southeast-3,spot,available,stock_status_label,0.0
2026-08-26,aws,H200,ap-southeast-3,spot,available,stock_status_label,0.0
2026-08-26,aws,H200,eu-south-2,spot,available,stock_status_label,1.0
2026-08-26,aws,L40S,eu-south-2,spot,available,stock_status_label,0.0
2026-08-26,aws,H100,us-west-1,spot,available,stock_status_label,0.0
2026-08-26,aws,H200,us-west-1,spot,available,stock_status_label,0.0
2026-08-26,aws,H100,eu-north-1,spot,available,stock_status_label,0.0
2026-08-26,aws,H200,eu-north-1,spot,available,stock_status_label,0.0
2026-08-26,aws,L40S,eu-north-1,spot,available,stock_status_label,3.0
2026-08-26,aws,H100,ca-central-1,spot,available,stock_status_label,0.0
2026-08-26,aws,H100,eu-west-2,spot,available,stock_status_label,1.0
2026-08-26,aws,H100,sa-east-1,spot,available,stock_status_label,0.0
2026-08-26,aws,H100,ap-south-1,spot,available,stock_status_label,0.0
2026-08-26,aws,H200,ap-south-1,spot,available,stock_status_label,0.0
2026-08-26,aws,H200,ap-northeast-2,spot,available,stock_status_label,0.0
2026-08-26,aws,L40S,ap-northeast-2,spot,available,stock_status_label,2.0
2026-08-26,aws,H100,us-east-2,spot,available,stock_status_label,2.0
2026-08-26,aws,H200,us-east-2,spot,available,stock_status_label,1.0
2026-08-26,aws,B200,us-east-2,spot,available,stock_status_label,1.0
2026-08-26,aws,L40S,us-east-2,spot,available,stock_status_label,1.0
2026-08-26,aws,L40S,eu-central-1,spot,limited,stock_status_label,4.0
2026-08-26,aws,H100,ap-southeast-2,spot,available,stock_status_label,0.0
2026-08-26,aws,H100,ap-northeast-1,spot,available,stock_status_label,0.0
2026-08-26,aws,H200,ap-northeast-1,spot,available,stock_status_label,0.0
2026-08-26,aws,L40S,ap-northeast-1,spot,limited,stock_status_label,4.0
2026-08-26,aws,H100,us-west-2,spot,available,stock_status_label,0.0
2026-08-26,aws,H200,us-west-2,spot,available,stock_status_label,0.0
2026-08-26,aws,B200,us-west-2,spot,available,stock_status_label,2.0
2026-08-26,aws,B300,us-west-2,spot,available,stock_status_label,0.0
2026-08-26,aws,L40S,us-west-2,spot,available,stock_status_label,0.0
2026-08-26,aws,H100,us-east-1,spot,available,stock_status_label,0.0
2026-08-26,aws,H200,us-east-1,spot,available,stock_status_label,0.0
2026-08-26,aws,B200,us-east-1,spot,available,stock_status_label,2.0
2026-08-26,aws,L40S,us-east-1,spot,available,stock_status_label,2.0
2026-08-26,aws,B200,global,spot,available,regions_with_capacity,3.0
2026-08-26,aws,B300,global,spot,available,regions_with_capacity,1.0
2026-08-26,aws,H100,global,spot,available,regions_with_capacity,12.0
2026-08-26,aws,H200,global,spot,available,regions_with_capacity,10.0
2026-08-26,aws,L40S,global,spot,available,regions_with_capacity,9.0
2026-08-26,crusoe,B200,global,on_demand,available,listed_offering,3.0
2026-08-26,crusoe,B300,global,on_demand,limited,listed_offering,1.0
2026-08-26,crusoe,GB200,global,on_demand,limited,listed_offering,1.0
2026-08-26,crusoe,H100,global,on_demand,available,listed_offering,3.0
2026-08-26,crusoe,H200,global,on_demand,limited,listed_offering,1.0
2026-08-26,crusoe,L40S,global,on_demand,available,listed_offering,2.0
2026-08-26,runpod,B200,global,on_demand,limited,stock_status_label,0.0
2026-08-26,runpod,B300,global,on_demand,limited,stock_status_label,0.0
2026-08-26,runpod,H100,global,on_demand,limited,stock_status_label,1.0
2026-08-26,runpod,H100,global,on_demand,limited,stock_status_label,0.0
2026-08-26,runpod,H100,global,on_demand,limited,stock_status_label,0.0
2026-08-26,runpod,H200,global,on_demand,limited,stock_status_label,1.0
2026-08-26,runpod,H200,global,on_demand,sold_out,stock_status_label,0.0
2026-08-26,runpod,L40S,global,on_demand,limited,stock_status_label,0.0
2026-08-26,runpod,RTX6000,global,on_demand,sold_out,stock_status_label,0.0
2026-08-26,runpod,RTX6000,global,on_demand,limited,stock_status_label,1.0
2026-08-26,runpod,RTX6000,global,on_demand,limited,stock_status_label,0.0
2026-08-26,runpod,H100,AP-IN-1,on_demand,available,stock_status_label,1.0
2026-08-26,runpod,H100,AP-IN-2,on_demand,available,stock_status_label,1.0
2026-08-26,runpod,H200,AP-JP-1,on_demand,available,stock_status_label,1.0
2026-08-26,runpod,H100,AP-JP-1,on_demand,available,stock_status_label,1.0
2026-08-26,runpod,H100,CA-MTL-1,on_demand,available,stock_status_label,1.0
2026-08-26,runpod,RTX6000,CA-MTL-3,on_demand,available,stock_status_label,1.0
2026-08-26,runpod,H200,CA-MTL-3,on_demand,sold_out,stock_status_label,0.0
2026-08-26,runpod,H200,CA-MTL-4,on_demand,sold_out,stock_status_label,0.0
2026-08-26,runpod,RTX6000,EU-CZ-1,on_demand,sold_out,stock_status_label,0.0
2026-08-26,runpod,RTX6000,EU-CZ-1,on_demand,sold_out,stock_status_label,0.0
2026-08-26,runpod,H200,EU-FR-1,on_demand,available,stock_status_label,1.0
2026-08-26,runpod,H100,EU-FR-1,on_demand,sold_out,stock_status_label,0.0
2026-08-26,runpod,B300,EU-NL-1,on_demand,available,stock_status_label,1.0
2026-08-26,runpod,L40S,EU-NL-1,on_demand,available,stock_status_label,1.0
2026-08-26,runpod,H100,EU-NL-1,on_demand,sold_out,stock_status_label,0.0
2026-08-26,runpod,RTX6000,EU-NL-1,on_demand,sold_out,stock_status_label,0.0
2026-08-26,runpod,RTX6000,EU-RO-1,on_demand,available,stock_status_label,1.0
2026-08-26,runpod,B200,EU-RO-1,on_demand,sold_out,stock_status_label,0.0
2026-08-26,runpod,RTX6000,EU-RO-1,on_demand,available,stock_status_label,1.0
2026-08-26,runpod,RTX6000,EUR-IS-1,on_demand,available,stock_status_label,1.0
2026-08-26,runpod,B300,EUR-IS-1,on_demand,available,stock_status_label,1.0
2026-08-26,runpod,RTX6000,EUR-IS-1,on_demand,sold_out,stock_status_label,0.0
2026-08-26,runpod,RTX6000,EUR-IS-2,on_demand,available,stock_status_label,1.0
2026-08-26,runpod,H200,EUR-IS-2,on_demand,available,stock_status_label,1.0
2026-08-26,runpod,L40S,EUR-IS-2,on_demand,available,stock_status_label,1.0
2026-08-26,runpod,H100,EUR-IS-3,on_demand,available,stock_status_label,1.0
2026-08-26,runpod,H200,EUR-IS-4,on_demand,available,stock_status_label,1.0
2026-08-26,runpod,H200,EUR-IS-5,on_demand,available,stock_status_label,1.0
2026-08-26,runpod,H100,EUR-NO-2,on_demand,sold_out,stock_status_label,0.0
2026-08-26,runpod,L40S,OC-AU-1,on_demand,sold_out,stock_status_label,0.0
2026-08-26,runpod,H100,US-CA-2,on_demand,available,stock_status_label,1.0
2026-08-26,runpod,B200,US-CA-2,on_demand,available,stock_status_label,1.0
2026-08-26,runpod,H200,US-CA-2,on_demand,available,stock_status_label,1.0
2026-08-26,runpod,H100,US-CA-2,on_demand,available,stock_status_label,1.0
2026-08-26,runpod,RTX6000,US-CA-2,on_demand,sold_out,stock_status_label,0.0
2026-08-26,runpod,H200,US-CO-1,on_demand,available,stock_status_label,1.0
2026-08-26,runpod,H200,US-GA-2,on_demand,available,stock_status_label,1.0
2026-08-26,runpod,H100,US-GA-2,on_demand,available,stock_status_label,1.0
2026-08-26,runpod,H100,US-GA-2,on_demand,available,stock_status_label,1.0
2026-08-26,runpod,L40S,US-IL-1,on_demand,sold_out,stock_status_label,0.0
2026-08-26,runpod,H100,US-KS-2,on_demand,sold_out,stock_status_label,0.0
2026-08-26,runpod,H100,US-KS-2,on_demand,sold_out,stock_status_label,0.0
2026-08-26,runpod,H100,US-KS-2,on_demand,available,stock_status_label,1.0
2026-08-26,runpod,RTX6000,US-KS-2,on_demand,available,stock_status_label,1.0
2026-08-26,runpod,H200,US-MD-1,on_demand,sold_out,stock_status_label,0.0
2026-08-26,runpod,L40S,US-MO-1,on_demand,available,stock_status_label,1.0
2026-08-26,runpod,H100,US-MO-1,on_demand,sold_out,stock_status_label,0.0
2026-08-26,runpod,RTX6000,US-MO-2,on_demand,sold_out,stock_status_label,0.0
2026-08-26,runpod,H200,US-NC-1,on_demand,available,stock_status_label,1.0
2026-08-26,runpod,RTX6000,US-NC-1,on_demand,available,stock_status_label,1.0
2026-08-26,runpod,L40S,US-NC-1,on_demand,sold_out,stock_status_label,0.0
2026-08-26,runpod,RTX6000,US-NC-2,on_demand,available,stock_status_label,1.0
2026-08-26,runpod,B200,US-NC-2,on_demand,available,stock_status_label,1.0
2026-08-26,runpod,RTX6000,US-NE-1,on_demand,available,stock_status_label,1.0
2026-08-26,runpod,H100,US-NE-1,on_demand,available,stock_status_label,1.0
2026-08-26,runpod,B200,US-NE-1,on_demand,sold_out,stock_status_label,0.0
2026-08-26,runpod,RTX6000,US-PA-1,on_demand,available,stock_status_label,1.0
2026-08-26,runpod,H200,US-PA-1,on_demand,sold_out,stock_status_label,0.0
2026-08-26,runpod,L40S,US-TX-3,on_demand,sold_out,stock_status_label,0.0
2026-08-26,runpod,L40S,US-TX-4,on_demand,available,stock_status_label,1.0
2026-08-26,runpod,B200,US-TX-6,on_demand,sold_out,stock_status_label,0.0
2026-08-26,runpod,B300,US-WA-2,on_demand,available,stock_status_label,1.0
2026-08-26,vast,H100,global,on_demand,available,offer_depth_gpus,117.0
2026-08-26,vast,H200,global,on_demand,available,offer_depth_gpus,162.0
2026-08-26,vast,B200,global,on_demand,available,offer_depth_gpus,123.0
2026-08-26,vast,B300,global,on_demand,available,offer_depth_gpus,34.0
2026-08-26,vast,GB200,global,on_demand,not_offered,offer_depth_gpus,0.0
2026-08-26,vast,L40S,global,on_demand,available,offer_depth_gpus,67.0
2026-08-26,vast,RTX6000,global,on_demand,available,offer_depth_gpus,96.0
2026-08-26,scaleway,B300,fr-par-2,on_demand,sold_out,stock_status_label,0.0
2026-08-26,scaleway,H100,fr-par-2,on_demand,available,stock_status_label,2.0
2026-08-26,scaleway,H100,pl-waw-2,on_demand,limited,stock_status_label,1.0
2026-08-26,scaleway,L40S,fr-par-2,on_demand,limited,stock_status_label,1.0
2026-08-26,scaleway,L40S,pl-waw-2,on_demand,limited,stock_status_label,1.0
2026-08-26,scaleway,B300,global,on_demand,sold_out,regions_with_capacity,0.0
2026-08-26,scaleway,H100,global,on_demand,available,regions_with_capacity,2.0
2026-08-26,scaleway,L40S,global,on_demand,limited,regions_with_capacity,2.0
2026-08-26,voltage_park,H100,global,on_demand,sold_out,stock_level,0.0
2026-08-26,gmi,GB200,global,on_demand,available,stock_status_label,2.0
2026-08-26,gmi,GB300,global,on_demand,limited,stock_status_label,1.0
2026-08-26,gmi,H100,global,on_demand,available,stock_status_label,2.0
2026-08-26,gmi,H200,global,on_demand,available,stock_status_label,2.0
2026-08-26,gmi,B200,global,on_demand,limited,stock_status_label,1.0
2026-08-26,sfcompute,H100,global,reserved_short,available,clearing_price_usd,2.23
2026-08-26,sfcompute,H200,global,reserved_short,unknown,clearing_price_usd,
2026-08-26,sfcompute,B200,global,reserved_short,unknown,clearing_price_usd,
2026-08-26,crusoe,L40S,global,on_demand,available,regions_with_capacity,2.0
2026-08-26,hyperstack,H100,global,on_demand,limited,regions_with_capacity,1.0
2026-08-26,hyperstack,RTX6000,global,on_demand,sold_out,regions_with_capacity,0.0
2026-08-26,lambda,B200,global,on_demand,sold_out,regions_with_capacity,0.0
2026-08-26,lambda,H100,global,on_demand,available,regions_with_capacity,3.0
2026-08-26,nebius,H100,global,on_demand,sold_out,regions_with_capacity,0.0
2026-08-26,nebius,H200,global,on_demand,sold_out,regions_with_capacity,0.0
2026-08-26,scaleway,B300,global,on_demand,sold_out,regions_with_capacity,0.0
2026-08-26,scaleway,H100,global,on_demand,available,regions_with_capacity,2.0
2026-08-26,scaleway,L40S,global,on_demand,available,regions_with_capacity,1.0
2026-08-26,verda,B200,global,on_demand,sold_out,regions_with_capacity,0.0
2026-08-26,verda,B300,global,on_demand,sold_out,regions_with_capacity,0.0
2026-08-26,verda,H100,global,on_demand,sold_out,regions_with_capacity,0.0
2026-08-26,verda,H200,global,on_demand,sold_out,regions_with_capacity,0.0
2026-08-26,verda,L40S,global,on_demand,sold_out,regions_with_capacity,0.0
2026-08-26,verda,RTX6000,global,on_demand,sold_out,regions_with_capacity,0.0
2026-08-26,voltage_park,H100,global,on_demand,sold_out,regions_with_capacity,0.0
2026-08-26,nebius,B200,global,on_demand,available,listed_offering,2.0
2026-08-26,nebius,B200,me-west1,on_demand,available,listed_offering,1.0
2026-08-26,nebius,B200,us-central1,on_demand,available,listed_offering,1.0
2026-08-26,nebius,B300,global,on_demand,available,listed_offering,3.0
2026-08-26,nebius,B300,eu-west2,on_demand,available,listed_offering,1.0
2026-08-26,nebius,B300,uk-south1,on_demand,available,listed_offering,1.0
2026-08-26,nebius,B300,us-north1,on_demand,available,listed_offering,1.0
2026-08-26,nebius,H100,global,on_demand,available,listed_offering,1.0
2026-08-26,nebius,H100,eu-north1,on_demand,available,listed_offering,1.0
2026-08-26,nebius,H200,global,on_demand,available,listed_offering,4.0
2026-08-26,nebius,H200,eu-north1,on_demand,available,listed_offering,1.0
2026-08-26,nebius,H200,eu-north2,on_demand,available,listed_offering,1.0
2026-08-26,nebius,H200,eu-west1,on_demand,available,listed_offering,1.0
2026-08-26,nebius,H200,us-central1,on_demand,available,listed_offering,1.0
2026-08-26,nebius,L40S,global,on_demand,available,listed_offering,1.0
2026-08-26,nebius,L40S,eu-north1,on_demand,available,listed_offering,1.0
2026-08-26,nebius,RTX6000,global,on_demand,available,listed_offering,1.0
2026-08-26,nebius,RTX6000,us-central1,on_demand,available,listed_offering,1.0
2026-08-26,hyperstack,H100,CANADA-1,on_demand,sold_out,stock_level,0.0
2026-08-26,hyperstack,L40S,CANADA-1,on_demand,limited,stock_level,2.0
2026-08-26,hyperstack,H200,CANADA-1,on_demand,sold_out,stock_level,0.0
2026-08-26,hyperstack,L40S,CANADA-1,on_demand,available,stock_level,10.0
2026-08-26,hyperstack,B300,CANADA-1,on_demand,sold_out,stock_level,0.0
2026-08-26,hyperstack,H100,CANADA-1,on_demand,available,stock_level,100.0
2026-08-26,hyperstack,H100,CANADA-1,on_demand,limited,stock_level,3.0
2026-08-26,hyperstack,H100,CANADA-1,on_demand,sold_out,stock_level,0.0
2026-08-26,hyperstack,B200,CANADA-1,on_demand,sold_out,stock_level,0.0
2026-08-26,hyperstack,H100,CANADA-1,on_demand,available,stock_level,75.0
2026-08-26,hyperstack,H100,global,on_demand,available,stock_level,100.0
2026-08-26,hyperstack,L40S,global,on_demand,available,stock_level,10.0
2026-08-26,hyperstack,H200,global,on_demand,sold_out,stock_level,0.0
2026-08-26,hyperstack,B300,global,on_demand,sold_out,stock_level,0.0
2026-08-26,hyperstack,B200,global,on_demand,sold_out,stock_level,0.0
2026-08-26,together,B200,ca-west-1,on_demand,available,stock_level,5.0
2026-08-26,together,B200,us-east-3,on_demand,available,stock_level,5.0
2026-08-26,together,B200,us-west-3,on_demand,unknown,stock_level,0.0
2026-08-26,together,GB300,us-south-3,on_demand,available,stock_level,4.0
2026-08-26,together,H100,ca-east-1,on_demand,unknown,stock_level,0.0
2026-08-26,together,H100,eu-central-1,on_demand,unknown,stock_level,0.0
2026-08-26,together,H100,eu-north-1,on_demand,unknown,stock_level,0.0
2026-08-26,together,H100,eu-west-1,on_demand,available,stock_level,5.0
2026-08-26,together,H100,us-central-4,on_demand,unknown,stock_level,0.0
2026-08-26,together,H100,us-central-5,on_demand,unknown,stock_level,0.0
2026-08-26,together,H100,us-central-6,on_demand,unknown,stock_level,0.0
2026-08-26,together,H100,us-east-1,on_demand,unknown,stock_level,0.0
2026-08-26,together,H100,us-east-4,on_demand,unknown,stock_level,0.0
2026-08-26,together,H200,us-central-8,on_demand,available,stock_level,5.0
2026-08-26,together,B200,global,on_demand,available,regions_with_capacity,2.0
2026-08-26,together,H100,global,on_demand,available,regions_with_capacity,1.0
2026-08-26,together,H200,global,on_demand,available,regions_with_capacity,1.0
2026-08-26,together,GB300,global,on_demand,available,regions_with_capacity,1.0
2026-08-26,verda,RTX6000,FIN-01,on_demand,available,binary,8.0
2026-08-26,verda,H100,FIN-02,on_demand,available,binary,8.0
2026-08-26,verda,H100,FIN-03,on_demand,limited,binary,4.0
2026-08-26,verda,RTX6000,global,on_demand,available,regions_with_capacity,1.0
2026-08-26,verda,H100,global,on_demand,available,regions_with_capacity,2.0
2026-08-26,verda,B200,global,on_demand,sold_out,binary,0.0
2026-08-26,verda,B300,global,on_demand,sold_out,binary,0.0
2026-08-26,verda,GB300,global,on_demand,sold_out,binary,0.0
2026-08-26,verda,H200,global,on_demand,sold_out,binary,0.0
2026-08-26,verda,L40S,global,on_demand,sold_out,binary,0.0
2026-08-26,verda,RTX6000,FIN-01,spot,limited,binary,4.0
2026-08-26,verda,L40S,FIN-01,spot,available,binary,8.0
2026-08-26,verda,H100,FIN-02,spot,limited,binary,1.0
2026-08-26,verda,RTX6000,FIN-02,spot,limited,binary,4.0
2026-08-26,verda,RTX6000,FIN-03,spot,available,binary,8.0
2026-08-26,verda,RTX6000,global,spot,available,regions_with_capacity,3.0
2026-08-26,verda,L40S,global,spot,available,regions_with_capacity,1.0
2026-08-26,verda,H100,global,spot,limited,regions_with_capacity,1.0
2026-08-27,lambda,B200,global,on_demand,sold_out,regions_with_capacity,0.0
2026-08-27,lambda,H100,global,on_demand,limited,regions_with_capacity,1.0
2026-08-27,lambda,H100,us-west-3,on_demand,available,regions_with_capacity,1.0
2026-08-27,coreweave,GB300,global,on_demand,available,listed_offering,4.0
2026-08-27,coreweave,GB300,CA-EAST-01A,on_demand,available,listed_offering,1.0
2026-08-27,coreweave,GB300,US-CENTRAL-07A,on_demand,available,listed_offering,1.0
2026-08-27,coreweave,GB300,US-CENTRAL-09A,on_demand,available,listed_offering,1.0
2026-08-27,coreweave,GB300,US-WEST-01A,on_demand,available,listed_offering,1.0
2026-08-27,coreweave,GB200,global,on_demand,available,listed_offering,6.0
2026-08-27,coreweave,GB200,CA-EAST-01A,on_demand,available,listed_offering,1.0
2026-08-27,coreweave,GB200,US-EAST-01A,on_demand,available,listed_offering,1.0
2026-08-27,coreweave,GB200,US-EAST-02A,on_demand,available,listed_offering,1.0
2026-08-27,coreweave,GB200,US-EAST-08A,on_demand,available,listed_offering,1.0
2026-08-27,coreweave,GB200,US-EAST-13A,on_demand,available,listed_offering,1.0
2026-08-27,coreweave,GB200,US-WEST-01A,on_demand,available,listed_offering,1.0
2026-08-27,coreweave,B300,global,on_demand,available,listed_offering,4.0
2026-08-27,coreweave,B300,US-CENTRAL-06A,on_demand,available,listed_offering,1.0
2026-08-27,coreweave,B300,US-EAST-13A,on_demand,available,listed_offering,1.0
2026-08-27,coreweave,B300,US-WEST-01A,on_demand,available,listed_offering,1.0
2026-08-27,coreweave,B300,US-WEST-10A,on_demand,available,listed_offering,1.0
2026-08-27,coreweave,B200,global,on_demand,available,listed_offering,5.0
2026-08-27,coreweave,B200,EU-SOUTH-04A,on_demand,available,listed_offering,1.0
2026-08-27,coreweave,B200,US-CENTRAL-07A,on_demand,available,listed_offering,1.0
2026-08-27,coreweave,B200,US-EAST-13A,on_demand,available,listed_offering,1.0
2026-08-27,coreweave,B200,US-EAST-15A,on_demand,available,listed_offering,1.0
2026-08-27,coreweave,B200,US-WEST-09B,on_demand,available,listed_offering,1.0
2026-08-27,coreweave,H200,global,on_demand,available,listed_offering,7.0
2026-08-27,coreweave,H200,EU-SOUTH-03B,on_demand,available,listed_offering,1.0
2026-08-27,coreweave,H200,RNO2A,on_demand,available,listed_offering,1.0
2026-08-27,coreweave,H200,US-EAST-01A,on_demand,available,listed_offering,1.0
2026-08-27,coreweave,H200,US-EAST-02A,on_demand,available,listed_offering,1.0
2026-08-27,coreweave,H200,US-EAST-04A,on_demand,available,listed_offering,1.0
2026-08-27,coreweave,H200,US-EAST-08A,on_demand,available,listed_offering,1.0
2026-08-27,coreweave,H200,US-WEST-04A,on_demand,available,listed_offering,1.0
2026-08-27,coreweave,H100,global,on_demand,available,listed_offering,10.0
2026-08-27,coreweave,H100,RNO2A,on_demand,available,listed_offering,1.0
2026-08-27,coreweave,H100,US-CENTRAL-06A,on_demand,available,listed_offering,1.0
2026-08-27,coreweave,H100,US-EAST-01A,on_demand,available,listed_offering,1.0
2026-08-27,coreweave,H100,US-EAST-02A,on_demand,available,listed_offering,1.0
2026-08-27,coreweave,H100,US-EAST-04A,on_demand,available,listed_offering,1.0
2026-08-27,coreweave,H100,US-EAST-06A,on_demand,available,listed_offering,1.0
2026-08-27,coreweave,H100,US-WEST-01A,on_demand,available,listed_offering,1.0
2026-08-27,coreweave,H100,US-WEST-02B,on_demand,available,listed_offering,1.0
2026-08-27,coreweave,H100,US-WEST-04A,on_demand,available,listed_offering,1.0
2026-08-27,coreweave,H100,US-WEST-09B,on_demand,available,listed_offering,1.0
2026-08-27,coreweave,RTX6000,global,on_demand,available,listed_offering,11.0
2026-08-27,coreweave,RTX6000,EU-SOUTH-04A,on_demand,available,listed_offering,1.0
2026-08-27,coreweave,RTX6000,US-EAST-01A,on_demand,available,listed_offering,1.0
2026-08-27,coreweave,RTX6000,US-EAST-04A,on_demand,available,listed_offering,1.0
2026-08-27,coreweave,RTX6000,US-EAST-06A,on_demand,available,listed_offering,1.0
2026-08-27,coreweave,RTX6000,US-EAST-13A,on_demand,available,listed_offering,1.0
2026-08-27,coreweave,RTX6000,US-EAST-14A,on_demand,available,listed_offering,1.0
2026-08-27,coreweave,RTX6000,US-EAST-15A,on_demand,available,listed_offering,1.0
2026-08-27,coreweave,RTX6000,US-WEST-01A,on_demand,available,listed_offering,1.0
2026-08-27,coreweave,RTX6000,US-WEST-04A,on_demand,available,listed_offering,1.0
2026-08-27,coreweave,RTX6000,US-WEST-09B,on_demand,available,listed_offering,1.0
2026-08-27,coreweave,RTX6000,US-WEST-10A,on_demand,available,listed_offering,1.0
2026-08-27,coreweave,L40S,global,on_demand,limited,listed_offering,1.0
2026-08-27,coreweave,L40S,US-EAST-04A,on_demand,available,listed_offering,1.0
2026-08-27,gcp,B200,global,on_demand,available,listed_offering,11.0
2026-08-27,gcp,B200,asia-northeast1,on_demand,available,listed_offering,1.0
2026-08-27,gcp,B200,asia-southeast1,on_demand,available,listed_offering,1.0
2026-08-27,gcp,B200,europe-north1,on_demand,available,listed_offering,1.0
2026-08-27,gcp,B200,europe-west4,on_demand,available,listed_offering,1.0
2026-08-27,gcp,B200,us-central1,on_demand,available,listed_offering,1.0
2026-08-27,gcp,B200,us-east1,on_demand,available,listed_offering,1.0
2026-08-27,gcp,B200,us-east4,on_demand,available,listed_offering,1.0
2026-08-27,gcp,B200,us-south1,on_demand,available,listed_offering,1.0
2026-08-27,gcp,B200,us-west2,on_demand,available,listed_offering,1.0
2026-08-27,gcp,B200,us-west3,on_demand,available,listed_offering,2.0
2026-08-27,gcp,GB200,global,on_demand,available,listed_offering,5.0
2026-08-27,gcp,GB200,europe-west4,on_demand,available,listed_offering,1.0
2026-08-27,gcp,GB200,us-central1,on_demand,available,listed_offering,2.0
2026-08-27,gcp,GB200,us-east1,on_demand,available,listed_offering,1.0
2026-08-27,gcp,GB200,us-east4,on_demand,available,listed_offering,1.0
2026-08-27,gcp,GB300,global,on_demand,available,listed_offering,5.0
2026-08-27,gcp,GB300,us-central1,on_demand,available,listed_offering,1.0
2026-08-27,gcp,GB300,us-east4,on_demand,available,listed_offering,2.0
2026-08-27,gcp,GB300,us-east5,on_demand,available,listed_offering,2.0
2026-08-27,gcp,H100,global,on_demand,available,listed_offering,23.0
2026-08-27,gcp,H100,asia-east1,on_demand,available,listed_offering,1.0
2026-08-27,gcp,H100,asia-northeast1,on_demand,available,listed_offering,1.0
2026-08-27,gcp,H100,asia-northeast3,on_demand,available,listed_offering,1.0
2026-08-27,gcp,H100,asia-south1,on_demand,available,listed_offering,1.0
2026-08-27,gcp,H100,asia-southeast1,on_demand,available,listed_offering,2.0
2026-08-27,gcp,H100,australia-southeast1,on_demand,available,listed_offering,1.0
2026-08-27,gcp,H100,europe-west1,on_demand,available,listed_offering,2.0
2026-08-27,gcp,H100,europe-west3,on_demand,available,listed_offering,1.0
2026-08-27,gcp,H100,europe-west4,on_demand,available,listed_offering,2.0
2026-08-27,gcp,H100,northamerica-northeast2,on_demand,available,listed_offering,1.0
2026-08-27,gcp,H100,us-central1,on_demand,available,listed_offering,3.0
2026-08-27,gcp,H100,us-east4,on_demand,available,listed_offering,3.0
2026-08-27,gcp,H100,us-east5,on_demand,available,listed_offering,1.0
2026-08-27,gcp,H100,us-west1,on_demand,available,listed_offering,2.0
2026-08-27,gcp,H100,us-west4,on_demand,available,listed_offering,1.0
2026-08-27,gcp,H200,global,on_demand,available,listed_offering,8.0
2026-08-27,gcp,H200,asia-south1,on_demand,available,listed_offering,1.0
2026-08-27,gcp,H200,asia-south2,on_demand,available,listed_offering,1.0
2026-08-27,gcp,H200,europe-west1,on_demand,available,listed_offering,1.0
2026-08-27,gcp,H200,europe-west4,on_demand,available,listed_offering,1.0
2026-08-27,gcp,H200,us-central1,on_demand,available,listed_offering,1.0
2026-08-27,gcp,H200,us-east4,on_demand,available,listed_offering,1.0
2026-08-27,gcp,H200,us-south1,on_demand,available,listed_offering,1.0
2026-08-27,gcp,H200,us-west1,on_demand,available,listed_offering,1.0
2026-08-27,gcp,RTX6000,global,on_demand,available,listed_offering,39.0
2026-08-27,gcp,RTX6000,asia-east1,on_demand,available,listed_offering,1.0
2026-08-27,gcp,RTX6000,asia-south1,on_demand,available,listed_offering,1.0
2026-08-27,gcp,RTX6000,asia-south2,on_demand,available,listed_offering,2.0
2026-08-27,gcp,RTX6000,asia-southeast1,on_demand,available,listed_offering,2.0
2026-08-27,gcp,RTX6000,asia-southeast2,on_demand,available,listed_offering,2.0
2026-08-27,gcp,RTX6000,europe-north1,on_demand,available,listed_offering,3.0
2026-08-27,gcp,RTX6000,europe-west1,on_demand,available,listed_offering,1.0
2026-08-27,gcp,RTX6000,europe-west10,on_demand,available,listed_offering,1.0
2026-08-27,gcp,RTX6000,europe-west2,on_demand,available,listed_offering,2.0
2026-08-27,gcp,RTX6000,europe-west4,on_demand,available,listed_offering,3.0
2026-08-27,gcp,RTX6000,europe-west8,on_demand,available,listed_offering,2.0
2026-08-27,gcp,RTX6000,me-central2,on_demand,available,listed_offering,1.0
2026-08-27,gcp,RTX6000,us-central1,on_demand,available,listed_offering,3.0
2026-08-27,gcp,RTX6000,us-east1,on_demand,available,listed_offering,2.0
2026-08-27,gcp,RTX6000,us-east4,on_demand,available,listed_offering,2.0
2026-08-27,gcp,RTX6000,us-east5,on_demand,available,listed_offering,3.0
2026-08-27,gcp,RTX6000,us-south1,on_demand,available,listed_offering,2.0
2026-08-27,gcp,RTX6000,us-west1,on_demand,available,listed_offering,3.0
2026-08-27,gcp,RTX6000,us-west3,on_demand,available,listed_offering,1.0
2026-08-27,gcp,RTX6000,us-west4,on_demand,available,listed_offering,2.0
2026-08-27,azure,H100,global,on_demand,available,listed_offering,24.0
2026-08-27,azure,H100,global,spot,available,listed_offering,24.0
2026-08-27,azure,H200,global,on_demand,available,listed_offering,31.0
2026-08-27,azure,H200,global,spot,available,listed_offering,31.0
2026-08-27,azure,GB200,global,on_demand,available,listed_offering,19.0
2026-08-27,azure,GB200,global,spot,available,listed_offering,19.0
2026-08-27,aws,L40S,me-central-1,spot,available,stock_status_label,0.0
2026-08-27,aws,H100,ap-southeast-3,spot,available,stock_status_label,0.0
2026-08-27,aws,H200,ap-southeast-3,spot,available,stock_status_label,0.0
2026-08-27,aws,H200,eu-south-2,spot,available,stock_status_label,1.0
2026-08-27,aws,L40S,eu-south-2,spot,available,stock_status_label,0.0
2026-08-27,aws,H100,us-west-1,spot,available,stock_status_label,0.0
2026-08-27,aws,H200,us-west-1,spot,available,stock_status_label,0.0
2026-08-27,aws,H100,eu-north-1,spot,available,stock_status_label,0.0
2026-08-27,aws,H200,eu-north-1,spot,available,stock_status_label,0.0
2026-08-27,aws,L40S,eu-north-1,spot,available,stock_status_label,3.0
2026-08-27,aws,H100,ca-central-1,spot,available,stock_status_label,0.0
2026-08-27,aws,H100,eu-west-2,spot,available,stock_status_label,1.0
2026-08-27,aws,H100,sa-east-1,spot,available,stock_status_label,0.0
2026-08-27,aws,H100,ap-south-1,spot,available,stock_status_label,0.0
2026-08-27,aws,H200,ap-south-1,spot,available,stock_status_label,0.0
2026-08-27,aws,H200,ap-northeast-2,spot,available,stock_status_label,0.0
2026-08-27,aws,L40S,ap-northeast-2,spot,available,stock_status_label,2.0
2026-08-27,aws,H100,us-east-2,spot,available,stock_status_label,2.0
2026-08-27,aws,H200,us-east-2,spot,available,stock_status_label,1.0
2026-08-27,aws,B200,us-east-2,spot,available,stock_status_label,1.0
2026-08-27,aws,L40S,us-east-2,spot,available,stock_status_label,1.0
2026-08-27,aws,L40S,eu-central-1,spot,limited,stock_status_label,4.0
2026-08-27,aws,H100,ap-southeast-2,spot,available,stock_status_label,0.0
2026-08-27,aws,H100,ap-northeast-1,spot,available,stock_status_label,0.0
2026-08-27,aws,H200,ap-northeast-1,spot,available,stock_status_label,0.0
2026-08-27,aws,L40S,ap-northeast-1,spot,limited,stock_status_label,4.0
2026-08-27,aws,H100,us-west-2,spot,available,stock_status_label,0.0
2026-08-27,aws,H200,us-west-2,spot,available,stock_status_label,0.0
2026-08-27,aws,B200,us-west-2,spot,available,stock_status_label,2.0
2026-08-27,aws,B300,us-west-2,spot,available,stock_status_label,0.0
2026-08-27,aws,L40S,us-west-2,spot,available,stock_status_label,0.0
2026-08-27,aws,H100,us-east-1,spot,available,stock_status_label,0.0
2026-08-27,aws,H200,us-east-1,spot,available,stock_status_label,0.0
2026-08-27,aws,B200,us-east-1,spot,available,stock_status_label,2.0
2026-08-27,aws,L40S,us-east-1,spot,available,stock_status_label,2.0
2026-08-27,aws,B200,global,spot,available,regions_with_capacity,3.0
2026-08-27,aws,H200,global,spot,available,regions_with_capacity,10.0
2026-08-27,aws,B300,global,spot,available,regions_with_capacity,1.0
2026-08-27,aws,L40S,global,spot,available,regions_with_capacity,9.0
2026-08-27,aws,H100,global,spot,available,regions_with_capacity,12.0
2026-08-27,crusoe,B200,global,on_demand,available,listed_offering,3.0
2026-08-27,crusoe,B300,global,on_demand,limited,listed_offering,1.0
2026-08-27,crusoe,GB200,global,on_demand,limited,listed_offering,1.0
2026-08-27,crusoe,H100,global,on_demand,available,listed_offering,3.0
2026-08-27,crusoe,H200,global,on_demand,limited,listed_offering,1.0
2026-08-27,crusoe,L40S,global,on_demand,available,listed_offering,2.0
2026-08-27,runpod,B200,global,on_demand,sold_out,stock_status_label,0.0
2026-08-27,runpod,B300,global,on_demand,sold_out,stock_status_label,0.0
2026-08-27,runpod,H100,global,on_demand,limited,stock_status_label,1.0
2026-08-27,runpod,H100,global,on_demand,limited,stock_status_label,0.0
2026-08-27,runpod,H100,global,on_demand,sold_out,stock_status_label,0.0
2026-08-27,runpod,H200,global,on_demand,limited,stock_status_label,0.0
2026-08-27,runpod,H200,global,on_demand,sold_out,stock_status_label,0.0
2026-08-27,runpod,L40S,global,on_demand,limited,stock_status_label,0.0
2026-08-27,runpod,RTX6000,global,on_demand,sold_out,stock_status_label,0.0
2026-08-27,runpod,RTX6000,global,on_demand,limited,stock_status_label,0.0
2026-08-27,runpod,RTX6000,global,on_demand,sold_out,stock_status_label,0.0
2026-08-27,runpod,H100,AP-IN-1,on_demand,available,stock_status_label,1.0
2026-08-27,runpod,H100,AP-IN-2,on_demand,sold_out,stock_status_label,0.0
2026-08-27,runpod,H200,AP-JP-1,on_demand,available,stock_status_label,1.0
2026-08-27,runpod,H100,AP-JP-1,on_demand,available,stock_status_label,1.0
2026-08-27,runpod,H100,CA-MTL-1,on_demand,available,stock_status_label,1.0
2026-08-27,runpod,RTX6000,CA-MTL-3,on_demand,sold_out,stock_status_label,0.0
2026-08-27,runpod,H200,CA-MTL-3,on_demand,sold_out,stock_status_label,0.0
2026-08-27,runpod,H200,CA-MTL-4,on_demand,available,stock_status_label,1.0
2026-08-27,runpod,RTX6000,EU-CZ-1,on_demand,sold_out,stock_status_label,0.0
2026-08-27,runpod,RTX6000,EU-CZ-1,on_demand,available,stock_status_label,1.0
2026-08-27,runpod,H200,EU-FR-1,on_demand,sold_out,stock_status_label,0.0
2026-08-27,runpod,H100,EU-FR-1,on_demand,available,stock_status_label,1.0
2026-08-27,runpod,B300,EU-NL-1,on_demand,sold_out,stock_status_label,0.0
2026-08-27,runpod,L40S,EU-NL-1,on_demand,sold_out,stock_status_label,0.0
2026-08-27,runpod,H100,EU-NL-1,on_demand,sold_out,stock_status_label,0.0
2026-08-27,runpod,RTX6000,EU-NL-1,on_demand,sold_out,stock_status_label,0.0
2026-08-27,runpod,RTX6000,EU-RO-1,on_demand,sold_out,stock_status_label,0.0
2026-08-27,runpod,B200,EU-RO-1,on_demand,sold_out,stock_status_label,0.0
2026-08-27,runpod,RTX6000,EU-RO-1,on_demand,available,stock_status_label,1.0
2026-08-27,runpod,RTX6000,EUR-IS-1,on_demand,available,stock_status_label,1.0
2026-08-27,runpod,B300,EUR-IS-1,on_demand,sold_out,stock_status_label,0.0
2026-08-27,runpod,RTX6000,EUR-IS-1,on_demand,sold_out,stock_status_label,0.0
2026-08-27,runpod,RTX6000,EUR-IS-2,on_demand,available,stock_status_label,1.0
2026-08-27,runpod,H200,EUR-IS-2,on_demand,available,stock_status_label,1.0
2026-08-27,runpod,L40S,EUR-IS-2,on_demand,sold_out,stock_status_label,0.0
2026-08-27,runpod,H100,EUR-IS-3,on_demand,available,stock_status_label,1.0
2026-08-27,runpod,H200,EUR-IS-4,on_demand,available,stock_status_label,1.0
2026-08-27,runpod,H200,EUR-IS-5,on_demand,available,stock_status_label,1.0
2026-08-27,runpod,H100,EUR-NO-2,on_demand,sold_out,stock_status_label,0.0
2026-08-27,runpod,L40S,OC-AU-1,on_demand,sold_out,stock_status_label,0.0
2026-08-27,runpod,H100,US-CA-2,on_demand,available,stock_status_label,1.0
2026-08-27,runpod,B200,US-CA-2,on_demand,sold_out,stock_status_label,0.0
2026-08-27,runpod,H200,US-CA-2,on_demand,available,stock_status_label,1.0
2026-08-27,runpod,H100,US-CA-2,on_demand,available,stock_status_label,1.0
2026-08-27,runpod,RTX6000,US-CA-2,on_demand,sold_out,stock_status_label,0.0
2026-08-27,runpod,H200,US-CO-1,on_demand,sold_out,stock_status_label,0.0
2026-08-27,runpod,H200,US-GA-2,on_demand,available,stock_status_label,1.0
2026-08-27,runpod,H100,US-GA-2,on_demand,available,stock_status_label,1.0
2026-08-27,runpod,H100,US-GA-2,on_demand,sold_out,stock_status_label,0.0
2026-08-27,runpod,L40S,US-IL-1,on_demand,sold_out,stock_status_label,0.0
2026-08-27,runpod,H100,US-KS-2,on_demand,sold_out,stock_status_label,0.0
2026-08-27,runpod,H100,US-KS-2,on_demand,available,stock_status_label,1.0
2026-08-27,runpod,H100,US-KS-2,on_demand,sold_out,stock_status_label,0.0
2026-08-27,runpod,RTX6000,US-KS-2,on_demand,available,stock_status_label,1.0
2026-08-27,runpod,H200,US-MD-1,on_demand,sold_out,stock_status_label,0.0
2026-08-27,runpod,L40S,US-MO-1,on_demand,available,stock_status_label,1.0
2026-08-27,runpod,H100,US-MO-1,on_demand,available,stock_status_label,1.0
2026-08-27,runpod,RTX6000,US-MO-2,on_demand,sold_out,stock_status_label,0.0
2026-08-27,runpod,RTX6000,US-NC-1,on_demand,available,stock_status_label,1.0
2026-08-27,runpod,H200,US-NC-1,on_demand,available,stock_status_label,1.0
2026-08-27,runpod,L40S,US-NC-1,on_demand,sold_out,stock_status_label,0.0
2026-08-27,runpod,RTX6000,US-NC-2,on_demand,available,stock_status_label,1.0
2026-08-27,runpod,B200,US-NC-2,on_demand,sold_out,stock_status_label,0.0
2026-08-27,runpod,RTX6000,US-NE-1,on_demand,available,stock_status_label,1.0
2026-08-27,runpod,H100,US-NE-1,on_demand,available,stock_status_label,1.0
2026-08-27,runpod,B200,US-NE-1,on_demand,sold_out,stock_status_label,0.0
2026-08-27,runpod,RTX6000,US-PA-1,on_demand,sold_out,stock_status_label,0.0
2026-08-27,runpod,H200,US-PA-1,on_demand,sold_out,stock_status_label,0.0
2026-08-27,runpod,L40S,US-TX-3,on_demand,sold_out,stock_status_label,0.0
2026-08-27,runpod,L40S,US-TX-4,on_demand,sold_out,stock_status_label,0.0
2026-08-27,runpod,B200,US-TX-6,on_demand,sold_out,stock_status_label,0.0
2026-08-27,runpod,B300,US-WA-2,on_demand,sold_out,stock_status_label,0.0
2026-08-27,vast,H100,global,on_demand,available,offer_depth_gpus,64.0
2026-08-27,vast,H200,global,on_demand,available,offer_depth_gpus,120.0
2026-08-27,vast,B200,global,on_demand,available,offer_depth_gpus,60.0
2026-08-27,vast,B300,global,on_demand,available,offer_depth_gpus,45.0
2026-08-27,vast,GB200,global,on_demand,not_offered,offer_depth_gpus,0.0
2026-08-27,vast,L40S,global,on_demand,available,offer_depth_gpus,64.0
2026-08-27,vast,RTX6000,global,on_demand,available,offer_depth_gpus,117.0
2026-08-27,scaleway,B300,fr-par-2,on_demand,sold_out,stock_status_label,0.0
2026-08-27,scaleway,H100,fr-par-2,on_demand,available,stock_status_label,2.0
2026-08-27,scaleway,H100,pl-waw-2,on_demand,sold_out,stock_status_label,0.0
2026-08-27,scaleway,L40S,fr-par-2,on_demand,limited,stock_status_label,1.0
2026-08-27,scaleway,L40S,pl-waw-2,on_demand,limited,stock_status_label,1.0
2026-08-27,scaleway,B300,global,on_demand,sold_out,regions_with_capacity,0.0
2026-08-27,scaleway,H100,global,on_demand,available,regions_with_capacity,1.0
2026-08-27,scaleway,L40S,global,on_demand,limited,regions_with_capacity,2.0
2026-08-27,voltage_park,H100,global,on_demand,sold_out,stock_level,0.0
2026-08-27,gmi,GB200,global,on_demand,available,stock_status_label,2.0
2026-08-27,gmi,GB300,global,on_demand,limited,stock_status_label,1.0
2026-08-27,gmi,H100,global,on_demand,available,stock_status_label,2.0
2026-08-27,gmi,H200,global,on_demand,available,stock_status_label,2.0
2026-08-27,gmi,B200,global,on_demand,limited,stock_status_label,1.0
2026-08-27,sfcompute,H100,global,reserved_short,available,clearing_price_usd,2.22
2026-08-27,crusoe,L40S,global,on_demand,available,regions_with_capacity,1.0
2026-08-27,hyperstack,H100,global,on_demand,sold_out,regions_with_capacity,0.0
2026-08-27,hyperstack,RTX6000,global,on_demand,sold_out,regions_with_capacity,0.0
2026-08-27,lambda,B200,global,on_demand,sold_out,regions_with_capacity,0.0
2026-08-27,lambda,H100,global,on_demand,limited,regions_with_capacity,1.0
2026-08-27,nebius,H100,global,on_demand,sold_out,regions_with_capacity,0.0
2026-08-27,nebius,H200,global,on_demand,sold_out,regions_with_capacity,0.0
2026-08-27,scaleway,B300,global,on_demand,sold_out,regions_with_capacity,0.0
2026-08-27,scaleway,H100,global,on_demand,sold_out,regions_with_capacity,0.0
2026-08-27,scaleway,L40S,global,on_demand,available,regions_with_capacity,1.0
2026-08-27,verda,B200,global,on_demand,sold_out,regions_with_capacity,0.0
2026-08-27,verda,B300,global,on_demand,sold_out,regions_with_capacity,0.0
2026-08-27,verda,H100,global,on_demand,sold_out,regions_with_capacity,0.0
2026-08-27,verda,H200,global,on_demand,sold_out,regions_with_capacity,0.0
2026-08-27,verda,L40S,global,on_demand,sold_out,regions_with_capacity,0.0
2026-08-27,verda,RTX6000,global,on_demand,sold_out,regions_with_capacity,0.0
2026-08-27,voltage_park,H100,global,on_demand,sold_out,regions_with_capacity,0.0
2026-08-27,nebius,B200,global,on_demand,available,listed_offering,2.0
2026-08-27,nebius,B200,me-west1,on_demand,available,listed_offering,1.0
2026-08-27,nebius,B200,us-central1,on_demand,available,listed_offering,1.0
2026-08-27,nebius,B300,global,on_demand,available,listed_offering,3.0
2026-08-27,nebius,B300,eu-west2,on_demand,available,listed_offering,1.0
2026-08-27,nebius,B300,uk-south1,on_demand,available,listed_offering,1.0
2026-08-27,nebius,B300,us-north1,on_demand,available,listed_offering,1.0
2026-08-27,nebius,H100,global,on_demand,available,listed_offering,1.0
2026-08-27,nebius,H100,eu-north1,on_demand,available,listed_offering,1.0
2026-08-27,nebius,H200,global,on_demand,available,listed_offering,4.0
2026-08-27,nebius,H200,eu-north1,on_demand,available,listed_offering,1.0
2026-08-27,nebius,H200,eu-north2,on_demand,available,listed_offering,1.0
2026-08-27,nebius,H200,eu-west1,on_demand,available,listed_offering,1.0
2026-08-27,nebius,H200,us-central1,on_demand,available,listed_offering,1.0
2026-08-27,nebius,L40S,global,on_demand,available,listed_offering,1.0
2026-08-27,nebius,L40S,eu-north1,on_demand,available,listed_offering,1.0
2026-08-27,nebius,RTX6000,global,on_demand,available,listed_offering,1.0
2026-08-27,nebius,RTX6000,us-central1,on_demand,available,listed_offering,1.0
2026-08-27,hyperstack,H100,CANADA-1,on_demand,sold_out,stock_level,0.0
2026-08-27,hyperstack,L40S,CANADA-1,on_demand,limited,stock_level,2.0
2026-08-27,hyperstack,H200,CANADA-1,on_demand,sold_out,stock_level,0.0
2026-08-27,hyperstack,L40S,CANADA-1,on_demand,available,stock_level,10.0
2026-08-27,hyperstack,B300,CANADA-1,on_demand,sold_out,stock_level,0.0
2026-08-27,hyperstack,H100,CANADA-1,on_demand,available,stock_level,100.0
2026-08-27,hyperstack,H100,CANADA-1,on_demand,limited,stock_level,3.0
2026-08-27,hyperstack,H100,CANADA-1,on_demand,sold_out,stock_level,0.0
2026-08-27,hyperstack,B200,CANADA-1,on_demand,sold_out,stock_level,0.0
2026-08-27,hyperstack,H100,CANADA-1,on_demand,available,stock_level,75.0
2026-08-27,hyperstack,H100,global,on_demand,available,stock_level,100.0
2026-08-27,hyperstack,L40S,global,on_demand,available,stock_level,10.0
2026-08-27,hyperstack,H200,global,on_demand,sold_out,stock_level,0.0
2026-08-27,hyperstack,B300,global,on_demand,sold_out,stock_level,0.0
2026-08-27,hyperstack,B200,global,on_demand,sold_out,stock_level,0.0
2026-08-27,together,B200,ca-west-1,on_demand,available,stock_level,5.0
2026-08-27,together,B200,us-east-3,on_demand,available,stock_level,5.0
2026-08-27,together,B200,us-west-3,on_demand,unknown,stock_level,0.0
2026-08-27,together,GB300,us-south-3,on_demand,available,stock_level,5.0
2026-08-27,together,H100,ca-east-1,on_demand,unknown,stock_level,0.0
2026-08-27,together,H100,eu-central-1,on_demand,unknown,stock_level,0.0
2026-08-27,together,H100,eu-north-1,on_demand,unknown,stock_level,0.0
2026-08-27,together,H100,eu-west-1,on_demand,available,stock_level,5.0
2026-08-27,together,H100,us-central-4,on_demand,unknown,stock_level,0.0
2026-08-27,together,H100,us-central-5,on_demand,available,stock_level,3.0
2026-08-27,together,H100,us-central-6,on_demand,unknown,stock_level,0.0
2026-08-27,together,H100,us-east-1,on_demand,unknown,stock_level,0.0
2026-08-27,together,H100,us-east-4,on_demand,unknown,stock_level,0.0
2026-08-27,together,H200,us-central-8,on_demand,available,stock_level,5.0
2026-08-27,together,H200,global,on_demand,available,regions_with_capacity,1.0
2026-08-27,together,GB300,global,on_demand,available,regions_with_capacity,1.0
2026-08-27,together,B200,global,on_demand,available,regions_with_capacity,2.0
2026-08-27,together,H100,global,on_demand,available,regions_with_capacity,2.0
2026-08-27,verda,RTX6000,global,on_demand,sold_out,binary,0.0
2026-08-27,verda,GB300,global,on_demand,sold_out,binary,0.0
2026-08-27,verda,B200,global,on_demand,sold_out,binary,0.0
2026-08-27,verda,H100,global,on_demand,sold_out,binary,0.0
2026-08-27,verda,H200,global,on_demand,sold_out,binary,0.0
2026-08-27,verda,B300,global,on_demand,sold_out,binary,0.0
2026-08-27,verda,L40S,global,on_demand,sold_out,binary,0.0
2026-08-27,verda,RTX6000,FIN-02,spot,limited,binary,2.0
2026-08-27,verda,RTX6000,FIN-03,spot,available,binary,8.0
2026-08-27,verda,RTX6000,global,spot,available,regions_with_capacity,2.0
2026-08-28,lambda,B200,global,on_demand,sold_out,regions_with_capacity,0.0
2026-08-28,lambda,H100,global,on_demand,limited,regions_with_capacity,2.0
2026-08-28,lambda,H100,us-southeast-1,on_demand,available,regions_with_capacity,1.0
2026-08-28,lambda,H100,us-west-3,on_demand,available,regions_with_capacity,1.0
2026-08-28,coreweave,GB300,global,on_demand,available,listed_offering,4.0
2026-08-28,coreweave,GB300,CA-EAST-01A,on_demand,available,listed_offering,1.0
2026-08-28,coreweave,GB300,US-CENTRAL-07A,on_demand,available,listed_offering,1.0
2026-08-28,coreweave,GB300,US-CENTRAL-09A,on_demand,available,listed_offering,1.0
2026-08-28,coreweave,GB300,US-WEST-01A,on_demand,available,listed_offering,1.0
2026-08-28,coreweave,GB200,global,on_demand,available,listed_offering,6.0
2026-08-28,coreweave,GB200,CA-EAST-01A,on_demand,available,listed_offering,1.0
2026-08-28,coreweave,GB200,US-EAST-01A,on_demand,available,listed_offering,1.0
2026-08-28,coreweave,GB200,US-EAST-02A,on_demand,available,listed_offering,1.0
2026-08-28,coreweave,GB200,US-EAST-08A,on_demand,available,listed_offering,1.0
2026-08-28,coreweave,GB200,US-EAST-13A,on_demand,available,listed_offering,1.0
2026-08-28,coreweave,GB200,US-WEST-01A,on_demand,available,listed_offering,1.0
2026-08-28,coreweave,B300,global,on_demand,available,listed_offering,4.0
2026-08-28,coreweave,B300,US-CENTRAL-06A,on_demand,available,listed_offering,1.0
2026-08-28,coreweave,B300,US-EAST-13A,on_demand,available,listed_offering,1.0
2026-08-28,coreweave,B300,US-WEST-01A,on_demand,available,listed_offering,1.0
2026-08-28,coreweave,B300,US-WEST-10A,on_demand,available,listed_offering,1.0
2026-08-28,coreweave,B200,global,on_demand,available,listed_offering,5.0
2026-08-28,coreweave,B200,EU-SOUTH-04A,on_demand,available,listed_offering,1.0
2026-08-28,coreweave,B200,US-CENTRAL-07A,on_demand,available,listed_offering,1.0
2026-08-28,coreweave,B200,US-EAST-13A,on_demand,available,listed_offering,1.0
2026-08-28,coreweave,B200,US-EAST-15A,on_demand,available,listed_offering,1.0
2026-08-28,coreweave,B200,US-WEST-09B,on_demand,available,listed_offering,1.0
2026-08-28,coreweave,H200,global,on_demand,available,listed_offering,7.0
2026-08-28,coreweave,H200,EU-SOUTH-03B,on_demand,available,listed_offering,1.0
2026-08-28,coreweave,H200,RNO2A,on_demand,available,listed_offering,1.0
2026-08-28,coreweave,H200,US-EAST-01A,on_demand,available,listed_offering,1.0
2026-08-28,coreweave,H200,US-EAST-02A,on_demand,available,listed_offering,1.0
2026-08-28,coreweave,H200,US-EAST-04A,on_demand,available,listed_offering,1.0
2026-08-28,coreweave,H200,US-EAST-08A,on_demand,available,listed_offering,1.0
2026-08-28,coreweave,H200,US-WEST-04A,on_demand,available,listed_offering,1.0
2026-08-28,coreweave,H100,global,on_demand,available,listed_offering,10.0
2026-08-28,coreweave,H100,RNO2A,on_demand,available,listed_offering,1.0
2026-08-28,coreweave,H100,US-CENTRAL-06A,on_demand,available,listed_offering,1.0
2026-08-28,coreweave,H100,US-EAST-01A,on_demand,available,listed_offering,1.0
2026-08-28,coreweave,H100,US-EAST-02A,on_demand,available,listed_offering,1.0
2026-08-28,coreweave,H100,US-EAST-04A,on_demand,available,listed_offering,1.0
2026-08-28,coreweave,H100,US-EAST-06A,on_demand,available,listed_offering,1.0
2026-08-28,coreweave,H100,US-WEST-01A,on_demand,available,listed_offering,1.0
2026-08-28,coreweave,H100,US-WEST-02B,on_demand,available,listed_offering,1.0
2026-08-28,coreweave,H100,US-WEST-04A,on_demand,available,listed_offering,1.0
2026-08-28,coreweave,H100,US-WEST-09B,on_demand,available,listed_offering,1.0
2026-08-28,coreweave,RTX6000,global,on_demand,available,listed_offering,11.0
2026-08-28,coreweave,RTX6000,EU-SOUTH-04A,on_demand,available,listed_offering,1.0
2026-08-28,coreweave,RTX6000,US-EAST-01A,on_demand,available,listed_offering,1.0
2026-08-28,coreweave,RTX6000,US-EAST-04A,on_demand,available,listed_offering,1.0
2026-08-28,coreweave,RTX6000,US-EAST-06A,on_demand,available,listed_offering,1.0
2026-08-28,coreweave,RTX6000,US-EAST-13A,on_demand,available,listed_offering,1.0
2026-08-28,coreweave,RTX6000,US-EAST-14A,on_demand,available,listed_offering,1.0
2026-08-28,coreweave,RTX6000,US-EAST-15A,on_demand,available,listed_offering,1.0
2026-08-28,coreweave,RTX6000,US-WEST-01A,on_demand,available,listed_offering,1.0
2026-08-28,coreweave,RTX6000,US-WEST-04A,on_demand,available,listed_offering,1.0
2026-08-28,coreweave,RTX6000,US-WEST-09B,on_demand,available,listed_offering,1.0
2026-08-28,coreweave,RTX6000,US-WEST-10A,on_demand,available,listed_offering,1.0
2026-08-28,coreweave,L40S,global,on_demand,limited,listed_offering,1.0
2026-08-28,coreweave,L40S,US-EAST-04A,on_demand,available,listed_offering,1.0
2026-08-28,gcp,B200,global,on_demand,available,listed_offering,11.0
2026-08-28,gcp,B200,asia-northeast1,on_demand,available,listed_offering,1.0
2026-08-28,gcp,B200,asia-southeast1,on_demand,available,listed_offering,1.0
2026-08-28,gcp,B200,europe-north1,on_demand,available,listed_offering,1.0
2026-08-28,gcp,B200,europe-west4,on_demand,available,listed_offering,1.0
2026-08-28,gcp,B200,us-central1,on_demand,available,listed_offering,1.0
2026-08-28,gcp,B200,us-east1,on_demand,available,listed_offering,1.0
2026-08-28,gcp,B200,us-east4,on_demand,available,listed_offering,1.0
2026-08-28,gcp,B200,us-south1,on_demand,available,listed_offering,1.0
2026-08-28,gcp,B200,us-west2,on_demand,available,listed_offering,1.0
2026-08-28,gcp,B200,us-west3,on_demand,available,listed_offering,2.0
2026-08-28,gcp,GB200,global,on_demand,available,listed_offering,5.0
2026-08-28,gcp,GB200,europe-west4,on_demand,available,listed_offering,1.0
2026-08-28,gcp,GB200,us-central1,on_demand,available,listed_offering,2.0
2026-08-28,gcp,GB200,us-east1,on_demand,available,listed_offering,1.0
2026-08-28,gcp,GB200,us-east4,on_demand,available,listed_offering,1.0
2026-08-28,gcp,GB300,global,on_demand,available,listed_offering,5.0
2026-08-28,gcp,GB300,us-central1,on_demand,available,listed_offering,1.0
2026-08-28,gcp,GB300,us-east4,on_demand,available,listed_offering,2.0
2026-08-28,gcp,GB300,us-east5,on_demand,available,listed_offering,2.0
2026-08-28,gcp,H100,global,on_demand,available,listed_offering,23.0
2026-08-28,gcp,H100,asia-east1,on_demand,available,listed_offering,1.0
2026-08-28,gcp,H100,asia-northeast1,on_demand,available,listed_offering,1.0
2026-08-28,gcp,H100,asia-northeast3,on_demand,available,listed_offering,1.0
2026-08-28,gcp,H100,asia-south1,on_demand,available,listed_offering,1.0
2026-08-28,gcp,H100,asia-southeast1,on_demand,available,listed_offering,2.0
2026-08-28,gcp,H100,australia-southeast1,on_demand,available,listed_offering,1.0
2026-08-28,gcp,H100,europe-west1,on_demand,available,listed_offering,2.0
2026-08-28,gcp,H100,europe-west3,on_demand,available,listed_offering,1.0
2026-08-28,gcp,H100,europe-west4,on_demand,available,listed_offering,2.0
2026-08-28,gcp,H100,northamerica-northeast2,on_demand,available,listed_offering,1.0
2026-08-28,gcp,H100,us-central1,on_demand,available,listed_offering,3.0
2026-08-28,gcp,H100,us-east4,on_demand,available,listed_offering,3.0
2026-08-28,gcp,H100,us-east5,on_demand,available,listed_offering,1.0
2026-08-28,gcp,H100,us-west1,on_demand,available,listed_offering,2.0
2026-08-28,gcp,H100,us-west4,on_demand,available,listed_offering,1.0
2026-08-28,gcp,H200,global,on_demand,available,listed_offering,8.0
2026-08-28,gcp,H200,asia-south1,on_demand,available,listed_offering,1.0
2026-08-28,gcp,H200,asia-south2,on_demand,available,listed_offering,1.0
2026-08-28,gcp,H200,europe-west1,on_demand,available,listed_offering,1.0
2026-08-28,gcp,H200,europe-west4,on_demand,available,listed_offering,1.0
2026-08-28,gcp,H200,us-central1,on_demand,available,listed_offering,1.0
2026-08-28,gcp,H200,us-east4,on_demand,available,listed_offering,1.0
2026-08-28,gcp,H200,us-south1,on_demand,available,listed_offering,1.0
2026-08-28,gcp,H200,us-west1,on_demand,available,listed_offering,1.0
2026-08-28,gcp,RTX6000,global,on_demand,available,listed_offering,39.0
2026-08-28,gcp,RTX6000,asia-east1,on_demand,available,listed_offering,1.0
2026-08-28,gcp,RTX6000,asia-south1,on_demand,available,listed_offering,1.0
2026-08-28,gcp,RTX6000,asia-south2,on_demand,available,listed_offering,2.0
2026-08-28,gcp,RTX6000,asia-southeast1,on_demand,available,listed_offering,2.0
2026-08-28,gcp,RTX6000,asia-southeast2,on_demand,available,listed_offering,2.0
2026-08-28,gcp,RTX6000,europe-north1,on_demand,available,listed_offering,3.0
2026-08-28,gcp,RTX6000,europe-west1,on_demand,available,listed_offering,1.0
2026-08-28,gcp,RTX6000,europe-west10,on_demand,available,listed_offering,1.0
2026-08-28,gcp,RTX6000,europe-west2,on_demand,available,listed_offering,2.0
2026-08-28,gcp,RTX6000,europe-west4,on_demand,available,listed_offering,3.0
2026-08-28,gcp,RTX6000,europe-west8,on_demand,available,listed_offering,2.0
2026-08-28,gcp,RTX6000,me-central2,on_demand,available,listed_offering,1.0
2026-08-28,gcp,RTX6000,us-central1,on_demand,available,listed_offering,3.0
2026-08-28,gcp,RTX6000,us-east1,on_demand,available,listed_offering,2.0
2026-08-28,gcp,RTX6000,us-east4,on_demand,available,listed_offering,2.0
2026-08-28,gcp,RTX6000,us-east5,on_demand,available,listed_offering,3.0
2026-08-28,gcp,RTX6000,us-south1,on_demand,available,listed_offering,2.0
2026-08-28,gcp,RTX6000,us-west1,on_demand,available,listed_offering,3.0
2026-08-28,gcp,RTX6000,us-west3,on_demand,available,listed_offering,1.0
2026-08-28,gcp,RTX6000,us-west4,on_demand,available,listed_offering,2.0
2026-08-28,azure,H100,global,on_demand,available,listed_offering,24.0
2026-08-28,azure,H100,global,spot,available,listed_offering,24.0
2026-08-28,azure,H200,global,on_demand,available,listed_offering,31.0
2026-08-28,azure,H200,global,spot,available,listed_offering,31.0
2026-08-28,azure,GB200,global,on_demand,available,listed_offering,19.0
2026-08-28,azure,GB200,global,spot,available,listed_offering,19.0
2026-08-28,aws,L40S,me-central-1,spot,available,stock_status_label,0.0
2026-08-28,aws,H100,ap-southeast-3,spot,available,stock_status_label,0.0
2026-08-28,aws,H200,ap-southeast-3,spot,available,stock_status_label,0.0
2026-08-28,aws,H200,eu-south-2,spot,available,stock_status_label,1.0
2026-08-28,aws,L40S,eu-south-2,spot,available,stock_status_label,0.0
2026-08-28,aws,H100,us-west-1,spot,available,stock_status_label,0.0
2026-08-28,aws,H200,us-west-1,spot,available,stock_status_label,0.0
2026-08-28,aws,H100,eu-north-1,spot,available,stock_status_label,0.0
2026-08-28,aws,H200,eu-north-1,spot,available,stock_status_label,0.0
2026-08-28,aws,L40S,eu-north-1,spot,available,stock_status_label,3.0
2026-08-28,aws,H100,ca-central-1,spot,available,stock_status_label,0.0
2026-08-28,aws,H100,eu-west-2,spot,available,stock_status_label,1.0
2026-08-28,aws,H100,sa-east-1,spot,available,stock_status_label,0.0
2026-08-28,aws,H100,ap-south-1,spot,available,stock_status_label,0.0
2026-08-28,aws,H200,ap-south-1,spot,available,stock_status_label,0.0
2026-08-28,aws,H200,ap-northeast-2,spot,available,stock_status_label,0.0
2026-08-28,aws,L40S,ap-northeast-2,spot,available,stock_status_label,2.0
2026-08-28,aws,H100,us-east-2,spot,available,stock_status_label,2.0
2026-08-28,aws,H200,us-east-2,spot,available,stock_status_label,1.0
2026-08-28,aws,B200,us-east-2,spot,available,stock_status_label,1.0
2026-08-28,aws,L40S,us-east-2,spot,available,stock_status_label,1.0
2026-08-28,aws,L40S,eu-central-1,spot,limited,stock_status_label,4.0
2026-08-28,aws,H100,ap-southeast-2,spot,available,stock_status_label,0.0
2026-08-28,aws,H100,ap-northeast-1,spot,available,stock_status_label,0.0
2026-08-28,aws,H200,ap-northeast-1,spot,available,stock_status_label,0.0
2026-08-28,aws,L40S,ap-northeast-1,spot,limited,stock_status_label,4.0
2026-08-28,aws,H100,us-west-2,spot,available,stock_status_label,0.0
2026-08-28,aws,H200,us-west-2,spot,available,stock_status_label,0.0
2026-08-28,aws,B200,us-west-2,spot,available,stock_status_label,2.0
2026-08-28,aws,B300,us-west-2,spot,available,stock_status_label,0.0
2026-08-28,aws,L40S,us-west-2,spot,available,stock_status_label,0.0
2026-08-28,aws,H100,us-east-1,spot,available,stock_status_label,0.0
2026-08-28,aws,H200,us-east-1,spot,available,stock_status_label,0.0
2026-08-28,aws,B200,us-east-1,spot,available,stock_status_label,2.0
2026-08-28,aws,L40S,us-east-1,spot,available,stock_status_label,2.0
2026-08-28,aws,H200,global,spot,available,regions_with_capacity,10.0
2026-08-28,aws,B200,global,spot,available,regions_with_capacity,3.0
2026-08-28,aws,B300,global,spot,available,regions_with_capacity,1.0
2026-08-28,aws,L40S,global,spot,available,regions_with_capacity,9.0
2026-08-28,aws,H100,global,spot,available,regions_with_capacity,12.0
2026-08-28,crusoe,B200,global,on_demand,available,listed_offering,3.0
2026-08-28,crusoe,B300,global,on_demand,limited,listed_offering,1.0
2026-08-28,crusoe,GB200,global,on_demand,limited,listed_offering,1.0
2026-08-28,crusoe,H100,global,on_demand,available,listed_offering,3.0
2026-08-28,crusoe,H200,global,on_demand,limited,listed_offering,1.0
2026-08-28,crusoe,L40S,global,on_demand,available,listed_offering,2.0
2026-08-28,runpod,B200,global,on_demand,limited,stock_status_label,0.0
2026-08-28,runpod,B300,global,on_demand,sold_out,stock_status_label,0.0
2026-08-28,runpod,H100,global,on_demand,limited,stock_status_label,1.0
2026-08-28,runpod,H100,global,on_demand,sold_out,stock_status_label,0.0
2026-08-28,runpod,H100,global,on_demand,sold_out,stock_status_label,0.0
2026-08-28,runpod,H200,global,on_demand,limited,stock_status_label,0.0
2026-08-28,runpod,H200,global,on_demand,sold_out,stock_status_label,0.0
2026-08-28,runpod,L40S,global,on_demand,limited,stock_status_label,0.0
2026-08-28,runpod,RTX6000,global,on_demand,sold_out,stock_status_label,0.0
2026-08-28,runpod,RTX6000,global,on_demand,limited,stock_status_label,0.0
2026-08-28,runpod,RTX6000,global,on_demand,limited,stock_status_label,0.0
2026-08-28,runpod,H100,AP-IN-1,on_demand,available,stock_status_label,1.0
2026-08-28,runpod,H100,AP-IN-2,on_demand,available,stock_status_label,1.0
2026-08-28,runpod,H200,AP-JP-1,on_demand,available,stock_status_label,1.0
2026-08-28,runpod,H100,AP-JP-1,on_demand,available,stock_status_label,1.0
2026-08-28,runpod,H100,CA-MTL-1,on_demand,sold_out,stock_status_label,0.0
2026-08-28,runpod,H200,CA-MTL-3,on_demand,sold_out,stock_status_label,0.0
2026-08-28,runpod,RTX6000,CA-MTL-3,on_demand,available,stock_status_label,1.0
2026-08-28,runpod,H200,CA-MTL-4,on_demand,sold_out,stock_status_label,0.0
2026-08-28,runpod,RTX6000,EU-CZ-1,on_demand,available,stock_status_label,1.0
2026-08-28,runpod,RTX6000,EU-CZ-1,on_demand,available,stock_status_label,1.0
2026-08-28,runpod,H200,EU-FR-1,on_demand,sold_out,stock_status_label,0.0
2026-08-28,runpod,H100,EU-FR-1,on_demand,available,stock_status_label,1.0
2026-08-28,runpod,B300,EU-NL-1,on_demand,available,stock_status_label,1.0
2026-08-28,runpod,L40S,EU-NL-1,on_demand,available,stock_status_label,1.0
2026-08-28,runpod,H100,EU-NL-1,on_demand,sold_out,stock_status_label,0.0
2026-08-28,runpod,RTX6000,EU-NL-1,on_demand,sold_out,stock_status_label,0.0
2026-08-28,runpod,RTX6000,EU-RO-1,on_demand,sold_out,stock_status_label,0.0
2026-08-28,runpod,B200,EU-RO-1,on_demand,sold_out,stock_status_label,0.0
2026-08-28,runpod,RTX6000,EU-RO-1,on_demand,available,stock_status_label,1.0
2026-08-28,runpod,B300,EUR-IS-1,on_demand,available,stock_status_label,1.0
2026-08-28,runpod,RTX6000,EUR-IS-1,on_demand,available,stock_status_label,1.0
2026-08-28,runpod,RTX6000,EUR-IS-1,on_demand,sold_out,stock_status_label,0.0
2026-08-28,runpod,RTX6000,EUR-IS-2,on_demand,available,stock_status_label,1.0
2026-08-28,runpod,L40S,EUR-IS-2,on_demand,sold_out,stock_status_label,0.0
2026-08-28,runpod,H200,EUR-IS-2,on_demand,sold_out,stock_status_label,0.0
2026-08-28,runpod,H100,EUR-IS-3,on_demand,available,stock_status_label,1.0
2026-08-28,runpod,H200,EUR-IS-4,on_demand,available,stock_status_label,1.0
2026-08-28,runpod,H200,EUR-IS-5,on_demand,sold_out,stock_status_label,0.0
2026-08-28,runpod,H100,EUR-NO-2,on_demand,sold_out,stock_status_label,0.0
2026-08-28,runpod,L40S,OC-AU-1,on_demand,sold_out,stock_status_label,0.0
2026-08-28,runpod,H100,US-CA-2,on_demand,sold_out,stock_status_label,0.0
2026-08-28,runpod,B200,US-CA-2,on_demand,sold_out,stock_status_label,0.0
2026-08-28,runpod,H200,US-CA-2,on_demand,sold_out,stock_status_label,0.0
2026-08-28,runpod,H100,US-CA-2,on_demand,sold_out,stock_status_label,0.0
2026-08-28,runpod,H200,US-CO-1,on_demand,available,stock_status_label,1.0
2026-08-28,runpod,H200,US-GA-2,on_demand,available,stock_status_label,1.0
2026-08-28,runpod,H100,US-GA-2,on_demand,sold_out,stock_status_label,0.0
2026-08-28,runpod,H100,US-GA-2,on_demand,sold_out,stock_status_label,0.0
2026-08-28,runpod,L40S,US-IL-1,on_demand,sold_out,stock_status_label,0.0
2026-08-28,runpod,H100,US-KS-2,on_demand,sold_out,stock_status_label,0.0
2026-08-28,runpod,H100,US-KS-2,on_demand,sold_out,stock_status_label,0.0
2026-08-28,runpod,H100,US-KS-2,on_demand,sold_out,stock_status_label,0.0
2026-08-28,runpod,RTX6000,US-KS-2,on_demand,sold_out,stock_status_label,0.0
2026-08-28,runpod,H200,US-MD-1,on_demand,sold_out,stock_status_label,0.0
2026-08-28,runpod,L40S,US-MO-1,on_demand,sold_out,stock_status_label,0.0
2026-08-28,runpod,H100,US-MO-1,on_demand,sold_out,stock_status_label,0.0
2026-08-28,runpod,RTX6000,US-MO-2,on_demand,available,stock_status_label,1.0
2026-08-28,runpod,RTX6000,US-NC-1,on_demand,sold_out,stock_status_label,0.0
2026-08-28,runpod,H200,US-NC-1,on_demand,available,stock_status_label,1.0
2026-08-28,runpod,L40S,US-NC-1,on_demand,sold_out,stock_status_label,0.0
2026-08-28,runpod,RTX6000,US-NC-2,on_demand,available,stock_status_label,1.0
2026-08-28,runpod,B200,US-NC-2,on_demand,available,stock_status_label,1.0
2026-08-28,runpod,RTX6000,US-NE-1,on_demand,available,stock_status_label,1.0
2026-08-28,runpod,H100,US-NE-1,on_demand,sold_out,stock_status_label,0.0
2026-08-28,runpod,B200,US-NE-1,on_demand,sold_out,stock_status_label,0.0
2026-08-28,runpod,RTX6000,US-PA-1,on_demand,available,stock_status_label,1.0
2026-08-28,runpod,H200,US-PA-1,on_demand,sold_out,stock_status_label,0.0
2026-08-28,runpod,L40S,US-TX-3,on_demand,sold_out,stock_status_label,0.0
2026-08-28,runpod,L40S,US-TX-4,on_demand,sold_out,stock_status_label,0.0
2026-08-28,runpod,B200,US-TX-6,on_demand,available,stock_status_label,1.0
2026-08-28,runpod,B300,US-WA-2,on_demand,sold_out,stock_status_label,0.0
2026-08-28,vast,H100,global,on_demand,available,offer_depth_gpus,33.0
2026-08-28,vast,H200,global,on_demand,available,offer_depth_gpus,60.0
2026-08-28,vast,B200,global,on_demand,available,offer_depth_gpus,44.0
2026-08-28,vast,B300,global,on_demand,available,offer_depth_gpus,49.0
2026-08-28,vast,GB200,global,on_demand,not_offered,offer_depth_gpus,0.0
2026-08-28,vast,L40S,global,on_demand,available,offer_depth_gpus,59.0
2026-08-28,vast,RTX6000,global,on_demand,available,offer_depth_gpus,91.0
2026-08-28,scaleway,B300,fr-par-2,on_demand,sold_out,stock_status_label,0.0
2026-08-28,scaleway,H100,fr-par-2,on_demand,limited,stock_status_label,1.0
2026-08-28,scaleway,H100,pl-waw-2,on_demand,sold_out,stock_status_label,0.0
2026-08-28,scaleway,L40S,fr-par-2,on_demand,limited,stock_status_label,1.0
2026-08-28,scaleway,L40S,pl-waw-2,on_demand,limited,stock_status_label,1.0
2026-08-28,scaleway,B300,global,on_demand,sold_out,regions_with_capacity,0.0
2026-08-28,scaleway,H100,global,on_demand,limited,regions_with_capacity,1.0
2026-08-28,scaleway,L40S,global,on_demand,limited,regions_with_capacity,2.0
2026-08-28,voltage_park,H100,global,on_demand,sold_out,stock_level,0.0
2026-08-28,gmi,GB200,global,on_demand,available,stock_status_label,2.0
2026-08-28,gmi,GB300,global,on_demand,limited,stock_status_label,1.0
2026-08-28,gmi,H100,global,on_demand,available,stock_status_label,2.0
2026-08-28,gmi,H200,global,on_demand,available,stock_status_label,2.0
2026-08-28,gmi,B200,global,on_demand,limited,stock_status_label,1.0
2026-08-28,sfcompute,H100,global,reserved_short,available,clearing_price_usd,2.2
2026-08-28,crusoe,L40S,global,on_demand,available,regions_with_capacity,2.0
2026-08-28,hyperstack,H100,global,on_demand,limited,regions_with_capacity,1.0
2026-08-28,hyperstack,RTX6000,global,on_demand,sold_out,regions_with_capacity,0.0
2026-08-28,lambda,B200,global,on_demand,sold_out,regions_with_capacity,0.0
2026-08-28,lambda,H100,global,on_demand,available,regions_with_capacity,3.0
2026-08-28,nebius,H100,global,on_demand,sold_out,regions_with_capacity,0.0
2026-08-28,nebius,H200,global,on_demand,sold_out,regions_with_capacity,0.0
2026-08-28,scaleway,B300,global,on_demand,sold_out,regions_with_capacity,0.0
2026-08-28,scaleway,H100,global,on_demand,sold_out,regions_with_capacity,0.0
2026-08-28,scaleway,L40S,global,on_demand,available,regions_with_capacity,1.0
2026-08-28,verda,B200,global,on_demand,sold_out,regions_with_capacity,0.0
2026-08-28,verda,B300,global,on_demand,sold_out,regions_with_capacity,0.0
2026-08-28,verda,H100,global,on_demand,sold_out,regions_with_capacity,0.0
2026-08-28,verda,H200,global,on_demand,sold_out,regions_with_capacity,0.0
2026-08-28,verda,L40S,global,on_demand,sold_out,regions_with_capacity,0.0
2026-08-28,verda,RTX6000,global,on_demand,sold_out,regions_with_capacity,0.0
2026-08-28,voltage_park,H100,global,on_demand,sold_out,regions_with_capacity,0.0
2026-08-28,nebius,B200,global,on_demand,available,listed_offering,2.0
2026-08-28,nebius,B200,me-west1,on_demand,available,listed_offering,1.0
2026-08-28,nebius,B200,us-central1,on_demand,available,listed_offering,1.0
2026-08-28,nebius,B300,global,on_demand,available,listed_offering,3.0
2026-08-28,nebius,B300,eu-west2,on_demand,available,listed_offering,1.0
2026-08-28,nebius,B300,uk-south1,on_demand,available,listed_offering,1.0
2026-08-28,nebius,B300,us-north1,on_demand,available,listed_offering,1.0
2026-08-28,nebius,H100,global,on_demand,available,listed_offering,1.0
2026-08-28,nebius,H100,eu-north1,on_demand,available,listed_offering,1.0
2026-08-28,nebius,H200,global,on_demand,available,listed_offering,4.0
2026-08-28,nebius,H200,eu-north1,on_demand,available,listed_offering,1.0
2026-08-28,nebius,H200,eu-north2,on_demand,available,listed_offering,1.0
2026-08-28,nebius,H200,eu-west1,on_demand,available,listed_offering,1.0
2026-08-28,nebius,H200,us-central1,on_demand,available,listed_offering,1.0
2026-08-28,nebius,L40S,global,on_demand,available,listed_offering,1.0
2026-08-28,nebius,L40S,eu-north1,on_demand,available,listed_offering,1.0
2026-08-28,nebius,RTX6000,global,on_demand,available,listed_offering,1.0
2026-08-28,nebius,RTX6000,us-central1,on_demand,available,listed_offering,1.0
2026-08-28,hyperstack,B200,CANADA-1,on_demand,limited,stock_level,8.0
2026-08-28,hyperstack,L40S,CANADA-1,on_demand,limited,stock_level,5.0
2026-08-28,hyperstack,H100,CANADA-1,on_demand,limited,stock_level,1.0
2026-08-28,hyperstack,H100,CANADA-1,on_demand,sold_out,stock_level,0.0
2026-08-28,hyperstack,H200,CANADA-1,on_demand,limited,stock_level,8.0
2026-08-28,hyperstack,H100,CANADA-1,on_demand,available,stock_level,75.0
2026-08-28,hyperstack,H100,CANADA-1,on_demand,available,stock_level,100.0
2026-08-28,hyperstack,B300,CANADA-1,on_demand,sold_out,stock_level,0.0
2026-08-28,hyperstack,H100,CANADA-1,on_demand,sold_out,stock_level,0.0
2026-08-28,hyperstack,L40S,CANADA-1,on_demand,limited,stock_level,2.0
2026-08-28,hyperstack,B200,global,on_demand,limited,stock_level,8.0
2026-08-28,hyperstack,L40S,global,on_demand,limited,stock_level,5.0
2026-08-28,hyperstack,H100,global,on_demand,available,stock_level,100.0
2026-08-28,hyperstack,H200,global,on_demand,limited,stock_level,8.0
2026-08-28,hyperstack,B300,global,on_demand,sold_out,stock_level,0.0
2026-08-28,together,B200,ca-west-1,on_demand,available,stock_level,5.0
2026-08-28,together,B200,us-east-3,on_demand,available,stock_level,5.0
2026-08-28,together,B200,us-west-3,on_demand,unknown,stock_level,0.0
2026-08-28,together,GB300,us-south-3,on_demand,available,stock_level,5.0
2026-08-28,together,H100,ca-east-1,on_demand,unknown,stock_level,0.0
2026-08-28,together,H100,eu-central-1,on_demand,unknown,stock_level,0.0
2026-08-28,together,H100,eu-north-1,on_demand,unknown,stock_level,0.0
2026-08-28,together,H100,eu-west-1,on_demand,available,stock_level,5.0
2026-08-28,together,H100,us-central-4,on_demand,unknown,stock_level,0.0
2026-08-28,together,H100,us-central-5,on_demand,limited,stock_level,1.0
2026-08-28,together,H100,us-central-6,on_demand,unknown,stock_level,0.0
2026-08-28,together,H100,us-east-1,on_demand,unknown,stock_level,0.0
2026-08-28,together,H100,us-east-4,on_demand,unknown,stock_level,0.0
2026-08-28,together,H200,us-central-8,on_demand,available,stock_level,5.0
2026-08-28,together,B200,global,on_demand,available,regions_with_capacity,2.0
2026-08-28,together,H200,global,on_demand,available,regions_with_capacity,1.0
2026-08-28,together,GB300,global,on_demand,available,regions_with_capacity,1.0
2026-08-28,together,H100,global,on_demand,available,regions_with_capacity,1.0
2026-08-28,verda,H100,FIN-02,on_demand,limited,binary,1.0
2026-08-28,verda,H100,global,on_demand,limited,regions_with_capacity,1.0
2026-08-28,verda,H200,global,on_demand,sold_out,binary,0.0
2026-08-28,verda,RTX6000,global,on_demand,sold_out,binary,0.0
2026-08-28,verda,B200,global,on_demand,sold_out,binary,0.0
2026-08-28,verda,GB300,global,on_demand,sold_out,binary,0.0
2026-08-28,verda,B300,global,on_demand,sold_out,binary,0.0
2026-08-28,verda,L40S,global,on_demand,sold_out,binary,0.0
2026-08-28,verda,H100,FIN-02,spot,limited,binary,1.0
2026-08-28,verda,RTX6000,FIN-02,spot,limited,binary,2.0
2026-08-28,verda,RTX6000,FIN-03,spot,limited,binary,1.0
2026-08-28,verda,H100,global,spot,limited,regions_with_capacity,1.0
2026-08-28,verda,RTX6000,global,spot,limited,regions_with_capacity,2.0
2026-08-29,lambda,B200,global,on_demand,sold_out,regions_with_capacity,0.0
2026-08-29,lambda,H100,global,on_demand,limited,regions_with_capacity,2.0
2026-08-29,lambda,H100,us-south-3,on_demand,available,regions_with_capacity,1.0
2026-08-29,lambda,H100,us-west-3,on_demand,available,regions_with_capacity,1.0
2026-08-29,coreweave,GB300,global,on_demand,available,listed_offering,4.0
2026-08-29,coreweave,GB300,CA-EAST-01A,on_demand,available,listed_offering,1.0
2026-08-29,coreweave,GB300,US-CENTRAL-07A,on_demand,available,listed_offering,1.0
2026-08-29,coreweave,GB300,US-CENTRAL-09A,on_demand,available,listed_offering,1.0
2026-08-29,coreweave,GB300,US-WEST-01A,on_demand,available,listed_offering,1.0
2026-08-29,coreweave,GB200,global,on_demand,available,listed_offering,6.0
2026-08-29,coreweave,GB200,CA-EAST-01A,on_demand,available,listed_offering,1.0
2026-08-29,coreweave,GB200,US-EAST-01A,on_demand,available,listed_offering,1.0
2026-08-29,coreweave,GB200,US-EAST-02A,on_demand,available,listed_offering,1.0
2026-08-29,coreweave,GB200,US-EAST-08A,on_demand,available,listed_offering,1.0
2026-08-29,coreweave,GB200,US-EAST-13A,on_demand,available,listed_offering,1.0
2026-08-29,coreweave,GB200,US-WEST-01A,on_demand,available,listed_offering,1.0
2026-08-29,coreweave,B300,global,on_demand,available,listed_offering,4.0
2026-08-29,coreweave,B300,US-CENTRAL-06A,on_demand,available,listed_offering,1.0
2026-08-29,coreweave,B300,US-EAST-13A,on_demand,available,listed_offering,1.0
2026-08-29,coreweave,B300,US-WEST-01A,on_demand,available,listed_offering,1.0
2026-08-29,coreweave,B300,US-WEST-10A,on_demand,available,listed_offering,1.0
2026-08-29,coreweave,B200,global,on_demand,available,listed_offering,5.0
2026-08-29,coreweave,B200,EU-SOUTH-04A,on_demand,available,listed_offering,1.0
2026-08-29,coreweave,B200,US-CENTRAL-07A,on_demand,available,listed_offering,1.0
2026-08-29,coreweave,B200,US-EAST-13A,on_demand,available,listed_offering,1.0
2026-08-29,coreweave,B200,US-EAST-15A,on_demand,available,listed_offering,1.0
2026-08-29,coreweave,B200,US-WEST-09B,on_demand,available,listed_offering,1.0
2026-08-29,coreweave,H200,global,on_demand,available,listed_offering,7.0
2026-08-29,coreweave,H200,EU-SOUTH-03B,on_demand,available,listed_offering,1.0
2026-08-29,coreweave,H200,RNO2A,on_demand,available,listed_offering,1.0
2026-08-29,coreweave,H200,US-EAST-01A,on_demand,available,listed_offering,1.0
2026-08-29,coreweave,H200,US-EAST-02A,on_demand,available,listed_offering,1.0
2026-08-29,coreweave,H200,US-EAST-04A,on_demand,available,listed_offering,1.0
2026-08-29,coreweave,H200,US-EAST-08A,on_demand,available,listed_offering,1.0
2026-08-29,coreweave,H200,US-WEST-04A,on_demand,available,listed_offering,1.0
2026-08-29,coreweave,H100,global,on_demand,available,listed_offering,10.0
2026-08-29,coreweave,H100,RNO2A,on_demand,available,listed_offering,1.0
2026-08-29,coreweave,H100,US-CENTRAL-06A,on_demand,available,listed_offering,1.0
2026-08-29,coreweave,H100,US-EAST-01A,on_demand,available,listed_offering,1.0
2026-08-29,coreweave,H100,US-EAST-02A,on_demand,available,listed_offering,1.0
2026-08-29,coreweave,H100,US-EAST-04A,on_demand,available,listed_offering,1.0
2026-08-29,coreweave,H100,US-EAST-06A,on_demand,available,listed_offering,1.0
2026-08-29,coreweave,H100,US-WEST-01A,on_demand,available,listed_offering,1.0
2026-08-29,coreweave,H100,US-WEST-02B,on_demand,available,listed_offering,1.0
2026-08-29,coreweave,H100,US-WEST-04A,on_demand,available,listed_offering,1.0
2026-08-29,coreweave,H100,US-WEST-09B,on_demand,available,listed_offering,1.0
2026-08-29,coreweave,RTX6000,global,on_demand,available,listed_offering,11.0
2026-08-29,coreweave,RTX6000,EU-SOUTH-04A,on_demand,available,listed_offering,1.0
2026-08-29,coreweave,RTX6000,US-EAST-01A,on_demand,available,listed_offering,1.0
2026-08-29,coreweave,RTX6000,US-EAST-04A,on_demand,available,listed_offering,1.0
2026-08-29,coreweave,RTX6000,US-EAST-06A,on_demand,available,listed_offering,1.0
2026-08-29,coreweave,RTX6000,US-EAST-13A,on_demand,available,listed_offering,1.0
2026-08-29,coreweave,RTX6000,US-EAST-14A,on_demand,available,listed_offering,1.0
2026-08-29,coreweave,RTX6000,US-EAST-15A,on_demand,available,listed_offering,1.0
2026-08-29,coreweave,RTX6000,US-WEST-01A,on_demand,available,listed_offering,1.0
2026-08-29,coreweave,RTX6000,US-WEST-04A,on_demand,available,listed_offering,1.0
2026-08-29,coreweave,RTX6000,US-WEST-09B,on_demand,available,listed_offering,1.0
2026-08-29,coreweave,RTX6000,US-WEST-10A,on_demand,available,listed_offering,1.0
2026-08-29,coreweave,L40S,global,on_demand,limited,listed_offering,1.0
2026-08-29,coreweave,L40S,US-EAST-04A,on_demand,available,listed_offering,1.0
2026-08-29,gcp,B200,global,on_demand,available,listed_offering,11.0
2026-08-29,gcp,B200,asia-northeast1,on_demand,available,listed_offering,1.0
2026-08-29,gcp,B200,asia-southeast1,on_demand,available,listed_offering,1.0
2026-08-29,gcp,B200,europe-north1,on_demand,available,listed_offering,1.0
2026-08-29,gcp,B200,europe-west4,on_demand,available,listed_offering,1.0
2026-08-29,gcp,B200,us-central1,on_demand,available,listed_offering,1.0
2026-08-29,gcp,B200,us-east1,on_demand,available,listed_offering,1.0
2026-08-29,gcp,B200,us-east4,on_demand,available,listed_offering,1.0
2026-08-29,gcp,B200,us-south1,on_demand,available,listed_offering,1.0
2026-08-29,gcp,B200,us-west2,on_demand,available,listed_offering,1.0
2026-08-29,gcp,B200,us-west3,on_demand,available,listed_offering,2.0
2026-08-29,gcp,GB200,global,on_demand,available,listed_offering,5.0
2026-08-29,gcp,GB200,europe-west4,on_demand,available,listed_offering,1.0
2026-08-29,gcp,GB200,us-central1,on_demand,available,listed_offering,2.0
2026-08-29,gcp,GB200,us-east1,on_demand,available,listed_offering,1.0
2026-08-29,gcp,GB200,us-east4,on_demand,available,listed_offering,1.0
2026-08-29,gcp,GB300,global,on_demand,available,listed_offering,5.0
2026-08-29,gcp,GB300,us-central1,on_demand,available,listed_offering,1.0
2026-08-29,gcp,GB300,us-east4,on_demand,available,listed_offering,2.0
2026-08-29,gcp,GB300,us-east5,on_demand,available,listed_offering,2.0
2026-08-29,gcp,H100,global,on_demand,available,listed_offering,23.0
2026-08-29,gcp,H100,asia-east1,on_demand,available,listed_offering,1.0
2026-08-29,gcp,H100,asia-northeast1,on_demand,available,listed_offering,1.0
2026-08-29,gcp,H100,asia-northeast3,on_demand,available,listed_offering,1.0
2026-08-29,gcp,H100,asia-south1,on_demand,available,listed_offering,1.0
2026-08-29,gcp,H100,asia-southeast1,on_demand,available,listed_offering,2.0
2026-08-29,gcp,H100,australia-southeast1,on_demand,available,listed_offering,1.0
2026-08-29,gcp,H100,europe-west1,on_demand,available,listed_offering,2.0
2026-08-29,gcp,H100,europe-west3,on_demand,available,listed_offering,1.0
2026-08-29,gcp,H100,europe-west4,on_demand,available,listed_offering,2.0
2026-08-29,gcp,H100,northamerica-northeast2,on_demand,available,listed_offering,1.0
2026-08-29,gcp,H100,us-central1,on_demand,available,listed_offering,3.0
2026-08-29,gcp,H100,us-east4,on_demand,available,listed_offering,3.0
2026-08-29,gcp,H100,us-east5,on_demand,available,listed_offering,1.0
2026-08-29,gcp,H100,us-west1,on_demand,available,listed_offering,2.0
2026-08-29,gcp,H100,us-west4,on_demand,available,listed_offering,1.0
2026-08-29,gcp,H200,global,on_demand,available,listed_offering,8.0
2026-08-29,gcp,H200,asia-south1,on_demand,available,listed_offering,1.0
2026-08-29,gcp,H200,asia-south2,on_demand,available,listed_offering,1.0
2026-08-29,gcp,H200,europe-west1,on_demand,available,listed_offering,1.0
2026-08-29,gcp,H200,europe-west4,on_demand,available,listed_offering,1.0
2026-08-29,gcp,H200,us-central1,on_demand,available,listed_offering,1.0
2026-08-29,gcp,H200,us-east4,on_demand,available,listed_offering,1.0
2026-08-29,gcp,H200,us-south1,on_demand,available,listed_offering,1.0
2026-08-29,gcp,H200,us-west1,on_demand,available,listed_offering,1.0
2026-08-29,gcp,RTX6000,global,on_demand,available,listed_offering,39.0
2026-08-29,gcp,RTX6000,asia-east1,on_demand,available,listed_offering,1.0
2026-08-29,gcp,RTX6000,asia-south1,on_demand,available,listed_offering,1.0
2026-08-29,gcp,RTX6000,asia-south2,on_demand,available,listed_offering,2.0
2026-08-29,gcp,RTX6000,asia-southeast1,on_demand,available,listed_offering,2.0
2026-08-29,gcp,RTX6000,asia-southeast2,on_demand,available,listed_offering,2.0
2026-08-29,gcp,RTX6000,europe-north1,on_demand,available,listed_offering,3.0
2026-08-29,gcp,RTX6000,europe-west1,on_demand,available,listed_offering,1.0
2026-08-29,gcp,RTX6000,europe-west10,on_demand,available,listed_offering,1.0
2026-08-29,gcp,RTX6000,europe-west2,on_demand,available,listed_offering,2.0
2026-08-29,gcp,RTX6000,europe-west4,on_demand,available,listed_offering,3.0
2026-08-29,gcp,RTX6000,europe-west8,on_demand,available,listed_offering,2.0
2026-08-29,gcp,RTX6000,me-central2,on_demand,available,listed_offering,1.0
2026-08-29,gcp,RTX6000,us-central1,on_demand,available,listed_offering,3.0
2026-08-29,gcp,RTX6000,us-east1,on_demand,available,listed_offering,2.0
2026-08-29,gcp,RTX6000,us-east4,on_demand,available,listed_offering,2.0
2026-08-29,gcp,RTX6000,us-east5,on_demand,available,listed_offering,3.0
2026-08-29,gcp,RTX6000,us-south1,on_demand,available,listed_offering,2.0
2026-08-29,gcp,RTX6000,us-west1,on_demand,available,listed_offering,3.0
2026-08-29,gcp,RTX6000,us-west3,on_demand,available,listed_offering,1.0
2026-08-29,gcp,RTX6000,us-west4,on_demand,available,listed_offering,2.0
2026-08-29,azure,H100,global,on_demand,available,listed_offering,24.0
2026-08-29,azure,H100,global,spot,available,listed_offering,24.0
2026-08-29,azure,H200,global,on_demand,available,listed_offering,31.0
2026-08-29,azure,H200,global,spot,available,listed_offering,31.0
2026-08-29,azure,GB200,global,on_demand,available,listed_offering,19.0
2026-08-29,azure,GB200,global,spot,available,listed_offering,19.0
2026-08-29,aws,L40S,me-central-1,spot,available,stock_status_label,0.0
2026-08-29,aws,H100,ap-southeast-3,spot,available,stock_status_label,0.0
2026-08-29,aws,H200,ap-southeast-3,spot,available,stock_status_label,0.0
2026-08-29,aws,H200,eu-south-2,spot,available,stock_status_label,1.0
2026-08-29,aws,L40S,eu-south-2,spot,available,stock_status_label,0.0
2026-08-29,aws,H100,us-west-1,spot,available,stock_status_label,0.0
2026-08-29,aws,H200,us-west-1,spot,available,stock_status_label,0.0
2026-08-29,aws,H100,eu-north-1,spot,available,stock_status_label,0.0
2026-08-29,aws,H200,eu-north-1,spot,available,stock_status_label,0.0
2026-08-29,aws,L40S,eu-north-1,spot,available,stock_status_label,3.0
2026-08-29,aws,H100,ca-central-1,spot,available,stock_status_label,0.0
2026-08-29,aws,H100,eu-west-2,spot,available,stock_status_label,1.0
2026-08-29,aws,H100,sa-east-1,spot,available,stock_status_label,0.0
2026-08-29,aws,H100,ap-south-1,spot,available,stock_status_label,0.0
2026-08-29,aws,H200,ap-south-1,spot,available,stock_status_label,0.0
2026-08-29,aws,H200,ap-northeast-2,spot,available,stock_status_label,0.0
2026-08-29,aws,L40S,ap-northeast-2,spot,available,stock_status_label,2.0
2026-08-29,aws,H100,us-east-2,spot,available,stock_status_label,2.0
2026-08-29,aws,H200,us-east-2,spot,available,stock_status_label,1.0
2026-08-29,aws,B200,us-east-2,spot,available,stock_status_label,1.0
2026-08-29,aws,L40S,us-east-2,spot,available,stock_status_label,1.0
2026-08-29,aws,L40S,eu-central-1,spot,limited,stock_status_label,4.0
2026-08-29,aws,H100,ap-southeast-2,spot,available,stock_status_label,0.0
2026-08-29,aws,H100,ap-northeast-1,spot,available,stock_status_label,0.0
2026-08-29,aws,H200,ap-northeast-1,spot,available,stock_status_label,0.0
2026-08-29,aws,L40S,ap-northeast-1,spot,limited,stock_status_label,4.0
2026-08-29,aws,H100,us-west-2,spot,available,stock_status_label,0.0
2026-08-29,aws,H200,us-west-2,spot,available,stock_status_label,0.0
2026-08-29,aws,B200,us-west-2,spot,available,stock_status_label,2.0
2026-08-29,aws,B300,us-west-2,spot,available,stock_status_label,0.0
2026-08-29,aws,L40S,us-west-2,spot,available,stock_status_label,0.0
2026-08-29,aws,H100,us-east-1,spot,available,stock_status_label,0.0
2026-08-29,aws,H200,us-east-1,spot,available,stock_status_label,0.0
2026-08-29,aws,B200,us-east-1,spot,available,stock_status_label,2.0
2026-08-29,aws,L40S,us-east-1,spot,available,stock_status_label,2.0
2026-08-29,aws,B300,global,spot,available,regions_with_capacity,1.0
2026-08-29,aws,B200,global,spot,available,regions_with_capacity,3.0
2026-08-29,aws,H100,global,spot,available,regions_with_capacity,12.0
2026-08-29,aws,H200,global,spot,available,regions_with_capacity,10.0
2026-08-29,aws,L40S,global,spot,available,regions_with_capacity,9.0
2026-08-29,crusoe,B200,global,on_demand,available,listed_offering,3.0
2026-08-29,crusoe,B300,global,on_demand,limited,listed_offering,1.0
2026-08-29,crusoe,GB200,global,on_demand,limited,listed_offering,1.0
2026-08-29,crusoe,H100,global,on_demand,available,listed_offering,3.0
2026-08-29,crusoe,H200,global,on_demand,limited,listed_offering,1.0
2026-08-29,crusoe,L40S,global,on_demand,available,listed_offering,2.0
2026-08-29,runpod,B200,global,on_demand,limited,stock_status_label,0.0
2026-08-29,runpod,B300,global,on_demand,limited,stock_status_label,0.0
2026-08-29,runpod,H100,global,on_demand,limited,stock_status_label,1.0
2026-08-29,runpod,H100,global,on_demand,limited,stock_status_label,0.0
2026-08-29,runpod,H100,global,on_demand,limited,stock_status_label,0.0
2026-08-29,runpod,H200,global,on_demand,limited,stock_status_label,1.0
2026-08-29,runpod,H200,global,on_demand,limited,stock_status_label,0.0
2026-08-29,runpod,L40S,global,on_demand,limited,stock_status_label,0.0
2026-08-29,runpod,RTX6000,global,on_demand,sold_out,stock_status_label,0.0
2026-08-29,runpod,RTX6000,global,on_demand,limited,stock_status_label,0.0
2026-08-29,runpod,RTX6000,global,on_demand,limited,stock_status_label,0.0
2026-08-29,runpod,H100,AP-IN-1,on_demand,available,stock_status_label,2.0
2026-08-29,runpod,H100,AP-IN-2,on_demand,available,stock_status_label,1.0
2026-08-29,runpod,H200,AP-JP-1,on_demand,available,stock_status_label,1.0
2026-08-29,runpod,H100,AP-JP-1,on_demand,available,stock_status_label,1.0
2026-08-29,runpod,H100,CA-MTL-1,on_demand,available,stock_status_label,1.0
2026-08-29,runpod,RTX6000,CA-MTL-3,on_demand,available,stock_status_label,1.0
2026-08-29,runpod,H200,CA-MTL-3,on_demand,available,stock_status_label,1.0
2026-08-29,runpod,H200,CA-MTL-4,on_demand,sold_out,stock_status_label,0.0
2026-08-29,runpod,RTX6000,EU-CZ-1,on_demand,available,stock_status_label,1.0
2026-08-29,runpod,RTX6000,EU-CZ-1,on_demand,available,stock_status_label,1.0
2026-08-29,runpod,H200,EU-FR-1,on_demand,available,stock_status_label,1.0
2026-08-29,runpod,H100,EU-FR-1,on_demand,available,stock_status_label,1.0
2026-08-29,runpod,B300,EU-NL-1,on_demand,available,stock_status_label,1.0
2026-08-29,runpod,L40S,EU-NL-1,on_demand,available,stock_status_label,1.0
2026-08-29,runpod,H100,EU-NL-1,on_demand,available,stock_status_label,1.0
2026-08-29,runpod,RTX6000,EU-NL-1,on_demand,available,stock_status_label,1.0
2026-08-29,runpod,RTX6000,EU-RO-1,on_demand,available,stock_status_label,1.0
2026-08-29,runpod,B200,EU-RO-1,on_demand,available,stock_status_label,1.0
2026-08-29,runpod,RTX6000,EU-RO-1,on_demand,available,stock_status_label,1.0
2026-08-29,runpod,RTX6000,EUR-IS-1,on_demand,available,stock_status_label,2.0
2026-08-29,runpod,B300,EUR-IS-1,on_demand,available,stock_status_label,1.0
2026-08-29,runpod,RTX6000,EUR-IS-1,on_demand,available,stock_status_label,1.0
2026-08-29,runpod,RTX6000,EUR-IS-2,on_demand,available,stock_status_label,2.0
2026-08-29,runpod,L40S,EUR-IS-2,on_demand,available,stock_status_label,1.0
2026-08-29,runpod,H200,EUR-IS-2,on_demand,sold_out,stock_status_label,0.0
2026-08-29,runpod,H100,EUR-IS-3,on_demand,available,stock_status_label,1.0
2026-08-29,runpod,H200,EUR-IS-4,on_demand,available,stock_status_label,1.0
2026-08-29,runpod,H200,EUR-IS-5,on_demand,available,stock_status_label,1.0
2026-08-29,runpod,H100,EUR-NO-2,on_demand,available,stock_status_label,1.0
2026-08-29,runpod,L40S,OC-AU-1,on_demand,sold_out,stock_status_label,0.0
2026-08-29,runpod,H100,US-CA-2,on_demand,available,stock_status_label,1.0
2026-08-29,runpod,B200,US-CA-2,on_demand,available,stock_status_label,1.0
2026-08-29,runpod,H200,US-CA-2,on_demand,available,stock_status_label,1.0
2026-08-29,runpod,H100,US-CA-2,on_demand,available,stock_status_label,1.0
2026-08-29,runpod,RTX6000,US-CA-2,on_demand,sold_out,stock_status_label,0.0
2026-08-29,runpod,H200,US-CO-1,on_demand,sold_out,stock_status_label,0.0
2026-08-29,runpod,H200,US-GA-2,on_demand,available,stock_status_label,1.0
2026-08-29,runpod,H100,US-GA-2,on_demand,available,stock_status_label,1.0
2026-08-29,runpod,H100,US-GA-2,on_demand,sold_out,stock_status_label,0.0
2026-08-29,runpod,L40S,US-IL-1,on_demand,sold_out,stock_status_label,0.0
2026-08-29,runpod,H100,US-KS-2,on_demand,sold_out,stock_status_label,0.0
2026-08-29,runpod,H100,US-KS-2,on_demand,available,stock_status_label,1.0
2026-08-29,runpod,H100,US-KS-2,on_demand,available,stock_status_label,1.0
2026-08-29,runpod,RTX6000,US-KS-2,on_demand,available,stock_status_label,1.0
2026-08-29,runpod,H200,US-MD-1,on_demand,available,stock_status_label,1.0
2026-08-29,runpod,L40S,US-MO-1,on_demand,available,stock_status_label,1.0
2026-08-29,runpod,H100,US-MO-1,on_demand,available,stock_status_label,1.0
2026-08-29,runpod,RTX6000,US-MO-2,on_demand,available,stock_status_label,1.0
2026-08-29,runpod,RTX6000,US-NC-1,on_demand,available,stock_status_label,1.0
2026-08-29,runpod,H200,US-NC-1,on_demand,available,stock_status_label,1.0
2026-08-29,runpod,L40S,US-NC-1,on_demand,sold_out,stock_status_label,0.0
2026-08-29,runpod,RTX6000,US-NC-2,on_demand,available,stock_status_label,1.0
2026-08-29,runpod,B200,US-NC-2,on_demand,available,stock_status_label,1.0
2026-08-29,runpod,RTX6000,US-NE-1,on_demand,available,stock_status_label,2.0
2026-08-29,runpod,H100,US-NE-1,on_demand,available,stock_status_label,1.0
2026-08-29,runpod,B200,US-NE-1,on_demand,sold_out,stock_status_label,0.0
2026-08-29,runpod,RTX6000,US-PA-1,on_demand,available,stock_status_label,1.0
2026-08-29,runpod,H200,US-PA-1,on_demand,available,stock_status_label,1.0
2026-08-29,runpod,L40S,US-TX-3,on_demand,available,stock_status_label,1.0
2026-08-29,runpod,L40S,US-TX-4,on_demand,available,stock_status_label,1.0
2026-08-29,runpod,B200,US-TX-6,on_demand,sold_out,stock_status_label,0.0
2026-08-29,runpod,B300,US-WA-2,on_demand,available,stock_status_label,1.0
2026-08-29,vast,H100,global,on_demand,available,offer_depth_gpus,39.0
2026-08-29,vast,H200,global,on_demand,available,offer_depth_gpus,109.0
2026-08-29,vast,B200,global,on_demand,available,offer_depth_gpus,83.0
2026-08-29,vast,B300,global,on_demand,available,offer_depth_gpus,49.0
2026-08-29,vast,GB200,global,on_demand,not_offered,offer_depth_gpus,0.0
2026-08-29,vast,L40S,global,on_demand,available,offer_depth_gpus,89.0
2026-08-29,vast,RTX6000,global,on_demand,available,offer_depth_gpus,106.0
2026-08-29,scaleway,B300,fr-par-2,on_demand,sold_out,stock_status_label,0.0
2026-08-29,scaleway,H100,fr-par-2,on_demand,available,stock_status_label,2.0
2026-08-29,scaleway,H100,pl-waw-2,on_demand,available,stock_status_label,2.0
2026-08-29,scaleway,L40S,fr-par-2,on_demand,limited,stock_status_label,1.0
2026-08-29,scaleway,L40S,pl-waw-2,on_demand,limited,stock_status_label,1.0
2026-08-29,scaleway,B300,global,on_demand,sold_out,regions_with_capacity,0.0
2026-08-29,scaleway,H100,global,on_demand,available,regions_with_capacity,2.0
2026-08-29,scaleway,L40S,global,on_demand,limited,regions_with_capacity,2.0
2026-08-29,voltage_park,H100,global,on_demand,sold_out,stock_level,0.0
2026-08-29,gmi,GB200,global,on_demand,available,stock_status_label,2.0
2026-08-29,gmi,GB300,global,on_demand,limited,stock_status_label,1.0
2026-08-29,gmi,H100,global,on_demand,available,stock_status_label,2.0
2026-08-29,gmi,H200,global,on_demand,available,stock_status_label,2.0
2026-08-29,gmi,B200,global,on_demand,limited,stock_status_label,1.0
2026-08-29,sfcompute,H100,global,reserved_short,available,clearing_price_usd,2.21
2026-08-29,crusoe,L40S,global,on_demand,available,regions_with_capacity,2.0
2026-08-29,hyperstack,H100,global,on_demand,limited,regions_with_capacity,1.0
2026-08-29,hyperstack,RTX6000,global,on_demand,sold_out,regions_with_capacity,0.0
2026-08-29,lambda,B200,global,on_demand,sold_out,regions_with_capacity,0.0
2026-08-29,lambda,H100,global,on_demand,available,regions_with_capacity,3.0
2026-08-29,nebius,H100,global,on_demand,sold_out,regions_with_capacity,0.0
2026-08-29,nebius,H200,global,on_demand,sold_out,regions_with_capacity,0.0
2026-08-29,scaleway,B300,global,on_demand,sold_out,regions_with_capacity,0.0
2026-08-29,scaleway,H100,global,on_demand,available,regions_with_capacity,2.0
2026-08-29,scaleway,L40S,global,on_demand,available,regions_with_capacity,1.0
2026-08-29,verda,B200,global,on_demand,sold_out,regions_with_capacity,0.0
2026-08-29,verda,B300,global,on_demand,sold_out,regions_with_capacity,0.0
2026-08-29,verda,H100,global,on_demand,sold_out,regions_with_capacity,0.0
2026-08-29,verda,H200,global,on_demand,sold_out,regions_with_capacity,0.0
2026-08-29,verda,L40S,global,on_demand,sold_out,regions_with_capacity,0.0
2026-08-29,verda,RTX6000,global,on_demand,sold_out,regions_with_capacity,0.0
2026-08-29,voltage_park,H100,global,on_demand,sold_out,regions_with_capacity,0.0
2026-08-29,nebius,B200,global,on_demand,available,listed_offering,2.0
2026-08-29,nebius,B200,me-west1,on_demand,available,listed_offering,1.0
2026-08-29,nebius,B200,us-central1,on_demand,available,listed_offering,1.0
2026-08-29,nebius,B300,global,on_demand,available,listed_offering,3.0
2026-08-29,nebius,B300,eu-west2,on_demand,available,listed_offering,1.0
2026-08-29,nebius,B300,uk-south1,on_demand,available,listed_offering,1.0
2026-08-29,nebius,B300,us-north1,on_demand,available,listed_offering,1.0
2026-08-29,nebius,H100,global,on_demand,available,listed_offering,1.0
2026-08-29,nebius,H100,eu-north1,on_demand,available,listed_offering,1.0
2026-08-29,nebius,H200,global,on_demand,available,listed_offering,4.0
2026-08-29,nebius,H200,eu-north1,on_demand,available,listed_offering,1.0
2026-08-29,nebius,H200,eu-north2,on_demand,available,listed_offering,1.0
2026-08-29,nebius,H200,eu-west1,on_demand,available,listed_offering,1.0
2026-08-29,nebius,H200,us-central1,on_demand,available,listed_offering,1.0
2026-08-29,nebius,L40S,global,on_demand,available,listed_offering,1.0
2026-08-29,nebius,L40S,eu-north1,on_demand,available,listed_offering,1.0
2026-08-29,nebius,RTX6000,global,on_demand,available,listed_offering,1.0
2026-08-29,nebius,RTX6000,us-central1,on_demand,available,listed_offering,1.0
2026-08-29,hyperstack,B200,CANADA-1,on_demand,limited,stock_level,8.0
2026-08-29,hyperstack,L40S,CANADA-1,on_demand,available,stock_level,25.0
2026-08-29,hyperstack,H100,CANADA-1,on_demand,available,stock_level,10.0
2026-08-29,hyperstack,H100,CANADA-1,on_demand,sold_out,stock_level,0.0
2026-08-29,hyperstack,H200,CANADA-1,on_demand,limited,stock_level,8.0
2026-08-29,hyperstack,H100,CANADA-1,on_demand,available,stock_level,75.0
2026-08-29,hyperstack,H100,CANADA-1,on_demand,available,stock_level,100.0
2026-08-29,hyperstack,B300,CANADA-1,on_demand,sold_out,stock_level,0.0
2026-08-29,hyperstack,H100,CANADA-1,on_demand,sold_out,stock_level,0.0
2026-08-29,hyperstack,L40S,CANADA-1,on_demand,limited,stock_level,3.0
2026-08-29,hyperstack,B200,global,on_demand,limited,stock_level,8.0
2026-08-29,hyperstack,L40S,global,on_demand,available,stock_level,25.0
2026-08-29,hyperstack,H100,global,on_demand,available,stock_level,100.0
2026-08-29,hyperstack,H200,global,on_demand,limited,stock_level,8.0
2026-08-29,hyperstack,B300,global,on_demand,sold_out,stock_level,0.0
2026-08-29,together,B200,ca-west-1,on_demand,available,stock_level,5.0
2026-08-29,together,B200,us-east-3,on_demand,available,stock_level,5.0
2026-08-29,together,B200,us-west-3,on_demand,unknown,stock_level,0.0
2026-08-29,together,GB300,us-south-3,on_demand,available,stock_level,5.0
2026-08-29,together,H100,ca-east-1,on_demand,unknown,stock_level,0.0
2026-08-29,together,H100,eu-central-1,on_demand,unknown,stock_level,0.0
2026-08-29,together,H100,eu-north-1,on_demand,unknown,stock_level,0.0
2026-08-29,together,H100,eu-west-1,on_demand,available,stock_level,5.0
2026-08-29,together,H100,us-central-4,on_demand,unknown,stock_level,0.0
2026-08-29,together,H100,us-central-5,on_demand,limited,stock_level,1.0
2026-08-29,together,H100,us-central-6,on_demand,unknown,stock_level,0.0
2026-08-29,together,H100,us-east-1,on_demand,unknown,stock_level,0.0
2026-08-29,together,H100,us-east-4,on_demand,unknown,stock_level,0.0
2026-08-29,together,H200,us-central-8,on_demand,available,stock_level,5.0
2026-08-29,together,H200,global,on_demand,available,regions_with_capacity,1.0
2026-08-29,together,B200,global,on_demand,available,regions_with_capacity,2.0
2026-08-29,together,GB300,global,on_demand,available,regions_with_capacity,1.0
2026-08-29,together,H100,global,on_demand,available,regions_with_capacity,1.0
2026-08-29,verda,RTX6000,FIN-01,on_demand,available,binary,8.0
2026-08-29,verda,H100,FIN-02,on_demand,limited,binary,1.0
2026-08-29,verda,RTX6000,FIN-03,on_demand,available,binary,8.0
2026-08-29,verda,RTX6000,global,on_demand,available,regions_with_capacity,2.0
2026-08-29,verda,H100,global,on_demand,limited,regions_with_capacity,1.0
2026-08-29,verda,GB300,global,on_demand,sold_out,binary,0.0
2026-08-29,verda,B300,global,on_demand,sold_out,binary,0.0
2026-08-29,verda,B200,global,on_demand,sold_out,binary,0.0
2026-08-29,verda,H200,global,on_demand,sold_out,binary,0.0
2026-08-29,verda,L40S,global,on_demand,sold_out,binary,0.0
2026-08-29,verda,L40S,FIN-01,spot,available,binary,8.0
2026-08-29,verda,H100,FIN-02,spot,limited,binary,1.0
2026-08-29,verda,RTX6000,FIN-02,spot,limited,binary,4.0
2026-08-29,verda,RTX6000,FIN-03,spot,limited,binary,1.0
2026-08-29,verda,B200,FIN-03,spot,available,binary,8.0
2026-08-29,verda,L40S,global,spot,available,regions_with_capacity,1.0
2026-08-29,verda,H100,global,spot,limited,regions_with_capacity,1.0
2026-08-29,verda,RTX6000,global,spot,limited,regions_with_capacity,2.0
2026-08-29,verda,B200,global,spot,available,regions_with_capacity,1.0
2026-08-30,lambda,B200,global,on_demand,sold_out,regions_with_capacity,0.0
2026-08-30,lambda,H100,global,on_demand,limited,regions_with_capacity,1.0
2026-08-30,lambda,H100,us-west-3,on_demand,available,regions_with_capacity,1.0
2026-08-30,coreweave,GB300,global,on_demand,available,listed_offering,4.0
2026-08-30,coreweave,GB300,CA-EAST-01A,on_demand,available,listed_offering,1.0
2026-08-30,coreweave,GB300,US-CENTRAL-07A,on_demand,available,listed_offering,1.0
2026-08-30,coreweave,GB300,US-CENTRAL-09A,on_demand,available,listed_offering,1.0
2026-08-30,coreweave,GB300,US-WEST-01A,on_demand,available,listed_offering,1.0
2026-08-30,coreweave,GB200,global,on_demand,available,listed_offering,6.0
2026-08-30,coreweave,GB200,CA-EAST-01A,on_demand,available,listed_offering,1.0
2026-08-30,coreweave,GB200,US-EAST-01A,on_demand,available,listed_offering,1.0
2026-08-30,coreweave,GB200,US-EAST-02A,on_demand,available,listed_offering,1.0
2026-08-30,coreweave,GB200,US-EAST-08A,on_demand,available,listed_offering,1.0
2026-08-30,coreweave,GB200,US-EAST-13A,on_demand,available,listed_offering,1.0
2026-08-30,coreweave,GB200,US-WEST-01A,on_demand,available,listed_offering,1.0
2026-08-30,coreweave,B300,global,on_demand,available,listed_offering,4.0
2026-08-30,coreweave,B300,US-CENTRAL-06A,on_demand,available,listed_offering,1.0
2026-08-30,coreweave,B300,US-EAST-13A,on_demand,available,listed_offering,1.0
2026-08-30,coreweave,B300,US-WEST-01A,on_demand,available,listed_offering,1.0
2026-08-30,coreweave,B300,US-WEST-10A,on_demand,available,listed_offering,1.0
2026-08-30,coreweave,B200,global,on_demand,available,listed_offering,5.0
2026-08-30,coreweave,B200,EU-SOUTH-04A,on_demand,available,listed_offering,1.0
2026-08-30,coreweave,B200,US-CENTRAL-07A,on_demand,available,listed_offering,1.0
2026-08-30,coreweave,B200,US-EAST-13A,on_demand,available,listed_offering,1.0
2026-08-30,coreweave,B200,US-EAST-15A,on_demand,available,listed_offering,1.0
2026-08-30,coreweave,B200,US-WEST-09B,on_demand,available,listed_offering,1.0
2026-08-30,coreweave,H200,global,on_demand,available,listed_offering,7.0
2026-08-30,coreweave,H200,EU-SOUTH-03B,on_demand,available,listed_offering,1.0
2026-08-30,coreweave,H200,RNO2A,on_demand,available,listed_offering,1.0
2026-08-30,coreweave,H200,US-EAST-01A,on_demand,available,listed_offering,1.0
2026-08-30,coreweave,H200,US-EAST-02A,on_demand,available,listed_offering,1.0
2026-08-30,coreweave,H200,US-EAST-04A,on_demand,available,listed_offering,1.0
2026-08-30,coreweave,H200,US-EAST-08A,on_demand,available,listed_offering,1.0
2026-08-30,coreweave,H200,US-WEST-04A,on_demand,available,listed_offering,1.0
2026-08-30,coreweave,H100,global,on_demand,available,listed_offering,10.0
2026-08-30,coreweave,H100,RNO2A,on_demand,available,listed_offering,1.0
2026-08-30,coreweave,H100,US-CENTRAL-06A,on_demand,available,listed_offering,1.0
2026-08-30,coreweave,H100,US-EAST-01A,on_demand,available,listed_offering,1.0
2026-08-30,coreweave,H100,US-EAST-02A,on_demand,available,listed_offering,1.0
2026-08-30,coreweave,H100,US-EAST-04A,on_demand,available,listed_offering,1.0
2026-08-30,coreweave,H100,US-EAST-06A,on_demand,available,listed_offering,1.0
2026-08-30,coreweave,H100,US-WEST-01A,on_demand,available,listed_offering,1.0
2026-08-30,coreweave,H100,US-WEST-02B,on_demand,available,listed_offering,1.0
2026-08-30,coreweave,H100,US-WEST-04A,on_demand,available,listed_offering,1.0
2026-08-30,coreweave,H100,US-WEST-09B,on_demand,available,listed_offering,1.0
2026-08-30,coreweave,RTX6000,global,on_demand,available,listed_offering,11.0
2026-08-30,coreweave,RTX6000,EU-SOUTH-04A,on_demand,available,listed_offering,1.0
2026-08-30,coreweave,RTX6000,US-EAST-01A,on_demand,available,listed_offering,1.0
2026-08-30,coreweave,RTX6000,US-EAST-04A,on_demand,available,listed_offering,1.0
2026-08-30,coreweave,RTX6000,US-EAST-06A,on_demand,available,listed_offering,1.0
2026-08-30,coreweave,RTX6000,US-EAST-13A,on_demand,available,listed_offering,1.0
2026-08-30,coreweave,RTX6000,US-EAST-14A,on_demand,available,listed_offering,1.0
2026-08-30,coreweave,RTX6000,US-EAST-15A,on_demand,available,listed_offering,1.0
2026-08-30,coreweave,RTX6000,US-WEST-01A,on_demand,available,listed_offering,1.0
2026-08-30,coreweave,RTX6000,US-WEST-04A,on_demand,available,listed_offering,1.0
2026-08-30,coreweave,RTX6000,US-WEST-09B,on_demand,available,listed_offering,1.0
2026-08-30,coreweave,RTX6000,US-WEST-10A,on_demand,available,listed_offering,1.0
2026-08-30,coreweave,L40S,global,on_demand,limited,listed_offering,1.0
2026-08-30,coreweave,L40S,US-EAST-04A,on_demand,available,listed_offering,1.0
2026-08-30,gcp,B200,global,on_demand,available,listed_offering,11.0
2026-08-30,gcp,B200,asia-northeast1,on_demand,available,listed_offering,1.0
2026-08-30,gcp,B200,asia-southeast1,on_demand,available,listed_offering,1.0
2026-08-30,gcp,B200,europe-north1,on_demand,available,listed_offering,1.0
2026-08-30,gcp,B200,europe-west4,on_demand,available,listed_offering,1.0
2026-08-30,gcp,B200,us-central1,on_demand,available,listed_offering,1.0
2026-08-30,gcp,B200,us-east1,on_demand,available,listed_offering,1.0
2026-08-30,gcp,B200,us-east4,on_demand,available,listed_offering,1.0
2026-08-30,gcp,B200,us-south1,on_demand,available,listed_offering,1.0
2026-08-30,gcp,B200,us-west2,on_demand,available,listed_offering,1.0
2026-08-30,gcp,B200,us-west3,on_demand,available,listed_offering,2.0
2026-08-30,gcp,GB200,global,on_demand,available,listed_offering,5.0
2026-08-30,gcp,GB200,europe-west4,on_demand,available,listed_offering,1.0
2026-08-30,gcp,GB200,us-central1,on_demand,available,listed_offering,2.0
2026-08-30,gcp,GB200,us-east1,on_demand,available,listed_offering,1.0
2026-08-30,gcp,GB200,us-east4,on_demand,available,listed_offering,1.0
2026-08-30,gcp,GB300,global,on_demand,available,listed_offering,5.0
2026-08-30,gcp,GB300,us-central1,on_demand,available,listed_offering,1.0
2026-08-30,gcp,GB300,us-east4,on_demand,available,listed_offering,2.0
2026-08-30,gcp,GB300,us-east5,on_demand,available,listed_offering,2.0
2026-08-30,gcp,H100,global,on_demand,available,listed_offering,23.0
2026-08-30,gcp,H100,asia-east1,on_demand,available,listed_offering,1.0
2026-08-30,gcp,H100,asia-northeast1,on_demand,available,listed_offering,1.0
2026-08-30,gcp,H100,asia-northeast3,on_demand,available,listed_offering,1.0
2026-08-30,gcp,H100,asia-south1,on_demand,available,listed_offering,1.0
2026-08-30,gcp,H100,asia-southeast1,on_demand,available,listed_offering,2.0
2026-08-30,gcp,H100,australia-southeast1,on_demand,available,listed_offering,1.0
2026-08-30,gcp,H100,europe-west1,on_demand,available,listed_offering,2.0
2026-08-30,gcp,H100,europe-west3,on_demand,available,listed_offering,1.0
2026-08-30,gcp,H100,europe-west4,on_demand,available,listed_offering,2.0
2026-08-30,gcp,H100,northamerica-northeast2,on_demand,available,listed_offering,1.0
2026-08-30,gcp,H100,us-central1,on_demand,available,listed_offering,3.0
2026-08-30,gcp,H100,us-east4,on_demand,available,listed_offering,3.0
2026-08-30,gcp,H100,us-east5,on_demand,available,listed_offering,1.0
2026-08-30,gcp,H100,us-west1,on_demand,available,listed_offering,2.0
2026-08-30,gcp,H100,us-west4,on_demand,available,listed_offering,1.0
2026-08-30,gcp,H200,global,on_demand,available,listed_offering,8.0
2026-08-30,gcp,H200,asia-south1,on_demand,available,listed_offering,1.0
2026-08-30,gcp,H200,asia-south2,on_demand,available,listed_offering,1.0
2026-08-30,gcp,H200,europe-west1,on_demand,available,listed_offering,1.0
2026-08-30,gcp,H200,europe-west4,on_demand,available,listed_offering,1.0
2026-08-30,gcp,H200,us-central1,on_demand,available,listed_offering,1.0
2026-08-30,gcp,H200,us-east4,on_demand,available,listed_offering,1.0
2026-08-30,gcp,H200,us-south1,on_demand,available,listed_offering,1.0
2026-08-30,gcp,H200,us-west1,on_demand,available,listed_offering,1.0
2026-08-30,gcp,RTX6000,global,on_demand,available,listed_offering,39.0
2026-08-30,gcp,RTX6000,asia-east1,on_demand,available,listed_offering,1.0
2026-08-30,gcp,RTX6000,asia-south1,on_demand,available,listed_offering,1.0
2026-08-30,gcp,RTX6000,asia-south2,on_demand,available,listed_offering,2.0
2026-08-30,gcp,RTX6000,asia-southeast1,on_demand,available,listed_offering,2.0
2026-08-30,gcp,RTX6000,asia-southeast2,on_demand,available,listed_offering,2.0
2026-08-30,gcp,RTX6000,europe-north1,on_demand,available,listed_offering,3.0
2026-08-30,gcp,RTX6000,europe-west1,on_demand,available,listed_offering,1.0
2026-08-30,gcp,RTX6000,europe-west10,on_demand,available,listed_offering,1.0
2026-08-30,gcp,RTX6000,europe-west2,on_demand,available,listed_offering,2.0
2026-08-30,gcp,RTX6000,europe-west4,on_demand,available,listed_offering,3.0
2026-08-30,gcp,RTX6000,europe-west8,on_demand,available,listed_offering,2.0
2026-08-30,gcp,RTX6000,me-central2,on_demand,available,listed_offering,1.0
2026-08-30,gcp,RTX6000,us-central1,on_demand,available,listed_offering,3.0
2026-08-30,gcp,RTX6000,us-east1,on_demand,available,listed_offering,2.0
2026-08-30,gcp,RTX6000,us-east4,on_demand,available,listed_offering,2.0
2026-08-30,gcp,RTX6000,us-east5,on_demand,available,listed_offering,3.0
2026-08-30,gcp,RTX6000,us-south1,on_demand,available,listed_offering,2.0
2026-08-30,gcp,RTX6000,us-west1,on_demand,available,listed_offering,3.0
2026-08-30,gcp,RTX6000,us-west3,on_demand,available,listed_offering,1.0
2026-08-30,gcp,RTX6000,us-west4,on_demand,available,listed_offering,2.0
2026-08-30,azure,H100,global,on_demand,available,listed_offering,24.0
2026-08-30,azure,H100,global,spot,available,listed_offering,24.0
2026-08-30,azure,H200,global,on_demand,available,listed_offering,31.0
2026-08-30,azure,H200,global,spot,available,listed_offering,31.0
2026-08-30,azure,GB200,global,on_demand,available,listed_offering,19.0
2026-08-30,azure,GB200,global,spot,available,listed_offering,19.0
2026-08-30,aws,L40S,me-central-1,spot,available,stock_status_label,0.0
2026-08-30,aws,H100,ap-southeast-3,spot,available,stock_status_label,0.0
2026-08-30,aws,H200,ap-southeast-3,spot,available,stock_status_label,0.0
2026-08-30,aws,H200,eu-south-2,spot,available,stock_status_label,1.0
2026-08-30,aws,L40S,eu-south-2,spot,available,stock_status_label,0.0
2026-08-30,aws,H100,us-west-1,spot,available,stock_status_label,0.0
2026-08-30,aws,H200,us-west-1,spot,available,stock_status_label,0.0
2026-08-30,aws,H100,eu-north-1,spot,available,stock_status_label,0.0
2026-08-30,aws,H200,eu-north-1,spot,available,stock_status_label,0.0
2026-08-30,aws,L40S,eu-north-1,spot,available,stock_status_label,3.0
2026-08-30,aws,H100,ca-central-1,spot,available,stock_status_label,0.0
2026-08-30,aws,H100,eu-west-2,spot,available,stock_status_label,1.0
2026-08-30,aws,H100,sa-east-1,spot,available,stock_status_label,0.0
2026-08-30,aws,H100,ap-south-1,spot,available,stock_status_label,0.0
2026-08-30,aws,H200,ap-south-1,spot,available,stock_status_label,0.0
2026-08-30,aws,H200,ap-northeast-2,spot,available,stock_status_label,0.0
2026-08-30,aws,L40S,ap-northeast-2,spot,available,stock_status_label,2.0
2026-08-30,aws,H100,us-east-2,spot,available,stock_status_label,2.0
2026-08-30,aws,H200,us-east-2,spot,available,stock_status_label,1.0
2026-08-30,aws,B200,us-east-2,spot,available,stock_status_label,1.0
2026-08-30,aws,L40S,us-east-2,spot,available,stock_status_label,1.0
2026-08-30,aws,L40S,eu-central-1,spot,limited,stock_status_label,4.0
2026-08-30,aws,H100,ap-southeast-2,spot,available,stock_status_label,0.0
2026-08-30,aws,H100,ap-northeast-1,spot,available,stock_status_label,0.0
2026-08-30,aws,H200,ap-northeast-1,spot,available,stock_status_label,0.0
2026-08-30,aws,L40S,ap-northeast-1,spot,limited,stock_status_label,4.0
2026-08-30,aws,H100,us-west-2,spot,available,stock_status_label,0.0
2026-08-30,aws,H200,us-west-2,spot,available,stock_status_label,0.0
2026-08-30,aws,B200,us-west-2,spot,available,stock_status_label,2.0
2026-08-30,aws,B300,us-west-2,spot,available,stock_status_label,0.0
2026-08-30,aws,L40S,us-west-2,spot,available,stock_status_label,0.0
2026-08-30,aws,H100,us-east-1,spot,available,stock_status_label,0.0
2026-08-30,aws,H200,us-east-1,spot,available,stock_status_label,0.0
2026-08-30,aws,B200,us-east-1,spot,available,stock_status_label,2.0
2026-08-30,aws,L40S,us-east-1,spot,available,stock_status_label,2.0
2026-08-30,aws,B200,global,spot,available,regions_with_capacity,3.0
2026-08-30,aws,H200,global,spot,available,regions_with_capacity,10.0
2026-08-30,aws,H100,global,spot,available,regions_with_capacity,12.0
2026-08-30,aws,L40S,global,spot,available,regions_with_capacity,9.0
2026-08-30,aws,B300,global,spot,available,regions_with_capacity,1.0
2026-08-30,crusoe,B200,global,on_demand,available,listed_offering,3.0
2026-08-30,crusoe,B300,global,on_demand,limited,listed_offering,1.0
2026-08-30,crusoe,GB200,global,on_demand,limited,listed_offering,1.0
2026-08-30,crusoe,H100,global,on_demand,available,listed_offering,3.0
2026-08-30,crusoe,H200,global,on_demand,limited,listed_offering,1.0
2026-08-30,crusoe,L40S,global,on_demand,available,listed_offering,2.0
2026-08-30,runpod,B200,global,on_demand,limited,stock_status_label,0.0
2026-08-30,runpod,B300,global,on_demand,limited,stock_status_label,0.0
2026-08-30,runpod,H100,global,on_demand,limited,stock_status_label,1.0
2026-08-30,runpod,H100,global,on_demand,limited,stock_status_label,0.0
2026-08-30,runpod,H100,global,on_demand,limited,stock_status_label,0.0
2026-08-30,runpod,H200,global,on_demand,limited,stock_status_label,1.0
2026-08-30,runpod,H200,global,on_demand,sold_out,stock_status_label,0.0
2026-08-30,runpod,L40S,global,on_demand,limited,stock_status_label,1.0
2026-08-30,runpod,RTX6000,global,on_demand,sold_out,stock_status_label,0.0
2026-08-30,runpod,RTX6000,global,on_demand,limited,stock_status_label,1.0
2026-08-30,runpod,RTX6000,global,on_demand,limited,stock_status_label,0.0
2026-08-30,runpod,H100,AP-IN-1,on_demand,available,stock_status_label,2.0
2026-08-30,runpod,H100,AP-IN-2,on_demand,available,stock_status_label,1.0
2026-08-30,runpod,H200,AP-JP-1,on_demand,available,stock_status_label,1.0
2026-08-30,runpod,H100,AP-JP-1,on_demand,available,stock_status_label,1.0
2026-08-30,runpod,H100,CA-MTL-1,on_demand,available,stock_status_label,1.0
2026-08-30,runpod,RTX6000,CA-MTL-3,on_demand,available,stock_status_label,1.0
2026-08-30,runpod,H200,CA-MTL-3,on_demand,available,stock_status_label,1.0
2026-08-30,runpod,H200,CA-MTL-4,on_demand,sold_out,stock_status_label,0.0
2026-08-30,runpod,RTX6000,EU-CZ-1,on_demand,available,stock_status_label,1.0
2026-08-30,runpod,RTX6000,EU-CZ-1,on_demand,available,stock_status_label,1.0
2026-08-30,runpod,H200,EU-FR-1,on_demand,available,stock_status_label,1.0
2026-08-30,runpod,H100,EU-FR-1,on_demand,sold_out,stock_status_label,0.0
2026-08-30,runpod,B300,EU-NL-1,on_demand,available,stock_status_label,1.0
2026-08-30,runpod,L40S,EU-NL-1,on_demand,available,stock_status_label,1.0
2026-08-30,runpod,H100,EU-NL-1,on_demand,sold_out,stock_status_label,0.0
2026-08-30,runpod,RTX6000,EU-NL-1,on_demand,available,stock_status_label,1.0
2026-08-30,runpod,RTX6000,EU-RO-1,on_demand,sold_out,stock_status_label,0.0
2026-08-30,runpod,B200,EU-RO-1,on_demand,sold_out,stock_status_label,0.0
2026-08-30,runpod,RTX6000,EU-RO-1,on_demand,available,stock_status_label,1.0
2026-08-30,runpod,RTX6000,EUR-IS-1,on_demand,available,stock_status_label,2.0
2026-08-30,runpod,B300,EUR-IS-1,on_demand,available,stock_status_label,2.0
2026-08-30,runpod,RTX6000,EUR-IS-1,on_demand,sold_out,stock_status_label,0.0
2026-08-30,runpod,RTX6000,EUR-IS-2,on_demand,available,stock_status_label,2.0
2026-08-30,runpod,L40S,EUR-IS-2,on_demand,available,stock_status_label,1.0
2026-08-30,runpod,H200,EUR-IS-2,on_demand,sold_out,stock_status_label,0.0
2026-08-30,runpod,H100,EUR-IS-3,on_demand,available,stock_status_label,1.0
2026-08-30,runpod,H200,EUR-IS-4,on_demand,available,stock_status_label,1.0
2026-08-30,runpod,H200,EUR-IS-5,on_demand,available,stock_status_label,1.0
2026-08-30,runpod,H100,EUR-NO-2,on_demand,available,stock_status_label,1.0
2026-08-30,runpod,L40S,OC-AU-1,on_demand,available,stock_status_label,1.0
2026-08-30,runpod,H100,US-CA-2,on_demand,available,stock_status_label,1.0
2026-08-30,runpod,B200,US-CA-2,on_demand,available,stock_status_label,1.0
2026-08-30,runpod,H200,US-CA-2,on_demand,available,stock_status_label,1.0
2026-08-30,runpod,H100,US-CA-2,on_demand,available,stock_status_label,1.0
2026-08-30,runpod,RTX6000,US-CA-2,on_demand,sold_out,stock_status_label,0.0
2026-08-30,runpod,H200,US-CO-1,on_demand,available,stock_status_label,1.0
2026-08-30,runpod,H200,US-GA-2,on_demand,available,stock_status_label,1.0
2026-08-30,runpod,H100,US-GA-2,on_demand,available,stock_status_label,1.0
2026-08-30,runpod,H100,US-GA-2,on_demand,available,stock_status_label,1.0
2026-08-30,runpod,L40S,US-IL-1,on_demand,sold_out,stock_status_label,0.0
2026-08-30,runpod,H100,US-KS-2,on_demand,sold_out,stock_status_label,0.0
2026-08-30,runpod,H100,US-KS-2,on_demand,available,stock_status_label,1.0
2026-08-30,runpod,H100,US-KS-2,on_demand,available,stock_status_label,1.0
2026-08-30,runpod,RTX6000,US-KS-2,on_demand,available,stock_status_label,1.0
2026-08-30,runpod,H200,US-MD-1,on_demand,sold_out,stock_status_label,0.0
2026-08-30,runpod,L40S,US-MO-1,on_demand,available,stock_status_label,1.0
2026-08-30,runpod,H100,US-MO-1,on_demand,available,stock_status_label,1.0
2026-08-30,runpod,RTX6000,US-MO-2,on_demand,available,stock_status_label,1.0
2026-08-30,runpod,RTX6000,US-NC-1,on_demand,available,stock_status_label,1.0
2026-08-30,runpod,H200,US-NC-1,on_demand,available,stock_status_label,1.0
2026-08-30,runpod,L40S,US-NC-1,on_demand,available,stock_status_label,1.0
2026-08-30,runpod,RTX6000,US-NC-2,on_demand,available,stock_status_label,2.0
2026-08-30,runpod,B200,US-NC-2,on_demand,available,stock_status_label,1.0
2026-08-30,runpod,RTX6000,US-NE-1,on_demand,available,stock_status_label,1.0
2026-08-30,runpod,H100,US-NE-1,on_demand,available,stock_status_label,1.0
2026-08-30,runpod,B200,US-NE-1,on_demand,available,stock_status_label,1.0
2026-08-30,runpod,RTX6000,US-PA-1,on_demand,available,stock_status_label,1.0
2026-08-30,runpod,H200,US-PA-1,on_demand,sold_out,stock_status_label,0.0
2026-08-30,runpod,L40S,US-TX-3,on_demand,available,stock_status_label,1.0
2026-08-30,runpod,L40S,US-TX-4,on_demand,available,stock_status_label,1.0
2026-08-30,runpod,B200,US-TX-6,on_demand,available,stock_status_label,1.0
2026-08-30,runpod,B300,US-WA-2,on_demand,available,stock_status_label,1.0
2026-08-30,vast,H100,global,on_demand,available,offer_depth_gpus,27.0
2026-08-30,vast,H200,global,on_demand,available,offer_depth_gpus,100.0
2026-08-30,vast,B200,global,on_demand,available,offer_depth_gpus,41.0
2026-08-30,vast,B300,global,on_demand,available,offer_depth_gpus,26.0
2026-08-30,vast,GB200,global,on_demand,not_offered,offer_depth_gpus,0.0
2026-08-30,vast,L40S,global,on_demand,available,offer_depth_gpus,81.0
2026-08-30,vast,RTX6000,global,on_demand,available,offer_depth_gpus,108.0
2026-08-30,scaleway,B300,fr-par-2,on_demand,sold_out,stock_status_label,0.0
2026-08-30,scaleway,H100,fr-par-2,on_demand,available,stock_status_label,2.0
2026-08-30,scaleway,H100,pl-waw-2,on_demand,limited,stock_status_label,1.0
2026-08-30,scaleway,L40S,fr-par-2,on_demand,limited,stock_status_label,1.0
2026-08-30,scaleway,L40S,pl-waw-2,on_demand,limited,stock_status_label,1.0
2026-08-30,scaleway,B300,global,on_demand,sold_out,regions_with_capacity,0.0
2026-08-30,scaleway,H100,global,on_demand,available,regions_with_capacity,2.0
2026-08-30,scaleway,L40S,global,on_demand,limited,regions_with_capacity,2.0
2026-08-30,voltage_park,H100,global,on_demand,sold_out,stock_level,0.0
2026-08-30,gmi,GB200,global,on_demand,available,stock_status_label,2.0
2026-08-30,gmi,GB300,global,on_demand,limited,stock_status_label,1.0
2026-08-30,gmi,H100,global,on_demand,available,stock_status_label,2.0
2026-08-30,gmi,H200,global,on_demand,available,stock_status_label,2.0
2026-08-30,gmi,B200,global,on_demand,limited,stock_status_label,1.0
2026-08-30,sfcompute,H100,global,reserved_short,available,clearing_price_usd,2.21
2026-08-30,crusoe,L40S,global,on_demand,available,regions_with_capacity,2.0
2026-08-30,hyperstack,H100,global,on_demand,limited,regions_with_capacity,1.0
2026-08-30,hyperstack,RTX6000,global,on_demand,sold_out,regions_with_capacity,0.0
2026-08-30,lambda,B200,global,on_demand,sold_out,regions_with_capacity,0.0
2026-08-30,lambda,H100,global,on_demand,available,regions_with_capacity,2.0
2026-08-30,nebius,H100,global,on_demand,sold_out,regions_with_capacity,0.0
2026-08-30,nebius,H200,global,on_demand,sold_out,regions_with_capacity,0.0
2026-08-30,scaleway,B300,global,on_demand,sold_out,regions_with_capacity,0.0
2026-08-30,scaleway,H100,global,on_demand,available,regions_with_capacity,2.0
2026-08-30,scaleway,L40S,global,on_demand,available,regions_with_capacity,1.0
2026-08-30,verda,B200,global,on_demand,sold_out,regions_with_capacity,0.0
2026-08-30,verda,B300,global,on_demand,sold_out,regions_with_capacity,0.0
2026-08-30,verda,H100,global,on_demand,sold_out,regions_with_capacity,0.0
2026-08-30,verda,H200,global,on_demand,sold_out,regions_with_capacity,0.0
2026-08-30,verda,L40S,global,on_demand,sold_out,regions_with_capacity,0.0
2026-08-30,verda,RTX6000,global,on_demand,sold_out,regions_with_capacity,0.0
2026-08-30,voltage_park,H100,global,on_demand,sold_out,regions_with_capacity,0.0
2026-08-30,nebius,B200,global,on_demand,available,listed_offering,2.0
2026-08-30,nebius,B200,me-west1,on_demand,available,listed_offering,1.0
2026-08-30,nebius,B200,us-central1,on_demand,available,listed_offering,1.0
2026-08-30,nebius,B300,global,on_demand,available,listed_offering,3.0
2026-08-30,nebius,B300,eu-west2,on_demand,available,listed_offering,1.0
2026-08-30,nebius,B300,uk-south1,on_demand,available,listed_offering,1.0
2026-08-30,nebius,B300,us-north1,on_demand,available,listed_offering,1.0
2026-08-30,nebius,H100,global,on_demand,available,listed_offering,1.0
2026-08-30,nebius,H100,eu-north1,on_demand,available,listed_offering,1.0
2026-08-30,nebius,H200,global,on_demand,available,listed_offering,4.0
2026-08-30,nebius,H200,eu-north1,on_demand,available,listed_offering,1.0
2026-08-30,nebius,H200,eu-north2,on_demand,available,listed_offering,1.0
2026-08-30,nebius,H200,eu-west1,on_demand,available,listed_offering,1.0
2026-08-30,nebius,H200,us-central1,on_demand,available,listed_offering,1.0
2026-08-30,nebius,L40S,global,on_demand,available,listed_offering,1.0
2026-08-30,nebius,L40S,eu-north1,on_demand,available,listed_offering,1.0
2026-08-30,nebius,RTX6000,global,on_demand,available,listed_offering,1.0
2026-08-30,nebius,RTX6000,us-central1,on_demand,available,listed_offering,1.0
2026-08-30,hyperstack,B200,CANADA-1,on_demand,limited,stock_level,8.0
2026-08-30,hyperstack,L40S,CANADA-1,on_demand,available,stock_level,25.0
2026-08-30,hyperstack,H100,CANADA-1,on_demand,limited,stock_level,4.0
2026-08-30,hyperstack,H100,CANADA-1,on_demand,limited,stock_level,8.0
2026-08-30,hyperstack,H200,CANADA-1,on_demand,limited,stock_level,8.0
2026-08-30,hyperstack,H100,CANADA-1,on_demand,available,stock_level,75.0
2026-08-30,hyperstack,H100,CANADA-1,on_demand,available,stock_level,100.0
2026-08-30,hyperstack,B300,CANADA-1,on_demand,sold_out,stock_level,0.0
2026-08-30,hyperstack,H100,CANADA-1,on_demand,sold_out,stock_level,0.0
2026-08-30,hyperstack,L40S,CANADA-1,on_demand,limited,stock_level,3.0
2026-08-30,hyperstack,B200,global,on_demand,limited,stock_level,8.0
2026-08-30,hyperstack,L40S,global,on_demand,available,stock_level,25.0
2026-08-30,hyperstack,H100,global,on_demand,available,stock_level,100.0
2026-08-30,hyperstack,H200,global,on_demand,limited,stock_level,8.0
2026-08-30,hyperstack,B300,global,on_demand,sold_out,stock_level,0.0
2026-08-30,together,B200,ca-west-1,on_demand,available,stock_level,5.0
2026-08-30,together,B200,us-east-3,on_demand,available,stock_level,5.0
2026-08-30,together,B200,us-west-3,on_demand,unknown,stock_level,0.0
2026-08-30,together,GB300,us-south-3,on_demand,available,stock_level,5.0
2026-08-30,together,H100,ca-east-1,on_demand,unknown,stock_level,0.0
2026-08-30,together,H100,eu-central-1,on_demand,unknown,stock_level,0.0
2026-08-30,together,H100,eu-north-1,on_demand,unknown,stock_level,0.0
2026-08-30,together,H100,eu-west-1,on_demand,available,stock_level,5.0
2026-08-30,together,H100,us-central-4,on_demand,unknown,stock_level,0.0
2026-08-30,together,H100,us-central-5,on_demand,limited,stock_level,1.0
2026-08-30,together,H100,us-central-6,on_demand,unknown,stock_level,0.0
2026-08-30,together,H100,us-east-1,on_demand,unknown,stock_level,0.0
2026-08-30,together,H100,us-east-4,on_demand,unknown,stock_level,0.0
2026-08-30,together,H200,us-central-8,on_demand,available,stock_level,5.0
2026-08-30,together,H100,global,on_demand,available,regions_with_capacity,1.0
2026-08-30,together,B200,global,on_demand,available,regions_with_capacity,2.0
2026-08-30,together,H200,global,on_demand,available,regions_with_capacity,1.0
2026-08-30,together,GB300,global,on_demand,available,regions_with_capacity,1.0
2026-08-30,verda,H100,FIN-01,on_demand,limited,binary,1.0
2026-08-30,verda,H200,FIN-02,on_demand,limited,binary,1.0
2026-08-30,verda,H100,FIN-02,on_demand,limited,binary,1.0
2026-08-30,verda,L40S,FIN-02,on_demand,limited,binary,1.0
2026-08-30,verda,B200,FIN-03,on_demand,limited,binary,4.0
2026-08-30,verda,H200,FIN-03,on_demand,limited,binary,1.0
2026-08-30,verda,RTX6000,FIN-03,on_demand,limited,binary,1.0
2026-08-30,verda,H100,global,on_demand,limited,regions_with_capacity,2.0
2026-08-30,verda,H200,global,on_demand,limited,regions_with_capacity,2.0
2026-08-30,verda,L40S,global,on_demand,limited,regions_with_capacity,1.0
2026-08-30,verda,B200,global,on_demand,limited,regions_with_capacity,1.0
2026-08-30,verda,RTX6000,global,on_demand,limited,regions_with_capacity,1.0
2026-08-30,verda,GB300,global,on_demand,sold_out,binary,0.0
2026-08-30,verda,B300,global,on_demand,sold_out,binary,0.0
2026-08-30,verda,H100,FIN-01,spot,limited,binary,1.0
2026-08-30,verda,H200,FIN-02,spot,limited,binary,1.0
2026-08-30,verda,H100,FIN-02,spot,available,binary,8.0
2026-08-30,verda,RTX6000,FIN-02,spot,limited,binary,4.0
2026-08-30,verda,L40S,FIN-02,spot,limited,binary,1.0
2026-08-30,verda,H200,FIN-03,spot,limited,binary,1.0
2026-08-30,verda,RTX6000,FIN-03,spot,limited,binary,1.0
2026-08-30,verda,B200,FIN-03,spot,available,binary,8.0
2026-08-30,verda,H100,global,spot,available,regions_with_capacity,2.0
2026-08-30,verda,H200,global,spot,limited,regions_with_capacity,2.0
2026-08-30,verda,RTX6000,global,spot,limited,regions_with_capacity,2.0
2026-08-30,verda,L40S,global,spot,limited,regions_with_capacity,1.0
2026-08-30,verda,B200,global,spot,available,regions_with_capacity,1.0
2026-08-31,lambda,B200,global,on_demand,sold_out,regions_with_capacity,0.0
2026-08-31,lambda,H100,global,on_demand,limited,regions_with_capacity,4.0
2026-08-31,lambda,H100,us-south-2,on_demand,available,regions_with_capacity,1.0
2026-08-31,lambda,H100,us-south-3,on_demand,available,regions_with_capacity,1.0
2026-08-31,lambda,H100,us-southeast-1,on_demand,available,regions_with_capacity,1.0
2026-08-31,lambda,H100,us-west-3,on_demand,available,regions_with_capacity,1.0
2026-08-31,coreweave,GB300,global,on_demand,available,listed_offering,4.0
2026-08-31,coreweave,GB300,CA-EAST-01A,on_demand,available,listed_offering,1.0
2026-08-31,coreweave,GB300,US-CENTRAL-07A,on_demand,available,listed_offering,1.0
2026-08-31,coreweave,GB300,US-CENTRAL-09A,on_demand,available,listed_offering,1.0
2026-08-31,coreweave,GB300,US-WEST-01A,on_demand,available,listed_offering,1.0
2026-08-31,coreweave,GB200,global,on_demand,available,listed_offering,6.0
2026-08-31,coreweave,GB200,CA-EAST-01A,on_demand,available,listed_offering,1.0
2026-08-31,coreweave,GB200,US-EAST-01A,on_demand,available,listed_offering,1.0
2026-08-31,coreweave,GB200,US-EAST-02A,on_demand,available,listed_offering,1.0
2026-08-31,coreweave,GB200,US-EAST-08A,on_demand,available,listed_offering,1.0
2026-08-31,coreweave,GB200,US-EAST-13A,on_demand,available,listed_offering,1.0
2026-08-31,coreweave,GB200,US-WEST-01A,on_demand,available,listed_offering,1.0
2026-08-31,coreweave,B300,global,on_demand,available,listed_offering,4.0
2026-08-31,coreweave,B300,US-CENTRAL-06A,on_demand,available,listed_offering,1.0
2026-08-31,coreweave,B300,US-EAST-13A,on_demand,available,listed_offering,1.0
2026-08-31,coreweave,B300,US-WEST-01A,on_demand,available,listed_offering,1.0
2026-08-31,coreweave,B300,US-WEST-10A,on_demand,available,listed_offering,1.0
2026-08-31,coreweave,B200,global,on_demand,available,listed_offering,5.0
2026-08-31,coreweave,B200,EU-SOUTH-04A,on_demand,available,listed_offering,1.0
2026-08-31,coreweave,B200,US-CENTRAL-07A,on_demand,available,listed_offering,1.0
2026-08-31,coreweave,B200,US-EAST-13A,on_demand,available,listed_offering,1.0
2026-08-31,coreweave,B200,US-EAST-15A,on_demand,available,listed_offering,1.0
2026-08-31,coreweave,B200,US-WEST-09B,on_demand,available,listed_offering,1.0
2026-08-31,coreweave,H200,global,on_demand,available,listed_offering,7.0
2026-08-31,coreweave,H200,EU-SOUTH-03B,on_demand,available,listed_offering,1.0
2026-08-31,coreweave,H200,RNO2A,on_demand,available,listed_offering,1.0
2026-08-31,coreweave,H200,US-EAST-01A,on_demand,available,listed_offering,1.0
2026-08-31,coreweave,H200,US-EAST-02A,on_demand,available,listed_offering,1.0
2026-08-31,coreweave,H200,US-EAST-04A,on_demand,available,listed_offering,1.0
2026-08-31,coreweave,H200,US-EAST-08A,on_demand,available,listed_offering,1.0
2026-08-31,coreweave,H200,US-WEST-04A,on_demand,available,listed_offering,1.0
2026-08-31,coreweave,H100,global,on_demand,available,listed_offering,10.0
2026-08-31,coreweave,H100,RNO2A,on_demand,available,listed_offering,1.0
2026-08-31,coreweave,H100,US-CENTRAL-06A,on_demand,available,listed_offering,1.0
2026-08-31,coreweave,H100,US-EAST-01A,on_demand,available,listed_offering,1.0
2026-08-31,coreweave,H100,US-EAST-02A,on_demand,available,listed_offering,1.0
2026-08-31,coreweave,H100,US-EAST-04A,on_demand,available,listed_offering,1.0
2026-08-31,coreweave,H100,US-EAST-06A,on_demand,available,listed_offering,1.0
2026-08-31,coreweave,H100,US-WEST-01A,on_demand,available,listed_offering,1.0
2026-08-31,coreweave,H100,US-WEST-02B,on_demand,available,listed_offering,1.0
2026-08-31,coreweave,H100,US-WEST-04A,on_demand,available,listed_offering,1.0
2026-08-31,coreweave,H100,US-WEST-09B,on_demand,available,listed_offering,1.0
2026-08-31,coreweave,RTX6000,global,on_demand,available,listed_offering,11.0
2026-08-31,coreweave,RTX6000,EU-SOUTH-04A,on_demand,available,listed_offering,1.0
2026-08-31,coreweave,RTX6000,US-EAST-01A,on_demand,available,listed_offering,1.0
2026-08-31,coreweave,RTX6000,US-EAST-04A,on_demand,available,listed_offering,1.0
2026-08-31,coreweave,RTX6000,US-EAST-06A,on_demand,available,listed_offering,1.0
2026-08-31,coreweave,RTX6000,US-EAST-13A,on_demand,available,listed_offering,1.0
2026-08-31,coreweave,RTX6000,US-EAST-14A,on_demand,available,listed_offering,1.0
2026-08-31,coreweave,RTX6000,US-EAST-15A,on_demand,available,listed_offering,1.0
2026-08-31,coreweave,RTX6000,US-WEST-01A,on_demand,available,listed_offering,1.0
2026-08-31,coreweave,RTX6000,US-WEST-04A,on_demand,available,listed_offering,1.0
2026-08-31,coreweave,RTX6000,US-WEST-09B,on_demand,available,listed_offering,1.0
2026-08-31,coreweave,RTX6000,US-WEST-10A,on_demand,available,listed_offering,1.0
2026-08-31,coreweave,L40S,global,on_demand,limited,listed_offering,1.0
2026-08-31,coreweave,L40S,US-EAST-04A,on_demand,available,listed_offering,1.0
2026-08-31,gcp,B200,global,on_demand,available,listed_offering,11.0
2026-08-31,gcp,B200,asia-northeast1,on_demand,available,listed_offering,1.0
2026-08-31,gcp,B200,asia-southeast1,on_demand,available,listed_offering,1.0
2026-08-31,gcp,B200,europe-north1,on_demand,available,listed_offering,1.0
2026-08-31,gcp,B200,europe-west4,on_demand,available,listed_offering,1.0
2026-08-31,gcp,B200,us-central1,on_demand,available,listed_offering,1.0
2026-08-31,gcp,B200,us-east1,on_demand,available,listed_offering,1.0
2026-08-31,gcp,B200,us-east4,on_demand,available,listed_offering,1.0
2026-08-31,gcp,B200,us-south1,on_demand,available,listed_offering,1.0
2026-08-31,gcp,B200,us-west2,on_demand,available,listed_offering,1.0
2026-08-31,gcp,B200,us-west3,on_demand,available,listed_offering,2.0
2026-08-31,gcp,GB200,global,on_demand,available,listed_offering,5.0
2026-08-31,gcp,GB200,europe-west4,on_demand,available,listed_offering,1.0
2026-08-31,gcp,GB200,us-central1,on_demand,available,listed_offering,2.0
2026-08-31,gcp,GB200,us-east1,on_demand,available,listed_offering,1.0
2026-08-31,gcp,GB200,us-east4,on_demand,available,listed_offering,1.0
2026-08-31,gcp,GB300,global,on_demand,available,listed_offering,5.0
2026-08-31,gcp,GB300,us-central1,on_demand,available,listed_offering,1.0
2026-08-31,gcp,GB300,us-east4,on_demand,available,listed_offering,2.0
2026-08-31,gcp,GB300,us-east5,on_demand,available,listed_offering,2.0
2026-08-31,gcp,H100,global,on_demand,available,listed_offering,23.0
2026-08-31,gcp,H100,asia-east1,on_demand,available,listed_offering,1.0
2026-08-31,gcp,H100,asia-northeast1,on_demand,available,listed_offering,1.0
2026-08-31,gcp,H100,asia-northeast3,on_demand,available,listed_offering,1.0
2026-08-31,gcp,H100,asia-south1,on_demand,available,listed_offering,1.0
2026-08-31,gcp,H100,asia-southeast1,on_demand,available,listed_offering,2.0
2026-08-31,gcp,H100,australia-southeast1,on_demand,available,listed_offering,1.0
2026-08-31,gcp,H100,europe-west1,on_demand,available,listed_offering,2.0
2026-08-31,gcp,H100,europe-west3,on_demand,available,listed_offering,1.0
2026-08-31,gcp,H100,europe-west4,on_demand,available,listed_offering,2.0
2026-08-31,gcp,H100,northamerica-northeast2,on_demand,available,listed_offering,1.0
2026-08-31,gcp,H100,us-central1,on_demand,available,listed_offering,3.0
2026-08-31,gcp,H100,us-east4,on_demand,available,listed_offering,3.0
2026-08-31,gcp,H100,us-east5,on_demand,available,listed_offering,1.0
2026-08-31,gcp,H100,us-west1,on_demand,available,listed_offering,2.0
2026-08-31,gcp,H100,us-west4,on_demand,available,listed_offering,1.0
2026-08-31,gcp,H200,global,on_demand,available,listed_offering,8.0
2026-08-31,gcp,H200,asia-south1,on_demand,available,listed_offering,1.0
2026-08-31,gcp,H200,asia-south2,on_demand,available,listed_offering,1.0
2026-08-31,gcp,H200,europe-west1,on_demand,available,listed_offering,1.0
2026-08-31,gcp,H200,europe-west4,on_demand,available,listed_offering,1.0
2026-08-31,gcp,H200,us-central1,on_demand,available,listed_offering,1.0
2026-08-31,gcp,H200,us-east4,on_demand,available,listed_offering,1.0
2026-08-31,gcp,H200,us-south1,on_demand,available,listed_offering,1.0
2026-08-31,gcp,H200,us-west1,on_demand,available,listed_offering,1.0
2026-08-31,gcp,RTX6000,global,on_demand,available,listed_offering,39.0
2026-08-31,gcp,RTX6000,asia-east1,on_demand,available,listed_offering,1.0
2026-08-31,gcp,RTX6000,asia-south1,on_demand,available,listed_offering,1.0
2026-08-31,gcp,RTX6000,asia-south2,on_demand,available,listed_offering,2.0
2026-08-31,gcp,RTX6000,asia-southeast1,on_demand,available,listed_offering,2.0
2026-08-31,gcp,RTX6000,asia-southeast2,on_demand,available,listed_offering,2.0
2026-08-31,gcp,RTX6000,europe-north1,on_demand,available,listed_offering,3.0
2026-08-31,gcp,RTX6000,europe-west1,on_demand,available,listed_offering,1.0
2026-08-31,gcp,RTX6000,europe-west10,on_demand,available,listed_offering,1.0
2026-08-31,gcp,RTX6000,europe-west2,on_demand,available,listed_offering,2.0
2026-08-31,gcp,RTX6000,europe-west4,on_demand,available,listed_offering,3.0
2026-08-31,gcp,RTX6000,europe-west8,on_demand,available,listed_offering,2.0
2026-08-31,gcp,RTX6000,me-central2,on_demand,available,listed_offering,1.0
2026-08-31,gcp,RTX6000,us-central1,on_demand,available,listed_offering,3.0
2026-08-31,gcp,RTX6000,us-east1,on_demand,available,listed_offering,2.0
2026-08-31,gcp,RTX6000,us-east4,on_demand,available,listed_offering,2.0
2026-08-31,gcp,RTX6000,us-east5,on_demand,available,listed_offering,3.0
2026-08-31,gcp,RTX6000,us-south1,on_demand,available,listed_offering,2.0
2026-08-31,gcp,RTX6000,us-west1,on_demand,available,listed_offering,3.0
2026-08-31,gcp,RTX6000,us-west3,on_demand,available,listed_offering,1.0
2026-08-31,gcp,RTX6000,us-west4,on_demand,available,listed_offering,2.0
2026-08-31,azure,H100,global,on_demand,available,listed_offering,24.0
2026-08-31,azure,H100,global,spot,available,listed_offering,24.0
2026-08-31,azure,H200,global,on_demand,available,listed_offering,31.0
2026-08-31,azure,H200,global,spot,available,listed_offering,31.0
2026-08-31,azure,GB200,global,on_demand,available,listed_offering,19.0
2026-08-31,azure,GB200,global,spot,available,listed_offering,19.0
2026-08-31,aws,L40S,me-central-1,spot,available,stock_status_label,0.0
2026-08-31,aws,H100,ap-southeast-3,spot,available,stock_status_label,0.0
2026-08-31,aws,H200,ap-southeast-3,spot,available,stock_status_label,0.0
2026-08-31,aws,H200,eu-south-2,spot,available,stock_status_label,1.0
2026-08-31,aws,L40S,eu-south-2,spot,available,stock_status_label,0.0
2026-08-31,aws,H100,us-west-1,spot,available,stock_status_label,0.0
2026-08-31,aws,H200,us-west-1,spot,available,stock_status_label,0.0
2026-08-31,aws,H100,eu-north-1,spot,available,stock_status_label,0.0
2026-08-31,aws,H200,eu-north-1,spot,available,stock_status_label,0.0
2026-08-31,aws,L40S,eu-north-1,spot,available,stock_status_label,3.0
2026-08-31,aws,H100,ca-central-1,spot,available,stock_status_label,0.0
2026-08-31,aws,H100,eu-west-2,spot,available,stock_status_label,1.0
2026-08-31,aws,H100,sa-east-1,spot,available,stock_status_label,0.0
2026-08-31,aws,H100,ap-south-1,spot,available,stock_status_label,0.0
2026-08-31,aws,H200,ap-south-1,spot,available,stock_status_label,0.0
2026-08-31,aws,H200,ap-northeast-2,spot,available,stock_status_label,0.0
2026-08-31,aws,L40S,ap-northeast-2,spot,available,stock_status_label,2.0
2026-08-31,aws,H100,us-east-2,spot,available,stock_status_label,2.0
2026-08-31,aws,H200,us-east-2,spot,available,stock_status_label,1.0
2026-08-31,aws,B200,us-east-2,spot,available,stock_status_label,1.0
2026-08-31,aws,L40S,us-east-2,spot,available,stock_status_label,1.0
2026-08-31,aws,L40S,eu-central-1,spot,limited,stock_status_label,4.0
2026-08-31,aws,H100,ap-southeast-2,spot,available,stock_status_label,0.0
2026-08-31,aws,H100,ap-northeast-1,spot,available,stock_status_label,0.0
2026-08-31,aws,H200,ap-northeast-1,spot,available,stock_status_label,0.0
2026-08-31,aws,L40S,ap-northeast-1,spot,limited,stock_status_label,4.0
2026-08-31,aws,H100,us-west-2,spot,available,stock_status_label,0.0
2026-08-31,aws,H200,us-west-2,spot,available,stock_status_label,0.0
2026-08-31,aws,B200,us-west-2,spot,available,stock_status_label,2.0
2026-08-31,aws,B300,us-west-2,spot,available,stock_status_label,0.0
2026-08-31,aws,L40S,us-west-2,spot,available,stock_status_label,0.0
2026-08-31,aws,H100,us-east-1,spot,available,stock_status_label,0.0
2026-08-31,aws,H200,us-east-1,spot,available,stock_status_label,0.0
2026-08-31,aws,B200,us-east-1,spot,available,stock_status_label,2.0
2026-08-31,aws,L40S,us-east-1,spot,available,stock_status_label,2.0
2026-08-31,aws,L40S,global,spot,available,regions_with_capacity,9.0
2026-08-31,aws,H100,global,spot,available,regions_with_capacity,12.0
2026-08-31,aws,H200,global,spot,available,regions_with_capacity,10.0
2026-08-31,aws,B200,global,spot,available,regions_with_capacity,3.0
2026-08-31,aws,B300,global,spot,available,regions_with_capacity,1.0
2026-08-31,crusoe,B200,global,on_demand,available,listed_offering,3.0
2026-08-31,crusoe,B300,global,on_demand,limited,listed_offering,1.0
2026-08-31,crusoe,GB200,global,on_demand,limited,listed_offering,1.0
2026-08-31,crusoe,H100,global,on_demand,available,listed_offering,3.0
2026-08-31,crusoe,H200,global,on_demand,limited,listed_offering,1.0
2026-08-31,crusoe,L40S,global,on_demand,available,listed_offering,2.0
2026-08-31,runpod,B200,global,on_demand,limited,stock_status_label,0.0
2026-08-31,runpod,B300,global,on_demand,limited,stock_status_label,0.0
2026-08-31,runpod,H100,global,on_demand,limited,stock_status_label,0.0
2026-08-31,runpod,H100,global,on_demand,limited,stock_status_label,0.0
2026-08-31,runpod,H100,global,on_demand,limited,stock_status_label,0.0
2026-08-31,runpod,H200,global,on_demand,limited,stock_status_label,0.0
2026-08-31,runpod,H200,global,on_demand,sold_out,stock_status_label,0.0
2026-08-31,runpod,L40S,global,on_demand,limited,stock_status_label,0.0
2026-08-31,runpod,RTX6000,global,on_demand,sold_out,stock_status_label,0.0
2026-08-31,runpod,RTX6000,global,on_demand,limited,stock_status_label,1.0
2026-08-31,runpod,RTX6000,global,on_demand,sold_out,stock_status_label,0.0
2026-08-31,runpod,H100,AP-IN-1,on_demand,available,stock_status_label,1.0
2026-08-31,runpod,H100,AP-IN-2,on_demand,available,stock_status_label,1.0
2026-08-31,runpod,H200,AP-JP-1,on_demand,available,stock_status_label,1.0
2026-08-31,runpod,H100,AP-JP-1,on_demand,available,stock_status_label,1.0
2026-08-31,runpod,H100,CA-MTL-1,on_demand,available,stock_status_label,1.0
2026-08-31,runpod,RTX6000,CA-MTL-3,on_demand,available,stock_status_label,1.0
2026-08-31,runpod,H200,CA-MTL-3,on_demand,sold_out,stock_status_label,0.0
2026-08-31,runpod,H200,CA-MTL-4,on_demand,sold_out,stock_status_label,0.0
2026-08-31,runpod,RTX6000,EU-CZ-1,on_demand,sold_out,stock_status_label,0.0
2026-08-31,runpod,RTX6000,EU-CZ-1,on_demand,available,stock_status_label,1.0
2026-08-31,runpod,H200,EU-FR-1,on_demand,available,stock_status_label,1.0
2026-08-31,runpod,H100,EU-FR-1,on_demand,sold_out,stock_status_label,0.0
2026-08-31,runpod,B300,EU-NL-1,on_demand,available,stock_status_label,1.0
2026-08-31,runpod,L40S,EU-NL-1,on_demand,available,stock_status_label,1.0
2026-08-31,runpod,H100,EU-NL-1,on_demand,sold_out,stock_status_label,0.0
2026-08-31,runpod,RTX6000,EU-NL-1,on_demand,available,stock_status_label,1.0
2026-08-31,runpod,RTX6000,EU-RO-1,on_demand,available,stock_status_label,1.0
2026-08-31,runpod,B200,EU-RO-1,on_demand,available,stock_status_label,1.0
2026-08-31,runpod,RTX6000,EU-RO-1,on_demand,sold_out,stock_status_label,0.0
2026-08-31,runpod,RTX6000,EUR-IS-1,on_demand,available,stock_status_label,2.0
2026-08-31,runpod,B300,EUR-IS-1,on_demand,available,stock_status_label,2.0
2026-08-31,runpod,RTX6000,EUR-IS-1,on_demand,sold_out,stock_status_label,0.0
2026-08-31,runpod,RTX6000,EUR-IS-2,on_demand,available,stock_status_label,2.0
2026-08-31,runpod,L40S,EUR-IS-2,on_demand,available,stock_status_label,1.0
2026-08-31,runpod,H200,EUR-IS-2,on_demand,sold_out,stock_status_label,0.0
2026-08-31,runpod,H100,EUR-IS-3,on_demand,available,stock_status_label,1.0
2026-08-31,runpod,H200,EUR-IS-4,on_demand,available,stock_status_label,1.0
2026-08-31,runpod,H200,EUR-IS-5,on_demand,available,stock_status_label,1.0
2026-08-31,runpod,H100,EUR-NO-2,on_demand,available,stock_status_label,1.0
2026-08-31,runpod,L40S,OC-AU-1,on_demand,available,stock_status_label,1.0
2026-08-31,runpod,H100,US-CA-2,on_demand,available,stock_status_label,1.0
2026-08-31,runpod,B200,US-CA-2,on_demand,available,stock_status_label,1.0
2026-08-31,runpod,H200,US-CA-2,on_demand,available,stock_status_label,1.0
2026-08-31,runpod,H100,US-CA-2,on_demand,sold_out,stock_status_label,0.0
2026-08-31,runpod,RTX6000,US-CA-2,on_demand,sold_out,stock_status_label,0.0
2026-08-31,runpod,H200,US-CO-1,on_demand,available,stock_status_label,1.0
2026-08-31,runpod,H200,US-GA-2,on_demand,available,stock_status_label,1.0
2026-08-31,runpod,H100,US-GA-2,on_demand,available,stock_status_label,1.0
2026-08-31,runpod,H100,US-GA-2,on_demand,available,stock_status_label,1.0
2026-08-31,runpod,L40S,US-IL-1,on_demand,sold_out,stock_status_label,0.0
2026-08-31,runpod,H100,US-KS-2,on_demand,sold_out,stock_status_label,0.0
2026-08-31,runpod,H100,US-KS-2,on_demand,available,stock_status_label,1.0
2026-08-31,runpod,H100,US-KS-2,on_demand,available,stock_status_label,1.0
2026-08-31,runpod,RTX6000,US-KS-2,on_demand,available,stock_status_label,1.0
2026-08-31,runpod,H200,US-MD-1,on_demand,sold_out,stock_status_label,0.0
2026-08-31,runpod,L40S,US-MO-1,on_demand,available,stock_status_label,1.0
2026-08-31,runpod,H100,US-MO-1,on_demand,available,stock_status_label,1.0
2026-08-31,runpod,RTX6000,US-MO-2,on_demand,available,stock_status_label,1.0
2026-08-31,runpod,H200,US-NC-1,on_demand,available,stock_status_label,1.0
2026-08-31,runpod,RTX6000,US-NC-1,on_demand,available,stock_status_label,1.0
2026-08-31,runpod,L40S,US-NC-1,on_demand,sold_out,stock_status_label,0.0
2026-08-31,runpod,RTX6000,US-NC-2,on_demand,available,stock_status_label,2.0
2026-08-31,runpod,B200,US-NC-2,on_demand,available,stock_status_label,1.0
2026-08-31,runpod,RTX6000,US-NE-1,on_demand,available,stock_status_label,1.0
2026-08-31,runpod,H100,US-NE-1,on_demand,available,stock_status_label,1.0
2026-08-31,runpod,B200,US-NE-1,on_demand,available,stock_status_label,1.0
2026-08-31,runpod,RTX6000,US-PA-1,on_demand,available,stock_status_label,1.0
2026-08-31,runpod,H200,US-PA-1,on_demand,sold_out,stock_status_label,0.0
2026-08-31,runpod,L40S,US-TX-3,on_demand,sold_out,stock_status_label,0.0
2026-08-31,runpod,L40S,US-TX-4,on_demand,available,stock_status_label,2.0
2026-08-31,runpod,B200,US-TX-6,on_demand,sold_out,stock_status_label,0.0
2026-08-31,runpod,B300,US-WA-2,on_demand,available,stock_status_label,1.0
2026-08-31,vast,H100,global,on_demand,available,offer_depth_gpus,37.0
2026-08-31,vast,H200,global,on_demand,available,offer_depth_gpus,97.0
2026-08-31,vast,B200,global,on_demand,available,offer_depth_gpus,70.0
2026-08-31,vast,B300,global,on_demand,available,offer_depth_gpus,20.0
2026-08-31,vast,GB200,global,on_demand,not_offered,offer_depth_gpus,0.0
2026-08-31,vast,L40S,global,on_demand,available,offer_depth_gpus,89.0
2026-08-31,vast,RTX6000,global,on_demand,available,offer_depth_gpus,81.0
2026-08-31,scaleway,B300,fr-par-2,on_demand,sold_out,stock_status_label,0.0
2026-08-31,scaleway,H100,fr-par-2,on_demand,available,stock_status_label,2.0
2026-08-31,scaleway,H100,pl-waw-2,on_demand,limited,stock_status_label,1.0
2026-08-31,scaleway,L40S,fr-par-2,on_demand,sold_out,stock_status_label,0.0
2026-08-31,scaleway,L40S,pl-waw-2,on_demand,sold_out,stock_status_label,0.0
2026-08-31,scaleway,B300,global,on_demand,sold_out,regions_with_capacity,0.0
2026-08-31,scaleway,H100,global,on_demand,available,regions_with_capacity,2.0
2026-08-31,scaleway,L40S,global,on_demand,sold_out,regions_with_capacity,0.0
2026-08-31,voltage_park,H100,global,on_demand,sold_out,stock_level,0.0
2026-08-31,gmi,GB200,global,on_demand,available,stock_status_label,2.0
2026-08-31,gmi,GB300,global,on_demand,limited,stock_status_label,1.0
2026-08-31,gmi,H100,global,on_demand,available,stock_status_label,2.0
2026-08-31,gmi,H200,global,on_demand,available,stock_status_label,2.0
2026-08-31,gmi,B200,global,on_demand,limited,stock_status_label,1.0
2026-08-31,sfcompute,H100,global,reserved_short,available,clearing_price_usd,2.25
2026-08-31,crusoe,L40S,global,on_demand,available,regions_with_capacity,2.0
2026-08-31,hyperstack,H100,global,on_demand,limited,regions_with_capacity,1.0
2026-08-31,hyperstack,RTX6000,global,on_demand,sold_out,regions_with_capacity,0.0
2026-08-31,lambda,B200,global,on_demand,sold_out,regions_with_capacity,0.0
2026-08-31,lambda,H100,global,on_demand,available,regions_with_capacity,4.0
2026-08-31,nebius,H100,global,on_demand,sold_out,regions_with_capacity,0.0
2026-08-31,nebius,H200,global,on_demand,sold_out,regions_with_capacity,0.0
2026-08-31,scaleway,B300,global,on_demand,sold_out,regions_with_capacity,0.0
2026-08-31,scaleway,H100,global,on_demand,available,regions_with_capacity,2.0
2026-08-31,scaleway,L40S,global,on_demand,sold_out,regions_with_capacity,0.0
2026-08-31,verda,B200,global,on_demand,sold_out,regions_with_capacity,0.0
2026-08-31,verda,B300,global,on_demand,sold_out,regions_with_capacity,0.0
2026-08-31,verda,H100,global,on_demand,sold_out,regions_with_capacity,0.0
2026-08-31,verda,H200,global,on_demand,sold_out,regions_with_capacity,0.0
2026-08-31,verda,L40S,global,on_demand,sold_out,regions_with_capacity,0.0
2026-08-31,verda,RTX6000,global,on_demand,sold_out,regions_with_capacity,0.0
2026-08-31,voltage_park,H100,global,on_demand,sold_out,regions_with_capacity,0.0
2026-08-31,nebius,B200,global,on_demand,available,listed_offering,2.0
2026-08-31,nebius,B200,me-west1,on_demand,available,listed_offering,1.0
2026-08-31,nebius,B200,us-central1,on_demand,available,listed_offering,1.0
2026-08-31,nebius,B300,global,on_demand,available,listed_offering,3.0
2026-08-31,nebius,B300,eu-west2,on_demand,available,listed_offering,1.0
2026-08-31,nebius,B300,uk-south1,on_demand,available,listed_offering,1.0
2026-08-31,nebius,B300,us-north1,on_demand,available,listed_offering,1.0
2026-08-31,nebius,H100,global,on_demand,available,listed_offering,1.0
2026-08-31,nebius,H100,eu-north1,on_demand,available,listed_offering,1.0
2026-08-31,nebius,H200,global,on_demand,available,listed_offering,4.0
2026-08-31,nebius,H200,eu-north1,on_demand,available,listed_offering,1.0
2026-08-31,nebius,H200,eu-north2,on_demand,available,listed_offering,1.0
2026-08-31,nebius,H200,eu-west1,on_demand,available,listed_offering,1.0
2026-08-31,nebius,H200,us-central1,on_demand,available,listed_offering,1.0
2026-08-31,nebius,L40S,global,on_demand,available,listed_offering,1.0
2026-08-31,nebius,L40S,eu-north1,on_demand,available,listed_offering,1.0
2026-08-31,nebius,RTX6000,global,on_demand,available,listed_offering,1.0
2026-08-31,nebius,RTX6000,us-central1,on_demand,available,listed_offering,1.0
2026-08-31,hyperstack,B200,CANADA-1,on_demand,limited,stock_level,8.0
2026-08-31,hyperstack,L40S,CANADA-1,on_demand,limited,stock_level,3.0
2026-08-31,hyperstack,H100,CANADA-1,on_demand,limited,stock_level,4.0
2026-08-31,hyperstack,H100,CANADA-1,on_demand,limited,stock_level,8.0
2026-08-31,hyperstack,H200,CANADA-1,on_demand,sold_out,stock_level,0.0
2026-08-31,hyperstack,H100,CANADA-1,on_demand,available,stock_level,50.0
2026-08-31,hyperstack,H100,CANADA-1,on_demand,available,stock_level,100.0
2026-08-31,hyperstack,B300,CANADA-1,on_demand,sold_out,stock_level,0.0
2026-08-31,hyperstack,H100,CANADA-1,on_demand,sold_out,stock_level,0.0
2026-08-31,hyperstack,L40S,CANADA-1,on_demand,limited,stock_level,4.0
2026-08-31,hyperstack,B200,global,on_demand,limited,stock_level,8.0
2026-08-31,hyperstack,L40S,global,on_demand,limited,stock_level,4.0
2026-08-31,hyperstack,H100,global,on_demand,available,stock_level,100.0
2026-08-31,hyperstack,H200,global,on_demand,sold_out,stock_level,0.0
2026-08-31,hyperstack,B300,global,on_demand,sold_out,stock_level,0.0
2026-08-31,together,B200,ca-west-1,on_demand,available,stock_level,5.0
2026-08-31,together,B200,us-east-3,on_demand,available,stock_level,5.0
2026-08-31,together,B200,us-west-3,on_demand,unknown,stock_level,0.0
2026-08-31,together,GB300,us-south-3,on_demand,available,stock_level,5.0
2026-08-31,together,H100,ca-east-1,on_demand,unknown,stock_level,0.0
2026-08-31,together,H100,eu-central-1,on_demand,unknown,stock_level,0.0
2026-08-31,together,H100,eu-north-1,on_demand,unknown,stock_level,0.0
2026-08-31,together,H100,eu-west-1,on_demand,available,stock_level,5.0
2026-08-31,together,H100,us-central-4,on_demand,unknown,stock_level,0.0
2026-08-31,together,H100,us-central-5,on_demand,limited,stock_level,1.0
2026-08-31,together,H100,us-central-6,on_demand,unknown,stock_level,0.0
2026-08-31,together,H100,us-east-1,on_demand,unknown,stock_level,0.0
2026-08-31,together,H100,us-east-4,on_demand,unknown,stock_level,0.0
2026-08-31,together,H200,us-central-8,on_demand,available,stock_level,4.0
2026-08-31,together,B200,global,on_demand,available,regions_with_capacity,2.0
2026-08-31,together,H100,global,on_demand,available,regions_with_capacity,1.0
2026-08-31,together,H200,global,on_demand,available,regions_with_capacity,1.0
2026-08-31,together,GB300,global,on_demand,available,regions_with_capacity,1.0
2026-08-31,verda,RTX6000,FIN-03,on_demand,available,binary,8.0
2026-08-31,verda,RTX6000,global,on_demand,available,regions_with_capacity,1.0
2026-08-31,verda,L40S,global,on_demand,sold_out,binary,0.0
2026-08-31,verda,H100,global,on_demand,sold_out,binary,0.0
2026-08-31,verda,H200,global,on_demand,sold_out,binary,0.0
2026-08-31,verda,GB300,global,on_demand,sold_out,binary,0.0
2026-08-31,verda,B200,global,on_demand,sold_out,binary,0.0
2026-08-31,verda,B300,global,on_demand,sold_out,binary,0.0
2026-08-31,verda,RTX6000,FIN-02,spot,limited,binary,4.0
2026-08-31,verda,RTX6000,FIN-03,spot,available,binary,8.0
2026-08-31,verda,B200,FIN-03,spot,available,binary,8.0
2026-08-31,verda,RTX6000,global,spot,available,regions_with_capacity,2.0
2026-08-31,verda,B200,global,spot,available,regions_with_capacity,1.0
2026-09-01,lambda,B200,global,on_demand,sold_out,regions_with_capacity,0.0
2026-09-01,lambda,H100,global,on_demand,limited,regions_with_capacity,1.0
2026-09-01,lambda,H100,us-west-3,on_demand,available,regions_with_capacity,1.0
2026-09-01,coreweave,GB300,global,on_demand,available,listed_offering,4.0
2026-09-01,coreweave,GB300,CA-EAST-01A,on_demand,available,listed_offering,1.0
2026-09-01,coreweave,GB300,US-CENTRAL-07A,on_demand,available,listed_offering,1.0
2026-09-01,coreweave,GB300,US-CENTRAL-09A,on_demand,available,listed_offering,1.0
2026-09-01,coreweave,GB300,US-WEST-01A,on_demand,available,listed_offering,1.0
2026-09-01,coreweave,GB200,global,on_demand,available,listed_offering,6.0
2026-09-01,coreweave,GB200,CA-EAST-01A,on_demand,available,listed_offering,1.0
2026-09-01,coreweave,GB200,US-EAST-01A,on_demand,available,listed_offering,1.0
2026-09-01,coreweave,GB200,US-EAST-02A,on_demand,available,listed_offering,1.0
2026-09-01,coreweave,GB200,US-EAST-08A,on_demand,available,listed_offering,1.0
2026-09-01,coreweave,GB200,US-EAST-13A,on_demand,available,listed_offering,1.0
2026-09-01,coreweave,GB200,US-WEST-01A,on_demand,available,listed_offering,1.0
2026-09-01,coreweave,B300,global,on_demand,available,listed_offering,4.0
2026-09-01,coreweave,B300,US-CENTRAL-06A,on_demand,available,listed_offering,1.0
2026-09-01,coreweave,B300,US-EAST-13A,on_demand,available,listed_offering,1.0
2026-09-01,coreweave,B300,US-WEST-01A,on_demand,available,listed_offering,1.0
2026-09-01,coreweave,B300,US-WEST-10A,on_demand,available,listed_offering,1.0
2026-09-01,coreweave,B200,global,on_demand,available,listed_offering,5.0
2026-09-01,coreweave,B200,EU-SOUTH-04A,on_demand,available,listed_offering,1.0
2026-09-01,coreweave,B200,US-CENTRAL-07A,on_demand,available,listed_offering,1.0
2026-09-01,coreweave,B200,US-EAST-13A,on_demand,available,listed_offering,1.0
2026-09-01,coreweave,B200,US-EAST-15A,on_demand,available,listed_offering,1.0
2026-09-01,coreweave,B200,US-WEST-09B,on_demand,available,listed_offering,1.0
2026-09-01,coreweave,H200,global,on_demand,available,listed_offering,7.0
2026-09-01,coreweave,H200,EU-SOUTH-03B,on_demand,available,listed_offering,1.0
2026-09-01,coreweave,H200,RNO2A,on_demand,available,listed_offering,1.0
2026-09-01,coreweave,H200,US-EAST-01A,on_demand,available,listed_offering,1.0
2026-09-01,coreweave,H200,US-EAST-02A,on_demand,available,listed_offering,1.0
2026-09-01,coreweave,H200,US-EAST-04A,on_demand,available,listed_offering,1.0
2026-09-01,coreweave,H200,US-EAST-08A,on_demand,available,listed_offering,1.0
2026-09-01,coreweave,H200,US-WEST-04A,on_demand,available,listed_offering,1.0
2026-09-01,coreweave,H100,global,on_demand,available,listed_offering,10.0
2026-09-01,coreweave,H100,RNO2A,on_demand,available,listed_offering,1.0
2026-09-01,coreweave,H100,US-CENTRAL-06A,on_demand,available,listed_offering,1.0
2026-09-01,coreweave,H100,US-EAST-01A,on_demand,available,listed_offering,1.0
2026-09-01,coreweave,H100,US-EAST-02A,on_demand,available,listed_offering,1.0
2026-09-01,coreweave,H100,US-EAST-04A,on_demand,available,listed_offering,1.0
2026-09-01,coreweave,H100,US-EAST-06A,on_demand,available,listed_offering,1.0
2026-09-01,coreweave,H100,US-WEST-01A,on_demand,available,listed_offering,1.0
2026-09-01,coreweave,H100,US-WEST-02B,on_demand,available,listed_offering,1.0
2026-09-01,coreweave,H100,US-WEST-04A,on_demand,available,listed_offering,1.0
2026-09-01,coreweave,H100,US-WEST-09B,on_demand,available,listed_offering,1.0
2026-09-01,coreweave,RTX6000,global,on_demand,available,listed_offering,11.0
2026-09-01,coreweave,RTX6000,EU-SOUTH-04A,on_demand,available,listed_offering,1.0
2026-09-01,coreweave,RTX6000,US-EAST-01A,on_demand,available,listed_offering,1.0
2026-09-01,coreweave,RTX6000,US-EAST-04A,on_demand,available,listed_offering,1.0
2026-09-01,coreweave,RTX6000,US-EAST-06A,on_demand,available,listed_offering,1.0
2026-09-01,coreweave,RTX6000,US-EAST-13A,on_demand,available,listed_offering,1.0
2026-09-01,coreweave,RTX6000,US-EAST-14A,on_demand,available,listed_offering,1.0
2026-09-01,coreweave,RTX6000,US-EAST-15A,on_demand,available,listed_offering,1.0
2026-09-01,coreweave,RTX6000,US-WEST-01A,on_demand,available,listed_offering,1.0
2026-09-01,coreweave,RTX6000,US-WEST-04A,on_demand,available,listed_offering,1.0
2026-09-01,coreweave,RTX6000,US-WEST-09B,on_demand,available,listed_offering,1.0
2026-09-01,coreweave,RTX6000,US-WEST-10A,on_demand,available,listed_offering,1.0
2026-09-01,coreweave,L40S,global,on_demand,limited,listed_offering,1.0
2026-09-01,coreweave,L40S,US-EAST-04A,on_demand,available,listed_offering,1.0
2026-09-01,gcp,B200,global,on_demand,available,listed_offering,11.0
2026-09-01,gcp,B200,asia-northeast1,on_demand,available,listed_offering,1.0
2026-09-01,gcp,B200,asia-southeast1,on_demand,available,listed_offering,1.0
2026-09-01,gcp,B200,europe-north1,on_demand,available,listed_offering,1.0
2026-09-01,gcp,B200,europe-west4,on_demand,available,listed_offering,1.0
2026-09-01,gcp,B200,us-central1,on_demand,available,listed_offering,1.0
2026-09-01,gcp,B200,us-east1,on_demand,available,listed_offering,1.0
2026-09-01,gcp,B200,us-east4,on_demand,available,listed_offering,1.0
2026-09-01,gcp,B200,us-south1,on_demand,available,listed_offering,1.0
2026-09-01,gcp,B200,us-west2,on_demand,available,listed_offering,1.0
2026-09-01,gcp,B200,us-west3,on_demand,available,listed_offering,2.0
2026-09-01,gcp,GB200,global,on_demand,available,listed_offering,5.0
2026-09-01,gcp,GB200,europe-west4,on_demand,available,listed_offering,1.0
2026-09-01,gcp,GB200,us-central1,on_demand,available,listed_offering,2.0
2026-09-01,gcp,GB200,us-east1,on_demand,available,listed_offering,1.0
2026-09-01,gcp,GB200,us-east4,on_demand,available,listed_offering,1.0
2026-09-01,gcp,GB300,global,on_demand,available,listed_offering,5.0
2026-09-01,gcp,GB300,us-central1,on_demand,available,listed_offering,1.0
2026-09-01,gcp,GB300,us-east4,on_demand,available,listed_offering,2.0
2026-09-01,gcp,GB300,us-east5,on_demand,available,listed_offering,2.0
2026-09-01,gcp,H100,global,on_demand,available,listed_offering,23.0
2026-09-01,gcp,H100,asia-east1,on_demand,available,listed_offering,1.0
2026-09-01,gcp,H100,asia-northeast1,on_demand,available,listed_offering,1.0
2026-09-01,gcp,H100,asia-northeast3,on_demand,available,listed_offering,1.0
2026-09-01,gcp,H100,asia-south1,on_demand,available,listed_offering,1.0
2026-09-01,gcp,H100,asia-southeast1,on_demand,available,listed_offering,2.0
2026-09-01,gcp,H100,australia-southeast1,on_demand,available,listed_offering,1.0
2026-09-01,gcp,H100,europe-west1,on_demand,available,listed_offering,2.0
2026-09-01,gcp,H100,europe-west3,on_demand,available,listed_offering,1.0
2026-09-01,gcp,H100,europe-west4,on_demand,available,listed_offering,2.0
2026-09-01,gcp,H100,northamerica-northeast2,on_demand,available,listed_offering,1.0
2026-09-01,gcp,H100,us-central1,on_demand,available,listed_offering,3.0
2026-09-01,gcp,H100,us-east4,on_demand,available,listed_offering,3.0
2026-09-01,gcp,H100,us-east5,on_demand,available,listed_offering,1.0
2026-09-01,gcp,H100,us-west1,on_demand,available,listed_offering,2.0
2026-09-01,gcp,H100,us-west4,on_demand,available,listed_offering,1.0
2026-09-01,gcp,H200,global,on_demand,available,listed_offering,8.0
2026-09-01,gcp,H200,asia-south1,on_demand,available,listed_offering,1.0
2026-09-01,gcp,H200,asia-south2,on_demand,available,listed_offering,1.0
2026-09-01,gcp,H200,europe-west1,on_demand,available,listed_offering,1.0
2026-09-01,gcp,H200,europe-west4,on_demand,available,listed_offering,1.0
2026-09-01,gcp,H200,us-central1,on_demand,available,listed_offering,1.0
2026-09-01,gcp,H200,us-east4,on_demand,available,listed_offering,1.0
2026-09-01,gcp,H200,us-south1,on_demand,available,listed_offering,1.0
2026-09-01,gcp,H200,us-west1,on_demand,available,listed_offering,1.0
2026-09-01,gcp,RTX6000,global,on_demand,available,listed_offering,39.0
2026-09-01,gcp,RTX6000,asia-east1,on_demand,available,listed_offering,1.0
2026-09-01,gcp,RTX6000,asia-south1,on_demand,available,listed_offering,1.0
2026-09-01,gcp,RTX6000,asia-south2,on_demand,available,listed_offering,2.0
2026-09-01,gcp,RTX6000,asia-southeast1,on_demand,available,listed_offering,2.0
2026-09-01,gcp,RTX6000,asia-southeast2,on_demand,available,listed_offering,2.0
2026-09-01,gcp,RTX6000,europe-north1,on_demand,available,listed_offering,3.0
2026-09-01,gcp,RTX6000,europe-west1,on_demand,available,listed_offering,1.0
2026-09-01,gcp,RTX6000,europe-west10,on_demand,available,listed_offering,1.0
2026-09-01,gcp,RTX6000,europe-west2,on_demand,available,listed_offering,2.0
2026-09-01,gcp,RTX6000,europe-west4,on_demand,available,listed_offering,3.0
2026-09-01,gcp,RTX6000,europe-west8,on_demand,available,listed_offering,2.0
2026-09-01,gcp,RTX6000,me-central2,on_demand,available,listed_offering,1.0
2026-09-01,gcp,RTX6000,us-central1,on_demand,available,listed_offering,3.0
2026-09-01,gcp,RTX6000,us-east1,on_demand,available,listed_offering,2.0
2026-09-01,gcp,RTX6000,us-east4,on_demand,available,listed_offering,2.0
2026-09-01,gcp,RTX6000,us-east5,on_demand,available,listed_offering,3.0
2026-09-01,gcp,RTX6000,us-south1,on_demand,available,listed_offering,2.0
2026-09-01,gcp,RTX6000,us-west1,on_demand,available,listed_offering,3.0
2026-09-01,gcp,RTX6000,us-west3,on_demand,available,listed_offering,1.0
2026-09-01,gcp,RTX6000,us-west4,on_demand,available,listed_offering,2.0
2026-09-01,azure,H100,global,on_demand,available,listed_offering,24.0
2026-09-01,azure,H100,global,spot,available,listed_offering,24.0
2026-09-01,azure,H200,global,on_demand,available,listed_offering,31.0
2026-09-01,azure,H200,global,spot,available,listed_offering,31.0
2026-09-01,azure,GB200,global,on_demand,available,listed_offering,19.0
2026-09-01,azure,GB200,global,spot,available,listed_offering,19.0
2026-09-01,aws,L40S,me-central-1,spot,available,stock_status_label,0.0
2026-09-01,aws,H100,ap-southeast-3,spot,available,stock_status_label,0.0
2026-09-01,aws,H200,ap-southeast-3,spot,available,stock_status_label,0.0
2026-09-01,aws,H200,eu-south-2,spot,available,stock_status_label,1.0
2026-09-01,aws,L40S,eu-south-2,spot,available,stock_status_label,0.0
2026-09-01,aws,H100,us-west-1,spot,available,stock_status_label,0.0
2026-09-01,aws,H200,us-west-1,spot,available,stock_status_label,0.0
2026-09-01,aws,H100,eu-north-1,spot,available,stock_status_label,0.0
2026-09-01,aws,H200,eu-north-1,spot,available,stock_status_label,0.0
2026-09-01,aws,L40S,eu-north-1,spot,available,stock_status_label,3.0
2026-09-01,aws,H100,ca-central-1,spot,available,stock_status_label,0.0
2026-09-01,aws,H100,eu-west-2,spot,available,stock_status_label,1.0
2026-09-01,aws,H100,sa-east-1,spot,available,stock_status_label,0.0
2026-09-01,aws,H100,ap-south-1,spot,available,stock_status_label,0.0
2026-09-01,aws,H200,ap-south-1,spot,available,stock_status_label,0.0
2026-09-01,aws,H200,ap-northeast-2,spot,available,stock_status_label,0.0
2026-09-01,aws,L40S,ap-northeast-2,spot,available,stock_status_label,2.0
2026-09-01,aws,H100,us-east-2,spot,available,stock_status_label,2.0
2026-09-01,aws,H200,us-east-2,spot,available,stock_status_label,1.0
2026-09-01,aws,B200,us-east-2,spot,available,stock_status_label,1.0
2026-09-01,aws,L40S,us-east-2,spot,available,stock_status_label,1.0
2026-09-01,aws,L40S,eu-central-1,spot,limited,stock_status_label,4.0
2026-09-01,aws,H100,ap-southeast-2,spot,available,stock_status_label,0.0
2026-09-01,aws,H100,ap-northeast-1,spot,available,stock_status_label,0.0
2026-09-01,aws,H200,ap-northeast-1,spot,available,stock_status_label,0.0
2026-09-01,aws,L40S,ap-northeast-1,spot,limited,stock_status_label,4.0
2026-09-01,aws,H100,us-west-2,spot,available,stock_status_label,0.0
2026-09-01,aws,H200,us-west-2,spot,available,stock_status_label,0.0
2026-09-01,aws,B200,us-west-2,spot,available,stock_status_label,2.0
2026-09-01,aws,B300,us-west-2,spot,available,stock_status_label,0.0
2026-09-01,aws,L40S,us-west-2,spot,available,stock_status_label,0.0
2026-09-01,aws,H100,us-east-1,spot,available,stock_status_label,0.0
2026-09-01,aws,H200,us-east-1,spot,available,stock_status_label,0.0
2026-09-01,aws,B200,us-east-1,spot,available,stock_status_label,2.0
2026-09-01,aws,L40S,us-east-1,spot,available,stock_status_label,2.0
2026-09-01,aws,L40S,global,spot,available,regions_with_capacity,9.0
2026-09-01,aws,B200,global,spot,available,regions_with_capacity,3.0
2026-09-01,aws,H200,global,spot,available,regions_with_capacity,10.0
2026-09-01,aws,B300,global,spot,available,regions_with_capacity,1.0
2026-09-01,aws,H100,global,spot,available,regions_with_capacity,12.0
2026-09-01,crusoe,B200,global,on_demand,available,listed_offering,3.0
2026-09-01,crusoe,B300,global,on_demand,limited,listed_offering,1.0
2026-09-01,crusoe,GB200,global,on_demand,limited,listed_offering,1.0
2026-09-01,crusoe,H100,global,on_demand,available,listed_offering,3.0
2026-09-01,crusoe,H200,global,on_demand,limited,listed_offering,1.0
2026-09-01,crusoe,L40S,global,on_demand,available,listed_offering,2.0
2026-09-01,runpod,B200,global,on_demand,limited,stock_status_label,0.0
2026-09-01,runpod,B300,global,on_demand,limited,stock_status_label,0.0
2026-09-01,runpod,H100,global,on_demand,limited,stock_status_label,0.0
2026-09-01,runpod,H100,global,on_demand,limited,stock_status_label,0.0
2026-09-01,runpod,H100,global,on_demand,limited,stock_status_label,0.0
2026-09-01,runpod,H200,global,on_demand,limited,stock_status_label,1.0
2026-09-01,runpod,H200,global,on_demand,sold_out,stock_status_label,0.0
2026-09-01,runpod,L40S,global,on_demand,limited,stock_status_label,0.0
2026-09-01,runpod,RTX6000,global,on_demand,sold_out,stock_status_label,0.0
2026-09-01,runpod,RTX6000,global,on_demand,limited,stock_status_label,0.0
2026-09-01,runpod,RTX6000,global,on_demand,sold_out,stock_status_label,0.0
2026-09-01,runpod,H100,AP-IN-1,on_demand,available,stock_status_label,1.0
2026-09-01,runpod,H100,AP-IN-2,on_demand,available,stock_status_label,1.0
2026-09-01,runpod,H200,AP-JP-1,on_demand,available,stock_status_label,1.0
2026-09-01,runpod,H100,AP-JP-1,on_demand,available,stock_status_label,1.0
2026-09-01,runpod,H100,CA-MTL-1,on_demand,available,stock_status_label,1.0
2026-09-01,runpod,RTX6000,CA-MTL-3,on_demand,sold_out,stock_status_label,0.0
2026-09-01,runpod,H200,CA-MTL-3,on_demand,available,stock_status_label,1.0
2026-09-01,runpod,H200,CA-MTL-4,on_demand,sold_out,stock_status_label,0.0
2026-09-01,runpod,RTX6000,EU-CZ-1,on_demand,sold_out,stock_status_label,0.0
2026-09-01,runpod,RTX6000,EU-CZ-1,on_demand,sold_out,stock_status_label,0.0
2026-09-01,runpod,H200,EU-FR-1,on_demand,available,stock_status_label,1.0
2026-09-01,runpod,H100,EU-FR-1,on_demand,sold_out,stock_status_label,0.0
2026-09-01,runpod,B300,EU-NL-1,on_demand,available,stock_status_label,1.0
2026-09-01,runpod,L40S,EU-NL-1,on_demand,sold_out,stock_status_label,0.0
2026-09-01,runpod,H100,EU-NL-1,on_demand,available,stock_status_label,1.0
2026-09-01,runpod,RTX6000,EU-NL-1,on_demand,sold_out,stock_status_label,0.0
2026-09-01,runpod,RTX6000,EU-RO-1,on_demand,available,stock_status_label,1.0
2026-09-01,runpod,RTX6000,EU-RO-1,on_demand,sold_out,stock_status_label,0.0
2026-09-01,runpod,B200,EU-RO-1,on_demand,sold_out,stock_status_label,0.0
2026-09-01,runpod,RTX6000,EUR-IS-1,on_demand,available,stock_status_label,1.0
2026-09-01,runpod,B300,EUR-IS-1,on_demand,available,stock_status_label,1.0
2026-09-01,runpod,RTX6000,EUR-IS-1,on_demand,sold_out,stock_status_label,0.0
2026-09-01,runpod,RTX6000,EUR-IS-2,on_demand,sold_out,stock_status_label,0.0
2026-09-01,runpod,L40S,EUR-IS-2,on_demand,sold_out,stock_status_label,0.0
2026-09-01,runpod,H200,EUR-IS-2,on_demand,sold_out,stock_status_label,0.0
2026-09-01,runpod,H100,EUR-IS-3,on_demand,sold_out,stock_status_label,0.0
2026-09-01,runpod,H200,EUR-IS-4,on_demand,available,stock_status_label,1.0
2026-09-01,runpod,H200,EUR-IS-5,on_demand,sold_out,stock_status_label,0.0
2026-09-01,runpod,H100,EUR-NO-2,on_demand,sold_out,stock_status_label,0.0
2026-09-01,runpod,L40S,OC-AU-1,on_demand,available,stock_status_label,1.0
2026-09-01,runpod,H100,US-CA-2,on_demand,available,stock_status_label,1.0
2026-09-01,runpod,B200,US-CA-2,on_demand,available,stock_status_label,1.0
2026-09-01,runpod,H200,US-CA-2,on_demand,available,stock_status_label,1.0
2026-09-01,runpod,H100,US-CA-2,on_demand,available,stock_status_label,1.0
2026-09-01,runpod,RTX6000,US-CA-2,on_demand,sold_out,stock_status_label,0.0
2026-09-01,runpod,H200,US-CO-1,on_demand,sold_out,stock_status_label,0.0
2026-09-01,runpod,H200,US-GA-2,on_demand,available,stock_status_label,1.0
2026-09-01,runpod,H100,US-GA-2,on_demand,available,stock_status_label,1.0
2026-09-01,runpod,H100,US-GA-2,on_demand,sold_out,stock_status_label,0.0
2026-09-01,runpod,L40S,US-IL-1,on_demand,sold_out,stock_status_label,0.0
2026-09-01,runpod,H100,US-KS-2,on_demand,sold_out,stock_status_label,0.0
2026-09-01,runpod,H100,US-KS-2,on_demand,sold_out,stock_status_label,0.0
2026-09-01,runpod,H100,US-KS-2,on_demand,available,stock_status_label,1.0
2026-09-01,runpod,RTX6000,US-KS-2,on_demand,sold_out,stock_status_label,0.0
2026-09-01,runpod,H200,US-MD-1,on_demand,sold_out,stock_status_label,0.0
2026-09-01,runpod,L40S,US-MO-1,on_demand,sold_out,stock_status_label,0.0
2026-09-01,runpod,H100,US-MO-1,on_demand,available,stock_status_label,1.0
2026-09-01,runpod,RTX6000,US-MO-2,on_demand,sold_out,stock_status_label,0.0
2026-09-01,runpod,H200,US-NC-1,on_demand,available,stock_status_label,1.0
2026-09-01,runpod,RTX6000,US-NC-1,on_demand,available,stock_status_label,1.0
2026-09-01,runpod,L40S,US-NC-1,on_demand,sold_out,stock_status_label,0.0
2026-09-01,runpod,RTX6000,US-NC-2,on_demand,available,stock_status_label,1.0
2026-09-01,runpod,B200,US-NC-2,on_demand,available,stock_status_label,1.0
2026-09-01,runpod,RTX6000,US-NE-1,on_demand,available,stock_status_label,1.0
2026-09-01,runpod,H100,US-NE-1,on_demand,available,stock_status_label,1.0
2026-09-01,runpod,B200,US-NE-1,on_demand,sold_out,stock_status_label,0.0
2026-09-01,runpod,RTX6000,US-PA-1,on_demand,sold_out,stock_status_label,0.0
2026-09-01,runpod,H200,US-PA-1,on_demand,sold_out,stock_status_label,0.0
2026-09-01,runpod,L40S,US-TX-3,on_demand,sold_out,stock_status_label,0.0
2026-09-01,runpod,L40S,US-TX-4,on_demand,available,stock_status_label,1.0
2026-09-01,runpod,B200,US-TX-6,on_demand,available,stock_status_label,1.0
2026-09-01,runpod,B300,US-WA-2,on_demand,available,stock_status_label,1.0
2026-09-01,vast,H100,global,on_demand,available,offer_depth_gpus,72.0
2026-09-01,vast,H200,global,on_demand,available,offer_depth_gpus,66.0
2026-09-01,vast,B200,global,on_demand,available,offer_depth_gpus,80.0
2026-09-01,vast,B300,global,on_demand,available,offer_depth_gpus,39.0
2026-09-01,vast,GB200,global,on_demand,not_offered,offer_depth_gpus,0.0
2026-09-01,vast,L40S,global,on_demand,available,offer_depth_gpus,71.0
2026-09-01,vast,RTX6000,global,on_demand,available,offer_depth_gpus,56.0
2026-09-01,scaleway,B300,fr-par-2,on_demand,sold_out,stock_status_label,0.0
2026-09-01,scaleway,H100,fr-par-2,on_demand,available,stock_status_label,2.0
2026-09-01,scaleway,H100,pl-waw-2,on_demand,limited,stock_status_label,1.0
2026-09-01,scaleway,L40S,fr-par-2,on_demand,sold_out,stock_status_label,0.0
2026-09-01,scaleway,L40S,pl-waw-2,on_demand,limited,stock_status_label,1.0
2026-09-01,scaleway,B300,global,on_demand,sold_out,regions_with_capacity,0.0
2026-09-01,scaleway,H100,global,on_demand,available,regions_with_capacity,2.0
2026-09-01,scaleway,L40S,global,on_demand,limited,regions_with_capacity,1.0
2026-09-01,voltage_park,H100,global,on_demand,sold_out,stock_level,0.0
2026-09-01,gmi,GB200,global,on_demand,available,stock_status_label,2.0
2026-09-01,gmi,GB300,global,on_demand,limited,stock_status_label,1.0
2026-09-01,gmi,H100,global,on_demand,available,stock_status_label,2.0
2026-09-01,gmi,H200,global,on_demand,available,stock_status_label,2.0
2026-09-01,gmi,B200,global,on_demand,limited,stock_status_label,1.0
2026-09-01,sfcompute,H100,global,reserved_short,available,clearing_price_usd,2.25
2026-09-01,crusoe,L40S,global,on_demand,available,regions_with_capacity,2.0
2026-09-01,hyperstack,H100,global,on_demand,limited,regions_with_capacity,1.0
2026-09-01,hyperstack,RTX6000,global,on_demand,sold_out,regions_with_capacity,0.0
2026-09-01,lambda,B200,global,on_demand,sold_out,regions_with_capacity,0.0
2026-09-01,lambda,H100,global,on_demand,limited,regions_with_capacity,1.0
2026-09-01,nebius,H100,global,on_demand,sold_out,regions_with_capacity,0.0
2026-09-01,nebius,H200,global,on_demand,sold_out,regions_with_capacity,0.0
2026-09-01,scaleway,B300,global,on_demand,sold_out,regions_with_capacity,0.0
2026-09-01,scaleway,H100,global,on_demand,available,regions_with_capacity,1.0
2026-09-01,scaleway,L40S,global,on_demand,available,regions_with_capacity,1.0
2026-09-01,verda,B200,global,on_demand,sold_out,regions_with_capacity,0.0
2026-09-01,verda,B300,global,on_demand,sold_out,regions_with_capacity,0.0
2026-09-01,verda,H100,global,on_demand,sold_out,regions_with_capacity,0.0
2026-09-01,verda,H200,global,on_demand,sold_out,regions_with_capacity,0.0
2026-09-01,verda,L40S,global,on_demand,sold_out,regions_with_capacity,0.0
2026-09-01,verda,RTX6000,global,on_demand,sold_out,regions_with_capacity,0.0
2026-09-01,voltage_park,H100,global,on_demand,sold_out,regions_with_capacity,0.0
2026-09-01,nebius,B200,global,on_demand,available,listed_offering,2.0
2026-09-01,nebius,B200,me-west1,on_demand,available,listed_offering,1.0
2026-09-01,nebius,B200,us-central1,on_demand,available,listed_offering,1.0
2026-09-01,nebius,B300,global,on_demand,available,listed_offering,3.0
2026-09-01,nebius,B300,eu-west2,on_demand,available,listed_offering,1.0
2026-09-01,nebius,B300,uk-south1,on_demand,available,listed_offering,1.0
2026-09-01,nebius,B300,us-north1,on_demand,available,listed_offering,1.0
2026-09-01,nebius,H100,global,on_demand,available,listed_offering,1.0
2026-09-01,nebius,H100,eu-north1,on_demand,available,listed_offering,1.0
2026-09-01,nebius,H200,global,on_demand,available,listed_offering,4.0
2026-09-01,nebius,H200,eu-north1,on_demand,available,listed_offering,1.0
2026-09-01,nebius,H200,eu-north2,on_demand,available,listed_offering,1.0
2026-09-01,nebius,H200,eu-west1,on_demand,available,listed_offering,1.0
2026-09-01,nebius,H200,us-central1,on_demand,available,listed_offering,1.0
2026-09-01,nebius,L40S,global,on_demand,available,listed_offering,1.0
2026-09-01,nebius,L40S,eu-north1,on_demand,available,listed_offering,1.0
2026-09-01,nebius,RTX6000,global,on_demand,available,listed_offering,1.0
2026-09-01,nebius,RTX6000,us-central1,on_demand,available,listed_offering,1.0
2026-09-01,hyperstack,B200,CANADA-1,on_demand,sold_out,stock_level,0.0
2026-09-01,hyperstack,L40S,CANADA-1,on_demand,limited,stock_level,4.0
2026-09-01,hyperstack,H100,CANADA-1,on_demand,limited,stock_level,2.0
2026-09-01,hyperstack,H100,CANADA-1,on_demand,sold_out,stock_level,0.0
2026-09-01,hyperstack,H200,CANADA-1,on_demand,sold_out,stock_level,0.0
2026-09-01,hyperstack,H100,CANADA-1,on_demand,available,stock_level,50.0
2026-09-01,hyperstack,H100,CANADA-1,on_demand,available,stock_level,100.0
2026-09-01,hyperstack,B300,CANADA-1,on_demand,sold_out,stock_level,0.0
2026-09-01,hyperstack,H100,CANADA-1,on_demand,sold_out,stock_level,0.0
2026-09-01,hyperstack,L40S,CANADA-1,on_demand,limited,stock_level,4.0
2026-09-01,hyperstack,B200,global,on_demand,sold_out,stock_level,0.0
2026-09-01,hyperstack,L40S,global,on_demand,limited,stock_level,4.0
2026-09-01,hyperstack,H100,global,on_demand,available,stock_level,100.0
2026-09-01,hyperstack,H200,global,on_demand,sold_out,stock_level,0.0
2026-09-01,hyperstack,B300,global,on_demand,sold_out,stock_level,0.0
2026-09-01,together,B200,ca-west-1,on_demand,available,stock_level,5.0
2026-09-01,together,B200,us-east-3,on_demand,available,stock_level,5.0
2026-09-01,together,B200,us-west-3,on_demand,unknown,stock_level,0.0
2026-09-01,together,GB300,us-south-3,on_demand,available,stock_level,5.0
2026-09-01,together,H100,ca-east-1,on_demand,unknown,stock_level,0.0
2026-09-01,together,H100,eu-central-1,on_demand,unknown,stock_level,0.0
2026-09-01,together,H100,eu-north-1,on_demand,unknown,stock_level,0.0
2026-09-01,together,H100,eu-west-1,on_demand,available,stock_level,5.0
2026-09-01,together,H100,us-central-4,on_demand,unknown,stock_level,0.0
2026-09-01,together,H100,us-central-5,on_demand,unknown,stock_level,0.0
2026-09-01,together,H100,us-central-6,on_demand,unknown,stock_level,0.0
2026-09-01,together,H100,us-east-1,on_demand,unknown,stock_level,0.0
2026-09-01,together,H100,us-east-4,on_demand,unknown,stock_level,0.0
2026-09-01,together,H200,ca-west-1,on_demand,available,stock_level,5.0
2026-09-01,together,H200,us-central-8,on_demand,available,stock_level,4.0
2026-09-01,together,H200,global,on_demand,available,regions_with_capacity,2.0
2026-09-01,together,H100,global,on_demand,available,regions_with_capacity,1.0
2026-09-01,together,B200,global,on_demand,available,regions_with_capacity,2.0
2026-09-01,together,GB300,global,on_demand,available,regions_with_capacity,1.0
2026-09-01,verda,RTX6000,FIN-01,on_demand,limited,binary,4.0
2026-09-01,verda,H200,FIN-02,on_demand,limited,binary,1.0
2026-09-01,verda,H100,FIN-02,on_demand,limited,binary,2.0
2026-09-01,verda,H200,FIN-03,on_demand,limited,binary,1.0
2026-09-01,verda,RTX6000,global,on_demand,limited,regions_with_capacity,1.0
2026-09-01,verda,H200,global,on_demand,limited,regions_with_capacity,2.0
2026-09-01,verda,H100,global,on_demand,limited,regions_with_capacity,1.0
2026-09-01,verda,B200,global,on_demand,sold_out,binary,0.0
2026-09-01,verda,GB300,global,on_demand,sold_out,binary,0.0
2026-09-01,verda,L40S,global,on_demand,sold_out,binary,0.0
2026-09-01,verda,B300,global,on_demand,sold_out,binary,0.0
2026-09-01,verda,RTX6000,FIN-01,spot,limited,binary,4.0
2026-09-01,verda,H200,FIN-02,spot,limited,binary,1.0
2026-09-01,verda,H100,FIN-02,spot,limited,binary,2.0
2026-09-01,verda,RTX6000,FIN-02,spot,limited,binary,1.0
2026-09-01,verda,H200,FIN-03,spot,limited,binary,1.0
2026-09-01,verda,RTX6000,FIN-03,spot,limited,binary,1.0
2026-09-01,verda,RTX6000,global,spot,limited,regions_with_capacity,3.0
2026-09-01,verda,H200,global,spot,limited,regions_with_capacity,2.0
2026-09-01,verda,H100,global,spot,limited,regions_with_capacity,1.0
2026-09-02,lambda,B200,global,on_demand,sold_out,regions_with_capacity,0.0
2026-09-02,lambda,H100,global,on_demand,limited,regions_with_capacity,1.0
2026-09-02,lambda,H100,us-southeast-1,on_demand,available,regions_with_capacity,1.0
2026-09-02,coreweave,GB300,global,on_demand,available,listed_offering,4.0
2026-09-02,coreweave,GB300,CA-EAST-01A,on_demand,available,listed_offering,1.0
2026-09-02,coreweave,GB300,US-CENTRAL-07A,on_demand,available,listed_offering,1.0
2026-09-02,coreweave,GB300,US-CENTRAL-09A,on_demand,available,listed_offering,1.0
2026-09-02,coreweave,GB300,US-WEST-01A,on_demand,available,listed_offering,1.0
2026-09-02,coreweave,GB200,global,on_demand,available,listed_offering,6.0
2026-09-02,coreweave,GB200,CA-EAST-01A,on_demand,available,listed_offering,1.0
2026-09-02,coreweave,GB200,US-EAST-01A,on_demand,available,listed_offering,1.0
2026-09-02,coreweave,GB200,US-EAST-02A,on_demand,available,listed_offering,1.0
2026-09-02,coreweave,GB200,US-EAST-08A,on_demand,available,listed_offering,1.0
2026-09-02,coreweave,GB200,US-EAST-13A,on_demand,available,listed_offering,1.0
2026-09-02,coreweave,GB200,US-WEST-01A,on_demand,available,listed_offering,1.0
2026-09-02,coreweave,B300,global,on_demand,available,listed_offering,4.0
2026-09-02,coreweave,B300,US-CENTRAL-06A,on_demand,available,listed_offering,1.0
2026-09-02,coreweave,B300,US-EAST-13A,on_demand,available,listed_offering,1.0
2026-09-02,coreweave,B300,US-WEST-01A,on_demand,available,listed_offering,1.0
2026-09-02,coreweave,B300,US-WEST-10A,on_demand,available,listed_offering,1.0
2026-09-02,coreweave,B200,global,on_demand,available,listed_offering,5.0
2026-09-02,coreweave,B200,EU-SOUTH-04A,on_demand,available,listed_offering,1.0
2026-09-02,coreweave,B200,US-CENTRAL-07A,on_demand,available,listed_offering,1.0
2026-09-02,coreweave,B200,US-EAST-13A,on_demand,available,listed_offering,1.0
2026-09-02,coreweave,B200,US-EAST-15A,on_demand,available,listed_offering,1.0
2026-09-02,coreweave,B200,US-WEST-09B,on_demand,available,listed_offering,1.0
2026-09-02,coreweave,H200,global,on_demand,available,listed_offering,7.0
2026-09-02,coreweave,H200,EU-SOUTH-03B,on_demand,available,listed_offering,1.0
2026-09-02,coreweave,H200,RNO2A,on_demand,available,listed_offering,1.0
2026-09-02,coreweave,H200,US-EAST-01A,on_demand,available,listed_offering,1.0
2026-09-02,coreweave,H200,US-EAST-02A,on_demand,available,listed_offering,1.0
2026-09-02,coreweave,H200,US-EAST-04A,on_demand,available,listed_offering,1.0
2026-09-02,coreweave,H200,US-EAST-08A,on_demand,available,listed_offering,1.0
2026-09-02,coreweave,H200,US-WEST-04A,on_demand,available,listed_offering,1.0
2026-09-02,coreweave,H100,global,on_demand,available,listed_offering,10.0
2026-09-02,coreweave,H100,RNO2A,on_demand,available,listed_offering,1.0
2026-09-02,coreweave,H100,US-CENTRAL-06A,on_demand,available,listed_offering,1.0
2026-09-02,coreweave,H100,US-EAST-01A,on_demand,available,listed_offering,1.0
2026-09-02,coreweave,H100,US-EAST-02A,on_demand,available,listed_offering,1.0
2026-09-02,coreweave,H100,US-EAST-04A,on_demand,available,listed_offering,1.0
2026-09-02,coreweave,H100,US-EAST-06A,on_demand,available,listed_offering,1.0
2026-09-02,coreweave,H100,US-WEST-01A,on_demand,available,listed_offering,1.0
2026-09-02,coreweave,H100,US-WEST-02B,on_demand,available,listed_offering,1.0
2026-09-02,coreweave,H100,US-WEST-04A,on_demand,available,listed_offering,1.0
2026-09-02,coreweave,H100,US-WEST-09B,on_demand,available,listed_offering,1.0
2026-09-02,coreweave,RTX6000,global,on_demand,available,listed_offering,11.0
2026-09-02,coreweave,RTX6000,EU-SOUTH-04A,on_demand,available,listed_offering,1.0
2026-09-02,coreweave,RTX6000,US-EAST-01A,on_demand,available,listed_offering,1.0
2026-09-02,coreweave,RTX6000,US-EAST-04A,on_demand,available,listed_offering,1.0
2026-09-02,coreweave,RTX6000,US-EAST-06A,on_demand,available,listed_offering,1.0
2026-09-02,coreweave,RTX6000,US-EAST-13A,on_demand,available,listed_offering,1.0
2026-09-02,coreweave,RTX6000,US-EAST-14A,on_demand,available,listed_offering,1.0
2026-09-02,coreweave,RTX6000,US-EAST-15A,on_demand,available,listed_offering,1.0
2026-09-02,coreweave,RTX6000,US-WEST-01A,on_demand,available,listed_offering,1.0
2026-09-02,coreweave,RTX6000,US-WEST-04A,on_demand,available,listed_offering,1.0
2026-09-02,coreweave,RTX6000,US-WEST-09B,on_demand,available,listed_offering,1.0
2026-09-02,coreweave,RTX6000,US-WEST-10A,on_demand,available,listed_offering,1.0
2026-09-02,coreweave,L40S,global,on_demand,limited,listed_offering,1.0
2026-09-02,coreweave,L40S,US-EAST-04A,on_demand,available,listed_offering,1.0
2026-09-02,gcp,B200,global,on_demand,available,listed_offering,11.0
2026-09-02,gcp,B200,asia-northeast1,on_demand,available,listed_offering,1.0
2026-09-02,gcp,B200,asia-southeast1,on_demand,available,listed_offering,1.0
2026-09-02,gcp,B200,europe-north1,on_demand,available,listed_offering,1.0
2026-09-02,gcp,B200,europe-west4,on_demand,available,listed_offering,1.0
2026-09-02,gcp,B200,us-central1,on_demand,available,listed_offering,1.0
2026-09-02,gcp,B200,us-east1,on_demand,available,listed_offering,1.0
2026-09-02,gcp,B200,us-east4,on_demand,available,listed_offering,1.0
2026-09-02,gcp,B200,us-south1,on_demand,available,listed_offering,1.0
2026-09-02,gcp,B200,us-west2,on_demand,available,listed_offering,1.0
2026-09-02,gcp,B200,us-west3,on_demand,available,listed_offering,2.0
2026-09-02,gcp,GB200,global,on_demand,available,listed_offering,5.0
2026-09-02,gcp,GB200,europe-west4,on_demand,available,listed_offering,1.0
2026-09-02,gcp,GB200,us-central1,on_demand,available,listed_offering,2.0
2026-09-02,gcp,GB200,us-east1,on_demand,available,listed_offering,1.0
2026-09-02,gcp,GB200,us-east4,on_demand,available,listed_offering,1.0
2026-09-02,gcp,GB300,global,on_demand,available,listed_offering,5.0
2026-09-02,gcp,GB300,us-central1,on_demand,available,listed_offering,1.0
2026-09-02,gcp,GB300,us-east4,on_demand,available,listed_offering,2.0
2026-09-02,gcp,GB300,us-east5,on_demand,available,listed_offering,2.0
2026-09-02,gcp,H100,global,on_demand,available,listed_offering,23.0
2026-09-02,gcp,H100,asia-east1,on_demand,available,listed_offering,1.0
2026-09-02,gcp,H100,asia-northeast1,on_demand,available,listed_offering,1.0
2026-09-02,gcp,H100,asia-northeast3,on_demand,available,listed_offering,1.0
2026-09-02,gcp,H100,asia-south1,on_demand,available,listed_offering,1.0
2026-09-02,gcp,H100,asia-southeast1,on_demand,available,listed_offering,2.0
2026-09-02,gcp,H100,australia-southeast1,on_demand,available,listed_offering,1.0
2026-09-02,gcp,H100,europe-west1,on_demand,available,listed_offering,2.0
2026-09-02,gcp,H100,europe-west3,on_demand,available,listed_offering,1.0
2026-09-02,gcp,H100,europe-west4,on_demand,available,listed_offering,2.0
2026-09-02,gcp,H100,northamerica-northeast2,on_demand,available,listed_offering,1.0
2026-09-02,gcp,H100,us-central1,on_demand,available,listed_offering,3.0
2026-09-02,gcp,H100,us-east4,on_demand,available,listed_offering,3.0
2026-09-02,gcp,H100,us-east5,on_demand,available,listed_offering,1.0
2026-09-02,gcp,H100,us-west1,on_demand,available,listed_offering,2.0
2026-09-02,gcp,H100,us-west4,on_demand,available,listed_offering,1.0
2026-09-02,gcp,H200,global,on_demand,available,listed_offering,8.0
2026-09-02,gcp,H200,asia-south1,on_demand,available,listed_offering,1.0
2026-09-02,gcp,H200,asia-south2,on_demand,available,listed_offering,1.0
2026-09-02,gcp,H200,europe-west1,on_demand,available,listed_offering,1.0
2026-09-02,gcp,H200,europe-west4,on_demand,available,listed_offering,1.0
2026-09-02,gcp,H200,us-central1,on_demand,available,listed_offering,1.0
2026-09-02,gcp,H200,us-east4,on_demand,available,listed_offering,1.0
2026-09-02,gcp,H200,us-south1,on_demand,available,listed_offering,1.0
2026-09-02,gcp,H200,us-west1,on_demand,available,listed_offering,1.0
2026-09-02,gcp,RTX6000,global,on_demand,available,listed_offering,39.0
2026-09-02,gcp,RTX6000,asia-east1,on_demand,available,listed_offering,1.0
2026-09-02,gcp,RTX6000,asia-south1,on_demand,available,listed_offering,1.0
2026-09-02,gcp,RTX6000,asia-south2,on_demand,available,listed_offering,2.0
2026-09-02,gcp,RTX6000,asia-southeast1,on_demand,available,listed_offering,2.0
2026-09-02,gcp,RTX6000,asia-southeast2,on_demand,available,listed_offering,2.0
2026-09-02,gcp,RTX6000,europe-north1,on_demand,available,listed_offering,3.0
2026-09-02,gcp,RTX6000,europe-west1,on_demand,available,listed_offering,1.0
2026-09-02,gcp,RTX6000,europe-west10,on_demand,available,listed_offering,1.0
2026-09-02,gcp,RTX6000,europe-west2,on_demand,available,listed_offering,2.0
2026-09-02,gcp,RTX6000,europe-west4,on_demand,available,listed_offering,3.0
2026-09-02,gcp,RTX6000,europe-west8,on_demand,available,listed_offering,2.0
2026-09-02,gcp,RTX6000,me-central2,on_demand,available,listed_offering,1.0
2026-09-02,gcp,RTX6000,us-central1,on_demand,available,listed_offering,3.0
2026-09-02,gcp,RTX6000,us-east1,on_demand,available,listed_offering,2.0
2026-09-02,gcp,RTX6000,us-east4,on_demand,available,listed_offering,2.0
2026-09-02,gcp,RTX6000,us-east5,on_demand,available,listed_offering,3.0
2026-09-02,gcp,RTX6000,us-south1,on_demand,available,listed_offering,2.0
2026-09-02,gcp,RTX6000,us-west1,on_demand,available,listed_offering,3.0
2026-09-02,gcp,RTX6000,us-west3,on_demand,available,listed_offering,1.0
2026-09-02,gcp,RTX6000,us-west4,on_demand,available,listed_offering,2.0
2026-09-02,azure,H100,global,on_demand,available,listed_offering,24.0
2026-09-02,azure,H100,global,spot,available,listed_offering,24.0
2026-09-02,azure,H200,global,on_demand,available,listed_offering,31.0
2026-09-02,azure,H200,global,spot,available,listed_offering,31.0
2026-09-02,azure,GB200,global,on_demand,available,listed_offering,19.0
2026-09-02,azure,GB200,global,spot,available,listed_offering,19.0
2026-09-02,aws,L40S,me-central-1,spot,available,stock_status_label,0.0
2026-09-02,aws,H100,ap-southeast-3,spot,available,stock_status_label,0.0
2026-09-02,aws,H200,ap-southeast-3,spot,available,stock_status_label,0.0
2026-09-02,aws,H200,eu-south-2,spot,available,stock_status_label,1.0
2026-09-02,aws,L40S,eu-south-2,spot,available,stock_status_label,0.0
2026-09-02,aws,H100,us-west-1,spot,available,stock_status_label,0.0
2026-09-02,aws,H200,us-west-1,spot,available,stock_status_label,0.0
2026-09-02,aws,H100,eu-north-1,spot,available,stock_status_label,0.0
2026-09-02,aws,H200,eu-north-1,spot,available,stock_status_label,0.0
2026-09-02,aws,L40S,eu-north-1,spot,available,stock_status_label,3.0
2026-09-02,aws,H100,ca-central-1,spot,available,stock_status_label,0.0
2026-09-02,aws,H100,eu-west-2,spot,available,stock_status_label,1.0
2026-09-02,aws,H100,sa-east-1,spot,available,stock_status_label,0.0
2026-09-02,aws,H100,ap-south-1,spot,available,stock_status_label,0.0
2026-09-02,aws,H200,ap-south-1,spot,available,stock_status_label,0.0
2026-09-02,aws,H200,ap-northeast-2,spot,available,stock_status_label,0.0
2026-09-02,aws,L40S,ap-northeast-2,spot,available,stock_status_label,2.0
2026-09-02,aws,H100,us-east-2,spot,available,stock_status_label,2.0
2026-09-02,aws,H200,us-east-2,spot,available,stock_status_label,1.0
2026-09-02,aws,B200,us-east-2,spot,available,stock_status_label,1.0
2026-09-02,aws,L40S,us-east-2,spot,available,stock_status_label,1.0
2026-09-02,aws,L40S,eu-central-1,spot,limited,stock_status_label,4.0
2026-09-02,aws,H100,ap-southeast-2,spot,available,stock_status_label,0.0
2026-09-02,aws,H100,ap-northeast-1,spot,available,stock_status_label,0.0
2026-09-02,aws,H200,ap-northeast-1,spot,available,stock_status_label,0.0
2026-09-02,aws,L40S,ap-northeast-1,spot,limited,stock_status_label,4.0
2026-09-02,aws,H100,us-west-2,spot,available,stock_status_label,0.0
2026-09-02,aws,H200,us-west-2,spot,available,stock_status_label,0.0
2026-09-02,aws,B200,us-west-2,spot,available,stock_status_label,2.0
2026-09-02,aws,B300,us-west-2,spot,available,stock_status_label,0.0
2026-09-02,aws,L40S,us-west-2,spot,available,stock_status_label,0.0
2026-09-02,aws,H100,us-east-1,spot,available,stock_status_label,0.0
2026-09-02,aws,H200,us-east-1,spot,available,stock_status_label,0.0
2026-09-02,aws,B200,us-east-1,spot,available,stock_status_label,2.0
2026-09-02,aws,L40S,us-east-1,spot,available,stock_status_label,2.0
2026-09-02,aws,H100,global,spot,available,regions_with_capacity,12.0
2026-09-02,aws,H200,global,spot,available,regions_with_capacity,10.0
2026-09-02,aws,B200,global,spot,available,regions_with_capacity,3.0
2026-09-02,aws,B300,global,spot,available,regions_with_capacity,1.0
2026-09-02,aws,L40S,global,spot,available,regions_with_capacity,9.0
2026-09-02,crusoe,B200,global,on_demand,available,listed_offering,3.0
2026-09-02,crusoe,B300,global,on_demand,limited,listed_offering,1.0
2026-09-02,crusoe,GB200,global,on_demand,limited,listed_offering,1.0
2026-09-02,crusoe,H100,global,on_demand,available,listed_offering,3.0
2026-09-02,crusoe,H200,global,on_demand,limited,listed_offering,1.0
2026-09-02,crusoe,L40S,global,on_demand,available,listed_offering,2.0
2026-09-02,runpod,B200,global,on_demand,limited,stock_status_label,0.0
2026-09-02,runpod,B300,global,on_demand,limited,stock_status_label,0.0
2026-09-02,runpod,H100,global,on_demand,limited,stock_status_label,0.0
2026-09-02,runpod,H100,global,on_demand,limited,stock_status_label,0.0
2026-09-02,runpod,H100,global,on_demand,sold_out,stock_status_label,0.0
2026-09-02,runpod,H200,global,on_demand,limited,stock_status_label,0.0
2026-09-02,runpod,H200,global,on_demand,sold_out,stock_status_label,0.0
2026-09-02,runpod,L40S,global,on_demand,limited,stock_status_label,0.0
2026-09-02,runpod,RTX6000,global,on_demand,sold_out,stock_status_label,0.0
2026-09-02,runpod,RTX6000,global,on_demand,limited,stock_status_label,1.0
2026-09-02,runpod,RTX6000,global,on_demand,limited,stock_status_label,0.0
2026-09-02,runpod,H100,AP-IN-1,on_demand,available,stock_status_label,1.0
2026-09-02,runpod,H100,AP-IN-2,on_demand,sold_out,stock_status_label,0.0
2026-09-02,runpod,H200,AP-JP-1,on_demand,available,stock_status_label,1.0
2026-09-02,runpod,H100,AP-JP-1,on_demand,available,stock_status_label,1.0
2026-09-02,runpod,H100,CA-MTL-1,on_demand,available,stock_status_label,1.0
2026-09-02,runpod,RTX6000,CA-MTL-3,on_demand,available,stock_status_label,1.0
2026-09-02,runpod,H200,CA-MTL-3,on_demand,available,stock_status_label,1.0
2026-09-02,runpod,H200,CA-MTL-4,on_demand,sold_out,stock_status_label,0.0
2026-09-02,runpod,RTX6000,EU-CZ-1,on_demand,available,stock_status_label,1.0
2026-09-02,runpod,RTX6000,EU-CZ-1,on_demand,available,stock_status_label,1.0
2026-09-02,runpod,H200,EU-FR-1,on_demand,available,stock_status_label,1.0
2026-09-02,runpod,H100,EU-FR-1,on_demand,sold_out,stock_status_label,0.0
2026-09-02,runpod,B300,EU-NL-1,on_demand,sold_out,stock_status_label,0.0
2026-09-02,runpod,L40S,EU-NL-1,on_demand,available,stock_status_label,1.0
2026-09-02,runpod,H100,EU-NL-1,on_demand,available,stock_status_label,1.0
2026-09-02,runpod,RTX6000,EU-NL-1,on_demand,available,stock_status_label,1.0
2026-09-02,runpod,RTX6000,EU-RO-1,on_demand,sold_out,stock_status_label,0.0
2026-09-02,runpod,RTX6000,EU-RO-1,on_demand,sold_out,stock_status_label,0.0
2026-09-02,runpod,B200,EU-RO-1,on_demand,sold_out,stock_status_label,0.0
2026-09-02,runpod,RTX6000,EUR-IS-1,on_demand,available,stock_status_label,2.0
2026-09-02,runpod,B300,EUR-IS-1,on_demand,available,stock_status_label,1.0
2026-09-02,runpod,RTX6000,EUR-IS-1,on_demand,sold_out,stock_status_label,0.0
2026-09-02,runpod,RTX6000,EUR-IS-2,on_demand,available,stock_status_label,1.0
2026-09-02,runpod,L40S,EUR-IS-2,on_demand,sold_out,stock_status_label,0.0
2026-09-02,runpod,H200,EUR-IS-2,on_demand,sold_out,stock_status_label,0.0
2026-09-02,runpod,H100,EUR-IS-3,on_demand,available,stock_status_label,1.0
2026-09-02,runpod,H200,EUR-IS-4,on_demand,available,stock_status_label,1.0
2026-09-02,runpod,H200,EUR-IS-5,on_demand,available,stock_status_label,1.0
2026-09-02,runpod,H100,EUR-NO-2,on_demand,available,stock_status_label,1.0
2026-09-02,runpod,L40S,OC-AU-1,on_demand,available,stock_status_label,1.0
2026-09-02,runpod,H100,US-CA-2,on_demand,sold_out,stock_status_label,0.0
2026-09-02,runpod,B200,US-CA-2,on_demand,sold_out,stock_status_label,0.0
2026-09-02,runpod,H200,US-CA-2,on_demand,sold_out,stock_status_label,0.0
2026-09-02,runpod,H100,US-CA-2,on_demand,available,stock_status_label,1.0
2026-09-02,runpod,RTX6000,US-CA-2,on_demand,sold_out,stock_status_label,0.0
2026-09-02,runpod,H200,US-CO-1,on_demand,available,stock_status_label,1.0
2026-09-02,runpod,H200,US-GA-2,on_demand,available,stock_status_label,1.0
2026-09-02,runpod,H100,US-GA-2,on_demand,available,stock_status_label,1.0
2026-09-02,runpod,H100,US-GA-2,on_demand,sold_out,stock_status_label,0.0
2026-09-02,runpod,L40S,US-IL-1,on_demand,sold_out,stock_status_label,0.0
2026-09-02,runpod,H100,US-KS-2,on_demand,sold_out,stock_status_label,0.0
2026-09-02,runpod,H100,US-KS-2,on_demand,sold_out,stock_status_label,0.0
2026-09-02,runpod,H100,US-KS-2,on_demand,sold_out,stock_status_label,0.0
2026-09-02,runpod,RTX6000,US-KS-2,on_demand,available,stock_status_label,1.0
2026-09-02,runpod,H200,US-MD-1,on_demand,sold_out,stock_status_label,0.0
2026-09-02,runpod,L40S,US-MO-1,on_demand,sold_out,stock_status_label,0.0
2026-09-02,runpod,H100,US-MO-1,on_demand,available,stock_status_label,1.0
2026-09-02,runpod,RTX6000,US-MO-2,on_demand,available,stock_status_label,1.0
2026-09-02,runpod,H200,US-NC-1,on_demand,available,stock_status_label,1.0
2026-09-02,runpod,RTX6000,US-NC-1,on_demand,available,stock_status_label,1.0
2026-09-02,runpod,L40S,US-NC-1,on_demand,available,stock_status_label,1.0
2026-09-02,runpod,RTX6000,US-NC-2,on_demand,available,stock_status_label,2.0
2026-09-02,runpod,B200,US-NC-2,on_demand,available,stock_status_label,1.0
2026-09-02,runpod,RTX6000,US-NE-1,on_demand,available,stock_status_label,1.0
2026-09-02,runpod,H100,US-NE-1,on_demand,available,stock_status_label,1.0
2026-09-02,runpod,B200,US-NE-1,on_demand,sold_out,stock_status_label,0.0
2026-09-02,runpod,RTX6000,US-PA-1,on_demand,available,stock_status_label,1.0
2026-09-02,runpod,H200,US-PA-1,on_demand,sold_out,stock_status_label,0.0
2026-09-02,runpod,L40S,US-TX-3,on_demand,sold_out,stock_status_label,0.0
2026-09-02,runpod,L40S,US-TX-4,on_demand,available,stock_status_label,1.0
2026-09-02,runpod,B200,US-TX-6,on_demand,sold_out,stock_status_label,0.0
2026-09-02,runpod,B300,US-WA-2,on_demand,available,stock_status_label,1.0
2026-09-02,vast,H100,global,on_demand,available,offer_depth_gpus,47.0
2026-09-02,vast,H200,global,on_demand,available,offer_depth_gpus,67.0
2026-09-02,vast,B200,global,on_demand,available,offer_depth_gpus,53.0
2026-09-02,vast,B300,global,on_demand,limited,offer_depth_gpus,7.0
2026-09-02,vast,GB200,global,on_demand,not_offered,offer_depth_gpus,0.0
2026-09-02,vast,L40S,global,on_demand,available,offer_depth_gpus,36.0
2026-09-02,vast,RTX6000,global,on_demand,available,offer_depth_gpus,73.0
2026-09-02,scaleway,B300,fr-par-2,on_demand,sold_out,stock_status_label,0.0
2026-09-02,scaleway,H100,fr-par-2,on_demand,available,stock_status_label,2.0
2026-09-02,scaleway,H100,pl-waw-2,on_demand,limited,stock_status_label,1.0
2026-09-02,scaleway,L40S,fr-par-2,on_demand,limited,stock_status_label,1.0
2026-09-02,scaleway,L40S,pl-waw-2,on_demand,sold_out,stock_status_label,0.0
2026-09-02,scaleway,B300,global,on_demand,sold_out,regions_with_capacity,0.0
2026-09-02,scaleway,H100,global,on_demand,available,regions_with_capacity,2.0
2026-09-02,scaleway,L40S,global,on_demand,limited,regions_with_capacity,1.0
2026-09-02,voltage_park,H100,global,on_demand,sold_out,stock_level,0.0
2026-09-02,gmi,GB200,global,on_demand,available,stock_status_label,2.0
2026-09-02,gmi,GB300,global,on_demand,limited,stock_status_label,1.0
2026-09-02,gmi,H100,global,on_demand,available,stock_status_label,2.0
2026-09-02,gmi,H200,global,on_demand,available,stock_status_label,2.0
2026-09-02,gmi,B200,global,on_demand,limited,stock_status_label,1.0
2026-09-02,sfcompute,H100,global,reserved_short,available,clearing_price_usd,2.26
2026-09-02,crusoe,L40S,global,on_demand,available,regions_with_capacity,2.0
2026-09-02,hyperstack,H100,global,on_demand,limited,regions_with_capacity,1.0
2026-09-02,hyperstack,RTX6000,global,on_demand,sold_out,regions_with_capacity,0.0
2026-09-02,lambda,B200,global,on_demand,sold_out,regions_with_capacity,0.0
2026-09-02,lambda,H100,global,on_demand,sold_out,regions_with_capacity,0.0
2026-09-02,nebius,H100,global,on_demand,sold_out,regions_with_capacity,0.0
2026-09-02,nebius,H200,global,on_demand,sold_out,regions_with_capacity,0.0
2026-09-02,scaleway,B300,global,on_demand,sold_out,regions_with_capacity,0.0
2026-09-02,scaleway,H100,global,on_demand,available,regions_with_capacity,1.0
2026-09-02,scaleway,L40S,global,on_demand,sold_out,regions_with_capacity,0.0
2026-09-02,verda,B200,global,on_demand,sold_out,regions_with_capacity,0.0
2026-09-02,verda,B300,global,on_demand,sold_out,regions_with_capacity,0.0
2026-09-02,verda,H100,global,on_demand,sold_out,regions_with_capacity,0.0
2026-09-02,verda,H200,global,on_demand,sold_out,regions_with_capacity,0.0
2026-09-02,verda,L40S,global,on_demand,sold_out,regions_with_capacity,0.0
2026-09-02,verda,RTX6000,global,on_demand,sold_out,regions_with_capacity,0.0
2026-09-02,voltage_park,H100,global,on_demand,sold_out,regions_with_capacity,0.0
2026-09-02,nebius,B200,global,on_demand,available,listed_offering,2.0
2026-09-02,nebius,B200,me-west1,on_demand,available,listed_offering,1.0
2026-09-02,nebius,B200,us-central1,on_demand,available,listed_offering,1.0
2026-09-02,nebius,B300,global,on_demand,available,listed_offering,3.0
2026-09-02,nebius,B300,eu-west2,on_demand,available,listed_offering,1.0
2026-09-02,nebius,B300,uk-south1,on_demand,available,listed_offering,1.0
2026-09-02,nebius,B300,us-north1,on_demand,available,listed_offering,1.0
2026-09-02,nebius,H100,global,on_demand,available,listed_offering,1.0
2026-09-02,nebius,H100,eu-north1,on_demand,available,listed_offering,1.0
2026-09-02,nebius,H200,global,on_demand,available,listed_offering,4.0
2026-09-02,nebius,H200,eu-north1,on_demand,available,listed_offering,1.0
2026-09-02,nebius,H200,eu-north2,on_demand,available,listed_offering,1.0
2026-09-02,nebius,H200,eu-west1,on_demand,available,listed_offering,1.0
2026-09-02,nebius,H200,us-central1,on_demand,available,listed_offering,1.0
2026-09-02,nebius,L40S,global,on_demand,available,listed_offering,1.0
2026-09-02,nebius,L40S,eu-north1,on_demand,available,listed_offering,1.0
2026-09-02,nebius,RTX6000,global,on_demand,available,listed_offering,1.0
2026-09-02,nebius,RTX6000,us-central1,on_demand,available,listed_offering,1.0
2026-09-02,hyperstack,L40S,CANADA-1,on_demand,available,stock_level,25.0
2026-09-02,hyperstack,H100,CANADA-1,on_demand,limited,stock_level,3.0
2026-09-02,hyperstack,H100,CANADA-1,on_demand,limited,stock_level,8.0
2026-09-02,hyperstack,H200,CANADA-1,on_demand,sold_out,stock_level,0.0
2026-09-02,hyperstack,H100,CANADA-1,on_demand,available,stock_level,75.0
2026-09-02,hyperstack,H100,CANADA-1,on_demand,available,stock_level,100.0
2026-09-02,hyperstack,B300,CANADA-1,on_demand,sold_out,stock_level,0.0
2026-09-02,hyperstack,H100,CANADA-1,on_demand,sold_out,stock_level,0.0
2026-09-02,hyperstack,L40S,CANADA-1,on_demand,limited,stock_level,4.0
2026-09-02,hyperstack,L40S,global,on_demand,available,stock_level,25.0
2026-09-02,hyperstack,H100,global,on_demand,available,stock_level,100.0
2026-09-02,hyperstack,H200,global,on_demand,sold_out,stock_level,0.0
2026-09-02,hyperstack,B300,global,on_demand,sold_out,stock_level,0.0
2026-09-02,together,B200,ca-west-1,on_demand,available,stock_level,5.0
2026-09-02,together,B200,us-east-3,on_demand,available,stock_level,5.0
2026-09-02,together,B200,us-west-3,on_demand,unknown,stock_level,0.0
2026-09-02,together,GB300,us-south-3,on_demand,available,stock_level,5.0
2026-09-02,together,H100,ca-east-1,on_demand,unknown,stock_level,0.0
2026-09-02,together,H100,eu-central-1,on_demand,unknown,stock_level,0.0
2026-09-02,together,H100,eu-north-1,on_demand,unknown,stock_level,0.0
2026-09-02,together,H100,eu-west-1,on_demand,available,stock_level,5.0
2026-09-02,together,H100,us-central-4,on_demand,unknown,stock_level,0.0
2026-09-02,together,H100,us-central-5,on_demand,limited,stock_level,1.0
2026-09-02,together,H100,us-central-6,on_demand,unknown,stock_level,0.0
2026-09-02,together,H100,us-east-1,on_demand,unknown,stock_level,0.0
2026-09-02,together,H100,us-east-4,on_demand,unknown,stock_level,0.0
2026-09-02,together,H200,ca-west-1,on_demand,available,stock_level,5.0
2026-09-02,together,H200,us-central-8,on_demand,available,stock_level,4.0
2026-09-02,together,H200,global,on_demand,available,regions_with_capacity,2.0
2026-09-02,together,B200,global,on_demand,available,regions_with_capacity,2.0
2026-09-02,together,GB300,global,on_demand,available,regions_with_capacity,1.0
2026-09-02,together,H100,global,on_demand,available,regions_with_capacity,1.0
2026-09-02,verda,H100,FIN-02,on_demand,limited,binary,1.0
2026-09-02,verda,H100,global,on_demand,limited,regions_with_capacity,1.0
2026-09-02,verda,RTX6000,global,on_demand,sold_out,binary,0.0
2026-09-02,verda,H200,global,on_demand,sold_out,binary,0.0
2026-09-02,verda,B200,global,on_demand,sold_out,binary,0.0
2026-09-02,verda,B300,global,on_demand,sold_out,binary,0.0
2026-09-02,verda,L40S,global,on_demand,sold_out,binary,0.0
2026-09-02,verda,GB300,global,on_demand,sold_out,binary,0.0
2026-09-02,verda,H100,FIN-02,spot,limited,binary,1.0
2026-09-02,verda,RTX6000,FIN-02,spot,limited,binary,4.0
2026-09-02,verda,RTX6000,FIN-03,spot,limited,binary,1.0
2026-09-02,verda,B200,FIN-03,spot,available,binary,8.0
2026-09-02,verda,H100,global,spot,limited,regions_with_capacity,1.0
2026-09-02,verda,RTX6000,global,spot,limited,regions_with_capacity,2.0
2026-09-02,verda,B200,global,spot,available,regions_with_capacity,1.0
